{
  "placement" : {
    "average" : "cloud-1",
    "blobRead" : "cloud-1-0-0",
    "decisionTree" : "cloud-0-0-1",
    "errorEstimate" : "cloud-0-0-1",
    "mqttPublish" : "cloud-0-1-0",
    "multiVarLinearReg" : "cloud-1-0-1",
    "senMLParse" : "cloud-1-1-0",
    "sink" : "cloud-1-1-1",
    "source" : "cloud-0-0-0"
  },
  "appLoopLatency" : 10.762797624241792,
  "latencyPerTupleType" : {
    "blobRead_TUPLE" : 2.1784204895833335,
    "average_TUPLE" : 2.148241984374861,
    "sink_TUPLE" : 0.5436839330958418,
    "errorEstimate_TUPLE" : 1.2862432729631312,
    "mqttPublish_TUPLE" : 0.4952764418079526,
    "decisionTree_TUPLE" : 3.8314819751422036,
    "multiVarLinearReg_TUPLE" : 5.359614026042111,
    "senMLParse_TUPLE" : 0.1502215729167264,
    "TUPLE" : 0.08262434895832813
  },
  "tuplesProcessedPerModule" : {
    "errorEstimate" : 6144,
    "average" : 2048,
    "multiVarLinearReg" : 4096,
    "decisionTree" : 4096,
    "sink" : 10240,
    "blobRead" : 2048,
    "source" : 2048,
    "senMLParse" : 2048,
    "mqttPublish" : 10240
  },
  "recsInPerModule" : {
    "errorEstimate" : 3.0919503442578047,
    "average" : 1.0357346671497407,
    "multiVarLinearReg" : 2.070526922957447,
    "decisionTree" : 2.0697840519789423,
    "sink" : 5.1335338687846725,
    "blobRead" : 1.0369572329989145,
    "source" : 1.0379048107496127,
    "senMLParse" : 1.0365898355053813,
    "mqttPublish" : 5.1437055719624665
  },
  "recsOutPerModule" : {
    "errorEstimate" : 3.089174408678052,
    "average" : 1.0345106372122541,
    "multiVarLinearReg" : 2.063170990422026,
    "decisionTree" : 2.0613020552312293,
    "sink" : 5.1308919769763515,
    "blobRead" : 1.0357303134139104,
    "source" : 1.037850569915142,
    "senMLParse" : 1.0365209775058057,
    "mqttPublish" : 5.141270747874327
  },
  "remainingDataPerDevice" : {
    "errorEstimate" : 0,
    "average" : 0,
    "multiVarLinearReg" : 0,
    "decisionTree" : 0,
    "sink" : 0,
    "blobRead" : 0,
    "source" : 0,
    "senMLParse" : 0,
    "mqttPublish" : 0
  },
  "executionTime" : 1566.0,
  "networkUsage" : 76757.76,
  "tuplesSentBySensors" : 2048
}