{
  "placement" : {
    "average" : "cloud-0-1-0-0",
    "blobRead" : "cloud-0-1-1-0-1-0",
    "decisionTree" : "cloud-0-0-0-1-0",
    "errorEstimate" : "cloud-0-1-1-0-0-0",
    "mqttPublish" : "cloud-0-0-0-1-0-0",
    "multiVarLinearReg" : "cloud",
    "senMLParse" : "cloud-1-1-1-1-0",
    "sink" : "cloud-0-1-0-0-0",
    "source" : "cloud-0-0-1-0"
  },
  "appLoopLatency" : 19.116295240759097,
  "latencyPerTupleType" : {
    "blobRead_TUPLE" : 1.4442053072916714,
    "average_TUPLE" : 0.16311378598487147,
    "sink_TUPLE" : 0.7061639249436624,
    "errorEstimate_TUPLE" : 0.4034697214172156,
    "mqttPublish_TUPLE" : 0.20027079685751276,
    "decisionTree_TUPLE" : 0.5197917837356505,
    "multiVarLinearReg_TUPLE" : 0.12505214867404021,
    "senMLParse_TUPLE" : 0.13919145785987058,
    "TUPLE" : 0.09464453125000714
  },
  "tuplesProcessedPerModule" : {
    "errorEstimate" : 6144,
    "average" : 2048,
    "multiVarLinearReg" : 4096,
    "decisionTree" : 4096,
    "sink" : 10240,
    "blobRead" : 2048,
    "source" : 2048,
    "senMLParse" : 2048,
    "mqttPublish" : 10240
  },
  "recsInPerModule" : {
    "errorEstimate" : 3.089477392776592,
    "average" : 1.0315072128145064,
    "multiVarLinearReg" : 2.063823727094275,
    "decisionTree" : 2.0616422978672184,
    "sink" : 5.124317081392893,
    "blobRead" : 1.0340790818620937,
    "source" : 1.0362788683106126,
    "senMLParse" : 1.033818083150354,
    "mqttPublish" : 5.134970494379763
  },
  "recsOutPerModule" : {
    "errorEstimate" : 3.0891926057271926,
    "average" : 1.0314336173121117,
    "multiVarLinearReg" : 2.0636105727156115,
    "decisionTree" : 2.060713514279538,
    "sink" : 5.121124357905782,
    "blobRead" : 1.0332660710335617,
    "source" : 1.036224251138662,
    "senMLParse" : 1.033746134023598,
    "mqttPublish" : 5.134337553445981
  },
  "remainingDataPerDevice" : {
    "errorEstimate" : 0,
    "average" : 0,
    "multiVarLinearReg" : 0,
    "decisionTree" : 0,
    "sink" : 0,
    "blobRead" : 0,
    "source" : 0,
    "senMLParse" : 0,
    "mqttPublish" : 0
  },
  "executionTime" : 1508.0,
  "networkUsage" : 138541.12,
  "tuplesSentBySensors" : 2048
}