{
  "placement" : {
    "average" : "cloud-1-1-1-0-0",
    "blobRead" : "cloud-0-1-1-0",
    "decisionTree" : "cloud-0-0",
    "errorEstimate" : "cloud-1-1-0-1-1-1",
    "mqttPublish" : "cloud-0-1-0-1-0",
    "multiVarLinearReg" : "cloud-1-0-0-1-1",
    "senMLParse" : "cloud-1-0-1-1",
    "sink" : "cloud-1-1-0-1-1-1",
    "source" : "cloud-1-1-1-0-1-0"
  },
  "appLoopLatency" : 16.975826721211828,
  "latencyPerTupleType" : {
    "blobRead_TUPLE" : 0.14717120975380724,
    "average_TUPLE" : 0.9186236775569636,
    "sink_TUPLE" : 0.2630076875940506,
    "errorEstimate_TUPLE" : 1.0983775552399042,
    "mqttPublish_TUPLE" : 0.2004645038825635,
    "decisionTree_TUPLE" : 0.16205276041675704,
    "multiVarLinearReg_TUPLE" : 0.22754999289783315,
    "senMLParse_TUPLE" : 0.14717120975380724,
    "TUPLE" : 0.09290234375002274
  },
  "tuplesProcessedPerModule" : {
    "errorEstimate" : 6144,
    "average" : 2048,
    "multiVarLinearReg" : 4096,
    "decisionTree" : 4096,
    "sink" : 10194,
    "blobRead" : 2048,
    "source" : 2048,
    "senMLParse" : 2048,
    "mqttPublish" : 10240
  },
  "recsInPerModule" : {
    "errorEstimate" : 3.0883580583281875,
    "average" : 1.0322350746771964,
    "multiVarLinearReg" : 2.062495084532532,
    "decisionTree" : 2.064470233117574,
    "sink" : 5.120521775311339,
    "blobRead" : 1.033192224345758,
    "source" : 1.0355976581738893,
    "senMLParse" : 1.033818083150354,
    "mqttPublish" : 5.1326381849406
  },
  "recsOutPerModule" : {
    "errorEstimate" : 3.0866998509610317,
    "average" : 1.0321288641849586,
    "multiVarLinearReg" : 2.06232633455371,
    "decisionTree" : 2.0643336717410072,
    "sink" : 5.099777298884622,
    "blobRead" : 1.0331203623035674,
    "source" : 1.0355431127829318,
    "senMLParse" : 1.033746134023598,
    "mqttPublish" : 5.132327341434977
  },
  "remainingDataPerDevice" : {
    "errorEstimate" : 0,
    "average" : 0,
    "multiVarLinearReg" : 0,
    "decisionTree" : 0,
    "sink" : 0,
    "blobRead" : 0,
    "source" : 0,
    "senMLParse" : 0,
    "mqttPublish" : 0
  },
  "executionTime" : 1596.0,
  "networkUsage" : 131967.04,
  "tuplesSentBySensors" : 2048
}