{
  "placement" : {
    "average" : "cloud-0-0-1-1-1",
    "blobRead" : "cloud-0-0-1-0-1",
    "decisionTree" : "cloud-1-0-1-1",
    "errorEstimate" : "cloud-0-1-1-1-1-0",
    "mqttPublish" : "cloud-0-1-0-0-1-0",
    "multiVarLinearReg" : "cloud-0-1-0-1-1",
    "senMLParse" : "cloud-0-1-1-1-1",
    "sink" : "cloud-1-0-0-0-1",
    "source" : "cloud-1-1-0-1-1-1"
  },
  "appLoopLatency" : 23.034287803030015,
  "latencyPerTupleType" : {
    "blobRead_TUPLE" : 0.14285233333333386,
    "average_TUPLE" : 0.15159874999999556,
    "sink_TUPLE" : 0.48858424497078784,
    "errorEstimate_TUPLE" : 6.103065607125159,
    "mqttPublish_TUPLE" : 1.1784020450664996,
    "decisionTree_TUPLE" : 0.24972708818653805,
    "multiVarLinearReg_TUPLE" : 0.1674262226562387,
    "senMLParse_TUPLE" : 0.16281280208337298,
    "TUPLE" : 0.093471354166663
  },
  "tuplesProcessedPerModule" : {
    "errorEstimate" : 6035,
    "average" : 2048,
    "multiVarLinearReg" : 4096,
    "decisionTree" : 4096,
    "sink" : 10088,
    "blobRead" : 2048,
    "source" : 2048,
    "senMLParse" : 2048,
    "mqttPublish" : 10131
  },
  "recsInPerModule" : {
    "errorEstimate" : 3.0806741206255674,
    "average" : 1.029897269349892,
    "multiVarLinearReg" : 2.0608308914708044,
    "decisionTree" : 2.059483842200603,
    "sink" : 5.045357878188084,
    "blobRead" : 1.0330358779634463,
    "source" : 1.0355452944882495,
    "senMLParse" : 1.0324109650657327,
    "mqttPublish" : 5.0673516998343375
  },
  "recsOutPerModule" : {
    "errorEstimate" : 3.0260202370800235,
    "average" : 1.0298346918470975,
    "multiVarLinearReg" : 2.0606948111271493,
    "decisionTree" : 2.059321467261165,
    "sink" : 5.0449383092227125,
    "blobRead" : 1.0329729184816612,
    "source" : 1.0354907546130447,
    "senMLParse" : 1.0323372405504518,
    "mqttPublish" : 5.065514779483626
  },
  "remainingDataPerDevice" : {
    "errorEstimate" : 0,
    "average" : 0,
    "multiVarLinearReg" : 0,
    "decisionTree" : 0,
    "sink" : 0,
    "blobRead" : 0,
    "source" : 0,
    "senMLParse" : 0,
    "mqttPublish" : 86000
  },
  "executionTime" : 1508.0,
  "networkUsage" : 166381.92,
  "tuplesSentBySensors" : 2048
}