{
  "placement" : {
    "average" : "cloud-1-0-1-1-1-1",
    "blobRead" : "cloud-0-0-0-1-1-0",
    "decisionTree" : "cloud-0-1-0-1",
    "errorEstimate" : "cloud-0-1-1",
    "mqttPublish" : "cloud-1-1-0",
    "multiVarLinearReg" : "cloud-0-1-0-1-0",
    "senMLParse" : "cloud-1-1-1-0-1-1",
    "sink" : "cloud-0-0-1-0-0-0",
    "source" : "cloud-1-0-1-1-1"
  },
  "appLoopLatency" : 18.850593533333097,
  "latencyPerTupleType" : {
    "blobRead_TUPLE" : 0.15053039062501428,
    "average_TUPLE" : 0.12047872916666305,
    "sink_TUPLE" : 2.370842141697053,
    "errorEstimate_TUPLE" : 0.9772621562500851,
    "mqttPublish_TUPLE" : 0.18360196874998197,
    "decisionTree_TUPLE" : 1.3968660781249667,
    "multiVarLinearReg_TUPLE" : 1.3968660781249493,
    "senMLParse_TUPLE" : 0.15053039062501428,
    "TUPLE" : 0.09118033854167584
  },
  "tuplesProcessedPerModule" : {
    "errorEstimate" : 6144,
    "average" : 2048,
    "multiVarLinearReg" : 4096,
    "decisionTree" : 4096,
    "sink" : 10139,
    "blobRead" : 2048,
    "source" : 2048,
    "senMLParse" : 2048,
    "mqttPublish" : 10240
  },
  "recsInPerModule" : {
    "errorEstimate" : 3.0842342267669265,
    "average" : 1.0303128473623926,
    "multiVarLinearReg" : 2.0601074995025033,
    "decisionTree" : 2.060418391471127,
    "sink" : 5.120912058335181,
    "blobRead" : 1.03241204958857,
    "source" : 1.035492936097749,
    "senMLParse" : 1.032932758423045,
    "mqttPublish" : 5.132038937088142
  },
  "recsOutPerModule" : {
    "errorEstimate" : 3.083241080742843,
    "average" : 1.0302502193491423,
    "multiVarLinearReg" : 2.059421283226865,
    "decisionTree" : 2.059731968099806,
    "sink" : 5.070403189229965,
    "blobRead" : 1.0323383249184028,
    "source" : 1.0354394923683736,
    "senMLParse" : 1.0328589593690192,
    "mqttPublish" : 5.131433504355016
  },
  "remainingDataPerDevice" : {
    "errorEstimate" : 0,
    "average" : 0,
    "multiVarLinearReg" : 0,
    "decisionTree" : 0,
    "sink" : 0,
    "blobRead" : 0,
    "source" : 0,
    "senMLParse" : 0,
    "mqttPublish" : 0
  },
  "executionTime" : 1303.0,
  "networkUsage" : 140616.0,
  "tuplesSentBySensors" : 2048
}