{
  "placement" : {
    "average" : "cloud-0-0-0-0-1-0",
    "blobRead" : "cloud-1-1-0-1-0",
    "decisionTree" : "cloud-1-1",
    "errorEstimate" : "cloud-0-1-1-0-0",
    "mqttPublish" : "cloud-1-0-1-0-1-1",
    "multiVarLinearReg" : "cloud-1-1-0-0-1",
    "senMLParse" : "cloud-0-1-0-0-1-0",
    "sink" : "cloud-1-0-1-0-0",
    "source" : "cloud-0-0-0-1-0-0"
  },
  "appLoopLatency" : 18.65050247878773,
  "latencyPerTupleType" : {
    "blobRead_TUPLE" : 0.15506477178032746,
    "average_TUPLE" : 0.3855866666661013,
    "sink_TUPLE" : 0.39437026987326834,
    "errorEstimate_TUPLE" : 6.2261954390572685,
    "mqttPublish_TUPLE" : 1.6379717336059403,
    "decisionTree_TUPLE" : 0.9397846400328319,
    "multiVarLinearReg_TUPLE" : 0.6333726851323351,
    "senMLParse_TUPLE" : 1.4169237760416713,
    "TUPLE" : 0.09396484375001396
  },
  "tuplesProcessedPerModule" : {
    "errorEstimate" : 6018,
    "average" : 2048,
    "multiVarLinearReg" : 4096,
    "decisionTree" : 4096,
    "sink" : 10090,
    "blobRead" : 2048,
    "source" : 2048,
    "senMLParse" : 2048,
    "mqttPublish" : 10114
  },
  "recsInPerModule" : {
    "errorEstimate" : 3.082044592719926,
    "average" : 1.0303809904517374,
    "multiVarLinearReg" : 2.0607620120075274,
    "decisionTree" : 2.0622145783756634,
    "sink" : 5.046146935372848,
    "blobRead" : 1.0328795788917746,
    "source" : 1.0357024014338005,
    "senMLParse" : 1.0333486177994988,
    "mqttPublish" : 5.059323332035279
  },
  "recsOutPerModule" : {
    "errorEstimate" : 3.0188393875604262,
    "average" : 1.0300376643096234,
    "multiVarLinearReg" : 2.059863449715925,
    "decisionTree" : 2.0612351821727173,
    "sink" : 5.045776301934648,
    "blobRead" : 1.032807760332607,
    "source" : 1.0356478450088271,
    "senMLParse" : 1.0325638685759324,
    "mqttPublish" : 5.057489149929103
  },
  "remainingDataPerDevice" : {
    "errorEstimate" : 0,
    "average" : 0,
    "multiVarLinearReg" : 0,
    "decisionTree" : 0,
    "sink" : 0,
    "blobRead" : 0,
    "source" : 0,
    "senMLParse" : 0,
    "mqttPublish" : 48000
  },
  "executionTime" : 1719.0,
  "networkUsage" : 134628.2,
  "tuplesSentBySensors" : 2048
}