{
  "placement" : {
    "average" : "cloud-0-1-1-0-0-0-1-0-0",
    "blobRead" : "cloud-1-0-0-1-1-1-1-0-0",
    "decisionTree" : "cloud-1-1-0-1-0-1-1-0",
    "errorEstimate" : "cloud-1-1-1-0-0-1-0",
    "mqttPublish" : "cloud-1-1-0-0-0-1-1-0-1",
    "multiVarLinearReg" : "cloud-1-1-1-0-1-1",
    "senMLParse" : "cloud-0-0-1-0-0-1-1-0-1",
    "sink" : "cloud-1-1-0-1-0-1-1-1",
    "source" : "cloud-1-0-1-1-1"
  },
  "appLoopLatency" : 32.72017494848473,
  "latencyPerTupleType" : {
    "blobRead_TUPLE" : 0.4027905155555984,
    "average_TUPLE" : 0.38628868888910467,
    "sink_TUPLE" : 1.8227836122049919,
    "errorEstimate_TUPLE" : 2.3356564315580934,
    "mqttPublish_TUPLE" : 10.779215308975672,
    "decisionTree_TUPLE" : 6.833552087705088,
    "multiVarLinearReg_TUPLE" : 6.833557656893208,
    "senMLParse_TUPLE" : 0.24899506101014557,
    "TUPLE" : 0.0943844444444536
  },
  "tuplesProcessedPerModule" : {
    "errorEstimate" : 14083,
    "average" : 4800,
    "multiVarLinearReg" : 9373,
    "decisionTree" : 9373,
    "sink" : 23250,
    "blobRead" : 4800,
    "source" : 4800,
    "senMLParse" : 4800,
    "mqttPublish" : 23337
  },
  "recsInPerModule" : {
    "errorEstimate" : 7.047348558336023,
    "average" : 2.4079918892797387,
    "multiVarLinearReg" : 4.815017640739779,
    "decisionTree" : 4.810192447015587,
    "sink" : 11.74381990483414,
    "blobRead" : 2.4177643212656985,
    "source" : 2.425711327212792,
    "senMLParse" : 2.4171555589413787,
    "mqttPublish" : 11.67266138019852
  },
  "recsOutPerModule" : {
    "errorEstimate" : 7.041848314464104,
    "average" : 2.4075943198873757,
    "multiVarLinearReg" : 4.7019946290547905,
    "decisionTree" : 4.697281821669737,
    "sink" : 11.730490462059938,
    "blobRead" : 2.4175157065279853,
    "source" : 2.4257062195191694,
    "senMLParse" : 2.4169646922769483,
    "mqttPublish" : 11.669661105023213
  },
  "remainingDataPerDevice" : {
    "errorEstimate" : 194000,
    "average" : 158000,
    "multiVarLinearReg" : 0,
    "decisionTree" : 32000,
    "sink" : 0,
    "blobRead" : 0,
    "source" : 0,
    "senMLParse" : 0,
    "mqttPublish" : 174000
  },
  "executionTime" : 10080.0,
  "networkUsage" : 567130.64,
  "tuplesSentBySensors" : 4800
}