{
  "placement" : {
    "average" : "cloud-0-1-0-1-1-1-0-1-1",
    "blobRead" : "cloud-0-0-1-1-1-0-1-0-0",
    "decisionTree" : "cloud-0-1-0-0-0-0-0-1-1",
    "errorEstimate" : "cloud-0-0-1-1-0-1-0-0-0",
    "mqttPublish" : "cloud-0-1-1-1-1-0-0-0",
    "multiVarLinearReg" : "cloud-0-0-0-0-1-0-0-0-0",
    "senMLParse" : "cloud-1-1-0-1-0-1-0-0-0",
    "sink" : "cloud-1-0-1-0-1-0-0",
    "source" : "cloud-1-1-0-0-0-1-0-1"
  },
  "appLoopLatency" : 34.48086919745203,
  "latencyPerTupleType" : {
    "blobRead_TUPLE" : 0.3395124888887566,
    "average_TUPLE" : 0.127569195555496,
    "sink_TUPLE" : 0.6811877766299247,
    "errorEstimate_TUPLE" : 2.963142053023408,
    "mqttPublish_TUPLE" : 3.068052576715524,
    "decisionTree_TUPLE" : 1.3932398499999508,
    "multiVarLinearReg_TUPLE" : 18.921749109242963,
    "senMLParse_TUPLE" : 0.3395124888887566,
    "TUPLE" : 0.09836805555555392
  },
  "tuplesProcessedPerModule" : {
    "errorEstimate" : 14012,
    "average" : 4800,
    "multiVarLinearReg" : 9337,
    "decisionTree" : 9600,
    "sink" : 23256,
    "blobRead" : 4800,
    "source" : 4800,
    "senMLParse" : 4800,
    "mqttPublish" : 23372
  },
  "recsInPerModule" : {
    "errorEstimate" : 7.013347073013276,
    "average" : 2.4065289760829547,
    "multiVarLinearReg" : 4.810646092898126,
    "decisionTree" : 4.814989199407446,
    "sink" : 11.629090768929817,
    "blobRead" : 2.415080460757738,
    "source" : 2.4243636424245456,
    "senMLParse" : 2.418243925403167,
    "mqttPublish" : 11.72812174632166
  },
  "recsOutPerModule" : {
    "errorEstimate" : 7.006697099797808,
    "average" : 2.406370628409083,
    "multiVarLinearReg" : 4.679939103391353,
    "decisionTree" : 4.8104502397391276,
    "sink" : 11.629041684976148,
    "blobRead" : 2.414883018626715,
    "source" : 2.424350887415544,
    "senMLParse" : 2.4180459657037328,
    "mqttPublish" : 11.697691790304798
  },
  "remainingDataPerDevice" : {
    "errorEstimate" : 124000,
    "average" : 212000,
    "multiVarLinearReg" : 10000,
    "decisionTree" : 228000,
    "sink" : 0,
    "blobRead" : 0,
    "source" : 0,
    "senMLParse" : 0,
    "mqttPublish" : 228000
  },
  "executionTime" : 5663.0,
  "networkUsage" : 647445.22,
  "tuplesSentBySensors" : 4800
}