{
  "placement" : {
    "average" : "cloud-1-1-0-1-1-1-1",
    "blobRead" : "cloud-1-0-1-1-0-1-1-0-1",
    "decisionTree" : "cloud-0-0-1-1-0-1-1-1",
    "errorEstimate" : "cloud-1-0-1-1-0-0-1",
    "mqttPublish" : "cloud-1-1-1-0-0-1-1-0-1",
    "multiVarLinearReg" : "cloud-1-0-1-0-1-1-0-1",
    "senMLParse" : "cloud-1-1-1-0-0-1-1-1-0",
    "sink" : "cloud-0-0-0-0-0-0-1-1-1",
    "source" : "cloud-0-1-0-1-1-0"
  },
  "appLoopLatency" : 39.68970562424215,
  "latencyPerTupleType" : {
    "blobRead_TUPLE" : 0.2185599244444738,
    "average_TUPLE" : 3.3236289466665783,
    "sink_TUPLE" : 1.2488045241592833,
    "errorEstimate_TUPLE" : 1.4779266678815617,
    "mqttPublish_TUPLE" : 1.637139739414538,
    "decisionTree_TUPLE" : 4.699766625030809,
    "multiVarLinearReg_TUPLE" : 3.2871297060605973,
    "senMLParse_TUPLE" : 0.21855992444447342,
    "TUPLE" : 0.09032055555556505
  },
  "tuplesProcessedPerModule" : {
    "errorEstimate" : 14115,
    "average" : 4800,
    "multiVarLinearReg" : 9600,
    "decisionTree" : 9431,
    "sink" : 23250,
    "blobRead" : 4800,
    "source" : 4800,
    "senMLParse" : 4800,
    "mqttPublish" : 23299
  },
  "recsInPerModule" : {
    "errorEstimate" : 7.058124915792859,
    "average" : 2.40716888192206,
    "multiVarLinearReg" : 4.812165828114663,
    "decisionTree" : 4.809995857216539,
    "sink" : 11.80967887393627,
    "blobRead" : 2.4156995806436035,
    "source" : 2.424853536320517,
    "senMLParse" : 2.4161859783234885,
    "mqttPublish" : 11.650659156118758
  },
  "recsOutPerModule" : {
    "errorEstimate" : 7.057698475420244,
    "average" : 2.4022796953663117,
    "multiVarLinearReg" : 4.80262377735365,
    "decisionTree" : 4.725319897950444,
    "sink" : 11.797049793240426,
    "blobRead" : 2.4155273615405077,
    "source" : 2.424852260298039,
    "senMLParse" : 2.4160136898637403,
    "mqttPublish" : 11.649745619265135
  },
  "remainingDataPerDevice" : {
    "errorEstimate" : 330000,
    "average" : 210000,
    "multiVarLinearReg" : 360000,
    "decisionTree" : 164000,
    "sink" : 0,
    "blobRead" : 0,
    "source" : 0,
    "senMLParse" : 0,
    "mqttPublish" : 98000
  },
  "executionTime" : 5125.0,
  "networkUsage" : 731218.86,
  "tuplesSentBySensors" : 4800
}