{
  "placement" : {
    "average" : "cloud-1-1-0-0-0-0-0-0-0",
    "blobRead" : "cloud-0-1-1-1-1-0-1",
    "decisionTree" : "cloud-0-1",
    "errorEstimate" : "cloud-1-0-0-0-1-1-0-0-1",
    "mqttPublish" : "cloud-0-0-0-0-0-1-0-1",
    "multiVarLinearReg" : "cloud-0-1-1-1-1-0-1-1-1",
    "senMLParse" : "cloud-0-0-0-1-0-0-1-1",
    "sink" : "cloud-0-0-0-0-0-1-1-1",
    "source" : "cloud-1-0-1-0"
  },
  "appLoopLatency" : 30.218613173568123,
  "latencyPerTupleType" : {
    "blobRead_TUPLE" : 0.12115253535337019,
    "average_TUPLE" : 0.15799635151523483,
    "sink_TUPLE" : 0.6781028750117329,
    "errorEstimate_TUPLE" : 1.6910679039097543,
    "mqttPublish_TUPLE" : 0.6201036375786321,
    "decisionTree_TUPLE" : 1.858608313636475,
    "multiVarLinearReg_TUPLE" : 17.588662424430314,
    "senMLParse_TUPLE" : 0.289980717171566,
    "TUPLE" : 0.09367737373737232
  },
  "tuplesProcessedPerModule" : {
    "errorEstimate" : 14011,
    "average" : 4800,
    "multiVarLinearReg" : 9354,
    "decisionTree" : 9600,
    "sink" : 23557,
    "blobRead" : 4800,
    "source" : 4800,
    "senMLParse" : 4800,
    "mqttPublish" : 23570
  },
  "recsInPerModule" : {
    "errorEstimate" : 7.006816454476773,
    "average" : 2.40581988754139,
    "multiVarLinearReg" : 4.819853467913333,
    "decisionTree" : 4.8254257083587975,
    "sink" : 11.779519218642564,
    "blobRead" : 2.419714877551994,
    "source" : 2.4258339183130753,
    "senMLParse" : 2.4176429940777484,
    "mqttPublish" : 11.790766484617974
  },
  "recsOutPerModule" : {
    "errorEstimate" : 7.006174101164227,
    "average" : 2.405661633165615,
    "multiVarLinearReg" : 4.69714097397708,
    "decisionTree" : 4.81974627336971,
    "sink" : 11.78096017668034,
    "blobRead" : 2.419554789938495,
    "source" : 2.425829274485002,
    "senMLParse" : 2.4174520504295884,
    "mqttPublish" : 11.790120838375458
  },
  "remainingDataPerDevice" : {
    "errorEstimate" : 82000,
    "average" : 286000,
    "multiVarLinearReg" : 0,
    "decisionTree" : 0,
    "sink" : 0,
    "blobRead" : 0,
    "source" : 0,
    "senMLParse" : 0,
    "mqttPublish" : 22000
  },
  "executionTime" : 3882.0,
  "networkUsage" : 467169.5,
  "tuplesSentBySensors" : 4800
}