{
  "placement" : {
    "average" : "cloud-0-0-1-0-0-0-0-1",
    "blobRead" : "cloud-1-0-0-1-1-0-1-1-0",
    "decisionTree" : "cloud-0-1-0-0-0-0-1-1-1",
    "errorEstimate" : "cloud-1-1-0-0-1-0-0",
    "mqttPublish" : "cloud-0-1-1-0-1",
    "multiVarLinearReg" : "cloud-0-1-0-1-1-1-0",
    "senMLParse" : "cloud-1-0-1-0-1-1-0-1",
    "sink" : "cloud-1-0-1-1-1-0",
    "source" : "cloud-0-0-1-1-0-0-1"
  },
  "appLoopLatency" : 35.13464474545445,
  "latencyPerTupleType" : {
    "blobRead_TUPLE" : 0.11942566666656759,
    "average_TUPLE" : 0.1378259030304026,
    "sink_TUPLE" : 3.682738729532878,
    "errorEstimate_TUPLE" : 4.717677023773732,
    "mqttPublish_TUPLE" : 3.8981409247057384,
    "decisionTree_TUPLE" : 4.820453782837925,
    "multiVarLinearReg_TUPLE" : 0.24768467272736808,
    "senMLParse_TUPLE" : 0.11942566666656702,
    "TUPLE" : 0.09182959595959865
  },
  "tuplesProcessedPerModule" : {
    "errorEstimate" : 14044,
    "average" : 4800,
    "multiVarLinearReg" : 9600,
    "decisionTree" : 9438,
    "sink" : 23250,
    "blobRead" : 4800,
    "source" : 4800,
    "senMLParse" : 4800,
    "mqttPublish" : 23311
  },
  "recsInPerModule" : {
    "errorEstimate" : 7.055849077549339,
    "average" : 2.404158084294714,
    "multiVarLinearReg" : 4.8054280728489625,
    "decisionTree" : 4.8025433363575045,
    "sink" : 11.811215129171797,
    "blobRead" : 2.4131481596851527,
    "source" : 2.4238739464354158,
    "senMLParse" : 2.4141190914572594,
    "mqttPublish" : 11.660160016849357
  },
  "recsOutPerModule" : {
    "errorEstimate" : 7.02249839309505,
    "average" : 2.4039920674059285,
    "multiVarLinearReg" : 4.805112380752296,
    "decisionTree" : 4.721500512036516,
    "sink" : 11.772770593729817,
    "blobRead" : 2.4129808989156394,
    "source" : 2.423871628269661,
    "senMLParse" : 2.413951696070373,
    "mqttPublish" : 11.656659680273282
  },
  "remainingDataPerDevice" : {
    "errorEstimate" : 188000,
    "average" : 184000,
    "multiVarLinearReg" : 394000,
    "decisionTree" : 140000,
    "sink" : 0,
    "blobRead" : 0,
    "source" : 0,
    "senMLParse" : 0,
    "mqttPublish" : 122000
  },
  "executionTime" : 5863.0,
  "networkUsage" : 616780.78,
  "tuplesSentBySensors" : 4800
}