{
  "placement" : {
    "average" : "cloud-0-0-1-1-0-0-1-0-0",
    "blobRead" : "cloud-1-0-1-1-1-1-0-0-1",
    "decisionTree" : "cloud-1-1-1-1-1-1-0-1-0",
    "errorEstimate" : "cloud-1-0-0-1-0-1-1-0-0",
    "mqttPublish" : "cloud-1-0-1-1-1-1-1-0-0",
    "multiVarLinearReg" : "cloud-0-1-1-0-1-1-0-0",
    "senMLParse" : "cloud-0-1-0-1-0-1-0-1-0",
    "sink" : "cloud-0-1-1-1-0-0-0-0",
    "source" : "cloud-1-0-0-1-0-0-1-1-0"
  },
  "appLoopLatency" : 37.26863469696947,
  "latencyPerTupleType" : {
    "blobRead_TUPLE" : 0.43243821212106903,
    "average_TUPLE" : 4.303915573901529,
    "sink_TUPLE" : 0.8256714384645348,
    "errorEstimate_TUPLE" : 0.37828822434419157,
    "mqttPublish_TUPLE" : 0.4245778403784177,
    "decisionTree_TUPLE" : 17.342022648577547,
    "multiVarLinearReg_TUPLE" : 0.3621991436363268,
    "senMLParse_TUPLE" : 0.43243821212106903,
    "TUPLE" : 0.09434333333333395
  },
  "tuplesProcessedPerModule" : {
    "errorEstimate" : 14007,
    "average" : 4702,
    "multiVarLinearReg" : 9600,
    "decisionTree" : 9351,
    "sink" : 23250,
    "blobRead" : 4800,
    "source" : 4800,
    "senMLParse" : 4800,
    "mqttPublish" : 23280
  },
  "recsInPerModule" : {
    "errorEstimate" : 7.0056874492684384,
    "average" : 2.4027523533668615,
    "multiVarLinearReg" : 4.8055047139502465,
    "decisionTree" : 4.797977285987488,
    "sink" : 11.773386340504906,
    "blobRead" : 2.416182633408592,
    "source" : 2.4239963518854903,
    "senMLParse" : 2.4126606807471713,
    "mqttPublish" : 11.641158021655944
  },
  "recsOutPerModule" : {
    "errorEstimate" : 7.003687416765176,
    "average" : 2.354059079764652,
    "multiVarLinearReg" : 4.804850805490605,
    "decisionTree" : 4.677368580683772,
    "sink" : 11.762305285595106,
    "blobRead" : 2.41593434383251,
    "source" : 2.4239917150901347,
    "senMLParse" : 2.4124131144458865,
    "mqttPublish" : 11.6404546742195
  },
  "remainingDataPerDevice" : {
    "errorEstimate" : 110000,
    "average" : 84000,
    "multiVarLinearReg" : 498000,
    "decisionTree" : 46000,
    "sink" : 0,
    "blobRead" : 0,
    "source" : 0,
    "senMLParse" : 10000,
    "mqttPublish" : 60000
  },
  "executionTime" : 3841.0,
  "networkUsage" : 620025.78,
  "tuplesSentBySensors" : 4800
}