{
  "placement" : {
    "average" : "cloud-1-1-0-0-0-0-0-1-1",
    "blobRead" : "cloud-0-1-0-1-1",
    "decisionTree" : "cloud-1-0-1-0-0-0-0-0-0",
    "errorEstimate" : "cloud-1-0-0-1-0-0-0-1-1",
    "mqttPublish" : "cloud-0-0-0-1-1-0-1-1",
    "multiVarLinearReg" : "cloud-0-0-1-1-1-0-0",
    "senMLParse" : "cloud-0-1-0-0-0-1-1-0-1",
    "sink" : "cloud-1-1-0-0-1-0-1-1-0",
    "source" : "cloud-1-0-1-1-1-0-1-0-1"
  },
  "appLoopLatency" : 38.46154102424219,
  "latencyPerTupleType" : {
    "blobRead_TUPLE" : 0.40280440444450266,
    "average_TUPLE" : 1.581358859305096,
    "sink_TUPLE" : 0.8618923794798216,
    "errorEstimate_TUPLE" : 9.667302726496061,
    "mqttPublish_TUPLE" : 0.8893695267008254,
    "decisionTree_TUPLE" : 2.5564127128789487,
    "multiVarLinearReg_TUPLE" : 2.556417324762642,
    "senMLParse_TUPLE" : 5.495568293333459,
    "TUPLE" : 0.0941622222222208
  },
  "tuplesProcessedPerModule" : {
    "errorEstimate" : 14035,
    "average" : 4692,
    "multiVarLinearReg" : 9492,
    "decisionTree" : 9492,
    "sink" : 23250,
    "blobRead" : 4800,
    "source" : 4800,
    "senMLParse" : 4800,
    "mqttPublish" : 23287
  },
  "recsInPerModule" : {
    "errorEstimate" : 7.033696000546469,
    "average" : 2.349287580118537,
    "multiVarLinearReg" : 4.802075422582813,
    "decisionTree" : 4.755270016097146,
    "sink" : 11.674554779073754,
    "blobRead" : 2.4142402951842383,
    "source" : 2.4227728534358706,
    "senMLParse" : 2.4131479347681797,
    "mqttPublish" : 11.64657643274232
  },
  "recsOutPerModule" : {
    "errorEstimate" : 7.018748466476846,
    "average" : 2.349103130960449,
    "multiVarLinearReg" : 4.757012648397979,
    "decisionTree" : 4.750346778692937,
    "sink" : 11.667976880050091,
    "blobRead" : 2.413992404620836,
    "source" : 2.4227703057700163,
    "senMLParse" : 2.406222389637225,
    "mqttPublish" : 11.644379461166107
  },
  "remainingDataPerDevice" : {
    "errorEstimate" : 166000,
    "average" : 72000,
    "multiVarLinearReg" : 162000,
    "decisionTree" : 304000,
    "sink" : 0,
    "blobRead" : 0,
    "source" : 0,
    "senMLParse" : 540000,
    "mqttPublish" : 74000
  },
  "executionTime" : 4017.0,
  "networkUsage" : 668442.9,
  "tuplesSentBySensors" : 4800
}