{
  "placement" : {
    "average" : "cloud-0-1-0-0-0-1-1-0-0",
    "blobRead" : "cloud-1-0-0-0-0-0-1-1-1",
    "decisionTree" : "cloud-0-0-0-1-0-0-0-1",
    "errorEstimate" : "cloud-1-0-0-0-1-0-1-0-0",
    "mqttPublish" : "cloud-0-0-0-0-0-0-1-0-0",
    "multiVarLinearReg" : "cloud-0-0-1-0-0-0-1-1-1",
    "senMLParse" : "cloud-1-1-0-0-1-1-1-1-1",
    "sink" : "cloud-1-0-1-1-1-1-1-1-1",
    "source" : "cloud-1-1-1-0-1-0-0-0-1"
  },
  "appLoopLatency" : 39.04437543333311,
  "latencyPerTupleType" : {
    "blobRead_TUPLE" : 0.1303712822222703,
    "average_TUPLE" : 1.9235535716271648,
    "sink_TUPLE" : 0.9750036783634933,
    "errorEstimate_TUPLE" : 1.4579989250439187,
    "mqttPublish_TUPLE" : 0.5828055450872188,
    "decisionTree_TUPLE" : 2.785115381973753,
    "multiVarLinearReg_TUPLE" : 17.274393636295912,
    "senMLParse_TUPLE" : 6.100457855555675,
    "TUPLE" : 0.09686972222222305
  },
  "tuplesProcessedPerModule" : {
    "errorEstimate" : 13959,
    "average" : 4686,
    "multiVarLinearReg" : 9326,
    "decisionTree" : 9443,
    "sink" : 23250,
    "blobRead" : 4800,
    "source" : 4800,
    "senMLParse" : 4800,
    "mqttPublish" : 23277
  },
  "recsInPerModule" : {
    "errorEstimate" : 6.9800327788156,
    "average" : 2.3451091782968603,
    "multiVarLinearReg" : 4.743471546134667,
    "decisionTree" : 4.743946035346397,
    "sink" : 11.68263910189564,
    "blobRead" : 2.413147935374772,
    "source" : 2.4226505715184117,
    "senMLParse" : 2.4125414952341417,
    "mqttPublish" : 11.63907610807943
  },
  "recsOutPerModule" : {
    "errorEstimate" : 6.980397931631735,
    "average" : 2.3449184821591276,
    "multiVarLinearReg" : 4.6650968654065155,
    "decisionTree" : 4.722442077608842,
    "sink" : 11.675718939010833,
    "blobRead" : 2.412988715487436,
    "source" : 2.422648024109722,
    "senMLParse" : 2.405242726411828,
    "mqttPublish" : 11.638681125035232
  },
  "remainingDataPerDevice" : {
    "errorEstimate" : 18000,
    "average" : 58000,
    "multiVarLinearReg" : 46000,
    "decisionTree" : 232000,
    "sink" : 0,
    "blobRead" : 0,
    "source" : 0,
    "senMLParse" : 798000,
    "mqttPublish" : 54000
  },
  "executionTime" : 4558.0,
  "networkUsage" : 683967.52,
  "tuplesSentBySensors" : 4800
}