{
  "placement" : {
    "average" : "cloud-0-1-1-1-1-0-1-1-0",
    "blobRead" : "cloud-0-1-1-1-1-1-1",
    "decisionTree" : "cloud-1-1-0-1-0-0-0-0-1",
    "errorEstimate" : "cloud-1-1-1-0-1-1-0-1-0",
    "mqttPublish" : "cloud-0-1-0-0-1-0-0-0",
    "multiVarLinearReg" : "cloud-1-1-0-1-0-1-0-0",
    "senMLParse" : "cloud-1-0-0-0-0-1-1",
    "sink" : "cloud-1-0-0-0-0-0-1-0",
    "source" : "cloud-1-0-0-0-1-0-0-0"
  },
  "appLoopLatency" : 30.653931172939227,
  "latencyPerTupleType" : {
    "blobRead_TUPLE" : 5.186238717171584,
    "average_TUPLE" : 0.4119749353537196,
    "sink_TUPLE" : 1.005016227560727,
    "errorEstimate_TUPLE" : 15.179732260098294,
    "mqttPublish_TUPLE" : 0.9326209282697131,
    "decisionTree_TUPLE" : 0.8356773106047014,
    "multiVarLinearReg_TUPLE" : 2.565570641233046,
    "senMLParse_TUPLE" : 0.3329410040402703,
    "TUPLE" : 0.09575242424241838
  },
  "tuplesProcessedPerModule" : {
    "errorEstimate" : 14016,
    "average" : 4800,
    "multiVarLinearReg" : 9494,
    "decisionTree" : 9600,
    "sink" : 23278,
    "blobRead" : 4800,
    "source" : 4800,
    "senMLParse" : 4800,
    "mqttPublish" : 23457
  },
  "recsInPerModule" : {
    "errorEstimate" : 7.105114583636536,
    "average" : 2.4121065726684012,
    "multiVarLinearReg" : 4.802329451030511,
    "decisionTree" : 4.805695118243974,
    "sink" : 11.64010178457731,
    "blobRead" : 2.416547559673998,
    "source" : 2.4241187696991213,
    "senMLParse" : 2.4204469703942433,
    "mqttPublish" : 11.729628370344406
  },
  "recsOutPerModule" : {
    "errorEstimate" : 7.0125544893458,
    "average" : 2.4114804643898644,
    "multiVarLinearReg" : 4.761221470957409,
    "decisionTree" : 4.80147382148323,
    "sink" : 11.63977143061329,
    "blobRead" : 2.4097285244167272,
    "source" : 2.4241141324354154,
    "senMLParse" : 2.420255583594836,
    "mqttPublish" : 11.7289307872784
  },
  "remainingDataPerDevice" : {
    "errorEstimate" : 106000,
    "average" : 0,
    "multiVarLinearReg" : 186000,
    "decisionTree" : 212000,
    "sink" : 0,
    "blobRead" : 0,
    "source" : 0,
    "senMLParse" : 0,
    "mqttPublish" : 354000
  },
  "executionTime" : 4931.0,
  "networkUsage" : 621406.68,
  "tuplesSentBySensors" : 4800
}