{
  "placement" : {
    "average" : "cloud-1-0-0-1-1-1-1-1-0",
    "blobRead" : "cloud-1-1-0-1-0-1-1-0-0",
    "decisionTree" : "cloud-1-0-1-0-0-1-0",
    "errorEstimate" : "cloud-1-1-1-1-0-1-0-1",
    "mqttPublish" : "cloud-0-0-1-1-0-1-1-1",
    "multiVarLinearReg" : "cloud-0-1-1-1-0-0-0-1-0",
    "senMLParse" : "cloud-1-1-1-0-1-1-0-0",
    "sink" : "cloud-1-0-1-1-0-1-1-0-0",
    "source" : "cloud-0-1-0-1-1-0-1-1"
  },
  "appLoopLatency" : 46.71254336011604,
  "latencyPerTupleType" : {
    "blobRead_TUPLE" : 0.11529434545443337,
    "average_TUPLE" : 0.20255799919189948,
    "sink_TUPLE" : 0.6676660713021008,
    "errorEstimate_TUPLE" : 14.725466262682813,
    "mqttPublish_TUPLE" : 1.2702203004195207,
    "decisionTree_TUPLE" : 1.1749991257652894,
    "multiVarLinearReg_TUPLE" : 18.6883965551116,
    "senMLParse_TUPLE" : 0.20337500202008787,
    "TUPLE" : 0.09060464646464758
  },
  "tuplesProcessedPerModule" : {
    "errorEstimate" : 13966,
    "average" : 4800,
    "multiVarLinearReg" : 9348,
    "decisionTree" : 9577,
    "sink" : 23056,
    "blobRead" : 4800,
    "source" : 4800,
    "senMLParse" : 4800,
    "mqttPublish" : 23127
  },
  "recsInPerModule" : {
    "errorEstimate" : 6.987749759927492,
    "average" : 2.4025892889693794,
    "multiVarLinearReg" : 4.797873081250059,
    "decisionTree" : 4.800423065430576,
    "sink" : 11.654738425805192,
    "blobRead" : 2.409997998474601,
    "source" : 2.4227728534358706,
    "senMLParse" : 2.4124204626210903,
    "mqttPublish" : 11.565407275671282
  },
  "recsOutPerModule" : {
    "errorEstimate" : 6.985491480107072,
    "average" : 2.4024234886658213,
    "multiVarLinearReg" : 4.675867988219888,
    "decisionTree" : 4.788922061415004,
    "sink" : 11.652370059315194,
    "blobRead" : 2.4098517967365836,
    "source" : 2.422770537375782,
    "senMLParse" : 2.4122487107312263,
    "mqttPublish" : 11.564708459291918
  },
  "remainingDataPerDevice" : {
    "errorEstimate" : 420000,
    "average" : 290000,
    "multiVarLinearReg" : 58000,
    "decisionTree" : 412000,
    "sink" : 0,
    "blobRead" : 12000,
    "source" : 0,
    "senMLParse" : 0,
    "mqttPublish" : 142000
  },
  "executionTime" : 5921.0,
  "networkUsage" : 697746.66,
  "tuplesSentBySensors" : 4800
}