{
  "placement" : {
    "average" : "cloud-1-1-1-1-0-0",
    "blobRead" : "cloud-1-1-0-0-0-0-1-1",
    "decisionTree" : "cloud-1-1-1-1-0-1-0-1-0",
    "errorEstimate" : "cloud-1-0-1-0-0-0-0-1-0",
    "mqttPublish" : "cloud-0-0-0-0-0-1-0-1-1",
    "multiVarLinearReg" : "cloud-0-1-0-1-0-1-0-0-1",
    "senMLParse" : "cloud-1-0-1-0-0-0-0-1-1",
    "sink" : "cloud-1-0-0-0-1-0-0-1-1",
    "source" : "cloud-1-0-0-1-1-1-0-0-0"
  },
  "appLoopLatency" : 38.50922881818177,
  "latencyPerTupleType" : {
    "blobRead_TUPLE" : 0.10787494747459946,
    "average_TUPLE" : 4.300515364886654,
    "sink_TUPLE" : 1.4260848348279558,
    "errorEstimate_TUPLE" : 12.516799331669699,
    "mqttPublish_TUPLE" : 1.104273136016611,
    "decisionTree_TUPLE" : 5.276353288904695,
    "multiVarLinearReg_TUPLE" : 5.118404755599125,
    "senMLParse_TUPLE" : 0.4316173717170259,
    "TUPLE" : 0.09497212121211861
  },
  "tuplesProcessedPerModule" : {
    "errorEstimate" : 13978,
    "average" : 4702,
    "multiVarLinearReg" : 9398,
    "decisionTree" : 9394,
    "sink" : 23250,
    "blobRead" : 4800,
    "source" : 4800,
    "senMLParse" : 4800,
    "mqttPublish" : 23256
  },
  "recsInPerModule" : {
    "errorEstimate" : 6.990193566826916,
    "average" : 2.403353880886994,
    "multiVarLinearReg" : 4.801113726644931,
    "decisionTree" : 4.8026198422219855,
    "sink" : 11.684971606042948,
    "blobRead" : 2.411569755646339,
    "source" : 2.422161567259642,
    "senMLParse" : 2.4122969273754857,
    "mqttPublish" : 11.628918926342253
  },
  "recsOutPerModule" : {
    "errorEstimate" : 6.989193609028823,
    "average" : 2.3546485078483985,
    "multiVarLinearReg" : 4.700407750969581,
    "decisionTree" : 4.7002878231305525,
    "sink" : 11.673162667431912,
    "blobRead" : 2.4114107439411447,
    "source" : 2.4221569374810406,
    "senMLParse" : 2.412049435715173,
    "mqttPublish" : 11.631737412758085
  },
  "remainingDataPerDevice" : {
    "errorEstimate" : 54000,
    "average" : 58000,
    "multiVarLinearReg" : 182000,
    "decisionTree" : 176000,
    "sink" : 0,
    "blobRead" : 0,
    "source" : 0,
    "senMLParse" : 0,
    "mqttPublish" : 12000
  },
  "executionTime" : 6422.0,
  "networkUsage" : 711631.72,
  "tuplesSentBySensors" : 4800
}