{
  "placement" : {
    "average" : "cloud-1-1-0-0-0-1-0-1-0",
    "blobRead" : "cloud-0-1-0-0-1-1-0-1-0",
    "decisionTree" : "cloud-1-0-1-1-1-1-1-1-1",
    "errorEstimate" : "cloud-0-0-0-0-1-0-1-0-1",
    "mqttPublish" : "cloud-1-1-0-1-0-0-0-0-1",
    "multiVarLinearReg" : "cloud-0-0-0-0-0-1-0-0-0",
    "senMLParse" : "cloud-0-0-1-0-1-1-0-1-1",
    "sink" : "cloud-0-1-1-1-1-0-1-1",
    "source" : "cloud-0-0-1-1-0-1-1-0"
  },
  "appLoopLatency" : 33.06249742308436,
  "latencyPerTupleType" : {
    "blobRead_TUPLE" : 0.1209977030302006,
    "average_TUPLE" : 0.18466698222217487,
    "sink_TUPLE" : 3.2991159841959092,
    "errorEstimate_TUPLE" : 12.784668859562032,
    "mqttPublish_TUPLE" : 0.669132766432317,
    "decisionTree_TUPLE" : 4.505919806103715,
    "multiVarLinearReg_TUPLE" : 4.866873575454527,
    "senMLParse_TUPLE" : 0.11355073333322215,
    "TUPLE" : 0.09218250000000053
  },
  "tuplesProcessedPerModule" : {
    "errorEstimate" : 14055,
    "average" : 4800,
    "multiVarLinearReg" : 9600,
    "decisionTree" : 9431,
    "sink" : 23253,
    "blobRead" : 4800,
    "source" : 4800,
    "senMLParse" : 4800,
    "mqttPublish" : 23330
  },
  "recsInPerModule" : {
    "errorEstimate" : 7.067702519125934,
    "average" : 2.406706207827925,
    "multiVarLinearReg" : 4.812647222721977,
    "decisionTree" : 4.810235815946884,
    "sink" : 11.627370445739896,
    "blobRead" : 2.41605928837685,
    "source" : 2.4238739464354158,
    "senMLParse" : 2.4176412643803453,
    "mqttPublish" : 11.66857682442674
  },
  "recsOutPerModule" : {
    "errorEstimate" : 7.027701394010132,
    "average" : 2.4065352685965102,
    "multiVarLinearReg" : 4.800223997361691,
    "decisionTree" : 4.725555717649641,
    "sink" : 11.626637670488172,
    "blobRead" : 2.4158916238240824,
    "source" : 2.423867571490259,
    "senMLParse" : 2.4174941338476565,
    "mqttPublish" : 11.666691165546231
  },
  "remainingDataPerDevice" : {
    "errorEstimate" : 202000,
    "average" : 168000,
    "multiVarLinearReg" : 362000,
    "decisionTree" : 98000,
    "sink" : 0,
    "blobRead" : 0,
    "source" : 0,
    "senMLParse" : 0,
    "mqttPublish" : 154000
  },
  "executionTime" : 6240.0,
  "networkUsage" : 660380.28,
  "tuplesSentBySensors" : 4800
}