{
  "placement" : {
    "average" : "cloud-0-0-1-0-1",
    "blobRead" : "cloud-1-1-0-1-0-0",
    "decisionTree" : "cloud-1-1-0-1-1-1-0-0-0",
    "errorEstimate" : "cloud-1-1-0-0-1-1-0-1-1",
    "mqttPublish" : "cloud-1-1-1-1-0-1-0-0-1",
    "multiVarLinearReg" : "cloud-0-1-1-1-1-1-0-1-0",
    "senMLParse" : "cloud-1-0-1-0-0-1",
    "sink" : "cloud-1-1-0-0-1-0-0-1-1",
    "source" : "cloud-0-0-0-0-1-0-1-1"
  },
  "appLoopLatency" : 38.48941095454511,
  "latencyPerTupleType" : {
    "blobRead_TUPLE" : 3.320582835555651,
    "average_TUPLE" : 0.840162418179833,
    "sink_TUPLE" : 0.7672581600793761,
    "errorEstimate_TUPLE" : 1.4297950185695254,
    "mqttPublish_TUPLE" : 0.6498477085337615,
    "decisionTree_TUPLE" : 1.3097417873173107,
    "multiVarLinearReg_TUPLE" : 2.6956172278519537,
    "senMLParse_TUPLE" : 3.320582835555651,
    "TUPLE" : 0.09265500000000597
  },
  "tuplesProcessedPerModule" : {
    "errorEstimate" : 14073,
    "average" : 4800,
    "multiVarLinearReg" : 9452,
    "decisionTree" : 9526,
    "sink" : 23250,
    "blobRead" : 4800,
    "source" : 4800,
    "senMLParse" : 4800,
    "mqttPublish" : 23294
  },
  "recsInPerModule" : {
    "errorEstimate" : 7.047147675862475,
    "average" : 2.4024475763528663,
    "multiVarLinearReg" : 4.803217650287052,
    "decisionTree" : 4.801050515462794,
    "sink" : 11.771713150684466,
    "blobRead" : 2.4138760653801996,
    "source" : 2.4227728534358706,
    "senMLParse" : 2.4144831755176352,
    "mqttPublish" : 11.648260969580141
  },
  "recsOutPerModule" : {
    "errorEstimate" : 7.037551962711059,
    "average" : 2.400643437076658,
    "multiVarLinearReg" : 4.738811977245297,
    "decisionTree" : 4.764971052909666,
    "sink" : 11.76277071008541,
    "blobRead" : 2.4090855644684255,
    "source" : 2.4227703057700163,
    "senMLParse" : 2.409690266992582,
    "mqttPublish" : 11.647300622740964
  },
  "remainingDataPerDevice" : {
    "errorEstimate" : 246000,
    "average" : 196000,
    "multiVarLinearReg" : 120000,
    "decisionTree" : 360000,
    "sink" : 0,
    "blobRead" : 0,
    "source" : 0,
    "senMLParse" : 0,
    "mqttPublish" : 88000
  },
  "executionTime" : 3597.0,
  "networkUsage" : 737670.74,
  "tuplesSentBySensors" : 4800
}