{
  "placement" : {
    "average" : "cloud-0-0-0-0-1-1-1-1-1",
    "blobRead" : "cloud-1-0-0-1-1-0-0-0",
    "decisionTree" : "cloud-0-0-0-0-1-1-0-1-1",
    "errorEstimate" : "cloud-0-0-0-0-1-1-1-0-0",
    "mqttPublish" : "cloud-1-1-0-0-1-1-1-1-0",
    "multiVarLinearReg" : "cloud-0-0-1-1-0-1-1",
    "senMLParse" : "cloud-0-0-0-1-1-0-0",
    "sink" : "cloud-0-1-0-0-1-1-1-1",
    "source" : "cloud-0-0-0-1-0-0"
  },
  "appLoopLatency" : 37.414911487761785,
  "latencyPerTupleType" : {
    "blobRead_TUPLE" : 0.11949034646467893,
    "average_TUPLE" : 0.11496880202023702,
    "sink_TUPLE" : 0.5855978295720851,
    "errorEstimate_TUPLE" : 3.918986908539471,
    "mqttPublish_TUPLE" : 0.5638022577779921,
    "decisionTree_TUPLE" : 9.936004854433378,
    "multiVarLinearReg_TUPLE" : 9.967057259477928,
    "senMLParse_TUPLE" : 0.1194903464646787,
    "TUPLE" : 0.093313888888893
  },
  "tuplesProcessedPerModule" : {
    "errorEstimate" : 14192,
    "average" : 4800,
    "multiVarLinearReg" : 9455,
    "decisionTree" : 9455,
    "sink" : 23256,
    "blobRead" : 4800,
    "source" : 4800,
    "senMLParse" : 4800,
    "mqttPublish" : 23367
  },
  "recsInPerModule" : {
    "errorEstimate" : 7.122846958683639,
    "average" : 2.4134658080361784,
    "multiVarLinearReg" : 4.805908762406551,
    "decisionTree" : 4.803984851098006,
    "sink" : 11.629342698580508,
    "blobRead" : 2.412905322979005,
    "source" : 2.4235068042478014,
    "senMLParse" : 2.4198389475751525,
    "mqttPublish" : 11.685077751141794
  },
  "recsOutPerModule" : {
    "errorEstimate" : 7.0974157197392636,
    "average" : 2.413319185261189,
    "multiVarLinearReg" : 4.733319610257294,
    "decisionTree" : 4.733928608596158,
    "sink" : 11.631378053897754,
    "blobRead" : 2.412738095869757,
    "source" : 2.4235042550381434,
    "senMLParse" : 2.4196707580447874,
    "mqttPublish" : 11.685135612870663
  },
  "remainingDataPerDevice" : {
    "errorEstimate" : 354000,
    "average" : 0,
    "multiVarLinearReg" : 22000,
    "decisionTree" : 202000,
    "sink" : 0,
    "blobRead" : 0,
    "source" : 0,
    "senMLParse" : 0,
    "mqttPublish" : 218000
  },
  "executionTime" : 3719.0,
  "networkUsage" : 652586.46,
  "tuplesSentBySensors" : 4800
}