{
  "placement" : {
    "average" : "cloud-1-0-0-1-1-1-1-1-1",
    "blobRead" : "cloud-1-1-0-0-0-0-0",
    "decisionTree" : "cloud-0-0-1-1-1-1-0-1-0",
    "errorEstimate" : "cloud-0-1-0-1-0-1-1-1-0",
    "mqttPublish" : "cloud-1-1-0-1-1-0-1-0-0",
    "multiVarLinearReg" : "cloud-1-1-0-1-1-0-1-0-1",
    "senMLParse" : "cloud-0-0-0-1-1-0-1-0-1",
    "sink" : "cloud-0-1-0-0-1-1-0-1",
    "source" : "cloud-0-0-0-1-1-1-0-1-0"
  },
  "appLoopLatency" : 37.69275303884999,
  "latencyPerTupleType" : {
    "blobRead_TUPLE" : 0.16880545656556645,
    "average_TUPLE" : 0.12156616525249558,
    "sink_TUPLE" : 4.255673300869101,
    "errorEstimate_TUPLE" : 20.107937181532236,
    "mqttPublish_TUPLE" : 1.7220495493977293,
    "decisionTree_TUPLE" : 0.12488161999997231,
    "multiVarLinearReg_TUPLE" : 0.31735148292925924,
    "senMLParse_TUPLE" : 0.11220257777767732,
    "TUPLE" : 0.09176646464646797
  },
  "tuplesProcessedPerModule" : {
    "errorEstimate" : 13982,
    "average" : 4800,
    "multiVarLinearReg" : 9600,
    "decisionTree" : 9600,
    "sink" : 23251,
    "blobRead" : 4800,
    "source" : 4800,
    "senMLParse" : 4800,
    "mqttPublish" : 23375
  },
  "recsInPerModule" : {
    "errorEstimate" : 7.057524888147655,
    "average" : 2.4058658000226747,
    "multiVarLinearReg" : 4.814144562650808,
    "decisionTree" : 4.803495571922769,
    "sink" : 11.628178153894034,
    "blobRead" : 2.412178002533878,
    "source" : 2.4224060447105504,
    "senMLParse" : 2.417523535461178,
    "mqttPublish" : 11.689578528930976
  },
  "recsOutPerModule" : {
    "errorEstimate" : 6.992592312543188,
    "average" : 2.405699547208854,
    "multiVarLinearReg" : 4.813827724295435,
    "decisionTree" : 4.803180133677608,
    "sink" : 11.62744521379939,
    "blobRead" : 2.412006285164864,
    "source" : 2.4224037293517133,
    "senMLParse" : 2.4173764192569758,
    "mqttPublish" : 11.688078478068116
  },
  "remainingDataPerDevice" : {
    "errorEstimate" : 64000,
    "average" : 254000,
    "multiVarLinearReg" : 316000,
    "decisionTree" : 344000,
    "sink" : 0,
    "blobRead" : 0,
    "source" : 0,
    "senMLParse" : 0,
    "mqttPublish" : 248000
  },
  "executionTime" : 7548.0,
  "networkUsage" : 738946.24,
  "tuplesSentBySensors" : 4800
}