{
  "placement" : {
    "average" : "cloud-0-1-0-0-1-1-0-0",
    "blobRead" : "cloud-1-0",
    "decisionTree" : "cloud-1-1-0-0-0-1-0-1-1",
    "errorEstimate" : "cloud-0-0-1-0-0-0-0-1-1",
    "mqttPublish" : "cloud-1-1-0-0-1-0-1-0-0",
    "multiVarLinearReg" : "cloud-1-1-0-0-1-1-1-0-1",
    "senMLParse" : "cloud-1-1-1-1-1-0",
    "sink" : "cloud-0-0-1-0-1-1-1-1",
    "source" : "cloud-0-0-1-0-1-0-0"
  },
  "appLoopLatency" : 36.89373763549477,
  "latencyPerTupleType" : {
    "blobRead_TUPLE" : 0.1214735012121506,
    "average_TUPLE" : 0.12333323999999109,
    "sink_TUPLE" : 2.15557799403933,
    "errorEstimate_TUPLE" : 2.2392705553840275,
    "mqttPublish_TUPLE" : 2.390685467381531,
    "decisionTree_TUPLE" : 0.1987468760606241,
    "multiVarLinearReg_TUPLE" : 19.71704657088188,
    "senMLParse_TUPLE" : 0.19224860222225026,
    "TUPLE" : 0.09022416666666609
  },
  "tuplesProcessedPerModule" : {
    "errorEstimate" : 14075,
    "average" : 4800,
    "multiVarLinearReg" : 9335,
    "decisionTree" : 9600,
    "sink" : 23262,
    "blobRead" : 4800,
    "source" : 4800,
    "senMLParse" : 4800,
    "mqttPublish" : 23550
  },
  "recsInPerModule" : {
    "errorEstimate" : 7.0403484338843425,
    "average" : 2.405841716495756,
    "multiVarLinearReg" : 4.815786822612047,
    "decisionTree" : 4.818687548946646,
    "sink" : 11.63260903243959,
    "blobRead" : 2.41679425230519,
    "source" : 2.4228951476981737,
    "senMLParse" : 2.4146058995749367,
    "mqttPublish" : 11.792836828837864
  },
  "recsOutPerModule" : {
    "errorEstimate" : 7.037890264451137,
    "average" : 2.4056960185866214,
    "multiVarLinearReg" : 4.686242615625589,
    "decisionTree" : 4.818370112344174,
    "sink" : 11.631724414367783,
    "blobRead" : 2.416626485733516,
    "source" : 2.4228938737359758,
    "senMLParse" : 2.414433836371547,
    "mqttPublish" : 11.785023571094703
  },
  "remainingDataPerDevice" : {
    "errorEstimate" : 250000,
    "average" : 100000,
    "multiVarLinearReg" : 10000,
    "decisionTree" : 0,
    "sink" : 0,
    "blobRead" : 0,
    "source" : 0,
    "senMLParse" : 0,
    "mqttPublish" : 576000
  },
  "executionTime" : 4796.0,
  "networkUsage" : 689678.42,
  "tuplesSentBySensors" : 4800
}