{
  "placement" : {
    "average" : "cloud-0-0-1-0-0-1-0-1",
    "blobRead" : "cloud-0-1-0-0-1-0-1-1-1",
    "decisionTree" : "cloud-0-0-0-1-1-1-1-0-0",
    "errorEstimate" : "cloud-1-0-0-0-1-0",
    "mqttPublish" : "cloud-0-0-0-1-1-0-1",
    "multiVarLinearReg" : "cloud-0-1-0-0-0-0-0-0-0",
    "senMLParse" : "cloud-0-1-1-0-0-1",
    "sink" : "cloud-1-1-1-1-0-0-0-1-1",
    "source" : "cloud-1-1-1-1-1-1"
  },
  "appLoopLatency" : 31.321835684616534,
  "latencyPerTupleType" : {
    "blobRead_TUPLE" : 0.10722389999983797,
    "average_TUPLE" : 0.2954803030304546,
    "sink_TUPLE" : 3.0913406622551935,
    "errorEstimate_TUPLE" : 2.9986154051472345,
    "mqttPublish_TUPLE" : 8.82339083072967,
    "decisionTree_TUPLE" : 7.079227966363653,
    "multiVarLinearReg_TUPLE" : 19.925580281829344,
    "senMLParse_TUPLE" : 0.2874163747473212,
    "TUPLE" : 0.09832833333333363
  },
  "tuplesProcessedPerModule" : {
    "errorEstimate" : 14132,
    "average" : 4800,
    "multiVarLinearReg" : 9332,
    "decisionTree" : 9600,
    "sink" : 23289,
    "blobRead" : 4800,
    "source" : 4800,
    "senMLParse" : 4800,
    "mqttPublish" : 23359
  },
  "recsInPerModule" : {
    "errorEstimate" : 7.075108023467532,
    "average" : 2.4110081147301643,
    "multiVarLinearReg" : 4.82250076414945,
    "decisionTree" : 4.820079475393554,
    "sink" : 11.645658224761576,
    "blobRead" : 2.4178784927452224,
    "source" : 2.4252210866910433,
    "senMLParse" : 2.4177566982824397,
    "mqttPublish" : 11.683148509280171
  },
  "recsOutPerModule" : {
    "errorEstimate" : 7.073130895869874,
    "average" : 2.4108182176384387,
    "multiVarLinearReg" : 4.6936904054252,
    "decisionTree" : 4.802582216750769,
    "sink" : 11.644855355641097,
    "blobRead" : 2.4177186480208324,
    "source" : 2.425208322658136,
    "senMLParse" : 2.4175657366740193,
    "mqttPublish" : 11.679648534868456
  },
  "remainingDataPerDevice" : {
    "errorEstimate" : 274000,
    "average" : 0,
    "multiVarLinearReg" : 0,
    "decisionTree" : 458000,
    "sink" : 0,
    "blobRead" : 0,
    "source" : 0,
    "senMLParse" : 0,
    "mqttPublish" : 140000
  },
  "executionTime" : 8418.0,
  "networkUsage" : 554992.32,
  "tuplesSentBySensors" : 4800
}