{
  "placement" : {
    "average" : "cloud-0-0-0-1-0-0-0-0-1",
    "blobRead" : "cloud-0-0-0-0-0-0-0-0-0",
    "decisionTree" : "cloud-1-1-0-0-1-0-0-1-0",
    "errorEstimate" : "cloud-1-0-1-1-0-0-1-1",
    "mqttPublish" : "cloud-1-1-0-1-0-1-1-0-0",
    "multiVarLinearReg" : "cloud-0-0-0-0-0-1-1-1-0",
    "senMLParse" : "cloud-1-0-0-0-1-0",
    "sink" : "cloud-1-1-0-1-0",
    "source" : "cloud-0-0-1-0-0-1-1-0-0"
  },
  "appLoopLatency" : 38.524314874125785,
  "latencyPerTupleType" : {
    "blobRead_TUPLE" : 3.4150790888888007,
    "average_TUPLE" : 0.2251251012120872,
    "sink_TUPLE" : 4.170137559055596,
    "errorEstimate_TUPLE" : 0.25927503859630374,
    "mqttPublish_TUPLE" : 0.23271464174167988,
    "decisionTree_TUPLE" : 1.8832482643151451,
    "multiVarLinearReg_TUPLE" : 0.8673836878596073,
    "senMLParse_TUPLE" : 0.18695927272716964,
    "TUPLE" : 0.09174646464645898
  },
  "tuplesProcessedPerModule" : {
    "errorEstimate" : 13954,
    "average" : 4800,
    "multiVarLinearReg" : 9524,
    "decisionTree" : 9482,
    "sink" : 23251,
    "blobRead" : 4800,
    "source" : 4800,
    "senMLParse" : 4800,
    "mqttPublish" : 23279
  },
  "recsInPerModule" : {
    "errorEstimate" : 6.977588322231257,
    "average" : 2.4015074447073728,
    "multiVarLinearReg" : 4.802016785569591,
    "decisionTree" : 4.7663294743185896,
    "sink" : 11.628638560209252,
    "blobRead" : 2.4129055472442844,
    "source" : 2.421550589470997,
    "senMLParse" : 2.411693210364809,
    "mqttPublish" : 11.64065814071908
  },
  "recsOutPerModule" : {
    "errorEstimate" : 6.977203089996094,
    "average" : 2.401337243149155,
    "multiVarLinearReg" : 4.764054790101765,
    "decisionTree" : 4.744318591550807,
    "sink" : 11.6279055620752,
    "blobRead" : 2.4081188938570417,
    "source" : 2.421548275747175,
    "senMLParse" : 2.411521562008869,
    "mqttPublish" : 11.639985137120538
  },
  "remainingDataPerDevice" : {
    "errorEstimate" : 8000,
    "average" : 300000,
    "multiVarLinearReg" : 440000,
    "decisionTree" : 306000,
    "sink" : 0,
    "blobRead" : 148000,
    "source" : 0,
    "senMLParse" : 0,
    "mqttPublish" : 56000
  },
  "executionTime" : 4474.0,
  "networkUsage" : 669502.7,
  "tuplesSentBySensors" : 4800
}