{
  "placement" : {
    "average" : "cloud-1-0-1-1-0-0-1-1-1",
    "blobRead" : "cloud-0-1-1-0-0-0-0-0-1",
    "decisionTree" : "cloud-1-1-0-0-0-0-0-0-0",
    "errorEstimate" : "cloud-0-1-1-0-1-1-1-1-1",
    "mqttPublish" : "cloud-0-0-0-1-0-1-0-0",
    "multiVarLinearReg" : "cloud-1-1-0-1-1-0-0-1",
    "senMLParse" : "cloud-1-1-1-0-0-1-0-0",
    "sink" : "cloud-0-0-1-0-1-0",
    "source" : "cloud-1"
  },
  "appLoopLatency" : 37.754628035158355,
  "latencyPerTupleType" : {
    "blobRead_TUPLE" : 7.55390201111086,
    "average_TUPLE" : 0.1040151244443665,
    "sink_TUPLE" : 1.3677693476229629,
    "errorEstimate_TUPLE" : 2.6904913514307616,
    "mqttPublish_TUPLE" : 4.1619711581945715,
    "decisionTree_TUPLE" : 1.0736043281211733,
    "multiVarLinearReg_TUPLE" : 2.6281706980395727,
    "senMLParse_TUPLE" : 0.10577575555535905,
    "TUPLE" : 0.09868249999999891
  },
  "tuplesProcessedPerModule" : {
    "errorEstimate" : 14105,
    "average" : 4800,
    "multiVarLinearReg" : 9469,
    "decisionTree" : 9469,
    "sink" : 23251,
    "blobRead" : 4800,
    "source" : 4800,
    "senMLParse" : 4800,
    "mqttPublish" : 23406
  },
  "recsInPerModule" : {
    "errorEstimate" : 7.112851975923604,
    "average" : 2.412008549177372,
    "multiVarLinearReg" : 4.806393516725243,
    "decisionTree" : 4.803507621338209,
    "sink" : 11.627151228542456,
    "blobRead" : 2.421904403761644,
    "source" : 2.4280426789201885,
    "senMLParse" : 2.4233716912906926,
    "mqttPublish" : 11.709792058455735
  },
  "recsOutPerModule" : {
    "errorEstimate" : 7.052849049025862,
    "average" : 2.4118494796033527,
    "multiVarLinearReg" : 4.758631249426857,
    "decisionTree" : 4.755824367421179,
    "sink" : 11.626298802122495,
    "blobRead" : 2.4134740171584412,
    "source" : 2.4280298851697832,
    "senMLParse" : 2.4232111194602144,
    "mqttPublish" : 11.704291498341098
  },
  "remainingDataPerDevice" : {
    "errorEstimate" : 310000,
    "average" : 88000,
    "multiVarLinearReg" : 0,
    "decisionTree" : 4000,
    "sink" : 0,
    "blobRead" : 0,
    "source" : 0,
    "senMLParse" : 0,
    "mqttPublish" : 304000
  },
  "executionTime" : 5254.0,
  "networkUsage" : 697348.62,
  "tuplesSentBySensors" : 4800
}