{
  "placement" : {
    "average" : "cloud-0-0-1-0-1-1-1-0",
    "blobRead" : "cloud-0-0-0-1-0-0-1-0-1",
    "decisionTree" : "cloud-0-0-1-1-0-0-0-1-1",
    "errorEstimate" : "cloud-1-1-0-1-1-0-0-1",
    "mqttPublish" : "cloud-1-1-0-0-1-1-0",
    "multiVarLinearReg" : "cloud-1-1-1-1-1-0",
    "senMLParse" : "cloud-1-0-0-1-0-0-1-1-0",
    "sink" : "cloud-1-0-0-1-0-1-1-0-1",
    "source" : "cloud-1-0-1-1-1-0-0-0"
  },
  "appLoopLatency" : 31.102653220130886,
  "latencyPerTupleType" : {
    "blobRead_TUPLE" : 0.4027905155556166,
    "average_TUPLE" : 0.3862886888891153,
    "sink_TUPLE" : 1.9678070617722774,
    "errorEstimate_TUPLE" : 1.0944196558526917,
    "mqttPublish_TUPLE" : 0.7944147472731002,
    "decisionTree_TUPLE" : 5.598203326633709,
    "multiVarLinearReg_TUPLE" : 1.3786991202021808,
    "senMLParse_TUPLE" : 0.2489950610101569,
    "TUPLE" : 0.09438444444444581
  },
  "tuplesProcessedPerModule" : {
    "errorEstimate" : 14140,
    "average" : 4800,
    "multiVarLinearReg" : 9600,
    "decisionTree" : 9408,
    "sink" : 23253,
    "blobRead" : 4800,
    "source" : 4800,
    "senMLParse" : 4800,
    "mqttPublish" : 23387
  },
  "recsInPerModule" : {
    "errorEstimate" : 7.0748501254891485,
    "average" : 2.4052166794487038,
    "multiVarLinearReg" : 4.8057444172345205,
    "decisionTree" : 4.810078673687706,
    "sink" : 11.627768794118467,
    "blobRead" : 2.412781508372281,
    "source" : 2.4239963518854903,
    "senMLParse" : 2.4165471037054242,
    "mqttPublish" : 11.695752547183206
  },
  "recsOutPerModule" : {
    "errorEstimate" : 7.070349959344351,
    "average" : 2.404820025849969,
    "multiVarLinearReg" : 4.801372943390531,
    "decisionTree" : 4.713877138004151,
    "sink" : 11.627126809774058,
    "blobRead" : 2.412533917275083,
    "source" : 2.4239912514115747,
    "senMLParse" : 2.4163563331164166,
    "mqttPublish" : 11.694558497701559
  },
  "remainingDataPerDevice" : {
    "errorEstimate" : 246000,
    "average" : 286000,
    "multiVarLinearReg" : 216000,
    "decisionTree" : 76000,
    "sink" : 0,
    "blobRead" : 0,
    "source" : 0,
    "senMLParse" : 0,
    "mqttPublish" : 268000
  },
  "executionTime" : 4891.0,
  "networkUsage" : 559542.98,
  "tuplesSentBySensors" : 4800
}