{
  "placement" : {
    "average" : "cloud-0-1-1-1-1-0-0-1",
    "blobRead" : "cloud-0-0-0-0-0-0-1",
    "decisionTree" : "cloud-1-1-0-0-0-0-1",
    "errorEstimate" : "cloud-1-0-0-1-0-0-1-1-0",
    "mqttPublish" : "cloud-0-1-1-1-0-1-0-0",
    "multiVarLinearReg" : "cloud-1-0-0-1-1-1-0-1",
    "senMLParse" : "cloud-0-0-0-1-0-0-1-1-1",
    "sink" : "cloud-1-1-1-1-1-0-0-1-0",
    "source" : "cloud-1-1-1-0"
  },
  "appLoopLatency" : 34.085648654234426,
  "latencyPerTupleType" : {
    "blobRead_TUPLE" : 6.096352577777904,
    "average_TUPLE" : 4.646486407023471,
    "sink_TUPLE" : 1.60274453766508,
    "errorEstimate_TUPLE" : 3.3150711054188164,
    "mqttPublish_TUPLE" : 1.2555793582972308,
    "decisionTree_TUPLE" : 1.4606494776122192,
    "multiVarLinearReg_TUPLE" : 2.592068904685056,
    "senMLParse_TUPLE" : 6.0963525777778935,
    "TUPLE" : 0.09643222222222742
  },
  "tuplesProcessedPerModule" : {
    "errorEstimate" : 14058,
    "average" : 4686,
    "multiVarLinearReg" : 9486,
    "decisionTree" : 9486,
    "sink" : 23259,
    "blobRead" : 4800,
    "source" : 4800,
    "senMLParse" : 4800,
    "mqttPublish" : 23340
  },
  "recsInPerModule" : {
    "errorEstimate" : 7.0311569189246,
    "average" : 2.4022212767617055,
    "multiVarLinearReg" : 4.751916431445126,
    "decisionTree" : 4.752630713848309,
    "sink" : 11.630746898111937,
    "blobRead" : 2.4197144209972783,
    "source" : 2.4258339183130753,
    "senMLParse" : 2.4169121400824256,
    "mqttPublish" : 11.673027189899736
  },
  "recsOutPerModule" : {
    "errorEstimate" : 7.030605486379192,
    "average" : 2.352105634804799,
    "multiVarLinearReg" : 4.743982328046848,
    "decisionTree" : 4.748155411427646,
    "sink" : 11.630243595748043,
    "blobRead" : 2.4123722525561835,
    "source" : 2.4258288101031726,
    "senMLParse" : 2.409586942041944,
    "mqttPublish" : 11.67333511137148
  },
  "remainingDataPerDevice" : {
    "errorEstimate" : 156000,
    "average" : 0,
    "multiVarLinearReg" : 228000,
    "decisionTree" : 242000,
    "sink" : 0,
    "blobRead" : 0,
    "source" : 0,
    "senMLParse" : 456000,
    "mqttPublish" : 158000
  },
  "executionTime" : 5447.0,
  "networkUsage" : 597852.96,
  "tuplesSentBySensors" : 4800
}