{
  "placement" : {
    "average" : "cloud-0-0-1-0-0-1-1-1",
    "blobRead" : "cloud-1-1-0-1-1-1-1-0-0",
    "decisionTree" : "cloud-1-0-0-1-0-0-1-1",
    "errorEstimate" : "cloud-1-1-0-0-1-0-1-0-0",
    "mqttPublish" : "cloud-0-1-0-0-1-1-1-0",
    "multiVarLinearReg" : "cloud-1-0-1-0",
    "senMLParse" : "cloud-1-0-0-0-0-1-0-1-1",
    "sink" : "cloud-0-0-1-1-0-0-0-1-0",
    "source" : "cloud-0-1-1-0-0"
  },
  "appLoopLatency" : 37.835846061188526,
  "latencyPerTupleType" : {
    "blobRead_TUPLE" : 0.20532139999988921,
    "average_TUPLE" : 3.810739061100835,
    "sink_TUPLE" : 0.49433130209964316,
    "errorEstimate_TUPLE" : 11.131007370866929,
    "mqttPublish_TUPLE" : 0.8132917025760129,
    "decisionTree_TUPLE" : 0.32709708949501715,
    "multiVarLinearReg_TUPLE" : 4.6788814365657965,
    "senMLParse_TUPLE" : 0.18033781414130926,
    "TUPLE" : 0.09420916666667248
  },
  "tuplesProcessedPerModule" : {
    "errorEstimate" : 14014,
    "average" : 4717,
    "multiVarLinearReg" : 9600,
    "decisionTree" : 9600,
    "sink" : 23250,
    "blobRead" : 4800,
    "source" : 4800,
    "senMLParse" : 4800,
    "mqttPublish" : 23431
  },
  "recsInPerModule" : {
    "errorEstimate" : 7.026698843846866,
    "average" : 2.402108766701693,
    "multiVarLinearReg" : 4.813844887471682,
    "decisionTree" : 4.8116733939190315,
    "sink" : 11.625788933266284,
    "blobRead" : 2.415208309100184,
    "source" : 2.424853536320517,
    "senMLParse" : 2.414843781101988,
    "mqttPublish" : 11.718079957072277
  },
  "recsOutPerModule" : {
    "errorEstimate" : 7.007697164256236,
    "average" : 2.3608310518508944,
    "multiVarLinearReg" : 4.801292689568192,
    "decisionTree" : 4.8113568807447304,
    "sink" : 11.681712316777046,
    "blobRead" : 2.4150361600345445,
    "source" : 2.4248471562215568,
    "senMLParse" : 2.4146762852033214,
    "mqttPublish" : 11.716079893232358
  },
  "remainingDataPerDevice" : {
    "errorEstimate" : 128000,
    "average" : 134000,
    "multiVarLinearReg" : 396000,
    "decisionTree" : 230000,
    "sink" : 0,
    "blobRead" : 0,
    "source" : 0,
    "senMLParse" : 0,
    "mqttPublish" : 360000
  },
  "executionTime" : 4912.0,
  "networkUsage" : 680496.1,
  "tuplesSentBySensors" : 4800
}