{
  "placement" : {
    "average" : "cloud-0-0-1-1-0-1-1-1-0",
    "blobRead" : "cloud-0-0-0-1-1-0-1",
    "decisionTree" : "cloud-0-0-0-0-0-1-1",
    "errorEstimate" : "cloud-1-1-0-1-0-0-1-1",
    "mqttPublish" : "cloud-0-0-1-1",
    "multiVarLinearReg" : "cloud-0-0-0-1-1-0-1-0-0",
    "senMLParse" : "cloud-1-0-1-0-0-1-0-1-1",
    "sink" : "cloud-1-0-1-1-1-0-1-0-0",
    "source" : "cloud-0-0-0-1-1-0-1-0-1"
  },
  "appLoopLatency" : 33.378828783659024,
  "latencyPerTupleType" : {
    "blobRead_TUPLE" : 3.318062577777792,
    "average_TUPLE" : 0.4882913323439628,
    "sink_TUPLE" : 0.8711355149691274,
    "errorEstimate_TUPLE" : 1.436487161783178,
    "mqttPublish_TUPLE" : 2.634819256288889,
    "decisionTree_TUPLE" : 11.83394259288286,
    "multiVarLinearReg_TUPLE" : 0.6863459951693943,
    "senMLParse_TUPLE" : 3.318062577777786,
    "TUPLE" : 0.09224444444444176
  },
  "tuplesProcessedPerModule" : {
    "errorEstimate" : 14108,
    "average" : 4726,
    "multiVarLinearReg" : 9526,
    "decisionTree" : 9379,
    "sink" : 23341,
    "blobRead" : 4800,
    "source" : 4800,
    "senMLParse" : 4800,
    "mqttPublish" : 23405
  },
  "recsInPerModule" : {
    "errorEstimate" : 7.054830301791101,
    "average" : 2.3663110714150792,
    "multiVarLinearReg" : 4.768957713418167,
    "decisionTree" : 4.769674107199889,
    "sink" : 11.671242764944163,
    "blobRead" : 2.4208165504786843,
    "source" : 2.422283799816411,
    "senMLParse" : 2.4120578256130063,
    "mqttPublish" : 11.712787427535051
  },
  "recsOutPerModule" : {
    "errorEstimate" : 7.054410728742092,
    "average" : 2.3661062151692023,
    "multiVarLinearReg" : 4.768457891069881,
    "decisionTree" : 4.712752080185731,
    "sink" : 11.670773304224115,
    "blobRead" : 2.415998489728473,
    "source" : 2.422282526497027,
    "senMLParse" : 2.407274531673316,
    "mqttPublish" : 11.711132996810239
  },
  "remainingDataPerDevice" : {
    "errorEstimate" : 164000,
    "average" : 142000,
    "multiVarLinearReg" : 146000,
    "decisionTree" : 0,
    "sink" : 0,
    "blobRead" : 0,
    "source" : 0,
    "senMLParse" : 518000,
    "mqttPublish" : 126000
  },
  "executionTime" : 4142.0,
  "networkUsage" : 548878.18,
  "tuplesSentBySensors" : 4800
}