{
  "placement" : {
    "average" : "cloud-0-0-1-0-0-0",
    "blobRead" : "cloud-1-0-0-1-1-0-0",
    "decisionTree" : "cloud-1-1-1-1-1-1-0-0-1",
    "errorEstimate" : "cloud-1-0-1-1",
    "mqttPublish" : "cloud-0-1-0-1-0-0-1-0-0",
    "multiVarLinearReg" : "cloud-0-1-0-0-1-0-1-0",
    "senMLParse" : "cloud-0-0-0-1-1-1-0-0-1",
    "sink" : "cloud-0-1-1-0",
    "source" : "cloud-0-0-0-1-0-1-0-0-0"
  },
  "appLoopLatency" : 31.74651621212106,
  "latencyPerTupleType" : {
    "blobRead_TUPLE" : 0.16790181777780172,
    "average_TUPLE" : 3.1254158393940337,
    "sink_TUPLE" : 0.5106938221817423,
    "errorEstimate_TUPLE" : 1.1143758455583808,
    "mqttPublish_TUPLE" : 0.28204618723604685,
    "decisionTree_TUPLE" : 2.6590357158321622,
    "multiVarLinearReg_TUPLE" : 0.7046151673232983,
    "senMLParse_TUPLE" : 0.11937797939397399,
    "TUPLE" : 0.09400833333333662
  },
  "tuplesProcessedPerModule" : {
    "errorEstimate" : 14216,
    "average" : 4800,
    "multiVarLinearReg" : 9600,
    "decisionTree" : 9493,
    "sink" : 23250,
    "blobRead" : 4800,
    "source" : 4800,
    "senMLParse" : 4800,
    "mqttPublish" : 23297
  },
  "recsInPerModule" : {
    "errorEstimate" : 7.116470216618291,
    "average" : 2.409467879800051,
    "multiVarLinearReg" : 4.806621701793792,
    "decisionTree" : 4.804697176461873,
    "sink" : 11.879441747263348,
    "blobRead" : 2.41217777840382,
    "source" : 2.4225283019439274,
    "senMLParse" : 2.416427983754844,
    "mqttPublish" : 11.651576362702148
  },
  "recsOutPerModule" : {
    "errorEstimate" : 7.108470256703225,
    "average" : 2.40494584754717,
    "multiVarLinearReg" : 4.805970906906704,
    "decisionTree" : 4.75114483202748,
    "sink" : 11.871442685543453,
    "blobRead" : 2.4120060610667156,
    "source" : 2.4225257547923635,
    "senMLParse" : 2.41626026802807,
    "mqttPublish" : 11.649076771207111
  },
  "remainingDataPerDevice" : {
    "errorEstimate" : 458000,
    "average" : 140000,
    "multiVarLinearReg" : 196000,
    "decisionTree" : 356000,
    "sink" : 0,
    "blobRead" : 0,
    "source" : 0,
    "senMLParse" : 0,
    "mqttPublish" : 94000
  },
  "executionTime" : 3084.0,
  "networkUsage" : 562132.86,
  "tuplesSentBySensors" : 4800
}