{
  "placement" : {
    "average" : "cloud-1-0-0-0-1-0-1-0",
    "blobRead" : "cloud-1-0-1-0-0-0-0-0",
    "decisionTree" : "cloud-1-0-1-0-1-1",
    "errorEstimate" : "cloud-1-1-1-0-1-1-0",
    "mqttPublish" : "cloud-0-1-0-1-1-1-1-0",
    "multiVarLinearReg" : "cloud-0-0-0-1-1-1-1-0",
    "senMLParse" : "cloud-0-1-1-1-1-0-0-1-1",
    "sink" : "cloud-1-1-0-1-0-1-0-0-0",
    "source" : "cloud-0-0-0-0-1-0-0-1"
  },
  "appLoopLatency" : 35.5123474087992,
  "latencyPerTupleType" : {
    "blobRead_TUPLE" : 0.11239204222224795,
    "average_TUPLE" : 0.16319743151527144,
    "sink_TUPLE" : 2.2460087785571607,
    "errorEstimate_TUPLE" : 1.865715683174939,
    "mqttPublish_TUPLE" : 1.2200993434019305,
    "decisionTree_TUPLE" : 19.30748090204576,
    "multiVarLinearReg_TUPLE" : 18.213955837254634,
    "senMLParse_TUPLE" : 0.12124052707073853,
    "TUPLE" : 0.09230083333333546
  },
  "tuplesProcessedPerModule" : {
    "errorEstimate" : 14122,
    "average" : 4800,
    "multiVarLinearReg" : 9355,
    "decisionTree" : 9338,
    "sink" : 23251,
    "blobRead" : 4800,
    "source" : 4800,
    "senMLParse" : 4800,
    "mqttPublish" : 23287
  },
  "recsInPerModule" : {
    "errorEstimate" : 7.061702424009265,
    "average" : 2.4063285701997112,
    "multiVarLinearReg" : 4.802346225868004,
    "decisionTree" : 4.811210091959153,
    "sink" : 11.63073327442976,
    "blobRead" : 2.411088545386449,
    "source" : 2.421794943594882,
    "senMLParse" : 2.4136345701961677,
    "mqttPublish" : 11.645076076090948
  },
  "recsOutPerModule" : {
    "errorEstimate" : 7.061055096236074,
    "average" : 2.406157684606526,
    "multiVarLinearReg" : 4.680696124805656,
    "decisionTree" : 4.683516510246586,
    "sink" : 11.630090907459792,
    "blobRead" : 2.4109422113071703,
    "source" : 2.4217936707893992,
    "senMLParse" : 2.413467241993766,
    "mqttPublish" : 11.644076143065522
  },
  "remainingDataPerDevice" : {
    "errorEstimate" : 334000,
    "average" : 12000,
    "multiVarLinearReg" : 54000,
    "decisionTree" : 8000,
    "sink" : 0,
    "blobRead" : 0,
    "source" : 0,
    "senMLParse" : 0,
    "mqttPublish" : 72000
  },
  "executionTime" : 6073.0,
  "networkUsage" : 643408.42,
  "tuplesSentBySensors" : 4800
}