{
  "placement" : {
    "average" : "cloud-0-0-0",
    "blobRead" : "cloud-0-0-0-0-0-1-0-1-1",
    "decisionTree" : "cloud-1-1-1-0-0-0-0-1-1",
    "errorEstimate" : "cloud-0-1-0-0-0-0-0-0",
    "mqttPublish" : "cloud-1-0-1-1-1-1-0",
    "multiVarLinearReg" : "cloud-1-0-1-1-0-0-1-1-1",
    "senMLParse" : "cloud-0-0-1-1-1-1-1-1-0",
    "sink" : "cloud-1-0-0-0",
    "source" : "cloud-0-0-0-1-0-0-1-1-1"
  },
  "appLoopLatency" : 31.000185706750766,
  "latencyPerTupleType" : {
    "blobRead_TUPLE" : 0.11327949999990843,
    "average_TUPLE" : 2.114189844442483,
    "sink_TUPLE" : 0.6673075107066875,
    "errorEstimate_TUPLE" : 13.986678417310458,
    "mqttPublish_TUPLE" : 2.969977322058761,
    "decisionTree_TUPLE" : 2.004195410664458,
    "multiVarLinearReg_TUPLE" : 0.44122636916413455,
    "senMLParse_TUPLE" : 3.3098092444443643,
    "TUPLE" : 0.09503611111110857
  },
  "tuplesProcessedPerModule" : {
    "errorEstimate" : 14035,
    "average" : 4800,
    "multiVarLinearReg" : 9526,
    "decisionTree" : 9526,
    "sink" : 23269,
    "blobRead" : 4800,
    "source" : 4800,
    "senMLParse" : 4800,
    "mqttPublish" : 23358
  },
  "recsInPerModule" : {
    "errorEstimate" : 7.018442271818721,
    "average" : 2.4056948028369503,
    "multiVarLinearReg" : 4.768002898561361,
    "decisionTree" : 4.771585394310351,
    "sink" : 11.636493156730353,
    "blobRead" : 2.4148437871764363,
    "source" : 2.421917139150745,
    "senMLParse" : 2.414115067257359,
    "mqttPublish" : 11.694919889262886
  },
  "recsOutPerModule" : {
    "errorEstimate" : 7.019163359217887,
    "average" : 2.400936687433787,
    "multiVarLinearReg" : 4.767503276325996,
    "decisionTree" : 4.765900765500925,
    "sink" : 11.635850650757373,
    "blobRead" : 2.414696996928878,
    "source" : 2.4219107744944792,
    "senMLParse" : 2.409323618609221,
    "mqttPublish" : 11.680161475257101
  },
  "remainingDataPerDevice" : {
    "errorEstimate" : 62000,
    "average" : 148000,
    "multiVarLinearReg" : 432000,
    "decisionTree" : 284000,
    "sink" : 0,
    "blobRead" : 0,
    "source" : 0,
    "senMLParse" : 296000,
    "mqttPublish" : 178000
  },
  "executionTime" : 4367.0,
  "networkUsage" : 553232.08,
  "tuplesSentBySensors" : 4800
}