{
  "placement" : {
    "average" : "cloud-0-1-0-1-1-0-0-0-0",
    "blobRead" : "cloud-1-0-1-0-1-0-0-0",
    "decisionTree" : "cloud-0-0-1-0-0-1-1-1-1",
    "errorEstimate" : "cloud-1-1-0-1-1-0-1-1",
    "mqttPublish" : "cloud-0-1-1-1-0-1-1-0-1",
    "multiVarLinearReg" : "cloud-1-0-1-1-0",
    "senMLParse" : "cloud-0-1-1-0-0-1-1-1-0",
    "sink" : "cloud-0-0-0-1-0-1-1-0",
    "source" : "cloud-0-1-1-1-1"
  },
  "appLoopLatency" : 32.57562804700841,
  "latencyPerTupleType" : {
    "blobRead_TUPLE" : 0.2109365377778166,
    "average_TUPLE" : 0.13723238444442448,
    "sink_TUPLE" : 1.359733911378222,
    "errorEstimate_TUPLE" : 2.945153465918691,
    "mqttPublish_TUPLE" : 0.6455147284186851,
    "decisionTree_TUPLE" : 2.981006690555503,
    "multiVarLinearReg_TUPLE" : 20.08423479565503,
    "senMLParse_TUPLE" : 0.2109365377778166,
    "TUPLE" : 0.09264000000000754
  },
  "tuplesProcessedPerModule" : {
    "errorEstimate" : 14129,
    "average" : 4800,
    "multiVarLinearReg" : 9329,
    "decisionTree" : 9600,
    "sink" : 23262,
    "blobRead" : 4800,
    "source" : 4800,
    "senMLParse" : 4800,
    "mqttPublish" : 23400
  },
  "recsInPerModule" : {
    "errorEstimate" : 7.067095029049724,
    "average" : 2.411400177679501,
    "multiVarLinearReg" : 4.822073615803099,
    "decisionTree" : 4.813369720426248,
    "sink" : 11.631812005164269,
    "blobRead" : 2.418863404872205,
    "source" : 2.4263244066499485,
    "senMLParse" : 2.4210594838321056,
    "mqttPublish" : 11.700969148371009
  },
  "recsOutPerModule" : {
    "errorEstimate" : 7.066594294751462,
    "average" : 2.411253805771676,
    "multiVarLinearReg" : 4.686470356585094,
    "decisionTree" : 4.8051480999288305,
    "sink" : 11.631175330099227,
    "blobRead" : 2.418690734381603,
    "source" : 2.426321851509355,
    "senMLParse" : 2.420886499676327,
    "mqttPublish" : 11.70032313952447
  },
  "remainingDataPerDevice" : {
    "errorEstimate" : 318000,
    "average" : 0,
    "multiVarLinearReg" : 0,
    "decisionTree" : 340000,
    "sink" : 0,
    "blobRead" : 0,
    "source" : 0,
    "senMLParse" : 0,
    "mqttPublish" : 276000
  },
  "executionTime" : 6533.0,
  "networkUsage" : 632478.02,
  "tuplesSentBySensors" : 4800
}