{
  "placement" : {
    "average" : "cloud-1-1",
    "blobRead" : "cloud-1-0-0-1-1-1-1-1-0",
    "decisionTree" : "cloud-1-0-1-0-1-1-0",
    "errorEstimate" : "cloud-0-0-0-0",
    "mqttPublish" : "cloud-0-0-0-1-1-0-1-0",
    "multiVarLinearReg" : "cloud-0-0-1-1-0",
    "senMLParse" : "cloud-0-1-0-1-0-1-0-0-1",
    "sink" : "cloud-1-1-1-0-0-0",
    "source" : "cloud-0-0-1-1-0-0-0-0"
  },
  "appLoopLatency" : 29.05325038818537,
  "latencyPerTupleType" : {
    "blobRead_TUPLE" : 0.12004435353525092,
    "average_TUPLE" : 3.9284455272728187,
    "sink_TUPLE" : 2.6672739316191474,
    "errorEstimate_TUPLE" : 13.57758924276098,
    "mqttPublish_TUPLE" : 2.737689042547974,
    "decisionTree_TUPLE" : 20.62221428819089,
    "multiVarLinearReg_TUPLE" : 2.7661821202021315,
    "senMLParse_TUPLE" : 0.12004435353525021,
    "TUPLE" : 0.09348111111110703
  },
  "tuplesProcessedPerModule" : {
    "errorEstimate" : 14053,
    "average" : 4800,
    "multiVarLinearReg" : 9600,
    "decisionTree" : 9326,
    "sink" : 23265,
    "blobRead" : 4800,
    "source" : 4800,
    "senMLParse" : 4800,
    "mqttPublish" : 23364
  },
  "recsInPerModule" : {
    "errorEstimate" : 7.120887907060796,
    "average" : 2.408013583711041,
    "multiVarLinearReg" : 4.809753766708561,
    "decisionTree" : 4.8087900182400345,
    "sink" : 11.633520241154322,
    "blobRead" : 2.413265462834217,
    "source" : 2.4235068042478014,
    "senMLParse" : 2.415086783489485,
    "mqttPublish" : 11.683161849554876
  },
  "recsOutPerModule" : {
    "errorEstimate" : 7.034786506747904,
    "average" : 2.402807696265712,
    "multiVarLinearReg" : 4.8024452319330155,
    "decisionTree" : 4.680314765972782,
    "sink" : 11.633464011401921,
    "blobRead" : 2.413098185803778,
    "source" : 2.4235004312337116,
    "senMLParse" : 2.414919253880531,
    "mqttPublish" : 11.682411711022505
  },
  "remainingDataPerDevice" : {
    "errorEstimate" : 18000,
    "average" : 162000,
    "multiVarLinearReg" : 188000,
    "decisionTree" : 12000,
    "sink" : 0,
    "blobRead" : 0,
    "source" : 0,
    "senMLParse" : 0,
    "mqttPublish" : 196000
  },
  "executionTime" : 11055.0,
  "networkUsage" : 501853.12,
  "tuplesSentBySensors" : 4800
}