{
  "placement" : {
    "average" : "cloud-1-0-0-1-1-0-0-0",
    "blobRead" : "cloud-0-0-1-1-0-1-0-1-1",
    "decisionTree" : "cloud-1-0-1-1-0-0-1-0-0",
    "errorEstimate" : "cloud-1-1-0-0-1-1-1",
    "mqttPublish" : "cloud-1-0-1-1-1-1-0-0-0",
    "multiVarLinearReg" : "cloud-0-0-1-1-0-0-0-0",
    "senMLParse" : "cloud-0-0-1-1-1-0-1-0-0",
    "sink" : "cloud-0-1-1-1-0-1-1-0-1",
    "source" : "cloud-0-0-1-0-0-0-1-0"
  },
  "appLoopLatency" : 31.766556240107754,
  "latencyPerTupleType" : {
    "blobRead_TUPLE" : 0.1114290545453422,
    "average_TUPLE" : 0.1550577127272609,
    "sink_TUPLE" : 0.9658731016576942,
    "errorEstimate_TUPLE" : 12.19654349292043,
    "mqttPublish_TUPLE" : 4.903026320549927,
    "decisionTree_TUPLE" : 5.332512543616853,
    "multiVarLinearReg_TUPLE" : 20.04128139762374,
    "senMLParse_TUPLE" : 0.18668142828272347,
    "TUPLE" : 0.09172121212121205
  },
  "tuplesProcessedPerModule" : {
    "errorEstimate" : 14011,
    "average" : 4800,
    "multiVarLinearReg" : 9353,
    "decisionTree" : 9416,
    "sink" : 23252,
    "blobRead" : 4800,
    "source" : 4800,
    "senMLParse" : 4800,
    "mqttPublish" : 23371
  },
  "recsInPerModule" : {
    "errorEstimate" : 7.0242662300136605,
    "average" : 2.4060818716665504,
    "multiVarLinearReg" : 4.824254950985597,
    "decisionTree" : 4.810234785603146,
    "sink" : 11.631010833669782,
    "blobRead" : 2.4172800485731183,
    "source" : 2.4228951476981737,
    "senMLParse" : 2.417280042486407,
    "mqttPublish" : 11.69074913570946
  },
  "recsOutPerModule" : {
    "errorEstimate" : 7.006897746472814,
    "average" : 2.405915588989975,
    "multiVarLinearReg" : 4.676629585650343,
    "decisionTree" : 4.718087898789928,
    "sink" : 11.630307866386143,
    "blobRead" : 2.41713296200087,
    "source" : 2.422892831404264,
    "senMLParse" : 2.4171075979703116,
    "mqttPublish" : 11.68645801563379
  },
  "remainingDataPerDevice" : {
    "errorEstimate" : 76000,
    "average" : 162000,
    "multiVarLinearReg" : 48000,
    "decisionTree" : 16000,
    "sink" : 0,
    "blobRead" : 0,
    "source" : 0,
    "senMLParse" : 0,
    "mqttPublish" : 238000
  },
  "executionTime" : 7361.0,
  "networkUsage" : 609255.2,
  "tuplesSentBySensors" : 4800
}