{
  "placement" : {
    "average" : "cloud-0-0-1-1-0-0-0-1-0",
    "blobRead" : "cloud-0-0-1-1-0-1-0-0-1",
    "decisionTree" : "cloud-0-1-1-0-0-1-0-0",
    "errorEstimate" : "cloud-0-1-0-1-0-0-0-0-0",
    "mqttPublish" : "cloud-0-0-1-0-1-1-1-0-0",
    "multiVarLinearReg" : "cloud-0-0-1-0-1-0-1-0-0",
    "senMLParse" : "cloud-0-1-0-0-0-0-1-1-1",
    "sink" : "cloud-1-1-1-1-1-0-0-0",
    "source" : "cloud-0-1-0-1-1-0-1-0"
  },
  "appLoopLatency" : 41.88835312727252,
  "latencyPerTupleType" : {
    "blobRead_TUPLE" : 3.4042549111111566,
    "average_TUPLE" : 0.14031966888887942,
    "sink_TUPLE" : 0.6161041056966415,
    "errorEstimate_TUPLE" : 0.9974872462518077,
    "mqttPublish_TUPLE" : 0.4280098201604983,
    "decisionTree_TUPLE" : 1.6675164463103525,
    "multiVarLinearReg_TUPLE" : 1.6842873435397205,
    "senMLParse_TUPLE" : 0.20344881333337414,
    "TUPLE" : 0.09066777777777908
  },
  "tuplesProcessedPerModule" : {
    "errorEstimate" : 14095,
    "average" : 4800,
    "multiVarLinearReg" : 9524,
    "decisionTree" : 9524,
    "sink" : 23250,
    "blobRead" : 4800,
    "source" : 4800,
    "senMLParse" : 4800,
    "mqttPublish" : 23322
  },
  "recsInPerModule" : {
    "errorEstimate" : 7.077195348284602,
    "average" : 2.408012946019401,
    "multiVarLinearReg" : 4.802967135811712,
    "decisionTree" : 4.7715401685046235,
    "sink" : 11.792274771512208,
    "blobRead" : 2.4143617295462096,
    "source" : 2.423262104572847,
    "senMLParse" : 2.4163063414577435,
    "mqttPublish" : 11.662160230419307
  },
  "recsOutPerModule" : {
    "errorEstimate" : 7.047694604467266,
    "average" : 2.407866985020013,
    "multiVarLinearReg" : 4.769516349756772,
    "decisionTree" : 4.770778302445482,
    "sink" : 11.787374219150257,
    "blobRead" : 2.4094433104857313,
    "source" : 2.423259555877946,
    "senMLParse" : 2.416134035832962,
    "mqttPublish" : 11.661411440303727
  },
  "remainingDataPerDevice" : {
    "errorEstimate" : 290000,
    "average" : 28000,
    "multiVarLinearReg" : 312000,
    "decisionTree" : 304000,
    "sink" : 0,
    "blobRead" : 152000,
    "source" : 0,
    "senMLParse" : 0,
    "mqttPublish" : 144000
  },
  "executionTime" : 3537.0,
  "networkUsage" : 768421.06,
  "tuplesSentBySensors" : 4800
}