{
  "placement" : {
    "average" : "cloud-1-0-1-0-0-0-1-1-1",
    "blobRead" : "cloud-0-1-1-0-0-1-0-0-1",
    "decisionTree" : "cloud-1-0-1-1-1-0-1-1-1",
    "errorEstimate" : "cloud-0-0-0-0-0-1-0-0",
    "mqttPublish" : "cloud-0-0-1-1-1-0-1-0-0",
    "multiVarLinearReg" : "cloud-1-1-1-0-1-0-1-1-0",
    "senMLParse" : "cloud-1-1-0-0-1-0-0",
    "sink" : "cloud-1-0-1-1-0",
    "source" : "cloud-0-0-0-0-0-1-0-1"
  },
  "appLoopLatency" : 37.69234281818163,
  "latencyPerTupleType" : {
    "blobRead_TUPLE" : 3.34999115151501,
    "average_TUPLE" : 0.12247442080807398,
    "sink_TUPLE" : 3.2696934307881924,
    "errorEstimate_TUPLE" : 0.6873541889389143,
    "mqttPublish_TUPLE" : 0.8352237659734876,
    "decisionTree_TUPLE" : 15.981733852049246,
    "multiVarLinearReg_TUPLE" : 15.42902085817133,
    "senMLParse_TUPLE" : 0.1817872727271779,
    "TUPLE" : 0.0926218181818146
  },
  "tuplesProcessedPerModule" : {
    "errorEstimate" : 14118,
    "average" : 4800,
    "multiVarLinearReg" : 9357,
    "decisionTree" : 9351,
    "sink" : 23250,
    "blobRead" : 4800,
    "source" : 4800,
    "senMLParse" : 4800,
    "mqttPublish" : 23287
  },
  "recsInPerModule" : {
    "errorEstimate" : 7.060122062664285,
    "average" : 2.408496471540779,
    "multiVarLinearReg" : 4.766090764727491,
    "decisionTree" : 4.7670448400747825,
    "sink" : 11.700519927830902,
    "blobRead" : 2.414726330543674,
    "source" : 2.423751553347024,
    "senMLParse" : 2.4153338630387187,
    "mqttPublish" : 11.64458000249901
  },
  "recsOutPerModule" : {
    "errorEstimate" : 7.059548598912139,
    "average" : 2.408350451919768,
    "multiVarLinearReg" : 4.6820090604456,
    "decisionTree" : 4.679470720566767,
    "sink" : 11.687218998810865,
    "blobRead" : 2.4099324575707906,
    "source" : 2.4237492354153742,
    "senMLParse" : 2.415161696075008,
    "mqttPublish" : 11.64358000727226
  },
  "remainingDataPerDevice" : {
    "errorEstimate" : 298000,
    "average" : 0,
    "multiVarLinearReg" : 74000,
    "decisionTree" : 62000,
    "sink" : 0,
    "blobRead" : 296000,
    "source" : 0,
    "senMLParse" : 0,
    "mqttPublish" : 74000
  },
  "executionTime" : 4590.0,
  "networkUsage" : 684111.84,
  "tuplesSentBySensors" : 4800
}