{
  "placement" : {
    "average" : "cloud-1-1-0-1-1-1-1-0",
    "blobRead" : "cloud-1-1-0-0-1-0-1-0",
    "decisionTree" : "cloud-1-0-0-1-0-1-0-0-0",
    "errorEstimate" : "cloud-0-1-1-0-1-1-1-0",
    "mqttPublish" : "cloud-0-0-1-1-1-0-1-0",
    "multiVarLinearReg" : "cloud-0-1-0-1-0-0-0-1-1",
    "senMLParse" : "cloud-1-0-0-0-1-0-1-0-0",
    "sink" : "cloud-1-1-1-1-0-0-1-1",
    "source" : "cloud-1-0-0-1-1-0-0-0-0"
  },
  "appLoopLatency" : 39.52007116987142,
  "latencyPerTupleType" : {
    "blobRead_TUPLE" : 0.10809558222226831,
    "average_TUPLE" : 0.4198362688888183,
    "sink_TUPLE" : 0.5847064628488563,
    "errorEstimate_TUPLE" : 15.918970657000667,
    "mqttPublish_TUPLE" : 0.5742424754858916,
    "decisionTree_TUPLE" : 1.6728129235447968,
    "multiVarLinearReg_TUPLE" : 1.6527661815757437,
    "senMLParse_TUPLE" : 0.1080955822222685,
    "TUPLE" : 0.09503777777778522
  },
  "tuplesProcessedPerModule" : {
    "errorEstimate" : 13984,
    "average" : 4800,
    "multiVarLinearReg" : 9502,
    "decisionTree" : 9535,
    "sink" : 23252,
    "blobRead" : 4800,
    "source" : 4800,
    "senMLParse" : 4800,
    "mqttPublish" : 23335
  },
  "recsInPerModule" : {
    "errorEstimate" : 6.997040173506157,
    "average" : 2.4066948973359743,
    "multiVarLinearReg" : 4.782736715575318,
    "decisionTree" : 4.801352956044637,
    "sink" : 11.626872216948726,
    "blobRead" : 2.410358313385994,
    "source" : 2.421794943594882,
    "senMLParse" : 2.414845057546758,
    "mqttPublish" : 11.675431795412951
  },
  "recsOutPerModule" : {
    "errorEstimate" : 6.992040151790572,
    "average" : 2.4064485537723472,
    "multiVarLinearReg" : 4.751948002934704,
    "decisionTree" : 4.7688438144855025,
    "sink" : 11.62626058131612,
    "blobRead" : 2.4101994613931783,
    "source" : 2.4217898523809764,
    "senMLParse" : 2.4146856136352843,
    "mqttPublish" : 11.66993135628852
  },
  "remainingDataPerDevice" : {
    "errorEstimate" : 68000,
    "average" : 262000,
    "multiVarLinearReg" : 354000,
    "decisionTree" : 270000,
    "sink" : 0,
    "blobRead" : 70000,
    "source" : 0,
    "senMLParse" : 0,
    "mqttPublish" : 166000
  },
  "executionTime" : 5519.0,
  "networkUsage" : 677737.16,
  "tuplesSentBySensors" : 4800
}