{
  "placement" : {
    "average" : "cloud-1-1-1-1-0-0-0-0",
    "blobRead" : "cloud-0-0-1-1-1-1-1-0",
    "decisionTree" : "cloud-0-0-0-1-1-1-0-0",
    "errorEstimate" : "cloud-0-1-0-1-1-0-0-1-0",
    "mqttPublish" : "cloud-0-1-0-0-1-0-1-1-0",
    "multiVarLinearReg" : "cloud-0-1-1-0-0-1-1-1-1",
    "senMLParse" : "cloud-0-1-0-1-0-1-0-1-1",
    "sink" : "cloud-1-0-0-1-1-0-0-1",
    "source" : "cloud-0-1-1-0-0-0-1-1-1"
  },
  "appLoopLatency" : 37.817904845376596,
  "latencyPerTupleType" : {
    "blobRead_TUPLE" : 0.18033781414131073,
    "average_TUPLE" : 3.7934108299608864,
    "sink_TUPLE" : 0.33098225710333445,
    "errorEstimate_TUPLE" : 0.6939582826952033,
    "mqttPublish_TUPLE" : 0.19424480884580872,
    "decisionTree_TUPLE" : 0.8740848473672157,
    "multiVarLinearReg_TUPLE" : 1.6196544896406269,
    "senMLParse_TUPLE" : 0.20532139999989474,
    "TUPLE" : 0.09420916666666446
  },
  "tuplesProcessedPerModule" : {
    "errorEstimate" : 13978,
    "average" : 4695,
    "multiVarLinearReg" : 9517,
    "decisionTree" : 9571,
    "sink" : 23251,
    "blobRead" : 4800,
    "source" : 4800,
    "senMLParse" : 4800,
    "mqttPublish" : 23341
  },
  "recsInPerModule" : {
    "errorEstimate" : 6.99159226041587,
    "average" : 2.3641169705974123,
    "multiVarLinearReg" : 4.797532175051992,
    "decisionTree" : 4.799415020614981,
    "sink" : 11.626304336447447,
    "blobRead" : 2.4116892003070403,
    "source" : 2.4208178228677513,
    "senMLParse" : 2.4096310321842527,
    "mqttPublish" : 11.671387626536081
  },
  "recsOutPerModule" : {
    "errorEstimate" : 6.9890925069930505,
    "average" : 2.3478509837653396,
    "multiVarLinearReg" : 4.759028020504245,
    "decisionTree" : 4.7859138531262735,
    "sink" : 11.625667963247075,
    "blobRead" : 2.411522141716952,
    "source" : 2.4208114639880445,
    "senMLParse" : 2.4094596772367627,
    "mqttPublish" : 11.67065207637699
  },
  "remainingDataPerDevice" : {
    "errorEstimate" : 54000,
    "average" : 90000,
    "multiVarLinearReg" : 368000,
    "decisionTree" : 362000,
    "sink" : 0,
    "blobRead" : 0,
    "source" : 0,
    "senMLParse" : 232000,
    "mqttPublish" : 180000
  },
  "executionTime" : 2657.0,
  "networkUsage" : 660936.04,
  "tuplesSentBySensors" : 4800
}