{
  "placement" : {
    "average" : "cloud-1-1-1-1-1-1-1-0-0",
    "blobRead" : "cloud-0-1-1-1-1-1-0",
    "decisionTree" : "cloud-1-0-0-1-0-1-0-1",
    "errorEstimate" : "cloud-0-0-0-1-0-0-0-0-1",
    "mqttPublish" : "cloud-0-0-0-0-0-0-1-0-1",
    "multiVarLinearReg" : "cloud-0-0-0-0-0-0-1-1-0",
    "senMLParse" : "cloud-0-1-1-1-1-0-0-1-0",
    "sink" : "cloud-1-1-1-0-1",
    "source" : "cloud-0-1-1-1-0-1-0"
  },
  "appLoopLatency" : 28.070644894706167,
  "latencyPerTupleType" : {
    "blobRead_TUPLE" : 4.249227674747294,
    "average_TUPLE" : 0.2295703252526748,
    "sink_TUPLE" : 2.4817946123895935,
    "errorEstimate_TUPLE" : 1.9211835027105375,
    "mqttPublish_TUPLE" : 0.7033734533020507,
    "decisionTree_TUPLE" : 0.5378139590900067,
    "multiVarLinearReg_TUPLE" : 17.356848605398397,
    "senMLParse_TUPLE" : 0.19165601818171146,
    "TUPLE" : 0.09393797979798366
  },
  "tuplesProcessedPerModule" : {
    "errorEstimate" : 14129,
    "average" : 4800,
    "multiVarLinearReg" : 9352,
    "decisionTree" : 9600,
    "sink" : 23334,
    "blobRead" : 4800,
    "source" : 4800,
    "senMLParse" : 4800,
    "mqttPublish" : 23506
  },
  "recsInPerModule" : {
    "errorEstimate" : 7.073960259237003,
    "average" : 2.4111625702776545,
    "multiVarLinearReg" : 4.820638045848738,
    "decisionTree" : 4.819428056841377,
    "sink" : 11.673051909354387,
    "blobRead" : 2.421792623294632,
    "source" : 2.425098557521064,
    "senMLParse" : 2.4204492820140078,
    "mqttPublish" : 11.753801568128646
  },
  "recsOutPerModule" : {
    "errorEstimate" : 7.065459154707373,
    "average" : 2.410990997445614,
    "multiVarLinearReg" : 4.696113008374496,
    "decisionTree" : 4.815899731637156,
    "sink" : 11.66705199934367,
    "blobRead" : 2.416146930003484,
    "source" : 2.42509623701231,
    "senMLParse" : 2.4202810076339967,
    "mqttPublish" : 11.753414395473804
  },
  "remainingDataPerDevice" : {
    "errorEstimate" : 272000,
    "average" : 12000,
    "multiVarLinearReg" : 0,
    "decisionTree" : 174000,
    "sink" : 0,
    "blobRead" : 0,
    "source" : 0,
    "senMLParse" : 0,
    "mqttPublish" : 320000
  },
  "executionTime" : 4195.0,
  "networkUsage" : 582888.2,
  "tuplesSentBySensors" : 4800
}