{
  "placement" : {
    "average" : "cloud-0-1-1-0-1-0-0-1-1",
    "blobRead" : "cloud-1-1-1-0-1-0-0-0",
    "decisionTree" : "cloud-0-1-1-1-0-1-1-0",
    "errorEstimate" : "cloud-1-0-0-1-1-0-1",
    "mqttPublish" : "cloud-0-0-1-1-0-1-1",
    "multiVarLinearReg" : "cloud-0-0-0-1-0-1-0",
    "senMLParse" : "cloud-0-1-0-1-0-0",
    "sink" : "cloud-1-1-0-0",
    "source" : "cloud-1-1-1-0-1-1-1-0-0"
  },
  "appLoopLatency" : 32.457896622176825,
  "latencyPerTupleType" : {
    "blobRead_TUPLE" : 0.29725614262632477,
    "average_TUPLE" : 0.11612319434354712,
    "sink_TUPLE" : 7.417731752335176,
    "errorEstimate_TUPLE" : 14.476955316774076,
    "mqttPublish_TUPLE" : 4.2843976132165285,
    "decisionTree_TUPLE" : 20.180604266813383,
    "multiVarLinearReg_TUPLE" : 6.692046395350715,
    "senMLParse_TUPLE" : 0.29725614262632555,
    "TUPLE" : 0.0968697222222181
  },
  "tuplesProcessedPerModule" : {
    "errorEstimate" : 13965,
    "average" : 4800,
    "multiVarLinearReg" : 9383,
    "decisionTree" : 9328,
    "sink" : 23254,
    "blobRead" : 4800,
    "source" : 4800,
    "senMLParse" : 4800,
    "mqttPublish" : 23278
  },
  "recsInPerModule" : {
    "errorEstimate" : 6.98723941521775,
    "average" : 2.4032923753508286,
    "multiVarLinearReg" : 4.806103553224415,
    "decisionTree" : 4.8085109140154145,
    "sink" : 11.629760854478809,
    "blobRead" : 2.414726105939805,
    "source" : 2.421306284651793,
    "senMLParse" : 2.4101187820798873,
    "mqttPublish" : 11.641321858734397
  },
  "recsOutPerModule" : {
    "errorEstimate" : 6.983471288274179,
    "average" : 2.403134453308016,
    "multiVarLinearReg" : 4.698540470802899,
    "decisionTree" : 4.676624499902085,
    "sink" : 11.629027809433707,
    "blobRead" : 2.414535622742866,
    "source" : 2.4213037400693445,
    "senMLParse" : 2.4099290250489847,
    "mqttPublish" : 11.6401333580746
  },
  "remainingDataPerDevice" : {
    "errorEstimate" : 30000,
    "average" : 286000,
    "multiVarLinearReg" : 132000,
    "decisionTree" : 0,
    "sink" : 0,
    "blobRead" : 0,
    "source" : 0,
    "senMLParse" : 0,
    "mqttPublish" : 48000
  },
  "executionTime" : 8609.0,
  "networkUsage" : 552844.9,
  "tuplesSentBySensors" : 4800
}