{
  "placement" : {
    "average" : "cloud-1-1-1-0-1-0-0-0",
    "blobRead" : "cloud-1-0-0-1-0-0-0-1-0",
    "decisionTree" : "cloud-1-1-0-0-0-0-1-0",
    "errorEstimate" : "cloud-0-0-1-1-0-0-1-1-1",
    "mqttPublish" : "cloud-1-0-0-1-0-1-1-1-0",
    "multiVarLinearReg" : "cloud-1-1-0-1-0-1",
    "senMLParse" : "cloud-0-0-1-1-1-0-0-1",
    "sink" : "cloud-1-0-0-1-0-0-1-0-1",
    "source" : "cloud-0-0-1-0-1-0-0-0"
  },
  "appLoopLatency" : 30.341129485330825,
  "latencyPerTupleType" : {
    "blobRead_TUPLE" : 0.12147350121215529,
    "average_TUPLE" : 0.1247761571716792,
    "sink_TUPLE" : 1.2753641272351663,
    "errorEstimate_TUPLE" : 19.83425244945359,
    "mqttPublish_TUPLE" : 2.451225799680087,
    "decisionTree_TUPLE" : 19.683201397064924,
    "multiVarLinearReg_TUPLE" : 0.25506667727274024,
    "senMLParse_TUPLE" : 0.11251138000002864,
    "TUPLE" : 0.09022416666666917
  },
  "tuplesProcessedPerModule" : {
    "errorEstimate" : 13991,
    "average" : 4800,
    "multiVarLinearReg" : 9600,
    "decisionTree" : 9332,
    "sink" : 23262,
    "blobRead" : 4800,
    "source" : 4800,
    "senMLParse" : 4800,
    "mqttPublish" : 23281
  },
  "recsInPerModule" : {
    "errorEstimate" : 7.064849650006455,
    "average" : 2.4064699267539242,
    "multiVarLinearReg" : 4.808800101891352,
    "decisionTree" : 4.807114575348357,
    "sink" : 11.633578354089147,
    "blobRead" : 2.4118154329569474,
    "source" : 2.421794943594882,
    "senMLParse" : 2.415821161247492,
    "mqttPublish" : 11.644089121279494
  },
  "recsOutPerModule" : {
    "errorEstimate" : 6.998995900466341,
    "average" : 2.4063035904384322,
    "multiVarLinearReg" : 4.808483966603618,
    "decisionTree" : 4.676519783318247,
    "sink" : 11.633387479395541,
    "blobRead" : 2.411648356878644,
    "source" : 2.4217936707893992,
    "senMLParse" : 2.4156742521569243,
    "mqttPublish" : 11.64344610782607
  },
  "remainingDataPerDevice" : {
    "errorEstimate" : 78000,
    "average" : 162000,
    "multiVarLinearReg" : 380000,
    "decisionTree" : 6000,
    "sink" : 0,
    "blobRead" : 0,
    "source" : 0,
    "senMLParse" : 0,
    "mqttPublish" : 28000
  },
  "executionTime" : 9604.0,
  "networkUsage" : 556075.64,
  "tuplesSentBySensors" : 4800
}