{
  "placement" : {
    "average" : "cloud-0-0-0-1-1-0-1-0-1",
    "blobRead" : "cloud-1-0-1-0-1-1-1-1-1",
    "decisionTree" : "cloud-1-1-0-1-0-0-0-1-1",
    "errorEstimate" : "cloud-0-0-0-1-0-0-0-1-0",
    "mqttPublish" : "cloud-1-1-0-1-1-1-1",
    "multiVarLinearReg" : "cloud-0-1-0-0-1-1-1",
    "senMLParse" : "cloud-1-0-1-1-1-1-0",
    "sink" : "cloud-0-0-1-1-0-1-1-0-1",
    "source" : "cloud-1-1-0-0-1-0-1-1"
  },
  "appLoopLatency" : 38.1213522810795,
  "latencyPerTupleType" : {
    "blobRead_TUPLE" : 0.2559101828283266,
    "average_TUPLE" : 0.8801379745734805,
    "sink_TUPLE" : 1.1330843983621803,
    "errorEstimate_TUPLE" : 0.929904228162329,
    "mqttPublish_TUPLE" : 3.580294660480199,
    "decisionTree_TUPLE" : 0.7180036926843588,
    "multiVarLinearReg_TUPLE" : 1.6059709283484462,
    "senMLParse_TUPLE" : 5.332930404444515,
    "TUPLE" : 0.09702750000000088
  },
  "tuplesProcessedPerModule" : {
    "errorEstimate" : 14026,
    "average" : 4694,
    "multiVarLinearReg" : 9494,
    "decisionTree" : 9494,
    "sink" : 23253,
    "blobRead" : 4800,
    "source" : 4800,
    "senMLParse" : 4800,
    "mqttPublish" : 23322
  },
  "recsInPerModule" : {
    "errorEstimate" : 7.0149310328549035,
    "average" : 2.353116595978365,
    "multiVarLinearReg" : 4.8013652498035935,
    "decisionTree" : 4.801125173291345,
    "sink" : 11.627024215215771,
    "blobRead" : 2.413147935374772,
    "source" : 2.4235068042478014,
    "senMLParse" : 2.4156983136291736,
    "mqttPublish" : 11.663077167784035
  },
  "recsOutPerModule" : {
    "errorEstimate" : 7.0147342960175365,
    "average" : 2.352949494365349,
    "multiVarLinearReg" : 4.748367630384666,
    "decisionTree" : 4.750784291825683,
    "sink" : 11.628794917305019,
    "blobRead" : 2.412957701071401,
    "source" : 2.4235042550381434,
    "senMLParse" : 2.4088840635922555,
    "mqttPublish" : 11.661577116874545
  },
  "remainingDataPerDevice" : {
    "errorEstimate" : 152000,
    "average" : 16000,
    "multiVarLinearReg" : 308000,
    "decisionTree" : 238000,
    "sink" : 0,
    "blobRead" : 0,
    "source" : 0,
    "senMLParse" : 318000,
    "mqttPublish" : 136000
  },
  "executionTime" : 4231.0,
  "networkUsage" : 700709.6,
  "tuplesSentBySensors" : 4800
}