{
  "placement" : {
    "average" : "cloud-1-0-0-0-1-1",
    "blobRead" : "cloud-1-0-1-1-0-0-1-1-1",
    "decisionTree" : "cloud-1-1-1-1-0-1-0-1",
    "errorEstimate" : "cloud-1-0-1-0-1-1-1-0",
    "mqttPublish" : "cloud-1-0-0-1-1-1-1-1",
    "multiVarLinearReg" : "cloud-0-0-0-0-1-0-1-1",
    "senMLParse" : "cloud-0-0-0-0-0-0-0-0",
    "sink" : "cloud-1-0-1-1-0-0-0-0",
    "source" : "cloud-1-1-0-1-1-1-0-1-0"
  },
  "appLoopLatency" : 44.908649169696716,
  "latencyPerTupleType" : {
    "blobRead_TUPLE" : 0.10753237373723455,
    "average_TUPLE" : 0.22494184505043013,
    "sink_TUPLE" : 1.0770126741816015,
    "errorEstimate_TUPLE" : 0.275829814913991,
    "mqttPublish_TUPLE" : 0.5663567402004495,
    "decisionTree_TUPLE" : 19.537211976521373,
    "multiVarLinearReg_TUPLE" : 1.4763613978696362,
    "senMLParse_TUPLE" : 0.3382624424240999,
    "TUPLE" : 0.09712050505050443
  },
  "tuplesProcessedPerModule" : {
    "errorEstimate" : 13956,
    "average" : 4800,
    "multiVarLinearReg" : 9468,
    "decisionTree" : 9329,
    "sink" : 23250,
    "blobRead" : 4800,
    "source" : 4800,
    "senMLParse" : 4800,
    "mqttPublish" : 23250
  },
  "recsInPerModule" : {
    "errorEstimate" : 6.9788978224102065,
    "average" : 2.4003992837625394,
    "multiVarLinearReg" : 4.734718528996776,
    "decisionTree" : 4.710733120049912,
    "sink" : 11.73171742750983,
    "blobRead" : 2.4079404329454084,
    "source" : 2.421306284651793,
    "senMLParse" : 2.4090280761732967,
    "mqttPublish" : 11.792806250239648
  },
  "recsOutPerModule" : {
    "errorEstimate" : 6.978512500794973,
    "average" : 2.400165592406382,
    "multiVarLinearReg" : 4.735007681879443,
    "decisionTree" : 4.6656640551877855,
    "sink" : 11.716161850958287,
    "blobRead" : 2.407781899477728,
    "source" : 2.4213016581422275,
    "senMLParse" : 2.4088316223735107,
    "mqttPublish" : 11.784643394713406
  },
  "remainingDataPerDevice" : {
    "errorEstimate" : 12000,
    "average" : 294000,
    "multiVarLinearReg" : 330000,
    "decisionTree" : 58000,
    "sink" : 0,
    "blobRead" : 506000,
    "source" : 0,
    "senMLParse" : 114000,
    "mqttPublish" : 0
  },
  "executionTime" : 4465.0,
  "networkUsage" : 723423.74,
  "tuplesSentBySensors" : 4800
}