{
  "placement" : {
    "average" : "cloud-0-0-1-0-0-0-1-1-0",
    "blobRead" : "cloud-0-1-1-0-0-1-1-1",
    "decisionTree" : "cloud-1-1-0-1-0-1-0-1-0",
    "errorEstimate" : "cloud-0-0-0-1-1-1",
    "mqttPublish" : "cloud-1-1-0-1-0-0-1",
    "multiVarLinearReg" : "cloud-1-0-0-0-1-0-0-0-0",
    "senMLParse" : "cloud-0-1-0-0-0",
    "sink" : "cloud-0-0-0-0-1-0-1",
    "source" : "cloud-1-0-0-0-0-0-1-0"
  },
  "appLoopLatency" : 33.67029643997641,
  "latencyPerTupleType" : {
    "blobRead_TUPLE" : 0.3330672666665316,
    "average_TUPLE" : 0.41992370343427493,
    "sink_TUPLE" : 0.12455204249880043,
    "errorEstimate_TUPLE" : 0.27517487818687325,
    "mqttPublish_TUPLE" : 0.12499831831224191,
    "decisionTree_TUPLE" : 0.2184166715151663,
    "multiVarLinearReg_TUPLE" : 0.21841631151516638,
    "senMLParse_TUPLE" : 0.10892964040389233,
    "TUPLE" : 0.09576505050505375
  },
  "tuplesProcessedPerModule" : {
    "errorEstimate" : 14269,
    "average" : 4800,
    "multiVarLinearReg" : 9600,
    "decisionTree" : 9600,
    "sink" : 23257,
    "blobRead" : 4800,
    "source" : 4800,
    "senMLParse" : 4800,
    "mqttPublish" : 23470
  },
  "recsInPerModule" : {
    "errorEstimate" : 7.135332760459618,
    "average" : 2.4092320944132983,
    "multiVarLinearReg" : 4.80898864644345,
    "decisionTree" : 4.805377912115149,
    "sink" : 11.629852988726917,
    "blobRead" : 2.414238219921963,
    "source" : 2.4238739464354158,
    "senMLParse" : 2.4166692201762214,
    "mqttPublish" : 11.738029421370749
  },
  "recsOutPerModule" : {
    "errorEstimate" : 7.1348327371407345,
    "average" : 2.408985231199614,
    "multiVarLinearReg" : 4.808634851030376,
    "decisionTree" : 4.805024647763734,
    "sink" : 11.629210884675173,
    "blobRead" : 2.4140478136869916,
    "source" : 2.4238693101083397,
    "senMLParse" : 2.416509535295364,
    "mqttPublish" : 11.735029472526525
  },
  "remainingDataPerDevice" : {
    "errorEstimate" : 626000,
    "average" : 0,
    "multiVarLinearReg" : 260000,
    "decisionTree" : 160000,
    "sink" : 0,
    "blobRead" : 0,
    "source" : 0,
    "senMLParse" : 0,
    "mqttPublish" : 426000
  },
  "executionTime" : 2626.0,
  "networkUsage" : 623514.7,
  "tuplesSentBySensors" : 4800
}