{
  "placement" : {
    "average" : "cloud-0-0-0-0-0-0-0-0",
    "blobRead" : "cloud-0-1-1-0-1-0-1-0-0",
    "decisionTree" : "cloud-0-0-1-1-0-0-0-1-0",
    "errorEstimate" : "cloud-0-1-0-1-0",
    "mqttPublish" : "cloud-1-0-0-0-0-1-1-0-1",
    "multiVarLinearReg" : "cloud-1-0-1-0-1-0-1-0",
    "senMLParse" : "cloud-0-0-0-0-1-1",
    "sink" : "cloud-0-0-0-1-0-1-1-0-0",
    "source" : "cloud-0-1-0-1-0-0-1-1-0"
  },
  "appLoopLatency" : 34.871327807109154,
  "latencyPerTupleType" : {
    "blobRead_TUPLE" : 3.04312520888889,
    "average_TUPLE" : 0.2269788525253749,
    "sink_TUPLE" : 0.18066872380597584,
    "errorEstimate_TUPLE" : 0.45476337052695126,
    "mqttPublish_TUPLE" : 0.1786211760980061,
    "decisionTree_TUPLE" : 0.4042381417580181,
    "multiVarLinearReg_TUPLE" : 0.9550572884045749,
    "senMLParse_TUPLE" : 0.16555590545458532,
    "TUPLE" : 0.09098749999998906
  },
  "tuplesProcessedPerModule" : {
    "errorEstimate" : 14178,
    "average" : 4800,
    "multiVarLinearReg" : 9529,
    "decisionTree" : 9529,
    "sink" : 23251,
    "blobRead" : 4800,
    "source" : 4800,
    "senMLParse" : 4800,
    "mqttPublish" : 23443
  },
  "recsInPerModule" : {
    "errorEstimate" : 7.090225596898562,
    "average" : 2.410921399860329,
    "multiVarLinearReg" : 4.765211921469766,
    "decisionTree" : 4.7692664513918706,
    "sink" : 11.630490414351385,
    "blobRead" : 2.4120578262190504,
    "source" : 2.422283799816411,
    "senMLParse" : 2.4144844406504613,
    "mqttPublish" : 11.72233254829775
  },
  "recsOutPerModule" : {
    "errorEstimate" : 7.089468181872638,
    "average" : 2.410749861347625,
    "multiVarLinearReg" : 4.764635206161534,
    "decisionTree" : 4.768841301564567,
    "sink" : 11.629878371675751,
    "blobRead" : 2.407463185428446,
    "source" : 2.422282526497027,
    "senMLParse" : 2.4143169945947602,
    "mqttPublish" : 11.721654841994864
  },
  "remainingDataPerDevice" : {
    "errorEstimate" : 334000,
    "average" : 0,
    "multiVarLinearReg" : 302000,
    "decisionTree" : 194000,
    "sink" : 0,
    "blobRead" : 284000,
    "source" : 0,
    "senMLParse" : 0,
    "mqttPublish" : 384000
  },
  "executionTime" : 3013.0,
  "networkUsage" : 644899.0,
  "tuplesSentBySensors" : 4800
}