{
  "placement" : {
    "average" : "cloud-0-1-1-0-1-1-1-1-0",
    "blobRead" : "cloud-0-1-1-0-0-1-1",
    "decisionTree" : "cloud-0-1-0-1-0-0-0",
    "errorEstimate" : "cloud-0-1-0-0",
    "mqttPublish" : "cloud-1-0-0-1-1-0",
    "multiVarLinearReg" : "cloud-0-0-1-0-0-1-0-0-0",
    "senMLParse" : "cloud-0-0-1-1-0-0",
    "sink" : "cloud-0-0-0-0-0-0-0-1-0",
    "source" : "cloud-1-1-1-1-0-1"
  },
  "appLoopLatency" : 31.770655963383643,
  "latencyPerTupleType" : {
    "blobRead_TUPLE" : 5.599228551111214,
    "average_TUPLE" : 4.263523439916291,
    "sink_TUPLE" : 3.8882222031551508,
    "errorEstimate_TUPLE" : 0.9307808810710164,
    "mqttPublish_TUPLE" : 5.252504654586235,
    "decisionTree_TUPLE" : 5.2521433162206055,
    "multiVarLinearReg_TUPLE" : 12.585573296931727,
    "senMLParse_TUPLE" : 5.599228551111214,
    "TUPLE" : 0.09749499999999969
  },
  "tuplesProcessedPerModule" : {
    "errorEstimate" : 14073,
    "average" : 4691,
    "multiVarLinearReg" : 9382,
    "decisionTree" : 9382,
    "sink" : 23252,
    "blobRead" : 4800,
    "source" : 4800,
    "senMLParse" : 4800,
    "mqttPublish" : 23368
  },
  "recsInPerModule" : {
    "errorEstimate" : 7.037705662786196,
    "average" : 2.400374701291332,
    "multiVarLinearReg" : 4.754562748921196,
    "decisionTree" : 4.800997390004225,
    "sink" : 11.626596124821232,
    "blobRead" : 2.4143617295462096,
    "source" : 2.423751553347024,
    "senMLParse" : 2.4156983136291736,
    "mqttPublish" : 11.693571610595969
  },
  "recsOutPerModule" : {
    "errorEstimate" : 7.03728042091056,
    "average" : 2.3525514109535086,
    "multiVarLinearReg" : 4.702857477983538,
    "decisionTree" : 4.7054507246036215,
    "sink" : 11.630842127875647,
    "blobRead" : 2.4073663397840357,
    "source" : 2.423749003622453,
    "senMLParse" : 2.4086951876986458,
    "mqttPublish" : 11.685070831576079
  },
  "remainingDataPerDevice" : {
    "errorEstimate" : 130000,
    "average" : 0,
    "multiVarLinearReg" : 0,
    "decisionTree" : 10000,
    "sink" : 0,
    "blobRead" : 218000,
    "source" : 0,
    "senMLParse" : 0,
    "mqttPublish" : 230000
  },
  "executionTime" : 6681.0,
  "networkUsage" : 559508.24,
  "tuplesSentBySensors" : 4800
}