{
  "placement" : {
    "average" : "cloud-0-1-1-1-0-1-1-0-0",
    "blobRead" : "cloud-1-1-0-0-0",
    "decisionTree" : "cloud-1-0-0-1-1-0-0",
    "errorEstimate" : "cloud-1-1-0-0-0-0-1-0-0",
    "mqttPublish" : "cloud-1-1-1-1-0-1-0-0",
    "multiVarLinearReg" : "cloud-1-0-1-0-0-1-0-1-1",
    "senMLParse" : "cloud-0-1-0-0-0-1-1-1",
    "sink" : "cloud-0-1-0-0-1-0-0-1-1",
    "source" : "cloud-1-0-0-0-1-1"
  },
  "appLoopLatency" : 36.48256855151512,
  "latencyPerTupleType" : {
    "blobRead_TUPLE" : 0.4327692868685432,
    "average_TUPLE" : 0.3545290909092996,
    "sink_TUPLE" : 1.680344468322872,
    "errorEstimate_TUPLE" : 1.3867409740330954,
    "mqttPublish_TUPLE" : 2.1392115511272936,
    "decisionTree_TUPLE" : 4.625542857272727,
    "multiVarLinearReg_TUPLE" : 19.104561966460896,
    "senMLParse_TUPLE" : 0.33294100404026106,
    "TUPLE" : 0.09575242424242812
  },
  "tuplesProcessedPerModule" : {
    "errorEstimate" : 14123,
    "average" : 4800,
    "multiVarLinearReg" : 9336,
    "decisionTree" : 9600,
    "sink" : 23250,
    "blobRead" : 4800,
    "source" : 4800,
    "senMLParse" : 4800,
    "mqttPublish" : 23359
  },
  "recsInPerModule" : {
    "errorEstimate" : 7.06269392700626,
    "average" : 2.4108950443803665,
    "multiVarLinearReg" : 4.818160136862164,
    "decisionTree" : 4.817434836078488,
    "sink" : 11.729979223845293,
    "blobRead" : 2.4193489941298014,
    "source" : 2.425098557521064,
    "senMLParse" : 2.4176429940777484,
    "mqttPublish" : 11.68207804090354
  },
  "recsOutPerModule" : {
    "errorEstimate" : 7.061641858755433,
    "average" : 2.410475882165717,
    "multiVarLinearReg" : 4.692913529586857,
    "decisionTree" : 4.8046863083014415,
    "sink" : 11.715104594484526,
    "blobRead" : 2.4191000534034437,
    "source" : 2.425093916507997,
    "senMLParse" : 2.4174520504295884,
    "mqttPublish" : 11.68007797697861
  },
  "remainingDataPerDevice" : {
    "errorEstimate" : 336000,
    "average" : 26000,
    "multiVarLinearReg" : 0,
    "decisionTree" : 384000,
    "sink" : 0,
    "blobRead" : 0,
    "source" : 0,
    "senMLParse" : 0,
    "mqttPublish" : 218000
  },
  "executionTime" : 6513.0,
  "networkUsage" : 685577.52,
  "tuplesSentBySensors" : 4800
}