{
  "placement" : {
    "average" : "cloud-0-0-0-0-1-0-0-1-0",
    "blobRead" : "cloud-1-1-1-0-0-1-1-1",
    "decisionTree" : "cloud-1-0-1-1-1-1-0-1-1",
    "errorEstimate" : "cloud-1-0-0-1-0-0-0-0-0",
    "mqttPublish" : "cloud-0-0-0-1-1-1-1-0",
    "multiVarLinearReg" : "cloud-1-0-0-0-0-0-1-1",
    "senMLParse" : "cloud-1-0-0-1-0-1-0",
    "sink" : "cloud-0-0-1-1-0-1-0-0-0",
    "source" : "cloud-0-1-1-1-1-0-1-0-1"
  },
  "appLoopLatency" : 32.77560905944763,
  "latencyPerTupleType" : {
    "blobRead_TUPLE" : 0.1135840141412947,
    "average_TUPLE" : 0.1153706848485664,
    "sink_TUPLE" : 0.6879048914930102,
    "errorEstimate_TUPLE" : 0.15546558644170763,
    "mqttPublish_TUPLE" : 1.9624057860047914,
    "decisionTree_TUPLE" : 18.043419969489953,
    "multiVarLinearReg_TUPLE" : 0.7465527381819282,
    "senMLParse_TUPLE" : 0.19202224646453836,
    "TUPLE" : 0.09327131313130595
  },
  "tuplesProcessedPerModule" : {
    "errorEstimate" : 14221,
    "average" : 4800,
    "multiVarLinearReg" : 9600,
    "decisionTree" : 9349,
    "sink" : 23253,
    "blobRead" : 4800,
    "source" : 4800,
    "senMLParse" : 4800,
    "mqttPublish" : 23328
  },
  "recsInPerModule" : {
    "errorEstimate" : 7.114257290133068,
    "average" : 2.406327531215076,
    "multiVarLinearReg" : 4.80932108882607,
    "decisionTree" : 4.807875929949385,
    "sink" : 11.629467749072068,
    "blobRead" : 2.4136335309612686,
    "source" : 2.4235068042478014,
    "senMLParse" : 2.416306560882049,
    "mqttPublish" : 11.669478415748292
  },
  "recsOutPerModule" : {
    "errorEstimate" : 7.110851948061744,
    "average" : 2.4061817744598497,
    "multiVarLinearReg" : 4.808026422493542,
    "decisionTree" : 4.685508586023583,
    "sink" : 11.62882557711608,
    "blobRead" : 2.413486887807198,
    "source" : 2.4235044867842546,
    "senMLParse" : 2.416138862009331,
    "mqttPublish" : 11.665743713710121
  },
  "remainingDataPerDevice" : {
    "errorEstimate" : 428000,
    "average" : 248000,
    "multiVarLinearReg" : 96000,
    "decisionTree" : 38000,
    "sink" : 0,
    "blobRead" : 0,
    "source" : 0,
    "senMLParse" : 0,
    "mqttPublish" : 150000
  },
  "executionTime" : 3814.0,
  "networkUsage" : 628901.8,
  "tuplesSentBySensors" : 4800
}