{
  "placement" : {
    "average" : "cloud-0-1-0-0-1-0-1-0",
    "blobRead" : "cloud-0-1-1-0-1-1-0-0-1",
    "decisionTree" : "cloud-1-1-1-0-1-0-0",
    "errorEstimate" : "cloud-0-0-1-1-0-1-1",
    "mqttPublish" : "cloud-0-0-1-0-1",
    "multiVarLinearReg" : "cloud-0-1-1-0-0-0-0-1",
    "senMLParse" : "cloud-1-0-1-1-1-1-1-0-0",
    "sink" : "cloud-0-0-1-0-1-1-0-1",
    "source" : "cloud-0-1-1-1-1-1-0-1-0"
  },
  "appLoopLatency" : 25.379120987878608,
  "latencyPerTupleType" : {
    "blobRead_TUPLE" : 0.21093653777781435,
    "average_TUPLE" : 0.2035518791918773,
    "sink_TUPLE" : 1.5577939909208633,
    "errorEstimate_TUPLE" : 18.51920243500237,
    "mqttPublish_TUPLE" : 1.5556176914240891,
    "decisionTree_TUPLE" : 5.23571453613502,
    "multiVarLinearReg_TUPLE" : 1.947431365959601,
    "senMLParse_TUPLE" : 0.11383542666669735,
    "TUPLE" : 0.09264000000000319
  },
  "tuplesProcessedPerModule" : {
    "errorEstimate" : 14007,
    "average" : 4800,
    "multiVarLinearReg" : 9600,
    "decisionTree" : 9423,
    "sink" : 23351,
    "blobRead" : 4800,
    "source" : 4800,
    "senMLParse" : 4800,
    "mqttPublish" : 23383
  },
  "recsInPerModule" : {
    "errorEstimate" : 7.1473535617123165,
    "average" : 2.4071927742552277,
    "multiVarLinearReg" : 4.811972358855848,
    "decisionTree" : 4.811680941307178,
    "sink" : 11.67657784756538,
    "blobRead" : 2.416549638908358,
    "source" : 2.4241187696991213,
    "senMLParse" : 2.4156983136291736,
    "mqttPublish" : 11.6926633586177
  },
  "recsOutPerModule" : {
    "errorEstimate" : 7.00524772174098,
    "average" : 2.4070263380010757,
    "multiVarLinearReg" : 4.806803108787881,
    "decisionTree" : 4.723488404478222,
    "sink" : 11.676802847593024,
    "blobRead" : 2.4163772985842225,
    "source" : 2.4241162192018875,
    "senMLParse" : 2.415551419478805,
    "mqttPublish" : 11.691857248861249
  },
  "remainingDataPerDevice" : {
    "errorEstimate" : 22000,
    "average" : 0,
    "multiVarLinearReg" : 212000,
    "decisionTree" : 72000,
    "sink" : 0,
    "blobRead" : 0,
    "source" : 0,
    "senMLParse" : 0,
    "mqttPublish" : 62000
  },
  "executionTime" : 7937.0,
  "networkUsage" : 416253.1,
  "tuplesSentBySensors" : 4800
}