{
  "placement" : {
    "average" : "cloud-1-1-1-1-1-0-0",
    "blobRead" : "cloud-1-1-0-1-0-0-1-1-0",
    "decisionTree" : "cloud-0-1-1-0-0-0-1-1",
    "errorEstimate" : "cloud-0-1-0-1-0-1-1-0",
    "mqttPublish" : "cloud-0-0-0-0-0-1-0",
    "multiVarLinearReg" : "cloud-1-1-1-0-0-0-0-0-1",
    "senMLParse" : "cloud-0-1-1-0-0-0-1-0-0",
    "sink" : "cloud-1-0-0-1-1-0-0-0-1",
    "source" : "cloud-1-1-1-1-1-0"
  },
  "appLoopLatency" : 38.34708746425636,
  "latencyPerTupleType" : {
    "blobRead_TUPLE" : 0.28670371070711953,
    "average_TUPLE" : 0.21549124080802215,
    "sink_TUPLE" : 1.3083225915189114,
    "errorEstimate_TUPLE" : 15.562533733379707,
    "mqttPublish_TUPLE" : 1.1943577431196282,
    "decisionTree_TUPLE" : 17.021872223466556,
    "multiVarLinearReg_TUPLE" : 4.991055401366471,
    "senMLParse_TUPLE" : 0.3536088488889337,
    "TUPLE" : 0.09771722222222881
  },
  "tuplesProcessedPerModule" : {
    "errorEstimate" : 13987,
    "average" : 4800,
    "multiVarLinearReg" : 9425,
    "decisionTree" : 9363,
    "sink" : 23268,
    "blobRead" : 4800,
    "source" : 4800,
    "senMLParse" : 4800,
    "mqttPublish" : 23306
  },
  "recsInPerModule" : {
    "errorEstimate" : 7.064849628810857,
    "average" : 2.40798525394512,
    "multiVarLinearReg" : 4.812831765904628,
    "decisionTree" : 4.812604004513592,
    "sink" : 11.6361000729392,
    "blobRead" : 2.418495240203563,
    "source" : 2.4254661821797967,
    "senMLParse" : 2.4170338433832397,
    "mqttPublish" : 11.654111914331725
  },
  "recsOutPerModule" : {
    "errorEstimate" : 6.99699490099512,
    "average" : 2.4077958327124884,
    "multiVarLinearReg" : 4.725097886669431,
    "decisionTree" : 4.694171868844685,
    "sink" : 11.635275758801473,
    "blobRead" : 2.418304161917463,
    "source" : 2.425461075518499,
    "senMLParse" : 2.4168360817430177,
    "mqttPublish" : 11.656410151227
  },
  "remainingDataPerDevice" : {
    "errorEstimate" : 68000,
    "average" : 86000,
    "multiVarLinearReg" : 106000,
    "decisionTree" : 18000,
    "sink" : 0,
    "blobRead" : 0,
    "source" : 0,
    "senMLParse" : 0,
    "mqttPublish" : 76000
  },
  "executionTime" : 6689.0,
  "networkUsage" : 647060.1,
  "tuplesSentBySensors" : 4800
}