{
  "placement" : {
    "average" : "cloud-1-1-1-1-1-0-1-1-1",
    "blobRead" : "cloud-1-0-1-1-1-1",
    "decisionTree" : "cloud-0-0-0-0-1-1-0-1-0",
    "errorEstimate" : "cloud-1-1-1-1-1-1-0-0",
    "mqttPublish" : "cloud-1-0-0-0-1-0-0-1",
    "multiVarLinearReg" : "cloud-1-1-0-0-0-0-1-0-1",
    "senMLParse" : "cloud-1-0-0-0-1-1-1-0",
    "sink" : "cloud-0-1-1-1-1-0-1-1-0",
    "source" : "cloud-1-0-1-1-1-0-1-0"
  },
  "appLoopLatency" : 32.858631093822474,
  "latencyPerTupleType" : {
    "blobRead_TUPLE" : 5.496666569696868,
    "average_TUPLE" : 0.915961277347339,
    "sink_TUPLE" : 2.38624326506186,
    "errorEstimate_TUPLE" : 1.7477066335305556,
    "mqttPublish_TUPLE" : 11.002838994073592,
    "decisionTree_TUPLE" : 14.171654910606103,
    "multiVarLinearReg_TUPLE" : 2.046687580545661,
    "senMLParse_TUPLE" : 5.496666569696868,
    "TUPLE" : 0.09434404040403825
  },
  "tuplesProcessedPerModule" : {
    "errorEstimate" : 14038,
    "average" : 4692,
    "multiVarLinearReg" : 9492,
    "decisionTree" : 9370,
    "sink" : 23262,
    "blobRead" : 4800,
    "source" : 4800,
    "senMLParse" : 4800,
    "mqttPublish" : 23314
  },
  "recsInPerModule" : {
    "errorEstimate" : 7.020530679283477,
    "average" : 2.350699966005031,
    "multiVarLinearReg" : 4.753364887323244,
    "decisionTree" : 4.754317273953815,
    "sink" : 11.636181135709306,
    "blobRead" : 2.420813192120134,
    "source" : 2.4233844482332265,
    "senMLParse" : 2.4143596480031477,
    "mqttPublish" : 11.659721657278167
  },
  "recsOutPerModule" : {
    "errorEstimate" : 7.019960183133893,
    "average" : 2.350545402430131,
    "multiVarLinearReg" : 4.748705420580451,
    "decisionTree" : 4.696907098941291,
    "sink" : 11.635477845775329,
    "blobRead" : 2.413843643273283,
    "source" : 2.4233798137785603,
    "senMLParse" : 2.407427156072531,
    "mqttPublish" : 11.659290411601436
  },
  "remainingDataPerDevice" : {
    "errorEstimate" : 152000,
    "average" : 6000,
    "multiVarLinearReg" : 286000,
    "decisionTree" : 36000,
    "sink" : 0,
    "blobRead" : 0,
    "source" : 0,
    "senMLParse" : 756000,
    "mqttPublish" : 104000
  },
  "executionTime" : 13101.0,
  "networkUsage" : 598865.0,
  "tuplesSentBySensors" : 4800
}