{
  "placement" : {
    "average" : "cloud-1-0-0-0-0-0-0-1-1",
    "blobRead" : "cloud-1-0-1-1-0-1-0-0",
    "decisionTree" : "cloud-1-1-1-1-0-1-0-1-1",
    "errorEstimate" : "cloud-0-1-0-0-1-0-0-0-0",
    "mqttPublish" : "cloud-1-1-1-0-0-0-1-0",
    "multiVarLinearReg" : "cloud-0-0-0-0-0-1-0-1-1",
    "senMLParse" : "cloud-1-0-1-1-0-0-0",
    "sink" : "cloud-0-1-0-0-1-0-0-0-0",
    "source" : "cloud-0-1-1-0-0-0-1-1"
  },
  "appLoopLatency" : 39.23114483636337,
  "latencyPerTupleType" : {
    "blobRead_TUPLE" : 0.11358167777765947,
    "average_TUPLE" : 0.21053640444439373,
    "sink_TUPLE" : 1.0098321306229099,
    "errorEstimate_TUPLE" : 0.31672533356346655,
    "mqttPublish_TUPLE" : 2.4875799087836232,
    "decisionTree_TUPLE" : 5.57239164259636,
    "multiVarLinearReg_TUPLE" : 0.46192442724960253,
    "senMLParse_TUPLE" : 0.11358167777766125,
    "TUPLE" : 0.09420916666666827
  },
  "tuplesProcessedPerModule" : {
    "errorEstimate" : 13960,
    "average" : 4800,
    "multiVarLinearReg" : 9583,
    "decisionTree" : 9403,
    "sink" : 23250,
    "blobRead" : 4800,
    "source" : 4800,
    "senMLParse" : 4800,
    "mqttPublish" : 23254
  },
  "recsInPerModule" : {
    "errorEstimate" : 6.981254607519079,
    "average" : 2.4010479786082537,
    "multiVarLinearReg" : 4.798637493760563,
    "decisionTree" : 4.794237218857589,
    "sink" : 11.823000591465835,
    "blobRead" : 2.410599147320191,
    "source" : 2.4220393470383756,
    "senMLParse" : 2.4102360092136994,
    "mqttPublish" : 11.628187383284176
  },
  "recsOutPerModule" : {
    "errorEstimate" : 6.980254578028092,
    "average" : 2.4008778421687973,
    "multiVarLinearReg" : 4.791637326728573,
    "decisionTree" : 4.701732707558628,
    "sink" : 11.811138435938519,
    "blobRead" : 2.4104528726382957,
    "source" : 2.4220329817397843,
    "senMLParse" : 2.4100897785974453,
    "mqttPublish" : 11.627495829014373
  },
  "remainingDataPerDevice" : {
    "errorEstimate" : 20000,
    "average" : 298000,
    "multiVarLinearReg" : 544000,
    "decisionTree" : 198000,
    "sink" : 0,
    "blobRead" : 6000,
    "source" : 0,
    "senMLParse" : 24000,
    "mqttPublish" : 8000
  },
  "executionTime" : 6328.0,
  "networkUsage" : 687096.94,
  "tuplesSentBySensors" : 4800
}