{
  "placement" : {
    "average" : "cloud-1-1-0-0-1-0-0",
    "blobRead" : "cloud-1-0-0-0-0-1-1-1",
    "decisionTree" : "cloud-0-0-1-0-1-1-1-1-1",
    "errorEstimate" : "cloud-0-0-0-0-1",
    "mqttPublish" : "cloud-0-0-1-0-0-1-1-0",
    "multiVarLinearReg" : "cloud-0-0-0-0-0-0-0-1-0",
    "senMLParse" : "cloud-0-0-1-0-1-0-0-1-0",
    "sink" : "cloud-0-0-0-0-1-1-0-1-0",
    "source" : "cloud-1-0-0-1-1-0-1-0-0"
  },
  "appLoopLatency" : 29.437521502798443,
  "latencyPerTupleType" : {
    "blobRead_TUPLE" : 0.33727393737358624,
    "average_TUPLE" : 0.40403838383858703,
    "sink_TUPLE" : 5.300798615361557,
    "errorEstimate_TUPLE" : 16.80879691168743,
    "mqttPublish_TUPLE" : 0.9265677110846157,
    "decisionTree_TUPLE" : 18.86736113302036,
    "multiVarLinearReg_TUPLE" : 18.548938723499823,
    "senMLParse_TUPLE" : 0.33727393737358524,
    "TUPLE" : 0.09497212121211751
  },
  "tuplesProcessedPerModule" : {
    "errorEstimate" : 14006,
    "average" : 4800,
    "multiVarLinearReg" : 9341,
    "decisionTree" : 9336,
    "sink" : 23022,
    "blobRead" : 4800,
    "source" : 4800,
    "senMLParse" : 4800,
    "mqttPublish" : 23313
  },
  "recsInPerModule" : {
    "errorEstimate" : 7.005123738552723,
    "average" : 2.4026888177481793,
    "multiVarLinearReg" : 4.8082658993784495,
    "decisionTree" : 4.809711502380872,
    "sink" : 11.51733426126679,
    "blobRead" : 2.417034299535514,
    "source" : 2.423751553347024,
    "senMLParse" : 2.412903243946468,
    "mqttPublish" : 11.658076462735893
  },
  "recsOutPerModule" : {
    "errorEstimate" : 7.003623618988825,
    "average" : 2.402067588411517,
    "multiVarLinearReg" : 4.681499065015778,
    "decisionTree" : 4.6850046983770985,
    "sink" : 11.516458048706498,
    "blobRead" : 2.416843452019941,
    "source" : 2.4237469174881574,
    "senMLParse" : 2.412713048218858,
    "mqttPublish" : 11.657743772454918
  },
  "remainingDataPerDevice" : {
    "errorEstimate" : 54000,
    "average" : 264000,
    "multiVarLinearReg" : 0,
    "decisionTree" : 0,
    "sink" : 0,
    "blobRead" : 0,
    "source" : 0,
    "senMLParse" : 0,
    "mqttPublish" : 582000
  },
  "executionTime" : 6616.0,
  "networkUsage" : 517622.02,
  "tuplesSentBySensors" : 4800
}