{
  "placement" : {
    "average" : "cloud-0-1-1-1-1-0-0-0",
    "blobRead" : "cloud-0-0-0-0-0-1-1-0",
    "decisionTree" : "cloud-1-0-1-1-1-0-1-1",
    "errorEstimate" : "cloud-0-1-0-0-1-1-0-1",
    "mqttPublish" : "cloud-1-1-1-0-1-1-0-1-0",
    "multiVarLinearReg" : "cloud-0-1-0-1-1-1-1-0-0",
    "senMLParse" : "cloud-0-0-1-0-1-0-1-1",
    "sink" : "cloud-1-1-1-1-0-0-1-1-1",
    "source" : "cloud-0-1-1-0-1-1-0-1-0"
  },
  "appLoopLatency" : 38.015037733333074,
  "latencyPerTupleType" : {
    "blobRead_TUPLE" : 4.062492417777823,
    "average_TUPLE" : 4.016849699893929,
    "sink_TUPLE" : 1.7768827885270775,
    "errorEstimate_TUPLE" : 6.057817352607177,
    "mqttPublish_TUPLE" : 4.7680771245218905,
    "decisionTree_TUPLE" : 18.90256750742982,
    "multiVarLinearReg_TUPLE" : 18.883274398701715,
    "senMLParse_TUPLE" : 0.11125855555558596,
    "TUPLE" : 0.09432000000000118
  },
  "tuplesProcessedPerModule" : {
    "errorEstimate" : 13999,
    "average" : 4715,
    "multiVarLinearReg" : 9326,
    "decisionTree" : 9326,
    "sink" : 23250,
    "blobRead" : 4800,
    "source" : 4800,
    "senMLParse" : 4800,
    "mqttPublish" : 23254
  },
  "recsInPerModule" : {
    "errorEstimate" : 7.009047684411677,
    "average" : 2.403938986245608,
    "multiVarLinearReg" : 4.7613064728824845,
    "decisionTree" : 4.757735363979022,
    "sink" : 11.638117377377299,
    "blobRead" : 2.411209662886422,
    "source" : 2.421550589470997,
    "senMLParse" : 2.411330791949648,
    "mqttPublish" : 11.630301316272558
  },
  "recsOutPerModule" : {
    "errorEstimate" : 7.000546483691663,
    "average" : 2.3613692416425325,
    "multiVarLinearReg" : 4.6669134869736375,
    "decisionTree" : 4.663412996518385,
    "sink" : 11.628220032690901,
    "blobRead" : 2.4057387388013045,
    "source" : 2.4215493169223476,
    "senMLParse" : 2.411184428464869,
    "mqttPublish" : 11.629568203095433
  },
  "remainingDataPerDevice" : {
    "errorEstimate" : 98000,
    "average" : 28000,
    "multiVarLinearReg" : 22000,
    "decisionTree" : 44000,
    "sink" : 0,
    "blobRead" : 340000,
    "source" : 0,
    "senMLParse" : 0,
    "mqttPublish" : 8000
  },
  "executionTime" : 6835.0,
  "networkUsage" : 654368.54,
  "tuplesSentBySensors" : 4800
}