{
  "placement" : {
    "average" : "cloud-1-1-1-1-1-0-0-0-0",
    "blobRead" : "cloud-1-0-1-1-0-1-1-0-0",
    "decisionTree" : "cloud-1-1-0-0-0-0-1-0-1",
    "errorEstimate" : "cloud-1-0-0-1-1-0-0-1",
    "mqttPublish" : "cloud-0-1-1-0-0-1-0-1",
    "multiVarLinearReg" : "cloud-0-1-1-1-0-1-0-1",
    "senMLParse" : "cloud-0-1-1-0-0-0",
    "sink" : "cloud-0-0-0-0-0-0-0",
    "source" : "cloud-0-0-1-0-1-0-1-0-0"
  },
  "appLoopLatency" : 41.02895247272719,
  "latencyPerTupleType" : {
    "blobRead_TUPLE" : 0.1130088181817058,
    "average_TUPLE" : 0.22585803111108813,
    "sink_TUPLE" : 10.060033737777612,
    "errorEstimate_TUPLE" : 0.40988492522286185,
    "mqttPublish_TUPLE" : 0.1658185133333826,
    "decisionTree_TUPLE" : 0.13900268601580615,
    "multiVarLinearReg_TUPLE" : 0.13098632606537522,
    "senMLParse_TUPLE" : 0.18965008080797754,
    "TUPLE" : 0.09109909090908981
  },
  "tuplesProcessedPerModule" : {
    "errorEstimate" : 14094,
    "average" : 4800,
    "multiVarLinearReg" : 9598,
    "decisionTree" : 9558,
    "sink" : 23250,
    "blobRead" : 4800,
    "source" : 4800,
    "senMLParse" : 4800,
    "mqttPublish" : 23250
  },
  "recsInPerModule" : {
    "errorEstimate" : 7.052959953119604,
    "average" : 2.4035517469164835,
    "multiVarLinearReg" : 4.800183030324376,
    "decisionTree" : 4.782064565769291,
    "sink" : 11.842223381430953,
    "blobRead" : 2.4090303720787722,
    "source" : 2.421428430899243,
    "senMLParse" : 2.412784253252618,
    "mqttPublish" : 11.882293764550404
  },
  "recsOutPerModule" : {
    "errorEstimate" : 7.047657822721691,
    "average" : 2.403381255474371,
    "multiVarLinearReg" : 4.799410482525383,
    "decisionTree" : 4.77906457305508,
    "sink" : 11.722804823685577,
    "blobRead" : 2.4088842877151038,
    "source" : 2.421426117408853,
    "senMLParse" : 2.41261244956066,
    "mqttPublish" : 11.881560032397376
  },
  "remainingDataPerDevice" : {
    "errorEstimate" : 288000,
    "average" : 268000,
    "multiVarLinearReg" : 318000,
    "decisionTree" : 516000,
    "sink" : 0,
    "blobRead" : 72000,
    "source" : 0,
    "senMLParse" : 0,
    "mqttPublish" : 0
  },
  "executionTime" : 8263.0,
  "networkUsage" : 689022.22,
  "tuplesSentBySensors" : 4800
}