{
  "placement" : {
    "average" : "cloud-1-0-0-1-0",
    "blobRead" : "cloud-0-1-1-1-0-1",
    "decisionTree" : "cloud-0-0-0-0-0-1-1-0",
    "errorEstimate" : "cloud-0-0-0-1-0-1-1-0-1",
    "mqttPublish" : "cloud-0-0-1-1-1-1-1",
    "multiVarLinearReg" : "cloud-0-0-1-0-0-1-0-0-1",
    "senMLParse" : "cloud-0-1-1-0-0-0-1-1-0",
    "sink" : "cloud-1-0-0-1-1-0-1-1-1",
    "source" : "cloud-1-0-0-0-0-0"
  },
  "appLoopLatency" : 32.965443790773584,
  "latencyPerTupleType" : {
    "blobRead_TUPLE" : 0.33306726666652203,
    "average_TUPLE" : 0.11132377737368505,
    "sink_TUPLE" : 0.8832955182910849,
    "errorEstimate_TUPLE" : 17.374363698249358,
    "mqttPublish_TUPLE" : 4.00549914229325,
    "decisionTree_TUPLE" : 16.67063940300563,
    "multiVarLinearReg_TUPLE" : 0.17526185454547194,
    "senMLParse_TUPLE" : 0.1089296404038889,
    "TUPLE" : 0.0957650505050612
  },
  "tuplesProcessedPerModule" : {
    "errorEstimate" : 14017,
    "average" : 4800,
    "multiVarLinearReg" : 9600,
    "decisionTree" : 9359,
    "sink" : 23259,
    "blobRead" : 4800,
    "source" : 4800,
    "senMLParse" : 4800,
    "mqttPublish" : 23341
  },
  "recsInPerModule" : {
    "errorEstimate" : 7.118852279964501,
    "average" : 2.404645692663686,
    "multiVarLinearReg" : 4.806401969102877,
    "decisionTree" : 4.805439604149068,
    "sink" : 11.630571929723478,
    "blobRead" : 2.4170342995355134,
    "source" : 2.424241199878182,
    "senMLParse" : 2.413267180209445,
    "mqttPublish" : 11.672244259329263
  },
  "recsOutPerModule" : {
    "errorEstimate" : 7.011651670815342,
    "average" : 2.404487592721771,
    "multiVarLinearReg" : 4.806048554175137,
    "decisionTree" : 4.684803080250695,
    "sink" : 11.62996008897443,
    "blobRead" : 2.4168434520199407,
    "source" : 2.424236562146054,
    "senMLParse" : 2.413107944586653,
    "mqttPublish" : 11.67105266130185
  },
  "remainingDataPerDevice" : {
    "errorEstimate" : 42000,
    "average" : 100000,
    "multiVarLinearReg" : 226000,
    "decisionTree" : 28000,
    "sink" : 0,
    "blobRead" : 0,
    "source" : 0,
    "senMLParse" : 0,
    "mqttPublish" : 164000
  },
  "executionTime" : 7099.0,
  "networkUsage" : 556186.9,
  "tuplesSentBySensors" : 4800
}