{
  "placement" : {
    "average" : "cloud-1-0-0-0-1-0-0-1-1",
    "blobRead" : "cloud-1-0-0-0-1-1-0-1",
    "decisionTree" : "cloud-0-0-0-1-1-0-1-1-1",
    "errorEstimate" : "cloud-1-0-1-0-0-1-1-1",
    "mqttPublish" : "cloud-1-0-1-0-0-0-1-1-1",
    "multiVarLinearReg" : "cloud-0-0-0-0-0-1-1-0-1",
    "senMLParse" : "cloud-1-0-0-1-1-1-0-0",
    "sink" : "cloud-0-0-1-1-0-0-1",
    "source" : "cloud-1-0-0-0-1-1-1-0"
  },
  "appLoopLatency" : 30.57057213009048,
  "latencyPerTupleType" : {
    "blobRead_TUPLE" : 0.3349997161614701,
    "average_TUPLE" : 0.32602840808074435,
    "sink_TUPLE" : 0.6805391699415656,
    "errorEstimate_TUPLE" : 1.9408130932489205,
    "mqttPublish_TUPLE" : 0.38614537857046877,
    "decisionTree_TUPLE" : 0.18356255515154168,
    "multiVarLinearReg_TUPLE" : 18.428591655070814,
    "senMLParse_TUPLE" : 0.1102964333331796,
    "TUPLE" : 0.0966141666666758
  },
  "tuplesProcessedPerModule" : {
    "errorEstimate" : 14132,
    "average" : 4800,
    "multiVarLinearReg" : 9345,
    "decisionTree" : 9600,
    "sink" : 23257,
    "blobRead" : 4800,
    "source" : 4800,
    "senMLParse" : 4800,
    "mqttPublish" : 23524
  },
  "recsInPerModule" : {
    "errorEstimate" : 7.068121935557982,
    "average" : 2.408377906614619,
    "multiVarLinearReg" : 4.808071081342217,
    "decisionTree" : 4.809516367194844,
    "sink" : 11.6293954049468,
    "blobRead" : 2.4201948052950466,
    "source" : 2.423017454307191,
    "senMLParse" : 2.4154450480649072,
    "mqttPublish" : 11.763530573415961
  },
  "recsOutPerModule" : {
    "errorEstimate" : 7.066162093154706,
    "average" : 2.4081884236042916,
    "multiVarLinearReg" : 4.682799785348275,
    "decisionTree" : 4.8091624941319475,
    "sink" : 11.628758857581719,
    "blobRead" : 2.4200034583698034,
    "source" : 2.4230047134592905,
    "senMLParse" : 2.4152855249155882,
    "mqttPublish" : 11.762030593041573
  },
  "remainingDataPerDevice" : {
    "errorEstimate" : 160000,
    "average" : 0,
    "multiVarLinearReg" : 26000,
    "decisionTree" : 250000,
    "sink" : 0,
    "blobRead" : 0,
    "source" : 0,
    "senMLParse" : 0,
    "mqttPublish" : 534000
  },
  "executionTime" : 3780.0,
  "networkUsage" : 566922.96,
  "tuplesSentBySensors" : 4800
}