{
  "placement" : {
    "average" : "cloud-0-1-0-1-0-1-1-0-0",
    "blobRead" : "cloud-0-0-1-0-1-0-1-0-0",
    "decisionTree" : "cloud-0-0-1-0-0-1-0-0-0",
    "errorEstimate" : "cloud-1-1-1-1-0-1-0-1-1",
    "mqttPublish" : "cloud-1-1-1-0-1-0-0-0",
    "multiVarLinearReg" : "cloud-0-1-0-1-1-0-1-1-0",
    "senMLParse" : "cloud-0-1-1-0-0-0-0-0-0",
    "sink" : "cloud-0-0-0-1-0-1-0-1-0",
    "source" : "cloud-1-0-1-1-0-1"
  },
  "appLoopLatency" : 41.07459578787865,
  "latencyPerTupleType" : {
    "blobRead_TUPLE" : 0.24931878282813846,
    "average_TUPLE" : 5.747922638160142,
    "sink_TUPLE" : 1.2282563448442514,
    "errorEstimate_TUPLE" : 5.431245157699042,
    "mqttPublish_TUPLE" : 2.148379795897828,
    "decisionTree_TUPLE" : 20.124079393100914,
    "multiVarLinearReg_TUPLE" : 6.411221047718436,
    "senMLParse_TUPLE" : 0.12250105555539151,
    "TUPLE" : 0.09578722222221618
  },
  "tuplesProcessedPerModule" : {
    "errorEstimate" : 13956,
    "average" : 4689,
    "multiVarLinearReg" : 9389,
    "decisionTree" : 9326,
    "sink" : 23250,
    "blobRead" : 4800,
    "source" : 4800,
    "senMLParse" : 4800,
    "mqttPublish" : 23265
  },
  "recsInPerModule" : {
    "errorEstimate" : 6.979372576946736,
    "average" : 2.40439680301897,
    "multiVarLinearReg" : 4.805602467833111,
    "decisionTree" : 4.808793618081949,
    "sink" : 11.715376976699956,
    "blobRead" : 2.413501827125217,
    "source" : 2.4243636424245456,
    "senMLParse" : 2.4141087435417647,
    "mqttPublish" : 11.640059840564504
  },
  "recsOutPerModule" : {
    "errorEstimate" : 6.97887814250854,
    "average" : 2.3492106858175554,
    "multiVarLinearReg" : 4.700373010318,
    "decisionTree" : 4.676325160486857,
    "sink" : 11.714694455694113,
    "blobRead" : 2.413311537023665,
    "source" : 2.424350887415544,
    "senMLParse" : 2.4139493968448202,
    "mqttPublish" : 11.6393672010773
  },
  "remainingDataPerDevice" : {
    "errorEstimate" : 12000,
    "average" : 74000,
    "multiVarLinearReg" : 170000,
    "decisionTree" : 22000,
    "sink" : 0,
    "blobRead" : 0,
    "source" : 0,
    "senMLParse" : 0,
    "mqttPublish" : 30000
  },
  "executionTime" : 9403.0,
  "networkUsage" : 745269.14,
  "tuplesSentBySensors" : 4800
}