{
  "placement" : {
    "average" : "cloud-0-1-0-0-1-0-1-1-0",
    "blobRead" : "cloud-1-0-0-0-0-1-0-0-1",
    "decisionTree" : "cloud-1-1-0-1-1-0-0-0-0",
    "errorEstimate" : "cloud-1-0-0-1-1-1-0-1-1",
    "mqttPublish" : "cloud-1-1-1-1-1-0-1-1-1",
    "multiVarLinearReg" : "cloud-0-0-0-0-1-1-1-1-0",
    "senMLParse" : "cloud-0-1-0-1-0-1",
    "sink" : "cloud-0-1-1-0-0-1-0-1-0",
    "source" : "cloud-0-1-0-0-1-1-0-1-0"
  },
  "appLoopLatency" : 39.65946601212085,
  "latencyPerTupleType" : {
    "blobRead_TUPLE" : 0.11505008080797424,
    "average_TUPLE" : 0.14695725171714763,
    "sink_TUPLE" : 0.20708699022225177,
    "errorEstimate_TUPLE" : 0.39091094282830624,
    "mqttPublish_TUPLE" : 0.11799004128486679,
    "decisionTree_TUPLE" : 0.5759410266254743,
    "multiVarLinearReg_TUPLE" : 0.5537537707291416,
    "senMLParse_TUPLE" : 0.21214573737363043,
    "TUPLE" : 0.09134181818181508
  },
  "tuplesProcessedPerModule" : {
    "errorEstimate" : 14197,
    "average" : 4800,
    "multiVarLinearReg" : 9547,
    "decisionTree" : 9542,
    "sink" : 23250,
    "blobRead" : 4800,
    "source" : 4800,
    "senMLParse" : 4800,
    "mqttPublish" : 23314
  },
  "recsInPerModule" : {
    "errorEstimate" : 7.10410126702608,
    "average" : 2.4101895770259487,
    "multiVarLinearReg" : 4.788737001777323,
    "decisionTree" : 4.787236932323874,
    "sink" : 11.820954140114969,
    "blobRead" : 2.4102400265429265,
    "source" : 2.4225283019439274,
    "senMLParse" : 2.415941707394656,
    "mqttPublish" : 11.65783139573273
  },
  "recsOutPerModule" : {
    "errorEstimate" : 7.09901265713513,
    "average" : 2.410043352043613,
    "multiVarLinearReg" : 4.7737362784639705,
    "decisionTree" : 4.77147474503697,
    "sink" : 11.819226487271752,
    "blobRead" : 2.4100937954392188,
    "source" : 2.4225259863513755,
    "senMLParse" : 2.415769453767851,
    "mqttPublish" : 11.657157418253773
  },
  "remainingDataPerDevice" : {
    "errorEstimate" : 484000,
    "average" : 0,
    "multiVarLinearReg" : 278000,
    "decisionTree" : 366000,
    "sink" : 0,
    "blobRead" : 98000,
    "source" : 0,
    "senMLParse" : 0,
    "mqttPublish" : 128000
  },
  "executionTime" : 2474.0,
  "networkUsage" : 715347.58,
  "tuplesSentBySensors" : 4800
}