{
  "placement" : {
    "average" : "cloud-0-0-1-0-0-1-1-0-1",
    "blobRead" : "cloud-0-0-0-0-0-1-1-1-0",
    "decisionTree" : "cloud-1-1-1-1-1-0-0-1-0",
    "errorEstimate" : "cloud-1-1-0-1-0-0-0-1-1",
    "mqttPublish" : "cloud-0-1-1-0-1-1-1-1-0",
    "multiVarLinearReg" : "cloud-0-1-0-0-1-1-1-0-0",
    "senMLParse" : "cloud-1-0-1-1-1",
    "sink" : "cloud-1-1-1-1-1-0-1-1-0",
    "source" : "cloud-1-1-1-0-0-0-0-1-1"
  },
  "appLoopLatency" : 45.72397221515087,
  "latencyPerTupleType" : {
    "blobRead_TUPLE" : 0.29130050606065244,
    "average_TUPLE" : 0.30392104707064754,
    "sink_TUPLE" : 0.5309488140994534,
    "errorEstimate_TUPLE" : 0.29549497825622084,
    "mqttPublish_TUPLE" : 4.411602755977972,
    "decisionTree_TUPLE" : 1.6397070186002143,
    "multiVarLinearReg_TUPLE" : 1.5267967894870944,
    "senMLParse_TUPLE" : 0.40826877555561153,
    "TUPLE" : 0.09643222222222599
  },
  "tuplesProcessedPerModule" : {
    "errorEstimate" : 14004,
    "average" : 4800,
    "multiVarLinearReg" : 9534,
    "decisionTree" : 9503,
    "sink" : 23250,
    "blobRead" : 4800,
    "source" : 4800,
    "senMLParse" : 4800,
    "mqttPublish" : 23265
  },
  "recsInPerModule" : {
    "errorEstimate" : 7.003706579153865,
    "average" : 2.407381406140265,
    "multiVarLinearReg" : 4.800090948886875,
    "decisionTree" : 4.764735710284405,
    "sink" : 11.762104593760412,
    "blobRead" : 2.410721482296376,
    "source" : 2.423262104572847,
    "senMLParse" : 2.416060560026365,
    "mqttPublish" : 11.635609341760256
  },
  "recsOutPerModule" : {
    "errorEstimate" : 7.002206548913851,
    "average" : 2.407009184267486,
    "multiVarLinearReg" : 4.767090514300511,
    "decisionTree" : 4.751735162185243,
    "sink" : 11.757141812662246,
    "blobRead" : 2.4105316303519784,
    "source" : 2.4232570071884068,
    "senMLParse" : 2.415862957615599,
    "mqttPublish" : 11.633094175795826
  },
  "remainingDataPerDevice" : {
    "errorEstimate" : 108000,
    "average" : 258000,
    "multiVarLinearReg" : 396000,
    "decisionTree" : 364000,
    "sink" : 0,
    "blobRead" : 142000,
    "source" : 0,
    "senMLParse" : 0,
    "mqttPublish" : 30000
  },
  "executionTime" : 5106.0,
  "networkUsage" : 836884.4,
  "tuplesSentBySensors" : 4800
}