{
  "placement" : {
    "average" : "cloud-1-0-0-1-1-1-1-1",
    "blobRead" : "cloud-1-1-0-0-1-1-0-0",
    "decisionTree" : "cloud-1-1-1-1-1-1-1-1",
    "errorEstimate" : "cloud-1-1-1-0-1-0-1-1-1",
    "mqttPublish" : "cloud-1-1-1-0-1-0-0-1-1",
    "multiVarLinearReg" : "cloud-0-1-1-0-0-1-0-0",
    "senMLParse" : "cloud-1-0-1-1-0-1-1-1-1",
    "sink" : "cloud-1-1-1-0-1-1-0-0-0",
    "source" : "cloud-0-0-1-1-0-1-0-1"
  },
  "appLoopLatency" : 33.69116222167494,
  "latencyPerTupleType" : {
    "blobRead_TUPLE" : 0.11986612888892395,
    "average_TUPLE" : 0.568367548913361,
    "sink_TUPLE" : 1.189264074011861,
    "errorEstimate_TUPLE" : 0.5615183041649007,
    "mqttPublish_TUPLE" : 3.37899056122925,
    "decisionTree_TUPLE" : 1.480430843638564,
    "multiVarLinearReg_TUPLE" : 2.2476511036351803,
    "senMLParse_TUPLE" : 3.905853351111167,
    "TUPLE" : 0.09192555555556087
  },
  "tuplesProcessedPerModule" : {
    "errorEstimate" : 13962,
    "average" : 4719,
    "multiVarLinearReg" : 9437,
    "decisionTree" : 9519,
    "sink" : 23259,
    "blobRead" : 4800,
    "source" : 4800,
    "senMLParse" : 4800,
    "mqttPublish" : 23359
  },
  "recsInPerModule" : {
    "errorEstimate" : 6.981547266238585,
    "average" : 2.3636345984577094,
    "multiVarLinearReg" : 4.764404853264081,
    "decisionTree" : 4.76879571572836,
    "sink" : 11.630778624201254,
    "blobRead" : 2.4132692598691876,
    "source" : 2.423262104572847,
    "senMLParse" : 2.4130266224721266,
    "mqttPublish" : 11.6851623201747
  },
  "recsOutPerModule" : {
    "errorEstimate" : 6.981359971719303,
    "average" : 2.3634299021815344,
    "multiVarLinearReg" : 4.72336269570476,
    "decisionTree" : 4.76658957595598,
    "sink" : 11.631320588666151,
    "blobRead" : 2.4131019823123783,
    "source" : 2.423259555877946,
    "senMLParse" : 2.4077990606033164,
    "mqttPublish" : 11.680661989334535
  },
  "remainingDataPerDevice" : {
    "errorEstimate" : 24000,
    "average" : 128000,
    "multiVarLinearReg" : 258000,
    "decisionTree" : 202000,
    "sink" : 0,
    "blobRead" : 0,
    "source" : 0,
    "senMLParse" : 567000,
    "mqttPublish" : 196000
  },
  "executionTime" : 3445.0,
  "networkUsage" : 586419.52,
  "tuplesSentBySensors" : 4800
}