{
  "placement" : {
    "average" : "cloud-0-1-1-0-1-0-1-0-1",
    "blobRead" : "cloud-1-0-0-0-1",
    "decisionTree" : "cloud-0-1-0-1-0-1-1-1",
    "errorEstimate" : "cloud-1-0-1-0-0-1-0",
    "mqttPublish" : "cloud-1-1-1-0-1-0",
    "multiVarLinearReg" : "cloud-1-0-1-0-1-1-0",
    "senMLParse" : "cloud-1-0-0-0-0-1-0",
    "sink" : "cloud-1-1-1-1-0-0-0-1",
    "source" : "cloud-0-0-1-0-1-1-0-0-0"
  },
  "appLoopLatency" : 33.2678595801967,
  "latencyPerTupleType" : {
    "blobRead_TUPLE" : 0.19003275555559174,
    "average_TUPLE" : 3.538483796284526,
    "sink_TUPLE" : 3.1378574167854385,
    "errorEstimate_TUPLE" : 2.2245022358477704,
    "mqttPublish_TUPLE" : 0.7591547115342537,
    "decisionTree_TUPLE" : 19.243994502123034,
    "multiVarLinearReg_TUPLE" : 19.231152036369608,
    "senMLParse_TUPLE" : 0.1132816444444695,
    "TUPLE" : 0.09046777777778714
  },
  "tuplesProcessedPerModule" : {
    "errorEstimate" : 13994,
    "average" : 4719,
    "multiVarLinearReg" : 9344,
    "decisionTree" : 9344,
    "sink" : 23256,
    "blobRead" : 4800,
    "source" : 4800,
    "senMLParse" : 4800,
    "mqttPublish" : 23303
  },
  "recsInPerModule" : {
    "errorEstimate" : 7.001197060110603,
    "average" : 2.3973159198901337,
    "multiVarLinearReg" : 4.805949937434758,
    "decisionTree" : 4.801863299028343,
    "sink" : 11.62901035229412,
    "blobRead" : 2.4133905965637448,
    "source" : 2.4220393470383756,
    "senMLParse" : 2.411087283204301,
    "mqttPublish" : 11.654407643594993
  },
  "recsOutPerModule" : {
    "errorEstimate" : 7.000714145623892,
    "average" : 2.359810993984672,
    "multiVarLinearReg" : 4.679953569391297,
    "decisionTree" : 4.675972231396614,
    "sink" : 11.62850884707343,
    "blobRead" : 2.413218706513964,
    "source" : 2.4220368009149245,
    "senMLParse" : 2.4109409492782268,
    "mqttPublish" : 11.653794452465029
  },
  "remainingDataPerDevice" : {
    "errorEstimate" : 32000,
    "average" : 138000,
    "multiVarLinearReg" : 0,
    "decisionTree" : 38000,
    "sink" : 0,
    "blobRead" : 0,
    "source" : 0,
    "senMLParse" : 18000,
    "mqttPublish" : 94000
  },
  "executionTime" : 7597.0,
  "networkUsage" : 528233.44,
  "tuplesSentBySensors" : 4800
}