{
  "placement" : {
    "average" : "cloud-0-0-1-0-0-0-1-0",
    "blobRead" : "cloud-1-1-0-1-1-1-0-1",
    "decisionTree" : "cloud-1-1-0-0-0-1-0-1",
    "errorEstimate" : "cloud-1-0-1-0-1-0-1-1",
    "mqttPublish" : "cloud-0-1-1-1-0-0-1-1",
    "multiVarLinearReg" : "cloud-0-1-0-1-1-0-0-0-0",
    "senMLParse" : "cloud-0-1-0-1-1-1-1-1-1",
    "sink" : "cloud-1-0-1-0-0-1-1-0-1",
    "source" : "cloud-0-1-0-0-1-0-0-0"
  },
  "appLoopLatency" : 31.776359024898525,
  "latencyPerTupleType" : {
    "blobRead_TUPLE" : 0.16378398585848408,
    "average_TUPLE" : 0.21315151212119907,
    "sink_TUPLE" : 0.4771705594533345,
    "errorEstimate_TUPLE" : 0.1484886556332554,
    "mqttPublish_TUPLE" : 0.856972305515827,
    "decisionTree_TUPLE" : 19.10827275074936,
    "multiVarLinearReg_TUPLE" : 0.1598895842424277,
    "senMLParse_TUPLE" : 0.21009368282817645,
    "TUPLE" : 0.09129131313131195
  },
  "tuplesProcessedPerModule" : {
    "errorEstimate" : 14224,
    "average" : 4800,
    "multiVarLinearReg" : 9600,
    "decisionTree" : 9340,
    "sink" : 23281,
    "blobRead" : 4800,
    "source" : 4800,
    "senMLParse" : 4800,
    "mqttPublish" : 23299
  },
  "recsInPerModule" : {
    "errorEstimate" : 7.113062631096056,
    "average" : 2.4100685619816153,
    "multiVarLinearReg" : 4.801582462988671,
    "decisionTree" : 4.813861905937397,
    "sink" : 11.64188727603975,
    "blobRead" : 2.413269484202124,
    "source" : 2.4238739464354158,
    "senMLParse" : 2.4181324825641433,
    "mqttPublish" : 11.650355588522341
  },
  "recsOutPerModule" : {
    "errorEstimate" : 7.11233647159919,
    "average" : 2.4099017278327373,
    "multiVarLinearReg" : 4.801267275947136,
    "decisionTree" : 4.686635152892252,
    "sink" : 11.641244505738566,
    "blobRead" : 2.4131022066142163,
    "source" : 2.423871628269661,
    "senMLParse" : 2.417959916407786,
    "mqttPublish" : 11.649712380081548
  },
  "remainingDataPerDevice" : {
    "errorEstimate" : 530000,
    "average" : 52000,
    "multiVarLinearReg" : 300000,
    "decisionTree" : 0,
    "sink" : 0,
    "blobRead" : 0,
    "source" : 0,
    "senMLParse" : 0,
    "mqttPublish" : 36000
  },
  "executionTime" : 3703.0,
  "networkUsage" : 591195.6,
  "tuplesSentBySensors" : 4800
}