{
  "placement" : {
    "average" : "cloud-1-1-1-1-1-0-0-0",
    "blobRead" : "cloud-1-1-0-1-1-1-0-0",
    "decisionTree" : "cloud-0-0-1-1-1-1-0-1",
    "errorEstimate" : "cloud-0-0-0-0-1-1-1-1",
    "mqttPublish" : "cloud-0-0-1-1-0-0-0",
    "multiVarLinearReg" : "cloud-1-1-0-1-1-0-1-0",
    "senMLParse" : "cloud-0-1-1-1-0-1-0-0-0",
    "sink" : "cloud-1-1-0-1-1-1-0-0",
    "source" : "cloud-0-0-0-0-1-1-0-1-1"
  },
  "appLoopLatency" : 31.668606087800892,
  "latencyPerTupleType" : {
    "blobRead_TUPLE" : 3.4690981133332315,
    "average_TUPLE" : 0.7561728626244463,
    "sink_TUPLE" : 1.5575986558254482,
    "errorEstimate_TUPLE" : 0.5170451833514852,
    "mqttPublish_TUPLE" : 0.3512206981639816,
    "decisionTree_TUPLE" : 11.000526701701322,
    "multiVarLinearReg_TUPLE" : 1.6611142583521263,
    "senMLParse_TUPLE" : 3.083579888888819,
    "TUPLE" : 0.09298138888888702
  },
  "tuplesProcessedPerModule" : {
    "errorEstimate" : 14144,
    "average" : 4800,
    "multiVarLinearReg" : 9494,
    "decisionTree" : 9410,
    "sink" : 23270,
    "blobRead" : 4800,
    "source" : 4800,
    "senMLParse" : 4800,
    "mqttPublish" : 23410
  },
  "recsInPerModule" : {
    "errorEstimate" : 7.0760537880513965,
    "average" : 2.4020934825206237,
    "multiVarLinearReg" : 4.803742603067665,
    "decisionTree" : 4.768812319710716,
    "sink" : 11.636066323299838,
    "blobRead" : 2.4124164501444723,
    "source" : 2.423262104572847,
    "senMLParse" : 2.415816084176514,
    "mqttPublish" : 11.70574625857276
  },
  "recsOutPerModule" : {
    "errorEstimate" : 7.072569169290305,
    "average" : 2.4003808093227446,
    "multiVarLinearReg" : 4.755037640411545,
    "decisionTree" : 4.709707293568581,
    "sink" : 11.635029983472272,
    "blobRead" : 2.40439803231138,
    "source" : 2.4232557328456474,
    "senMLParse" : 2.4112702146923244,
    "mqttPublish" : 11.705246248053832
  },
  "remainingDataPerDevice" : {
    "errorEstimate" : 278000,
    "average" : 192000,
    "multiVarLinearReg" : 94000,
    "decisionTree" : 8000,
    "sink" : 0,
    "blobRead" : 140000,
    "source" : 0,
    "senMLParse" : 0,
    "mqttPublish" : 280000
  },
  "executionTime" : 3415.0,
  "networkUsage" : 563246.68,
  "tuplesSentBySensors" : 4800
}