{
  "placement" : {
    "average" : "cloud-0-1-1-0-0-0-0-0-1",
    "blobRead" : "cloud-1-0-0-0-0-0-1-1-0",
    "decisionTree" : "cloud-1-0-0-1-1-0-1-1-1",
    "errorEstimate" : "cloud-1-0-0-0-0-1",
    "mqttPublish" : "cloud-1-0-0-0-0-1-1",
    "multiVarLinearReg" : "cloud-0-1-1-0-1-1-1-1-1",
    "senMLParse" : "cloud-0-0-1-1-0-1-1-1-0",
    "sink" : "cloud-1-0",
    "source" : "cloud-0-0-0-1-1-1-0-0-0"
  },
  "appLoopLatency" : 28.41576331294052,
  "latencyPerTupleType" : {
    "blobRead_TUPLE" : 0.11414702222212471,
    "average_TUPLE" : 3.3419816733332923,
    "sink_TUPLE" : 0.4199688162349081,
    "errorEstimate_TUPLE" : 0.6832119995533076,
    "mqttPublish_TUPLE" : 0.3242828592467292,
    "decisionTree_TUPLE" : 0.25840146777774825,
    "multiVarLinearReg_TUPLE" : 0.5440319973182642,
    "senMLParse_TUPLE" : 0.11414702222212464,
    "TUPLE" : 0.09260611111110756
  },
  "tuplesProcessedPerModule" : {
    "errorEstimate" : 14036,
    "average" : 4800,
    "multiVarLinearReg" : 9571,
    "decisionTree" : 9600,
    "sink" : 23268,
    "blobRead" : 4800,
    "source" : 4800,
    "senMLParse" : 4800,
    "mqttPublish" : 23436
  },
  "recsInPerModule" : {
    "errorEstimate" : 7.024811063317092,
    "average" : 2.406585542320334,
    "multiVarLinearReg" : 4.7976172526400935,
    "decisionTree" : 4.805701838681447,
    "sink" : 11.63542416550948,
    "blobRead" : 2.411204610630441,
    "source" : 2.422283799816411,
    "senMLParse" : 2.415086783489485,
    "mqttPublish" : 11.724080242317314
  },
  "recsOutPerModule" : {
    "errorEstimate" : 7.018347278350854,
    "average" : 2.401823906244916,
    "multiVarLinearReg" : 4.78611579202772,
    "decisionTree" : 4.805386110614902,
    "sink" : 11.634424245401968,
    "blobRead" : 2.4110582624627592,
    "source" : 2.422277433232877,
    "senMLParse" : 2.4149399636994775,
    "mqttPublish" : 11.718580016977231
  },
  "remainingDataPerDevice" : {
    "errorEstimate" : 38000,
    "average" : 192000,
    "multiVarLinearReg" : 452000,
    "decisionTree" : 340000,
    "sink" : 0,
    "blobRead" : 12000,
    "source" : 0,
    "senMLParse" : 0,
    "mqttPublish" : 332000
  },
  "executionTime" : 2864.0,
  "networkUsage" : 470923.48,
  "tuplesSentBySensors" : 4800
}