{
  "placement" : {
    "average" : "cloud-1-1-0-1-1-0-0-0",
    "blobRead" : "cloud-0-1-0-1-1-1-1-0-1",
    "decisionTree" : "cloud-0-0-0-1-0-0-0-1-1",
    "errorEstimate" : "cloud-0-0-1-1-1",
    "mqttPublish" : "cloud-1-0-0-1-0-1-1-0-1",
    "multiVarLinearReg" : "cloud-1-0-1-1-1-1-1-1-0",
    "senMLParse" : "cloud-1-0-0-1-0-1-0-1-0",
    "sink" : "cloud-1-0-1-0-1-0-0-1-0",
    "source" : "cloud-1-1-1-1-0-1-0-1-0"
  },
  "appLoopLatency" : 37.63963648484829,
  "latencyPerTupleType" : {
    "blobRead_TUPLE" : 0.35326764444429914,
    "average_TUPLE" : 0.3460024850504291,
    "sink_TUPLE" : 1.5422948990703829,
    "errorEstimate_TUPLE" : 2.776043324898349,
    "mqttPublish_TUPLE" : 1.5405492803414553,
    "decisionTree_TUPLE" : 5.807527814387474,
    "multiVarLinearReg_TUPLE" : 19.671939996226065,
    "senMLParse_TUPLE" : 0.10599590909075567,
    "TUPLE" : 0.09835737373737352
  },
  "tuplesProcessedPerModule" : {
    "errorEstimate" : 13979,
    "average" : 4800,
    "multiVarLinearReg" : 9330,
    "decisionTree" : 9384,
    "sink" : 23250,
    "blobRead" : 4800,
    "source" : 4800,
    "senMLParse" : 4800,
    "mqttPublish" : 23258
  },
  "recsInPerModule" : {
    "errorEstimate" : 6.992094013291383,
    "average" : 2.4024792758727704,
    "multiVarLinearReg" : 4.800558533274894,
    "decisionTree" : 4.800873605659237,
    "sink" : 11.706850229382985,
    "blobRead" : 2.4103587664168913,
    "source" : 2.421917139150745,
    "senMLParse" : 2.4115697495883506,
    "mqttPublish" : 11.629811094275004
  },
  "recsOutPerModule" : {
    "errorEstimate" : 6.991593863505024,
    "average" : 2.4022838886739555,
    "multiVarLinearReg" : 4.675986196837567,
    "decisionTree" : 4.694344808801791,
    "sink" : 11.691850425685162,
    "blobRead" : 2.4101620955331393,
    "source" : 2.4219125103065067,
    "senMLParse" : 2.4114107378839553,
    "mqttPublish" : 11.629311080899782
  },
  "remainingDataPerDevice" : {
    "errorEstimate" : 56000,
    "average" : 276000,
    "multiVarLinearReg" : 24000,
    "decisionTree" : 152000,
    "sink" : 0,
    "blobRead" : 0,
    "source" : 0,
    "senMLParse" : 0,
    "mqttPublish" : 16000
  },
  "executionTime" : 5789.0,
  "networkUsage" : 629730.74,
  "tuplesSentBySensors" : 4800
}