{
  "placement" : {
    "average" : "cloud-1-0-0-0-1-0-0",
    "blobRead" : "cloud-1-1-0-1-0-0-1-0-0",
    "decisionTree" : "cloud-1-0-0-1-1-1-0-1",
    "errorEstimate" : "cloud-0-1-1-0-0-1",
    "mqttPublish" : "cloud-0-1-1",
    "multiVarLinearReg" : "cloud-0-1-1-0-1-1-0-0-0",
    "senMLParse" : "cloud-1-1-0-0-0-1-1-1",
    "sink" : "cloud-1-1-1-0-0-0-0",
    "source" : "cloud-1-1-0-1-0-0-1-1-1"
  },
  "appLoopLatency" : 27.484462678787587,
  "latencyPerTupleType" : {
    "blobRead_TUPLE" : 0.3392823888889378,
    "average_TUPLE" : 1.5360577919150702,
    "sink_TUPLE" : 4.155669765833517,
    "errorEstimate_TUPLE" : 1.3124188404635784,
    "mqttPublish_TUPLE" : 0.4074711986133835,
    "decisionTree_TUPLE" : 2.0967141623142966,
    "multiVarLinearReg_TUPLE" : 2.5666768405990505,
    "senMLParse_TUPLE" : 5.3475417800000935,
    "TUPLE" : 0.09655611111111487
  },
  "tuplesProcessedPerModule" : {
    "errorEstimate" : 14115,
    "average" : 4800,
    "multiVarLinearReg" : 9494,
    "decisionTree" : 9494,
    "sink" : 23341,
    "blobRead" : 4800,
    "source" : 4800,
    "senMLParse" : 4800,
    "mqttPublish" : 23559
  },
  "recsInPerModule" : {
    "errorEstimate" : 7.060673493838879,
    "average" : 2.4032041668820825,
    "multiVarLinearReg" : 4.760087262537397,
    "decisionTree" : 4.8047245553238005,
    "sink" : 11.676177313013387,
    "blobRead" : 2.420202437558936,
    "source" : 2.4227728534358706,
    "senMLParse" : 2.4170338433832392,
    "mqttPublish" : 11.780957565684687
  },
  "recsOutPerModule" : {
    "errorEstimate" : 7.0590497173569915,
    "average" : 2.4006709914341253,
    "multiVarLinearReg" : 4.75441093566877,
    "decisionTree" : 4.760996020975444,
    "sink" : 11.670677264502348,
    "blobRead" : 2.420004157091544,
    "source" : 2.422767758109521,
    "senMLParse" : 2.4102120673241463,
    "mqttPublish" : 11.780425746104923
  },
  "remainingDataPerDevice" : {
    "errorEstimate" : 100000,
    "average" : 212000,
    "multiVarLinearReg" : 146000,
    "decisionTree" : 0,
    "sink" : 0,
    "blobRead" : 0,
    "source" : 0,
    "senMLParse" : 212000,
    "mqttPublish" : 414000
  },
  "executionTime" : 3915.0,
  "networkUsage" : 463181.54,
  "tuplesSentBySensors" : 4800
}