{
  "placement" : {
    "average" : "cloud-1-1-1-1-1-1-0-0-0",
    "blobRead" : "cloud-0-1-0-0-0-0-1-0",
    "decisionTree" : "cloud-0-1-1-0-1-1-0",
    "errorEstimate" : "cloud-0-1-0-1-1-1-1-1-0",
    "mqttPublish" : "cloud-0-1-1-1-1-1-1-1-1",
    "multiVarLinearReg" : "cloud-0-1-1-1-1-0-1-1-0",
    "senMLParse" : "cloud-1-1-0-1-0-1-1-0-0",
    "sink" : "cloud-0-0-0-1-0-1-1-1-0",
    "source" : "cloud-0-1"
  },
  "appLoopLatency" : 28.498146712121002,
  "latencyPerTupleType" : {
    "blobRead_TUPLE" : 4.6039278787877675,
    "average_TUPLE" : 0.1159672979797675,
    "sink_TUPLE" : 1.1852888685383343,
    "errorEstimate_TUPLE" : 1.9209507711712932,
    "mqttPublish_TUPLE" : 0.690968736982745,
    "decisionTree_TUPLE" : 0.7675923895969478,
    "multiVarLinearReg_TUPLE" : 4.439045777475694,
    "senMLParse_TUPLE" : 0.11151277373725234,
    "TUPLE" : 0.09443979797979611
  },
  "tuplesProcessedPerModule" : {
    "errorEstimate" : 14042,
    "average" : 4800,
    "multiVarLinearReg" : 9600,
    "decisionTree" : 9600,
    "sink" : 23369,
    "blobRead" : 4800,
    "source" : 4800,
    "senMLParse" : 4800,
    "mqttPublish" : 23599
  },
  "recsInPerModule" : {
    "errorEstimate" : 7.0993513220492,
    "average" : 2.407192992027452,
    "multiVarLinearReg" : 4.813179090153062,
    "decisionTree" : 4.8102849995793475,
    "sink" : 11.685635064871795,
    "blobRead" : 2.424238874888094,
    "source" : 2.4268150933742385,
    "senMLParse" : 2.4180106686028737,
    "mqttPublish" : 11.802377322718304
  },
  "recsOutPerModule" : {
    "errorEstimate" : 7.0257680140435035,
    "average" : 2.4070471304106724,
    "multiVarLinearReg" : 4.803155076639147,
    "decisionTree" : 4.8099686690305985,
    "sink" : 11.684842755918638,
    "blobRead" : 2.4183279241906392,
    "source" : 2.4268127695793136,
    "senMLParse" : 2.417863493106411,
    "mqttPublish" : 11.799877289991615
  },
  "remainingDataPerDevice" : {
    "errorEstimate" : 58000,
    "average" : 144000,
    "multiVarLinearReg" : 260000,
    "decisionTree" : 18000,
    "sink" : 0,
    "blobRead" : 0,
    "source" : 0,
    "senMLParse" : 0,
    "mqttPublish" : 456000
  },
  "executionTime" : 4405.0,
  "networkUsage" : 530008.16,
  "tuplesSentBySensors" : 4800
}