{
  "placement" : {
    "average" : "cloud-0-1-0-0-1-1-0-1",
    "blobRead" : "cloud-1-0-1-1-1-0-1-0-0",
    "decisionTree" : "cloud-1-1-1-0-0-0-1-0-0",
    "errorEstimate" : "cloud-0-0-1-1-1-1-1-0-1",
    "mqttPublish" : "cloud-0-1-1-1-0-1-1-0-0",
    "multiVarLinearReg" : "cloud-1-0-1-0-1-0-1",
    "senMLParse" : "cloud-0-0-1-1-0-1",
    "sink" : "cloud-1-0-1-0-1-0-1-0-1",
    "source" : "cloud-1-1-0-1-1-0-0-0"
  },
  "appLoopLatency" : 37.642189503030146,
  "latencyPerTupleType" : {
    "blobRead_TUPLE" : 0.33829626444448335,
    "average_TUPLE" : 5.3621411377777495,
    "sink_TUPLE" : 1.8898134174105237,
    "errorEstimate_TUPLE" : 1.4374456547772723,
    "mqttPublish_TUPLE" : 2.019538264922028,
    "decisionTree_TUPLE" : 5.954260506950989,
    "multiVarLinearReg_TUPLE" : 6.316846786338442,
    "senMLParse_TUPLE" : 0.10761405555559553,
    "TUPLE" : 0.09716722222222478
  },
  "tuplesProcessedPerModule" : {
    "errorEstimate" : 14047,
    "average" : 4800,
    "multiVarLinearReg" : 9384,
    "decisionTree" : 9399,
    "sink" : 23250,
    "blobRead" : 4800,
    "source" : 4800,
    "senMLParse" : 4800,
    "mqttPublish" : 23265
  },
  "recsInPerModule" : {
    "errorEstimate" : 7.0248477001055525,
    "average" : 2.4072984007502924,
    "multiVarLinearReg" : 4.810736515964862,
    "decisionTree" : 4.806325900706436,
    "sink" : 11.80630305477534,
    "blobRead" : 2.413266732151123,
    "source" : 2.423262104572847,
    "senMLParse" : 2.414116342931874,
    "mqttPublish" : 11.63357583291979
  },
  "recsOutPerModule" : {
    "errorEstimate" : 7.023847657631548,
    "average" : 2.4005313912308885,
    "multiVarLinearReg" : 4.702494977346747,
    "decisionTree" : 4.706321807577181,
    "sink" : 11.793454587387087,
    "blobRead" : 2.4130695864552387,
    "source" : 2.4232570071884068,
    "senMLParse" : 2.4139569952317443,
    "mqttPublish" : 11.633419516583219
  },
  "remainingDataPerDevice" : {
    "errorEstimate" : 190000,
    "average" : 212000,
    "multiVarLinearReg" : 58000,
    "decisionTree" : 170000,
    "sink" : 0,
    "blobRead" : 0,
    "source" : 0,
    "senMLParse" : 0,
    "mqttPublish" : 30000
  },
  "executionTime" : 7219.0,
  "networkUsage" : 658713.34,
  "tuplesSentBySensors" : 4800
}