{
  "placement" : {
    "average" : "cloud-1-1-1-1-1-0-1-0-1",
    "blobRead" : "cloud-0-1-0-1-1-1-0-1-1",
    "decisionTree" : "cloud-1-1-0-1-1-1",
    "errorEstimate" : "cloud-1-1-1-0-1-1-1-0-0",
    "mqttPublish" : "cloud-1-1-1-0-0-1-1-0-0",
    "multiVarLinearReg" : "cloud-1-0-0-0-1-1-1-0-0",
    "senMLParse" : "cloud-0-1-1-0-1-0-0-0",
    "sink" : "cloud-0-1-0-1-1-1-0-1",
    "source" : "cloud-0-1-0-0-0"
  },
  "appLoopLatency" : 34.59911521443715,
  "latencyPerTupleType" : {
    "blobRead_TUPLE" : 0.11461418444447755,
    "average_TUPLE" : 1.0570372486086799,
    "sink_TUPLE" : 0.5160999991186682,
    "errorEstimate_TUPLE" : 1.1005816172181655,
    "mqttPublish_TUPLE" : 0.9349887508756501,
    "decisionTree_TUPLE" : 2.0117769407974335,
    "multiVarLinearReg_TUPLE" : 18.77627371390489,
    "senMLParse_TUPLE" : 3.6692508377777697,
    "TUPLE" : 0.09112416666666412
  },
  "tuplesProcessedPerModule" : {
    "errorEstimate" : 14042,
    "average" : 4800,
    "multiVarLinearReg" : 9345,
    "decisionTree" : 9600,
    "sink" : 23262,
    "blobRead" : 4800,
    "source" : 4800,
    "senMLParse" : 4800,
    "mqttPublish" : 23434
  },
  "recsInPerModule" : {
    "errorEstimate" : 7.021698502768236,
    "average" : 2.406040827457188,
    "multiVarLinearReg" : 4.808948043286816,
    "decisionTree" : 4.811358255226239,
    "sink" : 11.631697090514562,
    "blobRead" : 2.4209386473192076,
    "source" : 2.4255887485023253,
    "senMLParse" : 2.4205723931303376,
    "mqttPublish" : 11.752897688675544
  },
  "recsOutPerModule" : {
    "errorEstimate" : 7.021274258578922,
    "average" : 2.4038618649839485,
    "multiVarLinearReg" : 4.68122365689602,
    "decisionTree" : 4.804946533893443,
    "sink" : 11.631054920872085,
    "blobRead" : 2.420791115187031,
    "source" : 2.425587471705954,
    "senMLParse" : 2.4152488231906415,
    "mqttPublish" : 11.718110973594715
  },
  "remainingDataPerDevice" : {
    "errorEstimate" : 110000,
    "average" : 164000,
    "multiVarLinearReg" : 42000,
    "decisionTree" : 164000,
    "sink" : 0,
    "blobRead" : 0,
    "source" : 0,
    "senMLParse" : 0,
    "mqttPublish" : 344000
  },
  "executionTime" : 4441.0,
  "networkUsage" : 687510.3,
  "tuplesSentBySensors" : 4800
}