{
  "placement" : {
    "average" : "cloud-0-0-1-0-1-0",
    "blobRead" : "cloud-1-0-1-0-0-1-1-1",
    "decisionTree" : "cloud-1-1-0-0-0-1-0-1-0",
    "errorEstimate" : "cloud-1-1-1-1-0-1-1-0-1",
    "mqttPublish" : "cloud-1-1-1-0-1-1-0-1",
    "multiVarLinearReg" : "cloud-1-1-1-1-0-1-0-0",
    "senMLParse" : "cloud-0-0-1-0-0-1-0-0-1",
    "sink" : "cloud-1-1-1-0-1-0-1",
    "source" : "cloud-1-0-1-0-0-0-1-0-0"
  },
  "appLoopLatency" : 27.694450770137614,
  "latencyPerTupleType" : {
    "blobRead_TUPLE" : 0.2907292115152004,
    "average_TUPLE" : 0.26382961575751107,
    "sink_TUPLE" : 1.0173586114497508,
    "errorEstimate_TUPLE" : 0.33150932903972513,
    "mqttPublish_TUPLE" : 0.4392256199272757,
    "decisionTree_TUPLE" : 1.7954657801515812,
    "multiVarLinearReg_TUPLE" : 1.7954620001515809,
    "senMLParse_TUPLE" : 0.12049544888893271,
    "TUPLE" : 0.09348166666666159
  },
  "tuplesProcessedPerModule" : {
    "errorEstimate" : 14327,
    "average" : 4800,
    "multiVarLinearReg" : 9600,
    "decisionTree" : 9600,
    "sink" : 23364,
    "blobRead" : 4800,
    "source" : 4800,
    "senMLParse" : 4800,
    "mqttPublish" : 23560
  },
  "recsInPerModule" : {
    "errorEstimate" : 7.167554236264724,
    "average" : 2.411897461664609,
    "multiVarLinearReg" : 4.807368849548212,
    "decisionTree" : 4.811947222059619,
    "sink" : 11.719027712570794,
    "blobRead" : 2.4221590202680905,
    "source" : 2.424731044286197,
    "senMLParse" : 2.415576744781907,
    "mqttPublish" : 11.78145425753181
  },
  "recsOutPerModule" : {
    "errorEstimate" : 7.166971590256682,
    "average" : 2.4117074244581427,
    "multiVarLinearReg" : 4.801643116672609,
    "decisionTree" : 4.806210584516277,
    "sink" : 11.686296895551205,
    "blobRead" : 2.421967362637172,
    "source" : 2.4247284925004116,
    "senMLParse" : 2.415417204237405,
    "mqttPublish" : 11.780454230754232
  },
  "remainingDataPerDevice" : {
    "errorEstimate" : 560000,
    "average" : 0,
    "multiVarLinearReg" : 146000,
    "decisionTree" : 170000,
    "sink" : 0,
    "blobRead" : 0,
    "source" : 0,
    "senMLParse" : 0,
    "mqttPublish" : 244000
  },
  "executionTime" : 3187.0,
  "networkUsage" : 468445.62,
  "tuplesSentBySensors" : 4800
}