{
  "placement" : {
    "average" : "cloud-0-0-1-0-1-1-0-1-1",
    "blobRead" : "cloud-0-1-0-0-1-0-1-0-1",
    "decisionTree" : "cloud-1-0-1-1-0-1-1-0-0",
    "errorEstimate" : "cloud-0-0-0-0-0-0-1",
    "mqttPublish" : "cloud-0-0-0-1-1-0-1-0-1",
    "multiVarLinearReg" : "cloud-1-1-1-1-1-1-0-0-1",
    "senMLParse" : "cloud-1-0-0-0-1",
    "sink" : "cloud-1-0-1-1-0-1-0-1-0",
    "source" : "cloud-0-0-1-0-0-0-0-1"
  },
  "appLoopLatency" : 35.10316895151514,
  "latencyPerTupleType" : {
    "blobRead_TUPLE" : 3.4125337010099663,
    "average_TUPLE" : 0.12377183797979008,
    "sink_TUPLE" : 2.9549303755957372,
    "errorEstimate_TUPLE" : 17.197768445448105,
    "mqttPublish_TUPLE" : 0.573462039330974,
    "decisionTree_TUPLE" : 0.4344247622214918,
    "multiVarLinearReg_TUPLE" : 1.4086701829285828,
    "senMLParse_TUPLE" : 0.18668142828272427,
    "TUPLE" : 0.09172121212120697
  },
  "tuplesProcessedPerModule" : {
    "errorEstimate" : 14002,
    "average" : 4800,
    "multiVarLinearReg" : 9600,
    "decisionTree" : 9600,
    "sink" : 23250,
    "blobRead" : 4800,
    "source" : 4800,
    "senMLParse" : 4800,
    "mqttPublish" : 23428
  },
  "recsInPerModule" : {
    "errorEstimate" : 7.120684305524569,
    "average" : 2.4074093021389493,
    "multiVarLinearReg" : 4.805622516818165,
    "decisionTree" : 4.805863139559301,
    "sink" : 11.729538907532396,
    "blobRead" : 2.4174017889296553,
    "source" : 2.423751553347024,
    "senMLParse" : 2.416793203654906,
    "mqttPublish" : 11.71657985353695
  },
  "recsOutPerModule" : {
    "errorEstimate" : 7.002164733503981,
    "average" : 2.407263414307567,
    "multiVarLinearReg" : 4.800330506755684,
    "decisionTree" : 4.802842669042245,
    "sink" : 11.708028830926606,
    "blobRead" : 2.412597297649173,
    "source" : 2.4237492354153742,
    "senMLParse" : 2.4166208285897954,
    "mqttPublish" : 11.714579789697531
  },
  "remainingDataPerDevice" : {
    "errorEstimate" : 40000,
    "average" : 0,
    "multiVarLinearReg" : 322000,
    "decisionTree" : 300000,
    "sink" : 0,
    "blobRead" : 0,
    "source" : 0,
    "senMLParse" : 0,
    "mqttPublish" : 356000
  },
  "executionTime" : 6184.0,
  "networkUsage" : 669090.84,
  "tuplesSentBySensors" : 4800
}