{
  "placement" : {
    "average" : "cloud-0-0-0-1-0-1-1",
    "blobRead" : "cloud-1-1-0-1-0-0-0",
    "decisionTree" : "cloud-1-0-0-1",
    "errorEstimate" : "cloud-1-0-1-1-1-1-1-0",
    "mqttPublish" : "cloud-0-1-1-0-1-0-0",
    "multiVarLinearReg" : "cloud-1-0-0-1-1-0",
    "senMLParse" : "cloud-1-0-0-0-0-0-0-1-0",
    "sink" : "cloud-0-0-1-0-0-0-1",
    "source" : "cloud-1-1-0-1-1-1-0-0-1"
  },
  "appLoopLatency" : 32.79955485938987,
  "latencyPerTupleType" : {
    "blobRead_TUPLE" : 5.353750100000075,
    "average_TUPLE" : 0.22496583494942832,
    "sink_TUPLE" : 2.358354629140562,
    "errorEstimate_TUPLE" : 0.9344444890912257,
    "mqttPublish_TUPLE" : 0.8185430574796054,
    "decisionTree_TUPLE" : 1.9340371194430221,
    "multiVarLinearReg_TUPLE" : 15.39848706063879,
    "senMLParse_TUPLE" : 0.33829626444449334,
    "TUPLE" : 0.09716722222222571
  },
  "tuplesProcessedPerModule" : {
    "errorEstimate" : 14012,
    "average" : 4800,
    "multiVarLinearReg" : 9369,
    "decisionTree" : 9600,
    "sink" : 23280,
    "blobRead" : 4800,
    "source" : 4800,
    "senMLParse" : 4800,
    "mqttPublish" : 23390
  },
  "recsInPerModule" : {
    "errorEstimate" : 7.007400234247089,
    "average" : 2.4020805757024344,
    "multiVarLinearReg" : 4.80593475150448,
    "decisionTree" : 4.810028378864328,
    "sink" : 11.642758678901728,
    "blobRead" : 2.4164254500236417,
    "source" : 2.421550589470997,
    "senMLParse" : 2.4108425623150436,
    "mqttPublish" : 11.698253454885336
  },
  "recsOutPerModule" : {
    "errorEstimate" : 7.0066605821208,
    "average" : 2.4018465568825564,
    "multiVarLinearReg" : 4.690301808358328,
    "decisionTree" : 4.8018181592273805,
    "sink" : 11.641721592341232,
    "blobRead" : 2.4096071029169277,
    "source" : 2.4215454992844245,
    "senMLParse" : 2.410645812476877,
    "mqttPublish" : 11.697930766430087
  },
  "remainingDataPerDevice" : {
    "errorEstimate" : 118000,
    "average" : 290000,
    "multiVarLinearReg" : 20000,
    "decisionTree" : 326000,
    "sink" : 0,
    "blobRead" : 0,
    "source" : 0,
    "senMLParse" : 0,
    "mqttPublish" : 220000
  },
  "executionTime" : 4635.0,
  "networkUsage" : 530551.94,
  "tuplesSentBySensors" : 4800
}