{
  "placement" : {
    "average" : "cloud-0-1-0-1-1-0-0-0-1",
    "blobRead" : "cloud-0-1-0-0-1-0-0",
    "decisionTree" : "cloud-0-1-0-0-1-0-0-0-1",
    "errorEstimate" : "cloud-1-0-0-0-0-0-0-0-0",
    "mqttPublish" : "cloud-1-0-0-0-1-1-0-1",
    "multiVarLinearReg" : "cloud-1-0-1-0-1-0-0-1-0",
    "senMLParse" : "cloud-0-0-0-1-0-0-0-0-0",
    "sink" : "cloud-0-0-0-0-1",
    "source" : "cloud-0-1-0-1-1-1-0-0-1"
  },
  "appLoopLatency" : 31.2920757593126,
  "latencyPerTupleType" : {
    "blobRead_TUPLE" : 3.4225073711111462,
    "average_TUPLE" : 0.8534923676627342,
    "sink_TUPLE" : 3.3131238739632116,
    "errorEstimate_TUPLE" : 1.702397442615643,
    "mqttPublish_TUPLE" : 0.7149874215841541,
    "decisionTree_TUPLE" : 0.84832704059887,
    "multiVarLinearReg_TUPLE" : 1.9596738812093957,
    "senMLParse_TUPLE" : 3.4225073711111462,
    "TUPLE" : 0.09172972222222595
  },
  "tuplesProcessedPerModule" : {
    "errorEstimate" : 13987,
    "average" : 4724,
    "multiVarLinearReg" : 9434,
    "decisionTree" : 9524,
    "sink" : 23314,
    "blobRead" : 4800,
    "source" : 4800,
    "senMLParse" : 4800,
    "mqttPublish" : 23340
  },
  "recsInPerModule" : {
    "errorEstimate" : 6.994545507941164,
    "average" : 2.363416370615039,
    "multiVarLinearReg" : 4.760425649893418,
    "decisionTree" : 4.769150456432013,
    "sink" : 11.658303103384885,
    "blobRead" : 2.4161859789316087,
    "source" : 2.422161567259642,
    "senMLParse" : 2.4121790405157446,
    "mqttPublish" : 11.674633353573139
  },
  "recsOutPerModule" : {
    "errorEstimate" : 6.99383144758023,
    "average" : 2.3631637903869325,
    "multiVarLinearReg" : 4.720552378523898,
    "decisionTree" : 4.768687796128462,
    "sink" : 11.657264762181724,
    "blobRead" : 2.4112601321028304,
    "source" : 2.422160294068762,
    "senMLParse" : 2.407269501327342,
    "mqttPublish" : 11.673994125580757
  },
  "remainingDataPerDevice" : {
    "errorEstimate" : 68000,
    "average" : 146000,
    "multiVarLinearReg" : 196000,
    "decisionTree" : 274000,
    "sink" : 0,
    "blobRead" : 0,
    "source" : 0,
    "senMLParse" : 544000,
    "mqttPublish" : 52000
  },
  "executionTime" : 3734.0,
  "networkUsage" : 592509.52,
  "tuplesSentBySensors" : 4800
}