{
  "placement" : {
    "average" : "cloud-0-0-0-0-0-1-0-0-0",
    "blobRead" : "cloud-1-1-0-1-1-1-0",
    "decisionTree" : "cloud-0-0-0-0-0-1-0-1-1",
    "errorEstimate" : "cloud-0-1-0-1-0-0-1-0-1",
    "mqttPublish" : "cloud-0-0-1-1-1",
    "multiVarLinearReg" : "cloud-0-1-1-0-1-1-1",
    "senMLParse" : "cloud-1-0-0-1-0-0-1-0-0",
    "sink" : "cloud-1-1-1-0-0-1-1-0-0",
    "source" : "cloud-0-1-1-1-1-1-1-0-1"
  },
  "appLoopLatency" : 31.705275726790056,
  "latencyPerTupleType" : {
    "blobRead_TUPLE" : 0.2109365377778166,
    "average_TUPLE" : 0.2294591074749108,
    "sink_TUPLE" : 0.24815028817452334,
    "errorEstimate_TUPLE" : 0.31528027811018927,
    "mqttPublish_TUPLE" : 0.23491928664435927,
    "decisionTree_TUPLE" : 0.3538725051010897,
    "multiVarLinearReg_TUPLE" : 0.3538706451010894,
    "senMLParse_TUPLE" : 0.1922244165657002,
    "TUPLE" : 0.09264000000001134
  },
  "tuplesProcessedPerModule" : {
    "errorEstimate" : 14116,
    "average" : 4800,
    "multiVarLinearReg" : 9600,
    "decisionTree" : 9600,
    "sink" : 23265,
    "blobRead" : 4800,
    "source" : 4800,
    "senMLParse" : 4800,
    "mqttPublish" : 23553
  },
  "recsInPerModule" : {
    "errorEstimate" : 7.062907450890787,
    "average" : 2.405121582400195,
    "multiVarLinearReg" : 4.808066111475984,
    "decisionTree" : 4.808306935642692,
    "sink" : 11.634575742797923,
    "blobRead" : 2.4147261059398044,
    "source" : 2.424241199878182,
    "senMLParse" : 2.415819894713459,
    "mqttPublish" : 11.777230126437383
  },
  "recsOutPerModule" : {
    "errorEstimate" : 7.0584072124525035,
    "average" : 2.404950868186583,
    "multiVarLinearReg" : 4.80775007268423,
    "decisionTree" : 4.807990865191979,
    "sink" : 11.633582052334136,
    "blobRead" : 2.4145540256049483,
    "source" : 2.4242386491233154,
    "senMLParse" : 2.415652263383759,
    "mqttPublish" : 11.776518584327704
  },
  "remainingDataPerDevice" : {
    "errorEstimate" : 326000,
    "average" : 222000,
    "multiVarLinearReg" : 328000,
    "decisionTree" : 0,
    "sink" : 0,
    "blobRead" : 0,
    "source" : 0,
    "senMLParse" : 0,
    "mqttPublish" : 570000
  },
  "executionTime" : 2608.0,
  "networkUsage" : 586025.68,
  "tuplesSentBySensors" : 4800
}