{
  "placement" : {
    "average" : "cloud-0-1-0-1-1-1-1-1",
    "blobRead" : "cloud-1-1-1-0-1-0-0-1-0",
    "decisionTree" : "cloud-1-1-1-0",
    "errorEstimate" : "cloud-1-0-0-0-0-0-1-1",
    "mqttPublish" : "cloud-0-0-1-0-1-0-1-0",
    "multiVarLinearReg" : "cloud-0-0-0-1-0-1-1",
    "senMLParse" : "cloud-1-0-1-0-0-0-0-1",
    "sink" : "cloud-0-1-0-1-1-0-1-0-1",
    "source" : "cloud-1-1-0-0-0-1-1-0-1"
  },
  "appLoopLatency" : 36.12376873441409,
  "latencyPerTupleType" : {
    "blobRead_TUPLE" : 0.3398249888887614,
    "average_TUPLE" : 0.1277081311110547,
    "sink_TUPLE" : 1.4242474667534428,
    "errorEstimate_TUPLE" : 1.9444156051631984,
    "mqttPublish_TUPLE" : 10.70008782556163,
    "decisionTree_TUPLE" : 5.554004266666673,
    "multiVarLinearReg_TUPLE" : 4.244974153683944,
    "senMLParse_TUPLE" : 0.3398249888887614,
    "TUPLE" : 0.09766666666666465
  },
  "tuplesProcessedPerModule" : {
    "errorEstimate" : 14065,
    "average" : 4800,
    "multiVarLinearReg" : 9431,
    "decisionTree" : 9600,
    "sink" : 23254,
    "blobRead" : 4800,
    "source" : 4800,
    "senMLParse" : 4800,
    "mqttPublish" : 23356
  },
  "recsInPerModule" : {
    "errorEstimate" : 7.052849034919465,
    "average" : 2.4067703078531473,
    "multiVarLinearReg" : 4.809441092377467,
    "decisionTree" : 4.818614445737498,
    "sink" : 11.627590914195428,
    "blobRead" : 2.4145945074231103,
    "source" : 2.4233844482332265,
    "senMLParse" : 2.415201973579609,
    "mqttPublish" : 11.679904182565489
  },
  "recsOutPerModule" : {
    "errorEstimate" : 7.033199736558391,
    "average" : 2.4066119284198546,
    "multiVarLinearReg" : 4.72477490875001,
    "decisionTree" : 4.803755473549104,
    "sink" : 11.62773872186874,
    "blobRead" : 2.414397144737961,
    "source" : 2.423371703525547,
    "senMLParse" : 2.415004511580616,
    "mqttPublish" : 11.678559712492062
  },
  "remainingDataPerDevice" : {
    "errorEstimate" : 230000,
    "average" : 146000,
    "multiVarLinearReg" : 106000,
    "decisionTree" : 388000,
    "sink" : 0,
    "blobRead" : 0,
    "source" : 0,
    "senMLParse" : 0,
    "mqttPublish" : 202000
  },
  "executionTime" : 10807.0,
  "networkUsage" : 642674.84,
  "tuplesSentBySensors" : 4800
}