{
  "placement" : {
    "average" : "cloud-0-1-0-0-0-1",
    "blobRead" : "cloud-0-1-1-0-1-0-1",
    "decisionTree" : "cloud-1-1-1-1-1-1-0-1-1",
    "errorEstimate" : "cloud-1-0-0-0-0-0-0-0-1",
    "mqttPublish" : "cloud-1-0-1-0-1-1-1-0",
    "multiVarLinearReg" : "cloud-0-1-1-1-0-0-0-1",
    "senMLParse" : "cloud-0-0-1-1-0-0-1-0",
    "sink" : "cloud-0-1-0-0-1-0-1-1-0",
    "source" : "cloud-0-0-1-1-0-1-1-0-1"
  },
  "appLoopLatency" : 30.987509941530544,
  "latencyPerTupleType" : {
    "blobRead_TUPLE" : 3.9064811373736408,
    "average_TUPLE" : 0.12337990383834786,
    "sink_TUPLE" : 0.6358497230940967,
    "errorEstimate_TUPLE" : 17.09019755981846,
    "mqttPublish_TUPLE" : 0.6313532380972762,
    "decisionTree_TUPLE" : 0.4741530025968149,
    "multiVarLinearReg_TUPLE" : 0.487738636766796,
    "senMLParse_TUPLE" : 0.11195982424231697,
    "TUPLE" : 0.0911881818181887
  },
  "tuplesProcessedPerModule" : {
    "errorEstimate" : 14010,
    "average" : 4800,
    "multiVarLinearReg" : 9600,
    "decisionTree" : 9519,
    "sink" : 23251,
    "blobRead" : 4800,
    "source" : 4800,
    "senMLParse" : 4800,
    "mqttPublish" : 23450
  },
  "recsInPerModule" : {
    "errorEstimate" : 7.169140077403905,
    "average" : 2.4125164352956303,
    "multiVarLinearReg" : 4.811487694052941,
    "decisionTree" : 4.801140585509276,
    "sink" : 11.634026811283073,
    "blobRead" : 2.4161849368903168,
    "source" : 2.4236291726184436,
    "senMLParse" : 2.419351297555675,
    "mqttPublish" : 11.726166636318649
  },
  "recsOutPerModule" : {
    "errorEstimate" : 7.0144320893832015,
    "average" : 2.4123492620841205,
    "multiVarLinearReg" : 4.808196739880658,
    "decisionTree" : 4.7714031239452455,
    "sink" : 11.633414396362102,
    "blobRead" : 2.4109436966326934,
    "source" : 2.4236268549208626,
    "senMLParse" : 2.4192039588205465,
    "mqttPublish" : 11.725458152734888
  },
  "remainingDataPerDevice" : {
    "errorEstimate" : 44000,
    "average" : 0,
    "multiVarLinearReg" : 162000,
    "decisionTree" : 114000,
    "sink" : 0,
    "blobRead" : 0,
    "source" : 0,
    "senMLParse" : 0,
    "mqttPublish" : 398000
  },
  "executionTime" : 5900.0,
  "networkUsage" : 633087.14,
  "tuplesSentBySensors" : 4800
}