{
  "placement" : {
    "average" : "cloud-0-0-1-0-1-0-0-1-1",
    "blobRead" : "cloud-0-0-1-1-1-1-0",
    "decisionTree" : "cloud-0-0-0-1-1-0-0-0-0",
    "errorEstimate" : "cloud-0-1-0-0-1-0-0-0",
    "mqttPublish" : "cloud-0-0-0-1-0",
    "multiVarLinearReg" : "cloud-1-1-0-1-0-1-0-1-0",
    "senMLParse" : "cloud-1-0-1-1-1-1-1-1-1",
    "sink" : "cloud-0-0-1-1-1-1-0-0-0",
    "source" : "cloud-0-0-1-0-1"
  },
  "appLoopLatency" : 31.52260120459349,
  "latencyPerTupleType" : {
    "blobRead_TUPLE" : 0.12206563636354034,
    "average_TUPLE" : 0.14007579393948277,
    "sink_TUPLE" : 1.614199790261996,
    "errorEstimate_TUPLE" : 1.1237335175742815,
    "mqttPublish_TUPLE" : 0.1531350929935848,
    "decisionTree_TUPLE" : 0.12296244848489718,
    "multiVarLinearReg_TUPLE" : 0.13102121666674493,
    "senMLParse_TUPLE" : 0.12206563636354015,
    "TUPLE" : 0.09041979797979274
  },
  "tuplesProcessedPerModule" : {
    "errorEstimate" : 14071,
    "average" : 4800,
    "multiVarLinearReg" : 9600,
    "decisionTree" : 9600,
    "sink" : 23407,
    "blobRead" : 4800,
    "source" : 4800,
    "senMLParse" : 4800,
    "mqttPublish" : 23522
  },
  "recsInPerModule" : {
    "errorEstimate" : 7.045848135356368,
    "average" : 2.4028342358179247,
    "multiVarLinearReg" : 4.806390353772643,
    "decisionTree" : 4.80518750569706,
    "sink" : 11.704395503122607,
    "blobRead" : 2.4195952141043033,
    "source" : 2.423751553347024,
    "senMLParse" : 2.4141190914572594,
    "mqttPublish" : 11.761756025628166
  },
  "recsOutPerModule" : {
    "errorEstimate" : 7.0358479226797765,
    "average" : 2.402668401706732,
    "multiVarLinearReg" : 4.806074535233581,
    "decisionTree" : 4.804871845206632,
    "sink" : 11.703657872414325,
    "blobRead" : 2.419427058452167,
    "source" : 2.4237492354153742,
    "senMLParse" : 2.413951696070373,
    "mqttPublish" : 11.761256014744111
  },
  "remainingDataPerDevice" : {
    "errorEstimate" : 232000,
    "average" : 236000,
    "multiVarLinearReg" : 382000,
    "decisionTree" : 64000,
    "sink" : 0,
    "blobRead" : 0,
    "source" : 0,
    "senMLParse" : 0,
    "mqttPublish" : 230000
  },
  "executionTime" : 2993.0,
  "networkUsage" : 556384.56,
  "tuplesSentBySensors" : 4800
}