{
  "placement" : {
    "annotation" : "cloud-0-1-0-1-0-1",
    "blobWrite" : "cloud-1-0-0-0-0",
    "decisionTreeTrain" : "cloud-0-0-1-1-1-1",
    "mqttPublish" : "cloud-0-0-1",
    "multiVarLinearRegTrain" : "cloud-1-0-0-0-1",
    "sink" : "cloud-0-0-1-1-1-1",
    "source" : "cloud-1-0-0-1-1-0",
    "tableRead" : "cloud-1"
  },
  "appLoopLatency" : 16.125619893938996,
  "latencyPerTupleType" : {
    "multiVarLinearRegTrain_TUPLE" : 1.6497566349432453,
    "sink_TUPLE" : 1.1322428070859787,
    "annotation_TUPLE" : 0.9824095705492664,
    "mqttPublish_TUPLE" : 0.4431988898834799,
    "decisionTreeTrain_TUPLE" : 4.094088043087212,
    "tableRead_TUPLE" : 1.1948875755208448,
    "blobWrite_TUPLE" : 0.6533802165357959,
    "TUPLE" : 0.08906250000000702
  },
  "tuplesProcessedPerModule" : {
    "annotation" : 2048,
    "multiVarLinearRegTrain" : 2048,
    "decisionTreeTrain" : 2048,
    "sink" : 4064,
    "source" : 2048,
    "tableRead" : 2048,
    "blobWrite" : 4064,
    "mqttPublish" : 4064
  },
  "recsInPerModule" : {
    "annotation" : 1.0330255262895878,
    "multiVarLinearRegTrain" : 1.0335469588712338,
    "decisionTreeTrain" : 1.0302615611692982,
    "sink" : 2.034857593944887,
    "source" : 1.0357024014338005,
    "tableRead" : 1.0346537428516716,
    "blobWrite" : 2.0482281534839824,
    "mqttPublish" : 2.0365859737579184
  },
  "recsOutPerModule" : {
    "annotation" : 1.0323422776576778,
    "multiVarLinearRegTrain" : 1.0322320106692746,
    "decisionTreeTrain" : 1.0266296818077025,
    "sink" : 2.0346495980386643,
    "source" : 1.0356478450088271,
    "tableRead" : 1.03438374692496,
    "blobWrite" : 2.0401643446200497,
    "mqttPublish" : 2.0363872871394513
  },
  "remainingDataPerDevice" : {
    "annotation" : 0,
    "multiVarLinearRegTrain" : 0,
    "decisionTreeTrain" : 0,
    "sink" : 0,
    "source" : 0,
    "tableRead" : 0,
    "blobWrite" : 0,
    "mqttPublish" : 0
  },
  "executionTime" : 1297.0,
  "networkUsage" : 245191.36,
  "tuplesSentBySensors" : 2048
}