{
  "placement" : {
    "annotation" : "cloud-1-0-0-1-1",
    "blobWrite" : "cloud-1-0-0-1-0",
    "decisionTreeTrain" : "cloud-0-0-0-1-1-0",
    "mqttPublish" : "cloud-1-0-1-1-0-0",
    "multiVarLinearRegTrain" : "cloud-1-1-0-1-0-0",
    "sink" : "cloud-0-1-0",
    "source" : "cloud-0-1-1-1-0",
    "tableRead" : "cloud-1-1"
  },
  "appLoopLatency" : 22.327252734848184,
  "latencyPerTupleType" : {
    "multiVarLinearRegTrain_TUPLE" : 2.1693088849431446,
    "sink_TUPLE" : 1.4255225801473388,
    "annotation_TUPLE" : 0.3593435729166966,
    "decisionTreeTrain_TUPLE" : 3.123438802083161,
    "mqttPublish_TUPLE" : 1.4133609187750253,
    "tableRead_TUPLE" : 0.14326222916666756,
    "blobWrite_TUPLE" : 1.8595206818183716,
    "TUPLE" : 0.09252148437501291
  },
  "tuplesProcessedPerModule" : {
    "annotation" : 2048,
    "multiVarLinearRegTrain" : 2048,
    "decisionTreeTrain" : 2048,
    "sink" : 4018,
    "source" : 2048,
    "tableRead" : 2048,
    "blobWrite" : 4096,
    "mqttPublish" : 4018
  },
  "recsInPerModule" : {
    "annotation" : 1.032702672686102,
    "multiVarLinearRegTrain" : 1.0320781733945468,
    "decisionTreeTrain" : 1.0300795532149047,
    "sink" : 2.0095962193988814,
    "source" : 1.0356500271554718,
    "tableRead" : 1.0335061459509476,
    "blobWrite" : 2.0511255060717124,
    "mqttPublish" : 2.0302424216287016
  },
  "recsOutPerModule" : {
    "annotation" : 1.0325204459681068,
    "multiVarLinearRegTrain" : 1.0307276568198267,
    "decisionTreeTrain" : 1.0281371188964539,
    "sink" : 2.009234031226617,
    "source" : 1.0355965672097578,
    "tableRead" : 1.0334322649444652,
    "blobWrite" : 2.048749526726227,
    "mqttPublish" : 2.013927700787146
  },
  "remainingDataPerDevice" : {
    "annotation" : 0,
    "multiVarLinearRegTrain" : 0,
    "decisionTreeTrain" : 0,
    "sink" : 0,
    "source" : 0,
    "tableRead" : 0,
    "blobWrite" : 195000,
    "mqttPublish" : 0
  },
  "executionTime" : 1093.0,
  "networkUsage" : 301038.28,
  "tuplesSentBySensors" : 2048
}