{
  "placement" : {
    "annotation" : "cloud-0-1-1-1-0-1",
    "blobWrite" : "cloud-1-1-0-1-1-1",
    "decisionTreeTrain" : "cloud-0-1-1-0-0-0",
    "mqttPublish" : "cloud-1-0-1-1",
    "multiVarLinearRegTrain" : "cloud-0-0-0-1",
    "sink" : "cloud-0-1-1-0",
    "source" : "cloud-1-0-1-1-0-1",
    "tableRead" : "cloud-1-1-0-1-1-0"
  },
  "appLoopLatency" : 25.500393174242227,
  "latencyPerTupleType" : {
    "multiVarLinearRegTrain_TUPLE" : 14.647665548511872,
    "sink_TUPLE" : 1.171129377402041,
    "annotation_TUPLE" : 0.1704942968750614,
    "decisionTreeTrain_TUPLE" : 4.754458463541727,
    "mqttPublish_TUPLE" : 1.1672919624760416,
    "tableRead_TUPLE" : 0.1186909765624973,
    "blobWrite_TUPLE" : 3.8717959407303133,
    "TUPLE" : 0.0911803385416776
  },
  "tuplesProcessedPerModule" : {
    "annotation" : 2048,
    "multiVarLinearRegTrain" : 2027,
    "decisionTreeTrain" : 2048,
    "sink" : 3976,
    "source" : 2048,
    "tableRead" : 2048,
    "blobWrite" : 3993,
    "mqttPublish" : 3986
  },
  "recsInPerModule" : {
    "annotation" : 1.0304791387873513,
    "multiVarLinearRegTrain" : 1.0313094170093424,
    "decisionTreeTrain" : 1.0284910577346142,
    "sink" : 1.9885880234296804,
    "source" : 1.0355976581738893,
    "tableRead" : 1.0335061459509476,
    "blobWrite" : 1.999632704747201,
    "mqttPublish" : 1.9939730219462093
  },
  "recsOutPerModule" : {
    "annotation" : 1.0304056899077332,
    "multiVarLinearRegTrain" : 1.0156201183381224,
    "decisionTreeTrain" : 1.0263134617529748,
    "sink" : 1.988469734759283,
    "source" : 1.0355442036344416,
    "tableRead" : 1.033443129135888,
    "blobWrite" : 1.999094605063557,
    "mqttPublish" : 1.9938355010274893
  },
  "remainingDataPerDevice" : {
    "annotation" : 0,
    "multiVarLinearRegTrain" : 190000,
    "decisionTreeTrain" : 220000,
    "sink" : 0,
    "source" : 0,
    "tableRead" : 0,
    "blobWrite" : 35000,
    "mqttPublish" : 50000
  },
  "executionTime" : 1462.0,
  "networkUsage" : 393408.74,
  "tuplesSentBySensors" : 2048
}