{
  "placement" : {
    "annotation" : "cloud-1-0-1-0-1-0",
    "blobWrite" : "cloud-0-1-0",
    "decisionTreeTrain" : "cloud-1-1-1-1-1",
    "mqttPublish" : "cloud-1-0-0-0-1",
    "multiVarLinearRegTrain" : "cloud-0-1-0-0-0-1",
    "sink" : "cloud-0-0-0-1-0-1",
    "source" : "cloud-0-0-1-0-1",
    "tableRead" : "cloud-0-0-1-1-1-0"
  },
  "appLoopLatency" : 22.422469454545233,
  "latencyPerTupleType" : {
    "multiVarLinearRegTrain_TUPLE" : 10.95187533112429,
    "sink_TUPLE" : 0.4608425555006886,
    "annotation_TUPLE" : 0.6373888125000565,
    "decisionTreeTrain_TUPLE" : 0.540440265624947,
    "mqttPublish_TUPLE" : 0.7540547203241597,
    "tableRead_TUPLE" : 0.13896525260417233,
    "blobWrite_TUPLE" : 10.705469742026626,
    "TUPLE" : 0.09326236979167656
  },
  "tuplesProcessedPerModule" : {
    "annotation" : 2048,
    "multiVarLinearRegTrain" : 2037,
    "decisionTreeTrain" : 2048,
    "sink" : 3994,
    "source" : 2048,
    "tableRead" : 2048,
    "blobWrite" : 4003,
    "mqttPublish" : 4003
  },
  "recsInPerModule" : {
    "annotation" : 1.0321821954829893,
    "multiVarLinearRegTrain" : 1.0324423788980543,
    "decisionTreeTrain" : 1.0300751826484402,
    "sink" : 1.9972150114530138,
    "source" : 1.036174008424985,
    "tableRead" : 1.0347593844471272,
    "blobWrite" : 2.0481859064251533,
    "mqttPublish" : 2.00514852330426
  },
  "recsOutPerModule" : {
    "annotation" : 1.0318918238819377,
    "multiVarLinearRegTrain" : 1.0217461841821613,
    "decisionTreeTrain" : 1.0296835236375597,
    "sink" : 1.9971047427576274,
    "source" : 1.0361204943714701,
    "tableRead" : 1.0346853241609328,
    "blobWrite" : 2.0086703053613575,
    "mqttPublish" : 2.0049720076105007
  },
  "remainingDataPerDevice" : {
    "annotation" : 0,
    "multiVarLinearRegTrain" : 0,
    "decisionTreeTrain" : 0,
    "sink" : 0,
    "source" : 0,
    "tableRead" : 0,
    "blobWrite" : 0,
    "mqttPublish" : 45000
  },
  "executionTime" : 1410.0,
  "networkUsage" : 364483.97,
  "tuplesSentBySensors" : 2048
}