{
  "placement" : {
    "annotation" : "cloud-1-1-1-0",
    "blobWrite" : "cloud-0-0-1-0-0-1",
    "decisionTreeTrain" : "cloud-1-1-1-1-1-1",
    "mqttPublish" : "cloud-0-0-0-0-0",
    "multiVarLinearRegTrain" : "cloud-1-1-0-0-0-0",
    "sink" : "cloud-0-1-0-0",
    "source" : "cloud-1-0-1-0-0",
    "tableRead" : "cloud-0-0-0-1"
  },
  "appLoopLatency" : 24.471527999999797,
  "latencyPerTupleType" : {
    "multiVarLinearRegTrain_TUPLE" : 1.7830673828126522,
    "sink_TUPLE" : 0.5263550024922591,
    "annotation_TUPLE" : 0.8794567057293633,
    "decisionTreeTrain_TUPLE" : 1.6136921176605616,
    "mqttPublish_TUPLE" : 0.5277805935877617,
    "tableRead_TUPLE" : 1.209571804687517,
    "blobWrite_TUPLE" : 1.4751353772604454,
    "TUPLE" : 0.08976236979168283
  },
  "tuplesProcessedPerModule" : {
    "annotation" : 2048,
    "multiVarLinearRegTrain" : 2048,
    "decisionTreeTrain" : 2048,
    "sink" : 4013,
    "source" : 2048,
    "tableRead" : 2048,
    "blobWrite" : 4066,
    "mqttPublish" : 4028
  },
  "recsInPerModule" : {
    "annotation" : 1.0310801692365654,
    "multiVarLinearRegTrain" : 1.0310283651957708,
    "decisionTreeTrain" : 1.0291885946067736,
    "sink" : 2.007625393605252,
    "source" : 1.0355976581738893,
    "tableRead" : 1.0332975679456609,
    "blobWrite" : 2.0496649077739493,
    "mqttPublish" : 2.016167096357107
  },
  "recsOutPerModule" : {
    "annotation" : 1.0303798539454774,
    "multiVarLinearRegTrain" : 1.0296805928639012,
    "decisionTreeTrain" : 1.027816315805087,
    "sink" : 2.0066648933398366,
    "source" : 1.0355442036344416,
    "tableRead" : 1.033109702563222,
    "blobWrite" : 2.036521705053243,
    "mqttPublish" : 2.015919039682406
  },
  "remainingDataPerDevice" : {
    "annotation" : 0,
    "multiVarLinearRegTrain" : 0,
    "decisionTreeTrain" : 0,
    "sink" : 0,
    "source" : 0,
    "tableRead" : 0,
    "blobWrite" : 190000,
    "mqttPublish" : 65000
  },
  "executionTime" : 994.0,
  "networkUsage" : 333217.6,
  "tuplesSentBySensors" : 2048
}