{
  "placement" : {
    "annotation" : "cloud-0-1-1-0-1-0",
    "blobWrite" : "cloud-0-0-1-1-0-0",
    "decisionTreeTrain" : "cloud-1-0-1-0-1-0",
    "mqttPublish" : "cloud-1-0-0-1",
    "multiVarLinearRegTrain" : "cloud-1-1-1",
    "sink" : "cloud-1-1-1-1-0",
    "source" : "cloud-1-0-1-0-1-1",
    "tableRead" : "cloud-1-1-1-1"
  },
  "appLoopLatency" : 22.441601666667143,
  "latencyPerTupleType" : {
    "multiVarLinearRegTrain_TUPLE" : 2.005642968750254,
    "sink_TUPLE" : 0.5661139139725718,
    "annotation_TUPLE" : 3.203559869791886,
    "mqttPublish_TUPLE" : 0.5589221190771474,
    "decisionTreeTrain_TUPLE" : 2.500306979166945,
    "tableRead_TUPLE" : 1.1719378645832692,
    "blobWrite_TUPLE" : 1.6152593226603211,
    "TUPLE" : 0.09235221354167455
  },
  "tuplesProcessedPerModule" : {
    "annotation" : 2048,
    "multiVarLinearRegTrain" : 2048,
    "decisionTreeTrain" : 2048,
    "sink" : 4035,
    "source" : 2048,
    "tableRead" : 2048,
    "blobWrite" : 4060,
    "mqttPublish" : 4045
  },
  "recsInPerModule" : {
    "annotation" : 1.0309201321424166,
    "multiVarLinearRegTrain" : 1.0331044169109826,
    "decisionTreeTrain" : 1.02639549246525,
    "sink" : 2.0187116845854005,
    "source" : 1.035492936097749,
    "tableRead" : 1.0335539522430246,
    "blobWrite" : 2.0327645818529354,
    "mqttPublish" : 2.0244403096314634
  },
  "recsOutPerModule" : {
    "annotation" : 1.028926064131237,
    "multiVarLinearRegTrain" : 1.0317512149983084,
    "decisionTreeTrain" : 1.0246110660860175,
    "sink" : 2.0179797275940428,
    "source" : 1.0354351298585054,
    "tableRead" : 1.0333659936302708,
    "blobWrite" : 2.0317091973724715,
    "mqttPublish" : 2.024233470888268
  },
  "remainingDataPerDevice" : {
    "annotation" : 0,
    "multiVarLinearRegTrain" : 0,
    "decisionTreeTrain" : 180000,
    "sink" : 0,
    "source" : 0,
    "tableRead" : 0,
    "blobWrite" : 75000,
    "mqttPublish" : 50000
  },
  "executionTime" : 1210.0,
  "networkUsage" : 309263.13,
  "tuplesSentBySensors" : 2048
}