{
  "placement" : {
    "annotation" : "cloud-0-1-0-0-1-1-0-0-1-1",
    "blobWrite" : "cloud-1-1-1-1-1-0-0-1-1-1",
    "decisionTreeTrain" : "cloud-1-1-0-1-0-0-0-1-0-1",
    "mqttPublish" : "cloud-0-0-1-0-1-1-1-0-1-1",
    "multiVarLinearRegTrain" : "cloud-1-1-1-0-0-0-1-0-1-0",
    "sink" : "cloud-0-1-1-1-1-1-1-0-1-0",
    "source" : "cloud-1-1-0-1-0-1-0-1",
    "tableRead" : "cloud-0-1-0-0-0-0-0-1-0-0"
  },
  "appLoopLatency" : 51.62359333333308,
  "latencyPerTupleType" : {
    "multiVarLinearRegTrain_TUPLE" : 2.8310646248395535,
    "sink_TUPLE" : 1.5617504848501744,
    "annotation_TUPLE" : 2.001920685858723,
    "decisionTreeTrain_TUPLE" : 1.7927470878639915,
    "mqttPublish_TUPLE" : 6.080176676264637,
    "tableRead_TUPLE" : 0.11428406666659323,
    "blobWrite_TUPLE" : 4.972429996500668,
    "TUPLE" : 0.09461727272728174
  },
  "tuplesProcessedPerModule" : {
    "annotation" : 4800,
    "multiVarLinearRegTrain" : 4741,
    "decisionTreeTrain" : 4657,
    "sink" : 9300,
    "source" : 4800,
    "tableRead" : 4800,
    "blobWrite" : 9308,
    "mqttPublish" : 9300
  },
  "recsInPerModule" : {
    "annotation" : 2.4044195488182902,
    "multiVarLinearRegTrain" : 2.401412279839958,
    "decisionTreeTrain" : 2.328672974534207,
    "sink" : 4.675168757547369,
    "source" : 2.422161567259642,
    "tableRead" : 2.411572050341028,
    "blobWrite" : 4.654570167919861,
    "mqttPublish" : 4.710054913609368
  },
  "recsOutPerModule" : {
    "annotation" : 2.402612447700094,
    "multiVarLinearRegTrain" : 2.371894968032739,
    "decisionTreeTrain" : 2.3285019624685104,
    "sink" : 4.6690217225419515,
    "source" : 2.422159252368129,
    "tableRead" : 2.4114256575677633,
    "blobWrite" : 4.6541919684943664,
    "mqttPublish" : 4.693351654383803
  },
  "remainingDataPerDevice" : {
    "annotation" : 2931500,
    "multiVarLinearRegTrain" : 415000,
    "decisionTreeTrain" : 35000,
    "sink" : 0,
    "source" : 0,
    "tableRead" : 0,
    "blobWrite" : 40000,
    "mqttPublish" : 0
  },
  "executionTime" : 1506.0,
  "networkUsage" : 1754299.74,
  "tuplesSentBySensors" : 4800
}