{
  "placement" : {
    "annotation" : "cloud-1-1-0-1-0-0-0-0-0",
    "blobWrite" : "cloud-1-0-1-0-1-0-0-0-0-0",
    "decisionTreeTrain" : "cloud-1-1-1-0-1-1-0-1",
    "mqttPublish" : "cloud-0-0-0-1-1-0-1-0-0-1",
    "multiVarLinearRegTrain" : "cloud-0-1-0-1-0-0-1-0-1-0",
    "sink" : "cloud-1-1-1-1-1-0-1-0",
    "source" : "cloud-1-1-0-0-0-0-1-0-1-0",
    "tableRead" : "cloud-0-1-1-0-0-1-0-0-1-1"
  },
  "appLoopLatency" : 50.57378272727261,
  "latencyPerTupleType" : {
    "multiVarLinearRegTrain_TUPLE" : 3.3219162251231977,
    "sink_TUPLE" : 1.2605518393952175,
    "annotation_TUPLE" : 2.294674364519434,
    "decisionTreeTrain_TUPLE" : 1.1883867257250125,
    "mqttPublish_TUPLE" : 3.6946620232335485,
    "tableRead_TUPLE" : 0.2330131111110407,
    "blobWrite_TUPLE" : 2.096047162626609,
    "TUPLE" : 0.09732055555556018
  },
  "tuplesProcessedPerModule" : {
    "annotation" : 4702,
    "multiVarLinearRegTrain" : 4673,
    "decisionTreeTrain" : 4659,
    "sink" : 9300,
    "source" : 4800,
    "tableRead" : 4800,
    "blobWrite" : 9300,
    "mqttPublish" : 9300
  },
  "recsInPerModule" : {
    "annotation" : 2.386117868257398,
    "multiVarLinearRegTrain" : 2.3531163086563467,
    "decisionTreeTrain" : 2.329817680348289,
    "sink" : 4.678704224714892,
    "source" : 2.4199634888008625,
    "tableRead" : 2.4073348926354714,
    "blobWrite" : 4.747788712514695,
    "mqttPublish" : 4.714766814595613
  },
  "recsOutPerModule" : {
    "annotation" : 2.351116327358087,
    "multiVarLinearRegTrain" : 2.337316863027167,
    "decisionTreeTrain" : 2.3296465735969223,
    "sink" : 4.673170448576898,
    "source" : 2.4199571344085995,
    "tableRead" : 2.4071638640893616,
    "blobWrite" : 4.7385507711601855,
    "mqttPublish" : 4.699761331464374
  },
  "remainingDataPerDevice" : {
    "annotation" : 881500,
    "multiVarLinearRegTrain" : 115000,
    "decisionTreeTrain" : 45000,
    "sink" : 0,
    "source" : 0,
    "tableRead" : 2440000,
    "blobWrite" : 0,
    "mqttPublish" : 0
  },
  "executionTime" : 1479.0,
  "networkUsage" : 1703940.525,
  "tuplesSentBySensors" : 4800
}