{
  "placement" : {
    "annotation" : "cloud-1-1-1-0-1-0-1-1-0",
    "blobWrite" : "cloud-1-1-0-0-1-1-1-0",
    "decisionTreeTrain" : "cloud-1-0-0-1-0-1-0-0",
    "mqttPublish" : "cloud-1-0-1-1-0-1-1-1-1",
    "multiVarLinearRegTrain" : "cloud-0-1-0-0-0-1-0-1-0-1",
    "sink" : "cloud-0-1-1-0-0-0-1-1-1-1",
    "source" : "cloud-1-1-1-0-1-0-0-0",
    "tableRead" : "cloud-0-0-1-1-0-0-1"
  },
  "appLoopLatency" : 54.88586944526456,
  "latencyPerTupleType" : {
    "multiVarLinearRegTrain_TUPLE" : 52.67699616165936,
    "sink_TUPLE" : 1.2775692526153437,
    "annotation_TUPLE" : 15.907406780814549,
    "decisionTreeTrain_TUPLE" : 5.208976287928573,
    "mqttPublish_TUPLE" : 6.317866952609571,
    "tableRead_TUPLE" : 0.11476379393931978,
    "blobWrite_TUPLE" : 6.53867930112781,
    "TUPLE" : 0.09460464646463848
  },
  "tuplesProcessedPerModule" : {
    "annotation" : 4667,
    "multiVarLinearRegTrain" : 4660,
    "decisionTreeTrain" : 4667,
    "sink" : 9160,
    "source" : 4800,
    "tableRead" : 4800,
    "blobWrite" : 9160,
    "mqttPublish" : 9160
  },
  "recsInPerModule" : {
    "annotation" : 2.4084007277998163,
    "multiVarLinearRegTrain" : 2.4073136689586483,
    "decisionTreeTrain" : 2.336764866088252,
    "sink" : 4.599474421049308,
    "source" : 2.423506804247802,
    "tableRead" : 2.416184936890317,
    "blobWrite" : 4.660100001509577,
    "mqttPublish" : 4.625704365549155
  },
  "recsOutPerModule" : {
    "annotation" : 2.3435716951903522,
    "multiVarLinearRegTrain" : 2.337921166495504,
    "decisionTreeTrain" : 2.3362491087503976,
    "sink" : 4.597632357912532,
    "source" : 2.4235044867842546,
    "tableRead" : 2.4160379835544648,
    "blobWrite" : 4.639528339323673,
    "mqttPublish" : 4.6173345135500465
  },
  "remainingDataPerDevice" : {
    "annotation" : 0,
    "multiVarLinearRegTrain" : 15000,
    "decisionTreeTrain" : 20000,
    "sink" : 0,
    "source" : 0,
    "tableRead" : 0,
    "blobWrite" : 0,
    "mqttPublish" : 0
  },
  "executionTime" : 1970.0,
  "networkUsage" : 1378264.705,
  "tuplesSentBySensors" : 4800
}