{
  "placement" : {
    "annotation" : "cloud-0-1-0-1-1-0-1-1-0",
    "blobWrite" : "cloud-1-1-1-0-0-0-1-1-1-1",
    "decisionTreeTrain" : "cloud-0-0-0-1-1-1-1-0-1-1",
    "mqttPublish" : "cloud-0-0-0-1-0-1-0-0-0-1",
    "multiVarLinearRegTrain" : "cloud-1-1-1-1-0-0-0-0-1-0",
    "sink" : "cloud-0-1-1-0-0-0-0-0-0-0",
    "source" : "cloud-1-1-0-1-1-0-0-0-1-0",
    "tableRead" : "cloud-0-1-1-1-1-0-1-1-1-0"
  },
  "appLoopLatency" : 61.845291159824974,
  "latencyPerTupleType" : {
    "multiVarLinearRegTrain_TUPLE" : 10.13484524840341,
    "sink_TUPLE" : 2.018370032383312,
    "annotation_TUPLE" : 14.291018278919095,
    "decisionTreeTrain_TUPLE" : 37.158724535808076,
    "mqttPublish_TUPLE" : 2.684584953676341,
    "tableRead_TUPLE" : 0.21295428101012856,
    "blobWrite_TUPLE" : 4.168530804820823,
    "TUPLE" : 0.09406333333333881
  },
  "tuplesProcessedPerModule" : {
    "annotation" : 4674,
    "multiVarLinearRegTrain" : 4678,
    "decisionTreeTrain" : 4524,
    "sink" : 9174,
    "source" : 4800,
    "tableRead" : 4800,
    "blobWrite" : 9185,
    "mqttPublish" : 9174
  },
  "recsInPerModule" : {
    "annotation" : 2.402953515075124,
    "multiVarLinearRegTrain" : 2.4022321990556263,
    "decisionTreeTrain" : 2.3629828130305346,
    "sink" : 4.6232499373753235,
    "source" : 2.421794943594882,
    "tableRead" : 2.4122990053633115,
    "blobWrite" : 4.594408044936807,
    "mqttPublish" : 4.64643181794499
  },
  "recsOutPerModule" : {
    "annotation" : 2.3398764538555974,
    "multiVarLinearRegTrain" : 2.34117593266698,
    "decisionTreeTrain" : 2.315763959886705,
    "sink" : 4.6182896800933815,
    "source" : 2.4217923979852536,
    "tableRead" : 2.412131862282633,
    "blobWrite" : 4.593203942152834,
    "mqttPublish" : 4.645020256799392
  },
  "remainingDataPerDevice" : {
    "annotation" : 492000,
    "multiVarLinearRegTrain" : 70000,
    "decisionTreeTrain" : 0,
    "sink" : 0,
    "source" : 0,
    "tableRead" : 0,
    "blobWrite" : 55000,
    "mqttPublish" : 0
  },
  "executionTime" : 2080.0,
  "networkUsage" : 1879717.65,
  "tuplesSentBySensors" : 4800
}