{
  "placement" : {
    "annotation" : "cloud-1-1-1-0-1",
    "blobWrite" : "cloud-0-1-0-1-1-1-1-1-1",
    "decisionTreeTrain" : "cloud-0-0-0-1-0-1-0-1-1",
    "mqttPublish" : "cloud-1-0-1-0-0-0-1-0-0-1",
    "multiVarLinearRegTrain" : "cloud-0-0-0-0-0-0-1-0",
    "sink" : "cloud-0-0-0-1-0-1-1-0-0",
    "source" : "cloud-0-0-1-1-1-0-1-0",
    "tableRead" : "cloud-1-1-1-1-0-0-0-0-1-0"
  },
  "appLoopLatency" : 58.57989394574829,
  "latencyPerTupleType" : {
    "multiVarLinearRegTrain_TUPLE" : 8.894906073162431,
    "sink_TUPLE" : 1.832091906290523,
    "annotation_TUPLE" : 0.36759592212134556,
    "decisionTreeTrain_TUPLE" : 32.697988672220426,
    "mqttPublish_TUPLE" : 4.2839487770234035,
    "tableRead_TUPLE" : 0.2099220544444748,
    "blobWrite_TUPLE" : 18.519482623777858,
    "TUPLE" : 0.0973399999999978
  },
  "tuplesProcessedPerModule" : {
    "annotation" : 4800,
    "multiVarLinearRegTrain" : 4682,
    "decisionTreeTrain" : 4660,
    "sink" : 9042,
    "source" : 4800,
    "tableRead" : 4800,
    "blobWrite" : 9247,
    "mqttPublish" : 9162
  },
  "recsInPerModule" : {
    "annotation" : 2.4077983493305175,
    "multiVarLinearRegTrain" : 2.402736448636845,
    "decisionTreeTrain" : 2.3916870174227634,
    "sink" : 4.58080932705358,
    "source" : 2.4233844482332265,
    "tableRead" : 2.413147935374772,
    "blobWrite" : 4.652504580848961,
    "mqttPublish" : 4.601131498447
  },
  "recsOutPerModule" : {
    "annotation" : 2.407652414344613,
    "multiVarLinearRegTrain" : 2.343970666756979,
    "decisionTreeTrain" : 2.3311639256708667,
    "sink" : 4.5795139665327556,
    "source" : 2.423259555877946,
    "tableRead" : 2.4130036486387674,
    "blobWrite" : 4.629522938040723,
    "mqttPublish" : 4.586505349639606
  },
  "remainingDataPerDevice" : {
    "annotation" : 348500,
    "multiVarLinearRegTrain" : 135000,
    "decisionTreeTrain" : 50000,
    "sink" : 0,
    "source" : 0,
    "tableRead" : 0,
    "blobWrite" : 425000,
    "mqttPublish" : 600000
  },
  "executionTime" : 1641.0,
  "networkUsage" : 1627623.71,
  "tuplesSentBySensors" : 4800
}