{
  "placement" : {
    "annotation" : "cloud-1-1-0-1-0-1-0-0-1",
    "blobWrite" : "cloud-1-0-0-1-1-0",
    "decisionTreeTrain" : "cloud-0-1-1-1-1-0-0-1-1-0",
    "mqttPublish" : "cloud-0-1-0-0-1-0-0-0-0",
    "multiVarLinearRegTrain" : "cloud-0-1-0-1-1-0-0-0-0-0",
    "sink" : "cloud-0-0-0-0-1-1-0-1-0-1",
    "source" : "cloud-0-0-1-0-1-0-1-0-0",
    "tableRead" : "cloud-1-0-1-0-1-1-0"
  },
  "appLoopLatency" : 60.25615822703054,
  "latencyPerTupleType" : {
    "multiVarLinearRegTrain_TUPLE" : 53.16535873138194,
    "sink_TUPLE" : 3.7661036795378977,
    "annotation_TUPLE" : 2.9813639777779444,
    "decisionTreeTrain_TUPLE" : 5.1591464163862994,
    "mqttPublish_TUPLE" : 7.498861238387951,
    "tableRead_TUPLE" : 0.27436532626256027,
    "blobWrite_TUPLE" : 3.531095373334635,
    "TUPLE" : 0.09801585858585048
  },
  "tuplesProcessedPerModule" : {
    "annotation" : 4800,
    "multiVarLinearRegTrain" : 4661,
    "decisionTreeTrain" : 4666,
    "sink" : 9161,
    "source" : 4800,
    "tableRead" : 4800,
    "blobWrite" : 9301,
    "mqttPublish" : 9161
  },
  "recsInPerModule" : {
    "annotation" : 2.406830860031283,
    "multiVarLinearRegTrain" : 2.4056246483973696,
    "decisionTreeTrain" : 2.341349907134235,
    "sink" : 4.620717451056205,
    "source" : 2.4228951476981737,
    "tableRead" : 2.4146048595034215,
    "blobWrite" : 4.655962977318557,
    "mqttPublish" : 4.65137261268658
  },
  "recsOutPerModule" : {
    "annotation" : 2.402794723854788,
    "multiVarLinearRegTrain" : 2.338684196110737,
    "decisionTreeTrain" : 2.3334654499362695,
    "sink" : 4.616700585107527,
    "source" : 2.422770537375782,
    "tableRead" : 2.414458098300766,
    "blobWrite" : 4.650962596367242,
    "mqttPublish" : 4.641562889918086
  },
  "remainingDataPerDevice" : {
    "annotation" : 2419000,
    "multiVarLinearRegTrain" : 0,
    "decisionTreeTrain" : 80000,
    "sink" : 0,
    "source" : 0,
    "tableRead" : 0,
    "blobWrite" : 700000,
    "mqttPublish" : 0
  },
  "executionTime" : 1752.0,
  "networkUsage" : 1586025.62,
  "tuplesSentBySensors" : 4800
}