{
  "placement" : {
    "annotation" : "cloud-1-1-1-1-1-1-1-1-0-0",
    "blobWrite" : "cloud-1-1-1-0-0-1-0-1-1-1",
    "decisionTreeTrain" : "cloud-0-1-1-0-1-0-1-1-0-1",
    "mqttPublish" : "cloud-0-1-1-1-1-1-0-1-0-1",
    "multiVarLinearRegTrain" : "cloud-1-1-0-1-1-0-1-0-0",
    "sink" : "cloud-1-1-0-0-1-1-1-1-0-1",
    "source" : "cloud-1-0-0-1-0-1-1-1-0-1",
    "tableRead" : "cloud-1-1-1-1-0-1-0-0-1-0"
  },
  "appLoopLatency" : 50.77915345454522,
  "latencyPerTupleType" : {
    "multiVarLinearRegTrain_TUPLE" : 9.823109194438159,
    "sink_TUPLE" : 4.299347794928133,
    "annotation_TUPLE" : 15.488677260972072,
    "decisionTreeTrain_TUPLE" : 2.727907542956337,
    "mqttPublish_TUPLE" : 1.772536890324437,
    "tableRead_TUPLE" : 0.10345762666668795,
    "blobWrite_TUPLE" : 2.6105293241702436,
    "TUPLE" : 0.09629999999999744
  },
  "tuplesProcessedPerModule" : {
    "annotation" : 4671,
    "multiVarLinearRegTrain" : 4680,
    "decisionTreeTrain" : 4656,
    "sink" : 9236,
    "source" : 4800,
    "tableRead" : 4800,
    "blobWrite" : 9301,
    "mqttPublish" : 9300
  },
  "recsInPerModule" : {
    "annotation" : 2.4038172652225813,
    "multiVarLinearRegTrain" : 2.4011717992514128,
    "decisionTreeTrain" : 2.3286702295210593,
    "sink" : 4.650066471537643,
    "source" : 2.4202075227108746,
    "tableRead" : 2.4095138644951697,
    "blobWrite" : 4.6533168200142985,
    "mqttPublish" : 4.670461860482649
  },
  "recsOutPerModule" : {
    "annotation" : 2.3400350380194324,
    "multiVarLinearRegTrain" : 2.3411425511158397,
    "decisionTreeTrain" : 2.3284445965098874,
    "sink" : 4.632927278952184,
    "source" : 2.4202049804373065,
    "tableRead" : 2.4093677214891294,
    "blobWrite" : 4.653011281195335,
    "mqttPublish" : 4.667102385505265
  },
  "remainingDataPerDevice" : {
    "annotation" : 307500,
    "multiVarLinearRegTrain" : 145000,
    "decisionTreeTrain" : 30000,
    "sink" : 0,
    "source" : 0,
    "tableRead" : 0,
    "blobWrite" : 5000,
    "mqttPublish" : 0
  },
  "executionTime" : 1732.0,
  "networkUsage" : 1589156.77,
  "tuplesSentBySensors" : 4800
}