{
  "placement" : {
    "annotation" : "cloud-1-1-1-1-0",
    "blobWrite" : "cloud-0-0-1-1",
    "decisionTreeTrain" : "cloud-1-1-1-0-1-1-0-0-1-0",
    "mqttPublish" : "cloud-1-0-1-1-0-0-1-1-0-0",
    "multiVarLinearRegTrain" : "cloud-0-0-1-0-1-0-1-0-1",
    "sink" : "cloud-1-0-1-0-1-0-1-1-0-0",
    "source" : "cloud-0-1-1-0-0-0-0-1-0",
    "tableRead" : "cloud-0-0-0-1-0-1-1-0-1-1"
  },
  "appLoopLatency" : 36.09909104667654,
  "latencyPerTupleType" : {
    "multiVarLinearRegTrain_TUPLE" : 4.716605736135678,
    "sink_TUPLE" : 7.102035579066902,
    "annotation_TUPLE" : 1.3300075818713675,
    "decisionTreeTrain_TUPLE" : 24.116612760736203,
    "mqttPublish_TUPLE" : 1.822140870458285,
    "tableRead_TUPLE" : 4.576940434343309,
    "blobWrite_TUPLE" : 5.599574589392499,
    "TUPLE" : 0.0954235353535307
  },
  "tuplesProcessedPerModule" : {
    "annotation" : 4707,
    "multiVarLinearRegTrain" : 4707,
    "decisionTreeTrain" : 4658,
    "sink" : 9207,
    "source" : 4800,
    "tableRead" : 4800,
    "blobWrite" : 9360,
    "mqttPublish" : 9321
  },
  "recsInPerModule" : {
    "annotation" : 2.400379441253116,
    "multiVarLinearRegTrain" : 2.401340369434158,
    "decisionTreeTrain" : 2.3547592994423474,
    "sink" : 4.639660301898639,
    "source" : 2.4227728534358706,
    "tableRead" : 2.4139976875714177,
    "blobWrite" : 4.6841908023946806,
    "mqttPublish" : 4.665083504994737
  },
  "recsOutPerModule" : {
    "annotation" : 2.3594809314904293,
    "multiVarLinearRegTrain" : 2.3600377241176655,
    "decisionTreeTrain" : 2.330246309589397,
    "sink" : 4.638696055754264,
    "source" : 2.422648255692109,
    "tableRead" : 2.408010670173174,
    "blobWrite" : 4.683809902060246,
    "mqttPublish" : 4.663277968384119
  },
  "remainingDataPerDevice" : {
    "annotation" : 0,
    "multiVarLinearRegTrain" : 0,
    "decisionTreeTrain" : 25000,
    "sink" : 0,
    "source" : 0,
    "tableRead" : 0,
    "blobWrite" : 150000,
    "mqttPublish" : 570000
  },
  "executionTime" : 1915.0,
  "networkUsage" : 1137148.765,
  "tuplesSentBySensors" : 4800
}