{
  "placement" : {
    "annotation" : "cloud-0-0-1-1-0-1-1-1-1",
    "blobWrite" : "cloud-0-0-1-1-0-1-1",
    "decisionTreeTrain" : "cloud-1-1-0-1-0-1-0-0",
    "mqttPublish" : "cloud-1-1-0-0-1-0",
    "multiVarLinearRegTrain" : "cloud-0-0-1-0-1-1-1-0",
    "sink" : "cloud-1-1-0-0-1-1-0-1-0",
    "source" : "cloud-1-1-1-1-1-1-1-1",
    "tableRead" : "cloud-1-0-1-0-0-0-0-0-1"
  },
  "appLoopLatency" : 37.195240794233605,
  "latencyPerTupleType" : {
    "multiVarLinearRegTrain_TUPLE" : 8.906238628150957,
    "sink_TUPLE" : 2.526787715894954,
    "annotation_TUPLE" : 14.15149673761153,
    "decisionTreeTrain_TUPLE" : 2.6939863908523347,
    "mqttPublish_TUPLE" : 5.869677090166349,
    "tableRead_TUPLE" : 0.28172141111104293,
    "blobWrite_TUPLE" : 19.871679496392037,
    "TUPLE" : 0.09648027777777546
  },
  "tuplesProcessedPerModule" : {
    "annotation" : 4675,
    "multiVarLinearRegTrain" : 4686,
    "decisionTreeTrain" : 4671,
    "sink" : 9175,
    "source" : 4800,
    "tableRead" : 4800,
    "blobWrite" : 9336,
    "mqttPublish" : 9175
  },
  "recsInPerModule" : {
    "annotation" : 2.4069223568367097,
    "multiVarLinearRegTrain" : 2.407284515161414,
    "decisionTreeTrain" : 2.33666663339172,
    "sink" : 4.619713822701056,
    "source" : 2.423139773264792,
    "tableRead" : 2.4161809058001804,
    "blobWrite" : 4.672794286938399,
    "mqttPublish" : 4.657730033642037
  },
  "recsOutPerModule" : {
    "annotation" : 2.344242134147494,
    "multiVarLinearRegTrain" : 2.3501115550712233,
    "decisionTreeTrain" : 2.3364401776864008,
    "sink" : 4.6137705983223025,
    "source" : 2.4231334021808917,
    "tableRead" : 2.416008618063808,
    "blobWrite" : 4.670004015473141,
    "mqttPublish" : 4.625316918754319
  },
  "remainingDataPerDevice" : {
    "annotation" : 82000,
    "multiVarLinearRegTrain" : 0,
    "decisionTreeTrain" : 105000,
    "sink" : 0,
    "source" : 0,
    "tableRead" : 0,
    "blobWrite" : 105000,
    "mqttPublish" : 0
  },
  "executionTime" : 1868.0,
  "networkUsage" : 1392999.515,
  "tuplesSentBySensors" : 4800
}