{
  "placement" : {
    "annotation" : "cloud-1-1-0-1-0-1-1-0-0-1",
    "blobWrite" : "cloud-1-0-1-0-0-1-0-1-1-0",
    "decisionTreeTrain" : "cloud-1-1-1-0-1-1-0",
    "mqttPublish" : "cloud-1-1-1-1-0-1-1-1-1",
    "multiVarLinearRegTrain" : "cloud-0-1-0-1-0-1-1-1",
    "sink" : "cloud-1-1-1-0-1-0-0-0-0-1",
    "source" : "cloud-1-1-0-0-1-0-1-1-1-0",
    "tableRead" : "cloud-1-1-1-1-1-0-1-0-1-1"
  },
  "appLoopLatency" : 47.25482553030279,
  "latencyPerTupleType" : {
    "multiVarLinearRegTrain_TUPLE" : 2.8790730598328436,
    "sink_TUPLE" : 0.6514128459607326,
    "annotation_TUPLE" : 2.060144692323502,
    "decisionTreeTrain_TUPLE" : 7.648018433033672,
    "mqttPublish_TUPLE" : 1.1385930944455467,
    "tableRead_TUPLE" : 0.11546455555548561,
    "blobWrite_TUPLE" : 1.9901133202039876,
    "TUPLE" : 0.09651500000001303
  },
  "tuplesProcessedPerModule" : {
    "annotation" : 4761,
    "multiVarLinearRegTrain" : 4741,
    "decisionTreeTrain" : 4664,
    "sink" : 9300,
    "source" : 4800,
    "tableRead" : 4800,
    "blobWrite" : 9301,
    "mqttPublish" : 9300
  },
  "recsInPerModule" : {
    "annotation" : 2.401528420743003,
    "multiVarLinearRegTrain" : 2.4008077437626967,
    "decisionTreeTrain" : 2.336615370383913,
    "sink" : 4.691225705721503,
    "source" : 2.421550589470997,
    "tableRead" : 2.412173984802741,
    "blobWrite" : 4.650829460883318,
    "mqttPublish" : 4.713004924067102
  },
  "recsOutPerModule" : {
    "annotation" : 2.3820160499951264,
    "multiVarLinearRegTrain" : 2.3712978626875323,
    "decisionTreeTrain" : 2.3322317655316995,
    "sink" : 4.688574854997704,
    "source" : 2.4215442267411253,
    "tableRead" : 2.4120275189425646,
    "blobWrite" : 4.65052424860852,
    "mqttPublish" : 4.708337633382946
  },
  "remainingDataPerDevice" : {
    "annotation" : 1804000,
    "multiVarLinearRegTrain" : 450000,
    "decisionTreeTrain" : 70000,
    "sink" : 0,
    "source" : 0,
    "tableRead" : 0,
    "blobWrite" : 5000,
    "mqttPublish" : 0
  },
  "executionTime" : 1374.0,
  "networkUsage" : 1684209.555,
  "tuplesSentBySensors" : 4800
}