{
  "placement" : {
    "annotation" : "cloud-0-1-1-0-0-1-0-0-1",
    "blobWrite" : "cloud-1-0-1-0-0-0-1-1-1-0",
    "decisionTreeTrain" : "cloud-0-1-1-1-0-1-1-0-0-1",
    "mqttPublish" : "cloud-0-1-0-1-1-1-0",
    "multiVarLinearRegTrain" : "cloud-0-0-0-1-0-1-1",
    "sink" : "cloud-1-1-0-1-0-1-0-1",
    "source" : "cloud-0-0-1-0-1-0-0-0-0-1",
    "tableRead" : "cloud-0-0-1-1-1-0-1-0"
  },
  "appLoopLatency" : 70.35751004790852,
  "latencyPerTupleType" : {
    "multiVarLinearRegTrain_TUPLE" : 55.666660206035864,
    "sink_TUPLE" : 2.8548342388552044,
    "annotation_TUPLE" : 2.212079088686993,
    "decisionTreeTrain_TUPLE" : 1.6161076883305783,
    "mqttPublish_TUPLE" : 12.191383613640236,
    "tableRead_TUPLE" : 0.27424121444446986,
    "blobWrite_TUPLE" : 7.4327968142959255,
    "TUPLE" : 0.09771472222221382
  },
  "tuplesProcessedPerModule" : {
    "annotation" : 4800,
    "multiVarLinearRegTrain" : 4661,
    "decisionTreeTrain" : 4693,
    "sink" : 9161,
    "source" : 4800,
    "tableRead" : 4800,
    "blobWrite" : 9161,
    "mqttPublish" : 9161
  },
  "recsInPerModule" : {
    "annotation" : 2.406831894019823,
    "multiVarLinearRegTrain" : 2.410578951682208,
    "decisionTreeTrain" : 2.3507331274934034,
    "sink" : 4.619452240264016,
    "source" : 2.4225283019439274,
    "tableRead" : 2.415821161855429,
    "blobWrite" : 4.664827040611875,
    "mqttPublish" : 4.6519449768364165
  },
  "recsOutPerModule" : {
    "annotation" : 2.4036981912234463,
    "multiVarLinearRegTrain" : 2.3435052584106213,
    "decisionTreeTrain" : 2.346733211893082,
    "sink" : 4.614019914995276,
    "source" : 2.422404771262642,
    "tableRead" : 2.415674252764787,
    "blobWrite" : 4.671404300271788,
    "mqttPublish" : 4.637237390508243
  },
  "remainingDataPerDevice" : {
    "annotation" : 2029500,
    "multiVarLinearRegTrain" : 0,
    "decisionTreeTrain" : 215000,
    "sink" : 0,
    "source" : 0,
    "tableRead" : 0,
    "blobWrite" : 0,
    "mqttPublish" : 0
  },
  "executionTime" : 2029.0,
  "networkUsage" : 1472721.47,
  "tuplesSentBySensors" : 4800
}