{
  "placement" : {
    "annotation" : "cloud-1-1-1-1-1-0-1-1-1",
    "blobWrite" : "cloud-1-1-0-1-0-1-1-1-0-0",
    "decisionTreeTrain" : "cloud-0-1-1-0-0-0-1-1",
    "mqttPublish" : "cloud-1-1-0-0-0-0-1-1-0-0",
    "multiVarLinearRegTrain" : "cloud-1-1-1-0-1-1-0-1-0",
    "sink" : "cloud-1-0-0-0-0-1-1-1-1-0",
    "source" : "cloud-0-0-1-0-1-0-0",
    "tableRead" : "cloud-1-0-0-1-0-1-1-0-1"
  },
  "appLoopLatency" : 74.11180231182887,
  "latencyPerTupleType" : {
    "multiVarLinearRegTrain_TUPLE" : 3.1457033788890425,
    "sink_TUPLE" : 0.9501207421116447,
    "annotation_TUPLE" : 3.145703378889057,
    "decisionTreeTrain_TUPLE" : 26.83220577942064,
    "mqttPublish_TUPLE" : 1.8019165923850666,
    "tableRead_TUPLE" : 0.1203314922222422,
    "blobWrite_TUPLE" : 22.609213197157406,
    "TUPLE" : 0.0980827777777797
  },
  "tuplesProcessedPerModule" : {
    "annotation" : 4800,
    "multiVarLinearRegTrain" : 4800,
    "decisionTreeTrain" : 4659,
    "sink" : 9199,
    "source" : 4800,
    "tableRead" : 4800,
    "blobWrite" : 9199,
    "mqttPublish" : 9199
  },
  "recsInPerModule" : {
    "annotation" : 2.4074467860200595,
    "multiVarLinearRegTrain" : 2.408775747552319,
    "decisionTreeTrain" : 2.3508513564806015,
    "sink" : 4.606645491817898,
    "source" : 2.425098557521064,
    "tableRead" : 2.4169146760513387,
    "blobWrite" : 4.6864369036248235,
    "mqttPublish" : 4.629112689634072
  },
  "recsOutPerModule" : {
    "annotation" : 2.403408585557443,
    "multiVarLinearRegTrain" : 2.4047330912583553,
    "decisionTreeTrain" : 2.3318305935574277,
    "sink" : 4.605501937331122,
    "source" : 2.4249734884300347,
    "tableRead" : 2.416780309278201,
    "blobWrite" : 4.648532747828911,
    "mqttPublish" : 4.627036521153914
  },
  "remainingDataPerDevice" : {
    "annotation" : 2029500,
    "multiVarLinearRegTrain" : 390000,
    "decisionTreeTrain" : 45000,
    "sink" : 0,
    "source" : 0,
    "tableRead" : 0,
    "blobWrite" : 0,
    "mqttPublish" : 0
  },
  "executionTime" : 1805.0,
  "networkUsage" : 1605995.47,
  "tuplesSentBySensors" : 4800
}