{
  "placement" : {
    "annotation" : "cloud-1-0-0-0-0-1-1-1-0-1",
    "blobWrite" : "cloud-0-1-1-1-0-0-1-0-1-1",
    "decisionTreeTrain" : "cloud-0-0-1-1-1-1-0-0",
    "mqttPublish" : "cloud-0-0-0-0-1-0-0-1",
    "multiVarLinearRegTrain" : "cloud-0-1-1-1-0-1-0-1-0-0",
    "sink" : "cloud-0-0-1-0-0-0-1-0-0",
    "source" : "cloud-1-0-0-1-0-0-1-1",
    "tableRead" : "cloud-0-0-0-1-1-0-1-1-1"
  },
  "appLoopLatency" : 40.70150878787869,
  "latencyPerTupleType" : {
    "multiVarLinearRegTrain_TUPLE" : 9.538340690782297,
    "sink_TUPLE" : 1.0419525555575482,
    "annotation_TUPLE" : 1.8545565143179021,
    "decisionTreeTrain_TUPLE" : 7.187995291768937,
    "mqttPublish_TUPLE" : 4.799148307072784,
    "tableRead_TUPLE" : 0.10405553333327106,
    "blobWrite_TUPLE" : 3.6034240859677933,
    "TUPLE" : 0.09700833333333175
  },
  "tuplesProcessedPerModule" : {
    "annotation" : 4725,
    "multiVarLinearRegTrain" : 4682,
    "decisionTreeTrain" : 4655,
    "sink" : 9300,
    "source" : 4800,
    "tableRead" : 4800,
    "blobWrite" : 9322,
    "mqttPublish" : 9300
  },
  "recsInPerModule" : {
    "annotation" : 2.39868707192926,
    "multiVarLinearRegTrain" : 2.400087475188179,
    "decisionTreeTrain" : 2.328134703314145,
    "sink" : 4.689861534963157,
    "source" : 2.4220393470383756,
    "tableRead" : 2.4104780911445425,
    "blobWrite" : 4.661696282611011,
    "mqttPublish" : 4.714942257320422
  },
  "recsOutPerModule" : {
    "annotation" : 2.363176947791208,
    "multiVarLinearRegTrain" : 2.341085371579884,
    "decisionTreeTrain" : 2.327909125619909,
    "sink" : 4.68733526814379,
    "source" : 2.4220329817397843,
    "tableRead" : 2.410331831153162,
    "blobWrite" : 4.661098990089802,
    "mqttPublish" : 4.703154283669921
  },
  "remainingDataPerDevice" : {
    "annotation" : 1435000,
    "multiVarLinearRegTrain" : 50000,
    "decisionTreeTrain" : 25000,
    "sink" : 0,
    "source" : 0,
    "tableRead" : 80000,
    "blobWrite" : 110000,
    "mqttPublish" : 0
  },
  "executionTime" : 1451.0,
  "networkUsage" : 1553974.115,
  "tuplesSentBySensors" : 4800
}