{
  "placement" : {
    "annotate" : "cloud-0-1-1-1-0-0-1-1-0-0",
    "azureTableInsert" : "cloud-1-0-1-0-0-0-1-1",
    "bloomFilter" : "cloud-0-1-1-1-1-0-0-1-1-0",
    "csvToSenML" : "cloud-0-1-0-1-1-0-1-1-0-0",
    "interpolation" : "cloud-1-1-0-0-0-1-0-0",
    "join" : "cloud-0-1-0-0-1-1-0-1-0",
    "mqttPublish" : "cloud-0-1-0-1-0-1-0-1-0-0",
    "rangeFilter" : "cloud-0-1-0-0-0-0-1-0-0-1",
    "senMLParse" : "cloud-0-1-1-1-1-1-0-1-1-0",
    "sink" : "cloud-0-0-0-0-0-0-1",
    "source" : "cloud-1-1-1-1-0-0-0-1-1-1"
  },
  "appLoopLatency" : 66.41282173659657,
  "latencyPerTupleType" : {
    "rangeFilter_TUPLE" : 15.757882810961178,
    "join_TUPLE" : 4.862569298680246,
    "bloomFilter_TUPLE" : 1.7566863794880272,
    "sink_TUPLE" : 0.5288913876691912,
    "interpolation_TUPLE" : 0.7347590841587621,
    "mqttPublish_TUPLE" : 0.48199963493846454,
    "csvToSenML_TUPLE" : 2.739492921018867,
    "senMLParse_TUPLE" : 0.28328374444437543,
    "annotate_TUPLE" : 0.8645244243178438,
    "azureTableInsert_TUPLE" : 1.1493309620696994,
    "TUPLE" : 0.09567472222222029
  },
  "tuplesProcessedPerModule" : {
    "bloomFilter" : 3250,
    "interpolation" : 1616,
    "azureTableInsert" : 1593,
    "sink" : 3146,
    "rangeFilter" : 4671,
    "annotate" : 1616,
    "source" : 4800,
    "join" : 1616,
    "senMLParse" : 4800,
    "mqttPublish" : 1573,
    "csvToSenML" : 1593
  },
  "recsInPerModule" : {
    "bloomFilter" : 1.625508762569234,
    "interpolation" : 0.8181205652244763,
    "azureTableInsert" : 0.7990042594883734,
    "sink" : 1.581113241599279,
    "rangeFilter" : 2.402825855361327,
    "annotate" : 0.80930718149436,
    "source" : 2.4216727603689217,
    "join" : 0.8141558924072528,
    "senMLParse" : 2.411568034628188,
    "mqttPublish" : 0.793475316353365,
    "csvToSenML" : 0.7986037222182499
  },
  "recsOutPerModule" : {
    "bloomFilter" : 1.6253597246142517,
    "interpolation" : 0.8177815926224458,
    "azureTableInsert" : 0.7985469890601692,
    "sink" : 1.5810172291350264,
    "rangeFilter" : 2.3404136868334384,
    "annotate" : 0.8089137325902106,
    "source" : 2.421666396997016,
    "join" : 0.8119099642058116,
    "senMLParse" : 2.4113964040895115,
    "mqttPublish" : 0.7934277129739066,
    "csvToSenML" : 0.7975225572012633
  },
  "remainingDataPerDevice" : {
    "bloomFilter" : 25000,
    "interpolation" : 0,
    "azureTableInsert" : 100000,
    "sink" : 0,
    "rangeFilter" : 45000,
    "annotate" : 230000,
    "source" : 0,
    "join" : 0,
    "senMLParse" : 0,
    "mqttPublish" : 0,
    "csvToSenML" : 100000
  },
  "executionTime" : 739.0,
  "networkUsage" : 393440.71,
  "tuplesSentBySensors" : 4800
}