{
  "placement" : {
    "annotate" : "cloud-1-0-0-1-1-0-0-0-0",
    "azureTableInsert" : "cloud-0-1-1-0-1-1-1-1",
    "bloomFilter" : "cloud-1-0-0-0-0-0-0-0-0-1",
    "csvToSenML" : "cloud-1-1-1-0-0-0-0-0-1",
    "interpolation" : "cloud-1-1-1-1-0-0-0-0-1",
    "join" : "cloud-0-1-0-0-1-0-0-1-1-0",
    "mqttPublish" : "cloud-1-0-0-0-0-1-1-1-1",
    "rangeFilter" : "cloud-1-1-0-0-1-0-0-1-0-1",
    "senMLParse" : "cloud-0-1-0-1-0-1-1-0-1-0",
    "sink" : "cloud-1-1-0-1-0-0-0-0-1",
    "source" : "cloud-0-1-0-1-1-0-0-0-1-0"
  },
  "appLoopLatency" : 62.06679580303001,
  "latencyPerTupleType" : {
    "rangeFilter_TUPLE" : 1.680351056262532,
    "join_TUPLE" : 1.0551076173759442,
    "bloomFilter_TUPLE" : 0.39953128861881154,
    "sink_TUPLE" : 0.3441600861921303,
    "interpolation_TUPLE" : 0.6107798228943263,
    "mqttPublish_TUPLE" : 0.30918148767053844,
    "csvToSenML_TUPLE" : 0.36201737804127104,
    "senMLParse_TUPLE" : 0.20348539444446825,
    "annotate_TUPLE" : 1.2679208237980677,
    "azureTableInsert_TUPLE" : 1.767030375975538,
    "TUPLE" : 0.09832000000000415
  },
  "tuplesProcessedPerModule" : {
    "bloomFilter" : 3277,
    "interpolation" : 1643,
    "azureTableInsert" : 1643,
    "sink" : 3286,
    "rangeFilter" : 4800,
    "annotate" : 1643,
    "source" : 4800,
    "join" : 1643,
    "senMLParse" : 4800,
    "mqttPublish" : 1643,
    "csvToSenML" : 1643
  },
  "recsInPerModule" : {
    "bloomFilter" : 1.6400810564959942,
    "interpolation" : 0.8413801561248672,
    "azureTableInsert" : 0.8295332179512189,
    "sink" : 1.6478811591571187,
    "rangeFilter" : 2.4058668500644265,
    "annotate" : 0.8328031558936445,
    "source" : 2.423017454307191,
    "join" : 0.8370833248413501,
    "senMLParse" : 2.417159363358707,
    "mqttPublish" : 0.826541595451016,
    "csvToSenML" : 0.8294494828465739
  },
  "recsOutPerModule" : {
    "bloomFilter" : 1.638581064292058,
    "interpolation" : 0.8408966838058636,
    "azureTableInsert" : 0.8285109817374016,
    "sink" : 1.64748871814409,
    "rangeFilter" : 2.4034192259458638,
    "annotate" : 0.8319702811130308,
    "source" : 2.4228938737359758,
    "join" : 0.836321683455428,
    "senMLParse" : 2.417012291472545,
    "mqttPublish" : 0.8263441342796277,
    "csvToSenML" : 0.8292113940017201
  },
  "remainingDataPerDevice" : {
    "bloomFilter" : 75000,
    "interpolation" : 0,
    "azureTableInsert" : 0,
    "sink" : 0,
    "rangeFilter" : 370000,
    "annotate" : 0,
    "source" : 0,
    "join" : 0,
    "senMLParse" : 0,
    "mqttPublish" : 0,
    "csvToSenML" : 0
  },
  "executionTime" : 709.0,
  "networkUsage" : 400380.59,
  "tuplesSentBySensors" : 4800
}