{
  "placement" : {
    "annotate" : "cloud-1-1-0-0-1-1-0-1-0-1",
    "azureTableInsert" : "cloud-1-0-0-0-0-1-1-1-1-1",
    "bloomFilter" : "cloud-1-1-1-0-1-1-1-1-1-0",
    "csvToSenML" : "cloud-1-0-1-1-1-1-1",
    "interpolation" : "cloud-0-0-0-1-0-0-0-0-1",
    "join" : "cloud-0-1-0-0-1-0-0-0-1-1",
    "mqttPublish" : "cloud-1-1-1-0-0-1-0-0-0-1",
    "rangeFilter" : "cloud-0-1-0-1-1-0-0",
    "senMLParse" : "cloud-1-1-0-1-1-1-1-1-1-1",
    "sink" : "cloud-0-0-1-0-0-1-0-0-0",
    "source" : "cloud-0-1-1-0-1-0-1-0-1-0"
  },
  "appLoopLatency" : 75.8330386818179,
  "latencyPerTupleType" : {
    "rangeFilter_TUPLE" : 0.32739939822120273,
    "join_TUPLE" : 8.503792631816882,
    "bloomFilter_TUPLE" : 0.8101913527887266,
    "sink_TUPLE" : 0.36174678677606215,
    "interpolation_TUPLE" : 0.4455123478736799,
    "mqttPublish_TUPLE" : 0.575819686527533,
    "csvToSenML_TUPLE" : 1.2911648946241132,
    "senMLParse_TUPLE" : 0.31015898555557864,
    "annotate_TUPLE" : 2.761665267615589,
    "azureTableInsert_TUPLE" : 1.4099277107553145,
    "TUPLE" : 0.09500749999999523
  },
  "tuplesProcessedPerModule" : {
    "bloomFilter" : 3281,
    "interpolation" : 1636,
    "azureTableInsert" : 1596,
    "sink" : 3186,
    "rangeFilter" : 4685,
    "annotate" : 1636,
    "source" : 4800,
    "join" : 1636,
    "senMLParse" : 4800,
    "mqttPublish" : 1596,
    "csvToSenML" : 1596
  },
  "recsInPerModule" : {
    "bloomFilter" : 1.6815778193734703,
    "interpolation" : 0.834086555228188,
    "azureTableInsert" : 0.8034703870681472,
    "sink" : 1.5932848597427605,
    "rangeFilter" : 2.344116015575872,
    "annotate" : 0.8222700388243601,
    "source" : 2.420939919836627,
    "join" : 0.8301041541460381,
    "senMLParse" : 2.406977777830817,
    "mqttPublish" : 0.8008709418514843,
    "csvToSenML" : 0.8039965875591261
  },
  "recsOutPerModule" : {
    "bloomFilter" : 1.6805585910202852,
    "interpolation" : 0.8336576652849742,
    "azureTableInsert" : 0.8034088757213615,
    "sink" : 1.5931885873866256,
    "rangeFilter" : 2.342615953047482,
    "annotate" : 0.8205104790955863,
    "source" : 2.4208165510891373,
    "join" : 0.8261324381897225,
    "senMLParse" : 2.406831942293489,
    "mqttPublish" : 0.8008231458036162,
    "csvToSenML" : 0.8039369130352227
  },
  "remainingDataPerDevice" : {
    "bloomFilter" : 0,
    "interpolation" : 0,
    "azureTableInsert" : 0,
    "sink" : 0,
    "rangeFilter" : 145000,
    "annotate" : 400000,
    "source" : 0,
    "join" : 0,
    "senMLParse" : 560000,
    "mqttPublish" : 30000,
    "csvToSenML" : 0
  },
  "executionTime" : 684.0,
  "networkUsage" : 450662.24,
  "tuplesSentBySensors" : 4800
}