{
  "placement" : {
    "annotate" : "cloud-1-0-0-1-0-1-0-1-0-1",
    "azureTableInsert" : "cloud-1-1-0-1-1-1-0-1-1-0",
    "bloomFilter" : "cloud-1-0-0-1-1-0-1-1-0",
    "csvToSenML" : "cloud-1-1-0-1-1-1-1",
    "interpolation" : "cloud-1-1-1-1-1-0-1-0",
    "join" : "cloud-0-1-1-1-0-1-0-1-0",
    "mqttPublish" : "cloud-1-0-1-1-0-0-0",
    "rangeFilter" : "cloud-1-0-0-0-1-0-0-0-0-1",
    "senMLParse" : "cloud-0-1-1-0-0-0-1-0-0",
    "sink" : "cloud-1-1-1-0-1",
    "source" : "cloud-1-1-1-1-0-1-0-0-0-0"
  },
  "appLoopLatency" : 69.1897002878786,
  "latencyPerTupleType" : {
    "rangeFilter_TUPLE" : 1.2508058634123618,
    "join_TUPLE" : 1.8493905330750522,
    "bloomFilter_TUPLE" : 1.5666648057961967,
    "sink_TUPLE" : 0.4575557403070005,
    "interpolation_TUPLE" : 1.263283645695157,
    "mqttPublish_TUPLE" : 0.482636921984245,
    "csvToSenML_TUPLE" : 0.6323139687739022,
    "senMLParse_TUPLE" : 5.032617513333254,
    "annotate_TUPLE" : 0.8712768525503145,
    "azureTableInsert_TUPLE" : 2.814233051183317,
    "TUPLE" : 0.09364694444443918
  },
  "tuplesProcessedPerModule" : {
    "bloomFilter" : 3244,
    "interpolation" : 1640,
    "azureTableInsert" : 1640,
    "sink" : 3220,
    "rangeFilter" : 4710,
    "annotate" : 1640,
    "source" : 4800,
    "join" : 1640,
    "senMLParse" : 4800,
    "mqttPublish" : 1610,
    "csvToSenML" : 1640
  },
  "recsInPerModule" : {
    "bloomFilter" : 1.62351254258144,
    "interpolation" : 0.8358560679475743,
    "azureTableInsert" : 0.8222348267031271,
    "sink" : 1.6186186577491475,
    "rangeFilter" : 2.355940608699037,
    "annotate" : 0.8269777676749168,
    "source" : 2.4208178228677513,
    "join" : 0.8318259292563087,
    "senMLParse" : 2.4102410634627374,
    "mqttPublish" : 0.820063403866805,
    "csvToSenML" : 0.8229362495495013
  },
  "recsOutPerModule" : {
    "bloomFilter" : 1.6220959529601686,
    "interpolation" : 0.8350880210637008,
    "azureTableInsert" : 0.8205866093116259,
    "sink" : 1.6185118743177251,
    "rangeFilter" : 2.355577312150691,
    "annotate" : 0.8264625160495499,
    "source" : 2.4208165510891373,
    "join" : 0.8307064964061533,
    "senMLParse" : 2.404460825252,
    "mqttPublish" : 0.8108582680335735,
    "csvToSenML" : 0.8225725056953567
  },
  "remainingDataPerDevice" : {
    "bloomFilter" : 15000,
    "interpolation" : 0,
    "azureTableInsert" : 150000,
    "sink" : 0,
    "rangeFilter" : 165000,
    "annotate" : 0,
    "source" : 0,
    "join" : 0,
    "senMLParse" : 450000,
    "mqttPublish" : 0,
    "csvToSenML" : 0
  },
  "executionTime" : 763.0,
  "networkUsage" : 386409.46,
  "tuplesSentBySensors" : 4800
}