{
  "placement" : {
    "annotate" : "cloud-0-0-1-0-0-1-0-0-1",
    "azureTableInsert" : "cloud-0-1-1-0-0-0-0-1-1-1",
    "bloomFilter" : "cloud-1-1-1-1-0",
    "csvToSenML" : "cloud-0-1-0-1-1-0-0-1-1-1",
    "interpolation" : "cloud-0-1-0-1-0-1-0-1-0-1",
    "join" : "cloud-0-0-0-0-1-0-1-1-1",
    "mqttPublish" : "cloud-1-1-1-1-1-1-1-1-0-1",
    "rangeFilter" : "cloud-0-1-0-1-0-0",
    "senMLParse" : "cloud-0-1-1-1-1-0-0-0-0-0",
    "sink" : "cloud-0-1-0-1-0-0-0-0-1",
    "source" : "cloud-1-1-1-1-1-0-1-1-1-1"
  },
  "appLoopLatency" : 68.01884250336661,
  "latencyPerTupleType" : {
    "rangeFilter_TUPLE" : 1.9598580500114513,
    "join_TUPLE" : 0.7886116533858276,
    "bloomFilter_TUPLE" : 0.3947623565225298,
    "sink_TUPLE" : 0.6075833125557756,
    "interpolation_TUPLE" : 0.34307248765443615,
    "mqttPublish_TUPLE" : 0.537500006173004,
    "csvToSenML_TUPLE" : 1.3027459757765254,
    "senMLParse_TUPLE" : 0.28056891555557234,
    "annotate_TUPLE" : 0.2614241953798741,
    "azureTableInsert_TUPLE" : 0.47546703236091814,
    "TUPLE" : 0.09432055555555172
  },
  "tuplesProcessedPerModule" : {
    "bloomFilter" : 3233,
    "interpolation" : 1620,
    "azureTableInsert" : 1620,
    "sink" : 3216,
    "rangeFilter" : 4728,
    "annotate" : 1620,
    "source" : 4800,
    "join" : 1620,
    "senMLParse" : 4800,
    "mqttPublish" : 1620,
    "csvToSenML" : 1620
  },
  "recsInPerModule" : {
    "bloomFilter" : 1.61709767178979,
    "interpolation" : 0.8279686956022791,
    "azureTableInsert" : 0.8174875336576203,
    "sink" : 1.6101509241007432,
    "rangeFilter" : 2.3991874739087375,
    "annotate" : 0.8208721927286697,
    "source" : 2.4205736658730883,
    "join" : 0.8242169060291599,
    "senMLParse" : 2.4083061972993636,
    "mqttPublish" : 0.8129367548244313,
    "csvToSenML" : 0.817487535720231
  },
  "recsOutPerModule" : {
    "bloomFilter" : 1.6169999419227938,
    "interpolation" : 0.8277545222172669,
    "azureTableInsert" : 0.8171924681053816,
    "sink" : 1.6099443740574302,
    "rangeFilter" : 2.3641847446855198,
    "annotate" : 0.8207179753773289,
    "source" : 2.4205723943509976,
    "join" : 0.8237106714713927,
    "senMLParse" : 2.408135030718091,
    "mqttPublish" : 0.8126198734022085,
    "csvToSenML" : 0.8167486722428753
  },
  "remainingDataPerDevice" : {
    "bloomFilter" : 5000,
    "interpolation" : 0,
    "azureTableInsert" : 0,
    "sink" : 0,
    "rangeFilter" : 245000,
    "annotate" : 0,
    "source" : 0,
    "join" : 0,
    "senMLParse" : 10000,
    "mqttPublish" : 120000,
    "csvToSenML" : 0
  },
  "executionTime" : 735.0,
  "networkUsage" : 416416.84,
  "tuplesSentBySensors" : 4800
}