{
  "placement" : {
    "annotate" : "cloud-1-0-0-1-1-1-0-0",
    "azureTableInsert" : "cloud-0-0-0-0-0-0-0-0-1-1",
    "bloomFilter" : "cloud-0-1-0-0-0-0-0-1",
    "csvToSenML" : "cloud-0-0-0-0-1-0-0",
    "interpolation" : "cloud-0-0-0-0-0-0-0-0-0-0",
    "join" : "cloud-1-0-1-1-1",
    "mqttPublish" : "cloud-1-1-0-0-1-1-0-0-0-1",
    "rangeFilter" : "cloud-0-0-1-0-1-0-0-1-0-0",
    "senMLParse" : "cloud-1-0-1-0-0-1-1",
    "sink" : "cloud-1-1-0-1-1-0-1-1-1-1",
    "source" : "cloud-0-0-0-1-0-1-1-0-1-0"
  },
  "appLoopLatency" : 71.39515989393921,
  "latencyPerTupleType" : {
    "rangeFilter_TUPLE" : 15.895186794836349,
    "join_TUPLE" : 5.060583019809637,
    "bloomFilter_TUPLE" : 0.9459522903135159,
    "sink_TUPLE" : 0.49930403715409494,
    "interpolation_TUPLE" : 1.4325236942076016,
    "mqttPublish_TUPLE" : 0.32581121105808736,
    "csvToSenML_TUPLE" : 1.1901716309383172,
    "senMLParse_TUPLE" : 0.1709022359596199,
    "annotate_TUPLE" : 0.536546276706554,
    "azureTableInsert_TUPLE" : 2.8446231491755642,
    "TUPLE" : 0.0975833333333336
  },
  "tuplesProcessedPerModule" : {
    "bloomFilter" : 3231,
    "interpolation" : 1607,
    "azureTableInsert" : 1586,
    "sink" : 3134,
    "rangeFilter" : 4669,
    "annotate" : 1607,
    "source" : 4800,
    "join" : 1607,
    "senMLParse" : 4800,
    "mqttPublish" : 1567,
    "csvToSenML" : 1586
  },
  "recsInPerModule" : {
    "bloomFilter" : 1.6159030462133261,
    "interpolation" : 0.81422931894227,
    "azureTableInsert" : 0.795421397334449,
    "sink" : 1.5777887044502847,
    "rangeFilter" : 2.404783025389649,
    "annotate" : 0.8060062799285358,
    "source" : 2.422161567259642,
    "join" : 0.8101194591396051,
    "senMLParse" : 2.413147935374772,
    "mqttPublish" : 0.7930391226445674,
    "csvToSenML" : 0.7965799671608867
  },
  "recsOutPerModule" : {
    "bloomFilter" : 1.615805400281747,
    "interpolation" : 0.8136470074681819,
    "azureTableInsert" : 0.7943959045816941,
    "sink" : 1.5776791913674435,
    "rangeFilter" : 2.340584289761482,
    "annotate" : 0.8057890486401057,
    "source" : 2.4220368009149245,
    "join" : 0.8080737208718002,
    "senMLParse" : 2.4130036486387674,
    "mqttPublish" : 0.7912046471401079,
    "csvToSenML" : 0.7961442763242443
  },
  "remainingDataPerDevice" : {
    "bloomFilter" : 20000,
    "interpolation" : 0,
    "azureTableInsert" : 95000,
    "sink" : 0,
    "rangeFilter" : 20000,
    "annotate" : 210000,
    "source" : 0,
    "join" : 0,
    "senMLParse" : 0,
    "mqttPublish" : 0,
    "csvToSenML" : 0
  },
  "executionTime" : 788.0,
  "networkUsage" : 405092.38,
  "tuplesSentBySensors" : 4800
}