{
  "placement" : {
    "annotate" : "cloud-0-0-0-0-0-0-1-1-0-1",
    "azureTableInsert" : "cloud-0-1-0-0-0-1-1-1-0-1",
    "bloomFilter" : "cloud-0-0-1-0-1-1-0-1-1-1",
    "csvToSenML" : "cloud-1-0-0-1-0-0-0",
    "interpolation" : "cloud-0-0-1-0-1-0-1",
    "join" : "cloud-1-1-1-1-0-1-0-0-0",
    "mqttPublish" : "cloud-0-0-0-0-0-1-0-1-1-0",
    "rangeFilter" : "cloud-1-1-1-1-0-0-0",
    "senMLParse" : "cloud-0-1-0-1-0-1-1-1-0-0",
    "sink" : "cloud-0-1-1-1-0-0",
    "source" : "cloud-0-0-0-1-1-0"
  },
  "appLoopLatency" : 65.5404250454543,
  "latencyPerTupleType" : {
    "rangeFilter_TUPLE" : 2.333330984222485,
    "join_TUPLE" : 1.7772794838413182,
    "bloomFilter_TUPLE" : 1.5457846940667503,
    "sink_TUPLE" : 0.507149489683701,
    "interpolation_TUPLE" : 0.7066061403758129,
    "mqttPublish_TUPLE" : 0.46453311243760564,
    "csvToSenML_TUPLE" : 0.6079968096925797,
    "senMLParse_TUPLE" : 4.259048704444494,
    "annotate_TUPLE" : 0.9179825628829292,
    "azureTableInsert_TUPLE" : 1.0308963836961407,
    "TUPLE" : 0.09644444444444061
  },
  "tuplesProcessedPerModule" : {
    "bloomFilter" : 3235,
    "interpolation" : 1624,
    "azureTableInsert" : 1624,
    "sink" : 3184,
    "rangeFilter" : 4711,
    "annotate" : 1624,
    "source" : 4800,
    "join" : 1624,
    "senMLParse" : 4800,
    "mqttPublish" : 1592,
    "csvToSenML" : 1624
  },
  "recsInPerModule" : {
    "bloomFilter" : 1.617750194099956,
    "interpolation" : 0.8283433964241087,
    "azureTableInsert" : 0.8146466858501207,
    "sink" : 1.596386570089273,
    "rangeFilter" : 2.357146073085084,
    "annotate" : 0.819511397584903,
    "source" : 2.423751553347024,
    "join" : 0.824893195105926,
    "senMLParse" : 2.4132692598691876,
    "mqttPublish" : 0.8013347310288979,
    "csvToSenML" : 0.8152601259734826
  },
  "recsOutPerModule" : {
    "bloomFilter" : 1.6176386578215645,
    "interpolation" : 0.8278788983820121,
    "azureTableInsert" : 0.8139871869008689,
    "sink" : 1.596289861840706,
    "rangeFilter" : 2.356782481878026,
    "annotate" : 0.8189190765416394,
    "source" : 2.423626623151348,
    "join" : 0.8237102791618484,
    "senMLParse" : 2.407537397104099,
    "mqttPublish" : 0.8012867593861956,
    "csvToSenML" : 0.8148783226378695
  },
  "remainingDataPerDevice" : {
    "bloomFilter" : 10000,
    "interpolation" : 0,
    "azureTableInsert" : 160000,
    "sink" : 0,
    "rangeFilter" : 185000,
    "annotate" : 0,
    "source" : 0,
    "join" : 0,
    "senMLParse" : 445000,
    "mqttPublish" : 0,
    "csvToSenML" : 160000
  },
  "executionTime" : 796.0,
  "networkUsage" : 438734.42,
  "tuplesSentBySensors" : 4800
}