{
  "placement" : {
    "annotate" : "cloud-0-0-0-1-1-0",
    "azureTableInsert" : "cloud-0-1-0-1-1-0-1-0",
    "bloomFilter" : "cloud-0-1-1-1-0-0-0-0-1",
    "csvToSenML" : "cloud-0-0-0-0-0-1-1-0-0",
    "interpolation" : "cloud-0-1-0-0-1-0-0-0-1",
    "join" : "cloud-0-0-1-0-0-1-0-0-0-1",
    "mqttPublish" : "cloud-0-0-1-0-1-1-0-1-0-0",
    "rangeFilter" : "cloud-1-0-1-1-0-1-1-1-0-1",
    "senMLParse" : "cloud-0-1-0-1-0-0-0-0-0-0",
    "sink" : "cloud-0-1-1-1-1-0-1-1-0-1",
    "source" : "cloud-1-1-0-1-0-0-0-1-1"
  },
  "appLoopLatency" : 62.335505303029905,
  "latencyPerTupleType" : {
    "rangeFilter_TUPLE" : 15.59372846148353,
    "join_TUPLE" : 1.0684228684535173,
    "bloomFilter_TUPLE" : 1.577683694909742,
    "sink_TUPLE" : 0.5579137262380275,
    "interpolation_TUPLE" : 1.2819316077958123,
    "mqttPublish_TUPLE" : 1.1725562212296583,
    "csvToSenML_TUPLE" : 2.817618390187481,
    "senMLParse_TUPLE" : 0.21186738888882553,
    "annotate_TUPLE" : 0.9663362425723341,
    "azureTableInsert_TUPLE" : 0.6383409231884574,
    "TUPLE" : 0.095353737373727
  },
  "tuplesProcessedPerModule" : {
    "bloomFilter" : 3235,
    "interpolation" : 1642,
    "azureTableInsert" : 1623,
    "sink" : 3220,
    "rangeFilter" : 4669,
    "annotate" : 1642,
    "source" : 4800,
    "join" : 1642,
    "senMLParse" : 4800,
    "mqttPublish" : 1597,
    "csvToSenML" : 1623
  },
  "recsInPerModule" : {
    "bloomFilter" : 1.6406803292865257,
    "interpolation" : 0.8298491941374936,
    "azureTableInsert" : 0.8211084529375365,
    "sink" : 1.6121288582925455,
    "rangeFilter" : 2.3646167470403427,
    "annotate" : 0.8240721487743404,
    "source" : 2.4226505715184117,
    "join" : 0.826515644266673,
    "senMLParse" : 2.4108453094452837,
    "mqttPublish" : 0.8063560398456842,
    "csvToSenML" : 0.8213548940093434
  },
  "recsOutPerModule" : {
    "bloomFilter" : 1.6392430712300354,
    "interpolation" : 0.8293547911765077,
    "azureTableInsert" : 0.8148576953970438,
    "sink" : 1.611611116033967,
    "rangeFilter" : 2.3348489957165124,
    "annotate" : 0.8237035401027597,
    "source" : 2.422648255692109,
    "join" : 0.8261037158192063,
    "senMLParse" : 2.4106783677439494,
    "mqttPublish" : 0.8062941246791937,
    "csvToSenML" : 0.8139960594699789
  },
  "remainingDataPerDevice" : {
    "bloomFilter" : 0,
    "interpolation" : 0,
    "azureTableInsert" : 0,
    "sink" : 0,
    "rangeFilter" : 75000,
    "annotate" : 0,
    "source" : 0,
    "join" : 0,
    "senMLParse" : 355000,
    "mqttPublish" : 0,
    "csvToSenML" : 130000
  },
  "executionTime" : 770.0,
  "networkUsage" : 421278.34,
  "tuplesSentBySensors" : 4800
}