{
  "placement" : {
    "annotate" : "cloud-1-0-1-0-1-0-0-0",
    "azureTableInsert" : "cloud-0-0-0-1-1-0-1-1-1-1",
    "bloomFilter" : "cloud-0-1-0-0-0-0-1-1-1-1",
    "csvToSenML" : "cloud-1-1-0-0-1-1-1-0-1-0",
    "interpolation" : "cloud-0-0-1-1-1-0-1-0-1-1",
    "join" : "cloud-0-1-0-1-0-1-1-1",
    "mqttPublish" : "cloud-1-0-0-1-1-1-1-0-0-0",
    "rangeFilter" : "cloud-1-0-1-1-0-0-1-1-1",
    "senMLParse" : "cloud-0-0-0-0-1-0-1-0-0-0",
    "sink" : "cloud-1-0-1-1-0-1-1-0-1",
    "source" : "cloud-1-0-1-0-1-1-1-1-0"
  },
  "appLoopLatency" : 78.69038131701612,
  "latencyPerTupleType" : {
    "rangeFilter_TUPLE" : 0.2298156658076521,
    "join_TUPLE" : 0.34534842422398504,
    "bloomFilter_TUPLE" : 0.7220387109253611,
    "sink_TUPLE" : 0.222792626794208,
    "interpolation_TUPLE" : 0.390536864134643,
    "mqttPublish_TUPLE" : 0.19333561159717014,
    "csvToSenML_TUPLE" : 0.2292289132803027,
    "senMLParse_TUPLE" : 0.21218667575751612,
    "annotate_TUPLE" : 0.3113965787288448,
    "azureTableInsert_TUPLE" : 0.38928075019385866,
    "TUPLE" : 0.09514505050504417
  },
  "tuplesProcessedPerModule" : {
    "bloomFilter" : 3231,
    "interpolation" : 1642,
    "azureTableInsert" : 1642,
    "sink" : 3230,
    "rangeFilter" : 4798,
    "annotate" : 1642,
    "source" : 4800,
    "join" : 1642,
    "senMLParse" : 4800,
    "mqttPublish" : 1642,
    "csvToSenML" : 1642
  },
  "recsInPerModule" : {
    "bloomFilter" : 1.657532922051021,
    "interpolation" : 0.8380939488146605,
    "azureTableInsert" : 0.8252622187771839,
    "sink" : 1.6156174640261165,
    "rangeFilter" : 2.3993108574411797,
    "annotate" : 0.8298466738875955,
    "source" : 2.422283799816411,
    "join" : 0.8338462118725066,
    "senMLParse" : 2.41072422854531,
    "mqttPublish" : 0.8228656366913525,
    "csvToSenML" : 0.8265500244914001
  },
  "recsOutPerModule" : {
    "bloomFilter" : 1.657341619941123,
    "interpolation" : 0.8375896760078453,
    "azureTableInsert" : 0.8248478108066414,
    "sink" : 1.6154693227208832,
    "rangeFilter" : 2.3991408962739986,
    "annotate" : 0.8294728823810991,
    "source" : 2.4222814846912537,
    "join" : 0.833426945888114,
    "senMLParse" : 2.410557303611741,
    "mqttPublish" : 0.8226760536921414,
    "csvToSenML" : 0.8263026243191989
  },
  "remainingDataPerDevice" : {
    "bloomFilter" : 0,
    "interpolation" : 0,
    "azureTableInsert" : 95000,
    "sink" : 0,
    "rangeFilter" : 555000,
    "annotate" : 0,
    "source" : 0,
    "join" : 0,
    "senMLParse" : 10000,
    "mqttPublish" : 175000,
    "csvToSenML" : 0
  },
  "executionTime" : 676.0,
  "networkUsage" : 484500.66,
  "tuplesSentBySensors" : 4800
}