{
  "placement" : {
    "annotate" : "cloud-1-1-1-1-0-1-0-1-0-1",
    "azureTableInsert" : "cloud-1-0-1-1-1-0-0-0-0-1",
    "bloomFilter" : "cloud-0-0-1-1-0-0-0-0",
    "csvToSenML" : "cloud-0-0-1-0-0-0-1-1-0-1",
    "interpolation" : "cloud-0-0-1-1-1-0-1-1",
    "join" : "cloud-0-1-1-1-1-1-1-1-1-0",
    "mqttPublish" : "cloud-0-1-1-1-1-0-1-0-0-1",
    "rangeFilter" : "cloud-1-0-0-1-1-0-1-1",
    "senMLParse" : "cloud-1-1-1-0-0-0-0-0-1",
    "sink" : "cloud-0-1-1-1-1-0-1-0-0-1",
    "source" : "cloud-0-0-0-0-0-0-1-0-1-1"
  },
  "appLoopLatency" : 63.79888785555545,
  "latencyPerTupleType" : {
    "rangeFilter_TUPLE" : 0.2536368822221528,
    "join_TUPLE" : 9.736113828292341,
    "bloomFilter_TUPLE" : 0.1919896257851925,
    "sink_TUPLE" : 1.205759851002439,
    "interpolation_TUPLE" : 5.088120972070948,
    "mqttPublish_TUPLE" : 0.6910848701181805,
    "csvToSenML_TUPLE" : 0.8118293385771107,
    "senMLParse_TUPLE" : 0.12445628444446508,
    "annotate_TUPLE" : 2.7722089199439006,
    "azureTableInsert_TUPLE" : 1.6432389595692314,
    "TUPLE" : 0.09645111111110337
  },
  "tuplesProcessedPerModule" : {
    "bloomFilter" : 3343,
    "interpolation" : 1653,
    "azureTableInsert" : 1653,
    "sink" : 3226,
    "rangeFilter" : 4800,
    "annotate" : 1653,
    "source" : 4800,
    "join" : 1653,
    "senMLParse" : 4800,
    "mqttPublish" : 1613,
    "csvToSenML" : 1653
  },
  "recsInPerModule" : {
    "bloomFilter" : 1.6716314845425613,
    "interpolation" : 0.8481095892808018,
    "azureTableInsert" : 0.8288455334673126,
    "sink" : 1.6269739300817765,
    "rangeFilter" : 2.403710771971334,
    "annotate" : 0.834439873479531,
    "source" : 2.421917139150745,
    "join" : 0.8423391030942345,
    "senMLParse" : 2.411088545386449,
    "mqttPublish" : 0.8138367177322581,
    "csvToSenML" : 0.8285962699152835
  },
  "recsOutPerModule" : {
    "bloomFilter" : 1.6715130763860895,
    "interpolation" : 0.8453554101588213,
    "azureTableInsert" : 0.8279391349124818,
    "sink" : 1.6268576960044647,
    "rangeFilter" : 2.4035653320403334,
    "annotate" : 0.8326464965896292,
    "source" : 2.4217936707893992,
    "join" : 0.8382915883876558,
    "senMLParse" : 2.4109548256143722,
    "mqttPublish" : 0.8136796625943747,
    "csvToSenML" : 0.8281223511035843
  },
  "remainingDataPerDevice" : {
    "bloomFilter" : 40000,
    "interpolation" : 0,
    "azureTableInsert" : 200000,
    "sink" : 0,
    "rangeFilter" : 415000,
    "annotate" : 0,
    "source" : 0,
    "join" : 0,
    "senMLParse" : 0,
    "mqttPublish" : 0,
    "csvToSenML" : 200000
  },
  "executionTime" : 739.0,
  "networkUsage" : 361657.8,
  "tuplesSentBySensors" : 4800
}