{
  "placement" : {
    "annotate" : "cloud-0-0-0-0-0-0-1-1-1-1",
    "azureTableInsert" : "cloud-1-1-1-0-0-0-1-0-1-0",
    "bloomFilter" : "cloud-0-1-1-0",
    "csvToSenML" : "cloud-0-1-1-1-0-1-0-0-1-1",
    "interpolation" : "cloud-1-1-0-1-1-1-1-1-1-0",
    "join" : "cloud-0-0-0-0-0-0-0-0-0-0",
    "mqttPublish" : "cloud-1-1-0-1-1-0-1-0-1",
    "rangeFilter" : "cloud-0-0-0-0-0-1-1-1-0",
    "senMLParse" : "cloud-0-0-1-0-0-0-0-0-0",
    "sink" : "cloud-0-1-0-1-0-1-1-0-1-0",
    "source" : "cloud-0-1-0-1-1-1-1-0-0-0"
  },
  "appLoopLatency" : 61.19327045454523,
  "latencyPerTupleType" : {
    "rangeFilter_TUPLE" : 7.026928588628066,
    "join_TUPLE" : 2.1690097880303805,
    "bloomFilter_TUPLE" : 1.917565666157122,
    "sink_TUPLE" : 0.5590428176235624,
    "interpolation_TUPLE" : 0.7866762616826782,
    "mqttPublish_TUPLE" : 0.5548491724946384,
    "csvToSenML_TUPLE" : 0.6742898216589521,
    "senMLParse_TUPLE" : 4.623853277777716,
    "annotate_TUPLE" : 0.9332976262945958,
    "azureTableInsert_TUPLE" : 0.6742898216589521,
    "TUPLE" : 0.09958388888888442
  },
  "tuplesProcessedPerModule" : {
    "bloomFilter" : 3265,
    "interpolation" : 1605,
    "azureTableInsert" : 1604,
    "sink" : 3146,
    "rangeFilter" : 4707,
    "annotate" : 1604,
    "source" : 4800,
    "join" : 1604,
    "senMLParse" : 4800,
    "mqttPublish" : 1573,
    "csvToSenML" : 1604
  },
  "recsInPerModule" : {
    "bloomFilter" : 1.633060979581516,
    "interpolation" : 0.8025785583957422,
    "azureTableInsert" : 0.8043702764668638,
    "sink" : 1.5793344288658504,
    "rangeFilter" : 2.4013752515974103,
    "annotate" : 0.8083336328398045,
    "source" : 2.421917139150745,
    "join" : 0.8115261990229092,
    "senMLParse" : 2.414115073328142,
    "mqttPublish" : 0.79346964367128,
    "csvToSenML" : 0.8047738728193464
  },
  "recsOutPerModule" : {
    "bloomFilter" : 1.6326390695564768,
    "interpolation" : 0.8025258874788155,
    "azureTableInsert" : 0.804004465237736,
    "sink" : 1.579139544650974,
    "rangeFilter" : 2.358334501220516,
    "annotate" : 0.8078148922867896,
    "source" : 2.421788579580845,
    "join" : 0.8102937590699728,
    "senMLParse" : 2.4081274743750196,
    "mqttPublish" : 0.7933712609506511,
    "csvToSenML" : 0.8044076944868682
  },
  "remainingDataPerDevice" : {
    "bloomFilter" : 60000,
    "interpolation" : 5000,
    "azureTableInsert" : 155000,
    "sink" : 0,
    "rangeFilter" : 70000,
    "annotate" : 0,
    "source" : 0,
    "join" : 0,
    "senMLParse" : 0,
    "mqttPublish" : 0,
    "csvToSenML" : 155000
  },
  "executionTime" : 807.0,
  "networkUsage" : 377652.78,
  "tuplesSentBySensors" : 4800
}