{
  "placement" : {
    "annotate" : "cloud-0-1-1-1-0-1-1-0",
    "azureTableInsert" : "cloud-0-0-0-1-1-1-0-1-0-0",
    "bloomFilter" : "cloud-0-1-0-1-1-1-1-1-0-0",
    "csvToSenML" : "cloud-1-1-0-0-0-1-0-1-1-0",
    "interpolation" : "cloud-1-1-1-0-0-1-0-1-1-1",
    "join" : "cloud-0-1-0-1-0-1-0-1-1",
    "mqttPublish" : "cloud-1-0-1-0-0-0-0-1-0",
    "rangeFilter" : "cloud-1-1-0-1-0-1-0-1-0-1",
    "senMLParse" : "cloud-0-0-1-0-1-1-1",
    "sink" : "cloud-1-1-1-1-1-0-1-0-1-0",
    "source" : "cloud-0-1-1-0-0-1-0-1-0"
  },
  "appLoopLatency" : 74.81126287878737,
  "latencyPerTupleType" : {
    "rangeFilter_TUPLE" : 2.3177003077312226,
    "join_TUPLE" : 2.1384143177668307,
    "bloomFilter_TUPLE" : 4.529843960794007,
    "sink_TUPLE" : 0.5067163170751019,
    "interpolation_TUPLE" : 0.7748928729715125,
    "mqttPublish_TUPLE" : 0.549306386293372,
    "csvToSenML_TUPLE" : 2.9538925185510276,
    "senMLParse_TUPLE" : 4.568813175757416,
    "annotate_TUPLE" : 1.0069165488528737,
    "azureTableInsert_TUPLE" : 1.1121067445493438,
    "TUPLE" : 0.09459272727272279
  },
  "tuplesProcessedPerModule" : {
    "bloomFilter" : 3257,
    "interpolation" : 1641,
    "azureTableInsert" : 1605,
    "sink" : 3202,
    "rangeFilter" : 4707,
    "annotate" : 1641,
    "source" : 4800,
    "join" : 1641,
    "senMLParse" : 4800,
    "mqttPublish" : 1605,
    "csvToSenML" : 1605
  },
  "recsInPerModule" : {
    "bloomFilter" : 1.6632813110996874,
    "interpolation" : 0.8303114683728409,
    "azureTableInsert" : 0.8082056035643903,
    "sink" : 1.6030285739843306,
    "rangeFilter" : 2.3550270007561678,
    "annotate" : 0.8216638308561105,
    "source" : 2.4208178228677513,
    "join" : 0.8257052640625823,
    "senMLParse" : 2.411450896433057,
    "mqttPublish" : 0.8051158859226332,
    "csvToSenML" : 0.8080835312740794
  },
  "recsOutPerModule" : {
    "bloomFilter" : 1.6571142398461467,
    "interpolation" : 0.829797140005889,
    "azureTableInsert" : 0.8081263743602529,
    "sink" : 1.6014452814965543,
    "rangeFilter" : 2.3546414457982707,
    "annotate" : 0.8210060943416603,
    "source" : 2.420693426123321,
    "join" : 0.8242640196923021,
    "senMLParse" : 2.4054764894622784,
    "mqttPublish" : 0.8050418498706726,
    "csvToSenML" : 0.8078310223259125
  },
  "remainingDataPerDevice" : {
    "bloomFilter" : 0,
    "interpolation" : 0,
    "azureTableInsert" : 0,
    "sink" : 0,
    "rangeFilter" : 200000,
    "annotate" : 360000,
    "source" : 0,
    "join" : 0,
    "senMLParse" : 465000,
    "mqttPublish" : 20000,
    "csvToSenML" : 0
  },
  "executionTime" : 743.0,
  "networkUsage" : 465849.95,
  "tuplesSentBySensors" : 4800
}