{
  "placement" : {
    "annotate" : "cloud-1-1-1-0-1-0-1-0-1-0",
    "azureTableInsert" : "cloud-1-1-1-1-1-1-0-1-1",
    "bloomFilter" : "cloud-1-0-1-1-1-1-1-1-0",
    "csvToSenML" : "cloud-0-1-1-1-0-1-0-1-1-0",
    "interpolation" : "cloud-1-0-1-0-0-1-1-1-1",
    "join" : "cloud-1-0-1-1-0-1-1-0-0-0",
    "mqttPublish" : "cloud-0-0-0-0-1-1-0-1-1",
    "rangeFilter" : "cloud-1-0-0-0-1-0-0-1-0-1",
    "senMLParse" : "cloud-0-0-0-1-0-0-0-1",
    "sink" : "cloud-1-0-0-1-0-1-1-1-0-0",
    "source" : "cloud-1-1-0-0-0-1-0-0-0-0"
  },
  "appLoopLatency" : 63.37858792424196,
  "latencyPerTupleType" : {
    "rangeFilter_TUPLE" : 0.32089087126570653,
    "join_TUPLE" : 2.7588916088299027,
    "bloomFilter_TUPLE" : 8.539340941206788,
    "sink_TUPLE" : 0.42358824057955846,
    "interpolation_TUPLE" : 5.005664758344375,
    "mqttPublish_TUPLE" : 0.6881144381320327,
    "csvToSenML_TUPLE" : 1.58033082928619,
    "senMLParse_TUPLE" : 0.23355502666668088,
    "annotate_TUPLE" : 1.4006695751324707,
    "azureTableInsert_TUPLE" : 1.58033082928619,
    "TUPLE" : 0.09434833333333498
  },
  "tuplesProcessedPerModule" : {
    "bloomFilter" : 3226,
    "interpolation" : 1598,
    "azureTableInsert" : 1598,
    "sink" : 3120,
    "rangeFilter" : 4798,
    "annotate" : 1598,
    "source" : 4800,
    "join" : 1598,
    "senMLParse" : 4800,
    "mqttPublish" : 1560,
    "csvToSenML" : 1598
  },
  "recsInPerModule" : {
    "bloomFilter" : 1.6133680747337011,
    "interpolation" : 0.814592746107175,
    "azureTableInsert" : 0.802015533547946,
    "sink" : 1.5660016407479675,
    "rangeFilter" : 2.3991874739087375,
    "annotate" : 0.8054450104767082,
    "source" : 2.4205736658730883,
    "join" : 0.8095829237733184,
    "senMLParse" : 2.409273241912611,
    "mqttPublish" : 0.7870376561211913,
    "csvToSenML" : 0.8018143254398895
  },
  "recsOutPerModule" : {
    "bloomFilter" : 1.6132033559787455,
    "interpolation" : 0.8120933972052388,
    "azureTableInsert" : 0.8012517761800506,
    "sink" : 1.5659148566017072,
    "rangeFilter" : 2.399017530220848,
    "annotate" : 0.8047622052828263,
    "source" : 2.4205723943509976,
    "join" : 0.8082158842682531,
    "senMLParse" : 2.4091019378462737,
    "mqttPublish" : 0.7869904317605395,
    "csvToSenML" : 0.8010509510614919
  },
  "remainingDataPerDevice" : {
    "bloomFilter" : 10000,
    "interpolation" : 0,
    "azureTableInsert" : 190000,
    "sink" : 0,
    "rangeFilter" : 485000,
    "annotate" : 0,
    "source" : 0,
    "join" : 0,
    "senMLParse" : 10000,
    "mqttPublish" : 0,
    "csvToSenML" : 190000
  },
  "executionTime" : 1039.0,
  "networkUsage" : 403715.38,
  "tuplesSentBySensors" : 4800
}