{
  "placement" : {
    "annotate" : "cloud-1-1-0-0-0-1-0-1",
    "azureTableInsert" : "cloud-0-1-1-0-0-0-1-0-0",
    "bloomFilter" : "cloud-1-0-0-1-1-1-1-0-1-1",
    "csvToSenML" : "cloud-1-1-0-0-1-0-0-0-0",
    "interpolation" : "cloud-1-0-1-0-1-1-1-0-0-1",
    "join" : "cloud-1-0-1-0-0-1-1-1-0",
    "mqttPublish" : "cloud-0-1-1-0-1-1-1-1-0",
    "rangeFilter" : "cloud-1-0-0-0-1-0-0-1-1-1",
    "senMLParse" : "cloud-0-1-0-0-0-1-1-1-1-1",
    "sink" : "cloud-0-1-1-1-0-0-1-1-1-0",
    "source" : "cloud-1-0-1-1-1-1"
  },
  "appLoopLatency" : 62.83031954545438,
  "latencyPerTupleType" : {
    "rangeFilter_TUPLE" : 1.938811531074342,
    "join_TUPLE" : 1.7710881149973636,
    "bloomFilter_TUPLE" : 1.4287547906559919,
    "sink_TUPLE" : 0.47211451918321806,
    "interpolation_TUPLE" : 0.6565915935588914,
    "mqttPublish_TUPLE" : 1.0369139023912004,
    "csvToSenML_TUPLE" : 2.4753700612533636,
    "senMLParse_TUPLE" : 4.000791733333247,
    "annotate_TUPLE" : 0.8311831317924793,
    "azureTableInsert_TUPLE" : 2.4753700612533636,
    "TUPLE" : 0.09624222222221555
  },
  "tuplesProcessedPerModule" : {
    "bloomFilter" : 3296,
    "interpolation" : 1687,
    "azureTableInsert" : 1687,
    "sink" : 3345,
    "rangeFilter" : 4720,
    "annotate" : 1687,
    "source" : 4800,
    "join" : 1687,
    "senMLParse" : 4800,
    "mqttPublish" : 1687,
    "csvToSenML" : 1687
  },
  "recsInPerModule" : {
    "bloomFilter" : 1.6482600597251233,
    "interpolation" : 0.8589675824395339,
    "azureTableInsert" : 0.8484124964190246,
    "sink" : 1.6740928588979722,
    "rangeFilter" : 2.3612971136337033,
    "annotate" : 0.8523598832180974,
    "source" : 2.4243636424245456,
    "join" : 0.8564355866862862,
    "senMLParse" : 2.414722304319054,
    "mqttPublish" : 0.8454457751334652,
    "csvToSenML" : 0.8501226459813429
  },
  "recsOutPerModule" : {
    "bloomFilter" : 1.6481776749268386,
    "interpolation" : 0.8585277149099211,
    "azureTableInsert" : 0.846761896884803,
    "sink" : 1.6735030851979695,
    "rangeFilter" : 2.3608345294304454,
    "annotate" : 0.8517968132869035,
    "source" : 2.424357264903268,
    "join" : 0.8552117883454023,
    "senMLParse" : 2.4095503975738075,
    "mqttPublish" : 0.8447639950228201,
    "csvToSenML" : 0.848465391995241
  },
  "remainingDataPerDevice" : {
    "bloomFilter" : 15000,
    "interpolation" : 0,
    "azureTableInsert" : 0,
    "sink" : 0,
    "rangeFilter" : 230000,
    "annotate" : 0,
    "source" : 0,
    "join" : 0,
    "senMLParse" : 400000,
    "mqttPublish" : 145000,
    "csvToSenML" : 0
  },
  "executionTime" : 901.0,
  "networkUsage" : 409696.88,
  "tuplesSentBySensors" : 4800
}