{
  "placement" : {
    "annotate" : "cloud-0-1-1-0-0-0",
    "azureTableInsert" : "cloud-1-0-0-1-1-0-1-1-1",
    "bloomFilter" : "cloud-0-0-1-1-0-1-1-1-0",
    "csvToSenML" : "cloud-1-1-0-0-1-0-0-0-1-0",
    "interpolation" : "cloud-1-1-0-0-0-1-0-1-0-0",
    "join" : "cloud-1-0-0-1-0-1-1-0-0-0",
    "mqttPublish" : "cloud-0-0-1-0-1-1-1-0-0-1",
    "rangeFilter" : "cloud-1-1-0-0-0-0-0-0-1",
    "senMLParse" : "cloud-1-0-0-1-0-1-0-0-1",
    "sink" : "cloud-1-0-1-1-1-0-1-1-0-1",
    "source" : "cloud-1-1-0-0-0-1-1-1-0-1"
  },
  "appLoopLatency" : 72.37675935858586,
  "latencyPerTupleType" : {
    "rangeFilter_TUPLE" : 1.9820607864419062,
    "join_TUPLE" : 5.332208609686975,
    "bloomFilter_TUPLE" : 0.5526790619260294,
    "sink_TUPLE" : 0.4923284954851078,
    "interpolation_TUPLE" : 0.48747235233906927,
    "mqttPublish_TUPLE" : 0.419591031191428,
    "csvToSenML_TUPLE" : 0.902631899465589,
    "senMLParse_TUPLE" : 0.11397146555557533,
    "annotate_TUPLE" : 0.7401800135170903,
    "azureTableInsert_TUPLE" : 0.9026318994655899,
    "TUPLE" : 0.09475111111111982
  },
  "tuplesProcessedPerModule" : {
    "bloomFilter" : 3272,
    "interpolation" : 1659,
    "azureTableInsert" : 1659,
    "sink" : 3262,
    "rangeFilter" : 4724,
    "annotate" : 1659,
    "source" : 4800,
    "join" : 1659,
    "senMLParse" : 4800,
    "mqttPublish" : 1638,
    "csvToSenML" : 1659
  },
  "recsInPerModule" : {
    "bloomFilter" : 1.6760349075631107,
    "interpolation" : 0.8452485513092719,
    "azureTableInsert" : 0.8325461561866166,
    "sink" : 1.6315285872914551,
    "rangeFilter" : 2.3982111299142876,
    "annotate" : 0.8354379764103933,
    "source" : 2.41935361927741,
    "join" : 0.8408251439775835,
    "senMLParse" : 2.408546626746765,
    "mqttPublish" : 0.8208105358397412,
    "csvToSenML" : 0.8323790899087282
  },
  "recsOutPerModule" : {
    "bloomFilter" : 1.6751690256013125,
    "interpolation" : 0.8449364467595495,
    "azureTableInsert" : 0.8320891990823087,
    "sink" : 1.631395993408846,
    "rangeFilter" : 2.3622079662302884,
    "annotate" : 0.8350614202195115,
    "source" : 2.4193510787974666,
    "join" : 0.8386904927733144,
    "senMLParse" : 2.4084006010443675,
    "mqttPublish" : 0.8207304623474376,
    "csvToSenML" : 0.8319223161300409
  },
  "remainingDataPerDevice" : {
    "bloomFilter" : 0,
    "interpolation" : 0,
    "azureTableInsert" : 105000,
    "sink" : 0,
    "rangeFilter" : 285000,
    "annotate" : 0,
    "source" : 0,
    "join" : 0,
    "senMLParse" : 20000,
    "mqttPublish" : 70000,
    "csvToSenML" : 105000
  },
  "executionTime" : 674.0,
  "networkUsage" : 443557.77,
  "tuplesSentBySensors" : 4800
}