{
  "placement" : {
    "annotate" : "cloud-1-1-0-1-0-0-1-1-0-1",
    "azureTableInsert" : "cloud-1-1-1-0-0-1-0-0-0-0",
    "bloomFilter" : "cloud-0-0-1-0-0-1",
    "csvToSenML" : "cloud-0-1-1-0-1-1-0-1-1-0",
    "interpolation" : "cloud-1-0-1-0-0-0-1-0-1-0",
    "join" : "cloud-1-0-1-0-1-1-0-1-1",
    "mqttPublish" : "cloud-0-1-1-0-1-0-1-0",
    "rangeFilter" : "cloud-0-1-1-1-1-1-0",
    "senMLParse" : "cloud-0-0-1-0-1-1-1-0-0-0",
    "sink" : "cloud-1-1-1-1-1-0-1-0-0-1",
    "source" : "cloud-1-0-1-0-0-1-1-1-0-0"
  },
  "appLoopLatency" : 61.218531742424204,
  "latencyPerTupleType" : {
    "rangeFilter_TUPLE" : 2.042366790438976,
    "join_TUPLE" : 4.635562188853234,
    "bloomFilter_TUPLE" : 1.4607559233234302,
    "sink_TUPLE" : 0.4538725594834258,
    "interpolation_TUPLE" : 0.6641377453505609,
    "mqttPublish_TUPLE" : 1.0625260678396182,
    "csvToSenML_TUPLE" : 0.9832095898650298,
    "senMLParse_TUPLE" : 4.64705579999991,
    "annotate_TUPLE" : 2.055393660994584,
    "azureTableInsert_TUPLE" : 2.593031621791401,
    "TUPLE" : 0.09747972222221533
  },
  "tuplesProcessedPerModule" : {
    "bloomFilter" : 3311,
    "interpolation" : 1626,
    "azureTableInsert" : 1624,
    "sink" : 3184,
    "rangeFilter" : 4713,
    "annotate" : 1624,
    "source" : 4800,
    "join" : 1624,
    "senMLParse" : 4800,
    "mqttPublish" : 1592,
    "csvToSenML" : 1624
  },
  "recsInPerModule" : {
    "bloomFilter" : 1.6573822245805556,
    "interpolation" : 0.8131390555258998,
    "azureTableInsert" : 0.8158127463578322,
    "sink" : 1.601006988293412,
    "rangeFilter" : 2.4017511007158476,
    "annotate" : 0.8206096911592456,
    "source" : 2.4228951476981737,
    "join" : 0.8269619095894235,
    "senMLParse" : 2.4136295083800077,
    "mqttPublish" : 0.8124592060055171,
    "csvToSenML" : 0.8153622119275468
  },
  "recsOutPerModule" : {
    "bloomFilter" : 1.6572364230713599,
    "interpolation" : 0.8130856876511671,
    "azureTableInsert" : 0.8140679135688919,
    "sink" : 1.6008197791507288,
    "rangeFilter" : 2.3633198584342727,
    "annotate" : 0.8191885067414626,
    "source" : 2.422888777900579,
    "join" : 0.8237738891607155,
    "senMLParse" : 2.4080217666572428,
    "mqttPublish" : 0.8044678299627446,
    "csvToSenML" : 0.8147015544279789
  },
  "remainingDataPerDevice" : {
    "bloomFilter" : 80000,
    "interpolation" : 10000,
    "azureTableInsert" : 160000,
    "sink" : 0,
    "rangeFilter" : 0,
    "annotate" : 0,
    "source" : 0,
    "join" : 0,
    "senMLParse" : 0,
    "mqttPublish" : 0,
    "csvToSenML" : 0
  },
  "executionTime" : 807.0,
  "networkUsage" : 358810.44,
  "tuplesSentBySensors" : 4800
}