{
  "placement" : {
    "annotate" : "cloud-0-0-0-0-1-0-0-0-0-0",
    "azureTableInsert" : "cloud-1-1-0-0-1-0-0-1-1",
    "bloomFilter" : "cloud-0-1-1-0-0-0-0-0-0-1",
    "csvToSenML" : "cloud-1-1-0-0-1-0-0",
    "interpolation" : "cloud-1-1-0-0-1-0-1-1-1-0",
    "join" : "cloud-0-1-1-0-1-1-0-0-1-1",
    "mqttPublish" : "cloud-1-1-1-0-1-0-0-0-1-0",
    "rangeFilter" : "cloud-0-1-0-1-1-1-1-1-1-0",
    "senMLParse" : "cloud-0-0-1-1-0-0-0-0-0-0",
    "sink" : "cloud-0-0-0-1-0-0-0-0-0-0",
    "source" : "cloud-0-0-0-1-0-1-1-0-0-1"
  },
  "appLoopLatency" : 70.89378893939383,
  "latencyPerTupleType" : {
    "rangeFilter_TUPLE" : 2.091104128324154,
    "join_TUPLE" : 1.1470671408824118,
    "bloomFilter_TUPLE" : 0.5082327049859848,
    "sink_TUPLE" : 0.3625721775801741,
    "interpolation_TUPLE" : 2.2218062803171597,
    "mqttPublish_TUPLE" : 0.35541900322910586,
    "csvToSenML_TUPLE" : 0.7395110911322125,
    "senMLParse_TUPLE" : 0.17135432929286806,
    "annotate_TUPLE" : 0.3527289112808216,
    "azureTableInsert_TUPLE" : 0.6821559482459146,
    "TUPLE" : 0.09895833333332284
  },
  "tuplesProcessedPerModule" : {
    "bloomFilter" : 3236,
    "interpolation" : 1633,
    "azureTableInsert" : 1633,
    "sink" : 3239,
    "rangeFilter" : 4738,
    "annotate" : 1633,
    "source" : 4800,
    "join" : 1633,
    "senMLParse" : 4800,
    "mqttPublish" : 1633,
    "csvToSenML" : 1633
  },
  "recsInPerModule" : {
    "bloomFilter" : 1.659677797673344,
    "interpolation" : 0.8331397421825654,
    "azureTableInsert" : 0.8205862340431489,
    "sink" : 1.6202125251581907,
    "rangeFilter" : 2.4018912458917088,
    "annotate" : 0.8241739139697393,
    "source" : 2.422283799816411,
    "join" : 0.8280616286298416,
    "senMLParse" : 2.413386799146943,
    "mqttPublish" : 0.8179940351825996,
    "csvToSenML" : 0.8207924611496816
  },
  "recsOutPerModule" : {
    "bloomFilter" : 1.6587597034176753,
    "interpolation" : 0.8313080532587217,
    "azureTableInsert" : 0.8200182453549757,
    "sink" : 1.6196757715093029,
    "rangeFilter" : 2.3711642704876703,
    "annotate" : 0.8238984325966295,
    "source" : 2.4221552013186276,
    "join" : 0.8270546332000656,
    "senMLParse" : 2.413242483846134,
    "mqttPublish" : 0.8177226689082823,
    "csvToSenML" : 0.820171522175621
  },
  "remainingDataPerDevice" : {
    "bloomFilter" : 0,
    "interpolation" : 0,
    "azureTableInsert" : 0,
    "sink" : 0,
    "rangeFilter" : 305000,
    "annotate" : 0,
    "source" : 0,
    "join" : 0,
    "senMLParse" : 0,
    "mqttPublish" : 135000,
    "csvToSenML" : 0
  },
  "executionTime" : 1033.0,
  "networkUsage" : 440123.13,
  "tuplesSentBySensors" : 4800
}