{
  "placement" : {
    "annotate" : "cloud-1-0-0-0-0-1-1-0-0-0",
    "azureTableInsert" : "cloud-1-0-1-0-0-0-1",
    "bloomFilter" : "cloud-0-1-0-1-1-0-1-0-1-1",
    "csvToSenML" : "cloud-1-0-0-1-1-1-1-1-0-0",
    "interpolation" : "cloud-1-1-0-1-0-0-1-1-0-0",
    "join" : "cloud-0-0-1-1-0-1-1-1-0",
    "mqttPublish" : "cloud-0-0-0-0-1-1-1-0-0-1",
    "rangeFilter" : "cloud-0-0-1-1-0-0-1-0-0-1",
    "senMLParse" : "cloud-1-0-1-1-1-0-1",
    "sink" : "cloud-1-0-1-0-1-1-0-1-1-0",
    "source" : "cloud-1-1-1-1-1-0-1-0-1-0"
  },
  "appLoopLatency" : 64.55534666666654,
  "latencyPerTupleType" : {
    "rangeFilter_TUPLE" : 14.174731065402582,
    "join_TUPLE" : 1.8078792074667134,
    "bloomFilter_TUPLE" : 1.576534284407312,
    "sink_TUPLE" : 0.5134399420654135,
    "interpolation_TUPLE" : 0.7242535177076036,
    "mqttPublish_TUPLE" : 0.3061107355684133,
    "csvToSenML_TUPLE" : 1.1436364506130807,
    "senMLParse_TUPLE" : 0.2803792060605383,
    "annotate_TUPLE" : 0.5162620983940167,
    "azureTableInsert_TUPLE" : 1.1436364506130807,
    "TUPLE" : 0.0952839393939339
  },
  "tuplesProcessedPerModule" : {
    "bloomFilter" : 3277,
    "interpolation" : 1660,
    "azureTableInsert" : 1641,
    "sink" : 3222,
    "rangeFilter" : 4675,
    "annotate" : 1660,
    "source" : 4800,
    "join" : 1660,
    "senMLParse" : 4800,
    "mqttPublish" : 1611,
    "csvToSenML" : 1641
  },
  "recsInPerModule" : {
    "bloomFilter" : 1.6387263185328478,
    "interpolation" : 0.8395767074664301,
    "azureTableInsert" : 0.8228287531689582,
    "sink" : 1.6123541401440773,
    "rangeFilter" : 2.4018679620095655,
    "annotate" : 0.8317879561901492,
    "source" : 2.42106202912235,
    "join" : 0.835943278952194,
    "senMLParse" : 2.4124204686833535,
    "mqttPublish" : 0.8102808795871113,
    "csvToSenML" : 0.8226225159080446
  },
  "recsOutPerModule" : {
    "bloomFilter" : 1.6386133379190888,
    "interpolation" : 0.8392822223747753,
    "azureTableInsert" : 0.8221434068087463,
    "sink" : 1.612239843829726,
    "rangeFilter" : 2.3401390091535745,
    "annotate" : 0.8315813492053287,
    "source" : 2.421059716332045,
    "join" : 0.8352201330447918,
    "senMLParse" : 2.412248716792626,
    "mqttPublish" : 0.810231637550813,
    "csvToSenML" : 0.8219375129179636
  },
  "remainingDataPerDevice" : {
    "bloomFilter" : 5000,
    "interpolation" : 0,
    "azureTableInsert" : 150000,
    "sink" : 0,
    "rangeFilter" : 65000,
    "annotate" : 190000,
    "source" : 0,
    "join" : 0,
    "senMLParse" : 0,
    "mqttPublish" : 0,
    "csvToSenML" : 150000
  },
  "executionTime" : 944.0,
  "networkUsage" : 439070.35,
  "tuplesSentBySensors" : 4800
}