{
  "placement" : {
    "annotate" : "cloud-1-1-0-0-0-1-0-0",
    "azureTableInsert" : "cloud-0-1-0-1-0-0-1-0-1-0",
    "bloomFilter" : "cloud-1-1-0-0-0-1-1-1-1-0",
    "csvToSenML" : "cloud-1-0-1-1-1",
    "interpolation" : "cloud-0-1-0-0-0-1-1-1-0-0",
    "join" : "cloud-0-0-1-0-0-0-1-1-0-0",
    "mqttPublish" : "cloud-0-1-0-1-1-1-1-1-0",
    "rangeFilter" : "cloud-1-1-1-0-0-0-0-0-0-1",
    "senMLParse" : "cloud-0-0-0-0-1-1-0-1-1",
    "sink" : "cloud-0-0-1-1-0-0-0-1-1-1",
    "source" : "cloud-1-0-0-0-0-0-1"
  },
  "appLoopLatency" : 74.96064989393928,
  "latencyPerTupleType" : {
    "rangeFilter_TUPLE" : 2.911681853939309,
    "join_TUPLE" : 0.6701662207903568,
    "bloomFilter_TUPLE" : 1.0557418926608741,
    "sink_TUPLE" : 0.3614331026323188,
    "interpolation_TUPLE" : 0.8684842052264977,
    "mqttPublish_TUPLE" : 0.7893498054183506,
    "csvToSenML_TUPLE" : 1.9616193782512623,
    "senMLParse_TUPLE" : 0.19085405131316863,
    "annotate_TUPLE" : 0.3521360727850166,
    "azureTableInsert_TUPLE" : 0.41971366703148877,
    "TUPLE" : 0.0955499999999998
  },
  "tuplesProcessedPerModule" : {
    "bloomFilter" : 3246,
    "interpolation" : 1580,
    "azureTableInsert" : 1580,
    "sink" : 3120,
    "rangeFilter" : 4800,
    "annotate" : 1580,
    "source" : 4800,
    "join" : 1580,
    "senMLParse" : 4800,
    "mqttPublish" : 1580,
    "csvToSenML" : 1580
  },
  "recsInPerModule" : {
    "bloomFilter" : 1.6250803923207382,
    "interpolation" : 0.8060612975966133,
    "azureTableInsert" : 0.7937092968377412,
    "sink" : 1.5631992819844158,
    "rangeFilter" : 2.405484479410138,
    "annotate" : 0.7982876651621341,
    "source" : 2.424241199878182,
    "join" : 0.8019902375358327,
    "senMLParse" : 2.4156995806436035,
    "mqttPublish" : 0.7921552871455029,
    "csvToSenML" : 0.7959083235819283
  },
  "recsOutPerModule" : {
    "bloomFilter" : 1.6230802974342449,
    "interpolation" : 0.8055065265152334,
    "azureTableInsert" : 0.7934618365861028,
    "sink" : 1.5629578318275303,
    "rangeFilter" : 2.402103817425932,
    "annotate" : 0.798079331792112,
    "source" : 2.424239924500078,
    "join" : 0.801568113061815,
    "senMLParse" : 2.4155319660098544,
    "mqttPublish" : 0.7917021242223702,
    "csvToSenML" : 0.7948256157710659
  },
  "remainingDataPerDevice" : {
    "bloomFilter" : 75000,
    "interpolation" : 0,
    "azureTableInsert" : 100000,
    "sink" : 0,
    "rangeFilter" : 445000,
    "annotate" : 0,
    "source" : 0,
    "join" : 0,
    "senMLParse" : 0,
    "mqttPublish" : 100000,
    "csvToSenML" : 0
  },
  "executionTime" : 776.0,
  "networkUsage" : 449850.36,
  "tuplesSentBySensors" : 4800
}