{
  "placement" : {
    "annotate" : "cloud-1-0-1-0-1-0-1-0",
    "azureTableInsert" : "cloud-0-0-0-1-0-0-0-0-0-1",
    "bloomFilter" : "cloud-1-0-0-1-0-1-1-0-0",
    "csvToSenML" : "cloud-1-0-0-1-1-1-0-0-1",
    "interpolation" : "cloud-0-0-1-1-1-1-1-1-1-1",
    "join" : "cloud-0-1-0-1-1-0-1-0-1-1",
    "mqttPublish" : "cloud-1-0-0-1-1-1-1-0-0-1",
    "rangeFilter" : "cloud-1-1-1-1-0-0-1-0-0",
    "senMLParse" : "cloud-0-0-1-0-1",
    "sink" : "cloud-0-1-0-0-0-0-0-0-0",
    "source" : "cloud-0-1-1-1-0-0-1-1-0-1"
  },
  "appLoopLatency" : 70.07480454545438,
  "latencyPerTupleType" : {
    "rangeFilter_TUPLE" : 1.6814473333350235,
    "join_TUPLE" : 2.4721140018703487,
    "bloomFilter_TUPLE" : 1.1965842570110834,
    "sink_TUPLE" : 0.6730877277003419,
    "interpolation_TUPLE" : 1.8471479431153683,
    "mqttPublish_TUPLE" : 1.5369431642670257,
    "csvToSenML_TUPLE" : 0.8243483862771518,
    "senMLParse_TUPLE" : 5.63750609090902,
    "annotate_TUPLE" : 3.031244642361928,
    "azureTableInsert_TUPLE" : 0.8243483862771518,
    "TUPLE" : 0.0964159595959597
  },
  "tuplesProcessedPerModule" : {
    "bloomFilter" : 3293,
    "interpolation" : 1637,
    "azureTableInsert" : 1637,
    "sink" : 3194,
    "rangeFilter" : 4800,
    "annotate" : 1637,
    "source" : 4800,
    "join" : 1637,
    "senMLParse" : 4800,
    "mqttPublish" : 1597,
    "csvToSenML" : 1637
  },
  "recsInPerModule" : {
    "bloomFilter" : 1.647188804942563,
    "interpolation" : 0.835944935440679,
    "azureTableInsert" : 0.8197522070809989,
    "sink" : 1.6040292446410398,
    "rangeFilter" : 2.40369082848029,
    "annotate" : 0.8257774751047563,
    "source" : 2.423017454307191,
    "join" : 0.8313598247670853,
    "senMLParse" : 2.417645306433354,
    "mqttPublish" : 0.8059618436811057,
    "csvToSenML" : 0.8202451276212223
  },
  "recsOutPerModule" : {
    "bloomFilter" : 1.6470892516700826,
    "interpolation" : 0.8348365169120247,
    "azureTableInsert" : 0.8192838170826928,
    "sink" : 1.6039319138943366,
    "rangeFilter" : 2.4009155103725637,
    "annotate" : 0.8240039702887951,
    "source" : 2.422892831404264,
    "join" : 0.8298808841562015,
    "senMLParse" : 2.410820083254791,
    "mqttPublish" : 0.8058999890333393,
    "csvToSenML" : 0.8197761743248265
  },
  "remainingDataPerDevice" : {
    "bloomFilter" : 65000,
    "interpolation" : 0,
    "azureTableInsert" : 200000,
    "sink" : 0,
    "rangeFilter" : 345000,
    "annotate" : 0,
    "source" : 0,
    "join" : 0,
    "senMLParse" : 0,
    "mqttPublish" : 0,
    "csvToSenML" : 200000
  },
  "executionTime" : 770.0,
  "networkUsage" : 427653.7,
  "tuplesSentBySensors" : 4800
}