{
  "placement" : {
    "annotate" : "cloud-0-0-0-1-1-0-1-0-1-0",
    "azureTableInsert" : "cloud-0-0-1-1-1-0-1-0-0-1",
    "bloomFilter" : "cloud-1-0-0-1-0-0-1-1-1-1",
    "csvToSenML" : "cloud-0-0-1-1-0-1-0-0-0",
    "interpolation" : "cloud-0-1-1-0-1-1-0-1-0-1",
    "join" : "cloud-1-1-1-1-1-0-0-1",
    "mqttPublish" : "cloud-1-0-1-0-1-1-1-1-1-1",
    "rangeFilter" : "cloud-1-1-1-0-0-0-0-1-0-1",
    "senMLParse" : "cloud-0-1-1-0-1-0-1-0-0-1",
    "sink" : "cloud-0-1-0-0-1-0-0-1-0",
    "source" : "cloud-0-0-1-1-1"
  },
  "appLoopLatency" : 70.17335639225595,
  "latencyPerTupleType" : {
    "rangeFilter_TUPLE" : 15.12470988182845,
    "join_TUPLE" : 1.039415702023645,
    "bloomFilter_TUPLE" : 1.553211145281249,
    "sink_TUPLE" : 0.5188395633158169,
    "interpolation_TUPLE" : 0.7267213979157368,
    "mqttPublish_TUPLE" : 1.1546548211408967,
    "csvToSenML_TUPLE" : 1.1495455971061186,
    "senMLParse_TUPLE" : 0.2741998355555767,
    "annotate_TUPLE" : 0.9350414684246465,
    "azureTableInsert_TUPLE" : 2.728345365842024,
    "TUPLE" : 0.09735388888889134
  },
  "tuplesProcessedPerModule" : {
    "bloomFilter" : 3237,
    "interpolation" : 1631,
    "azureTableInsert" : 1608,
    "sink" : 3182,
    "rangeFilter" : 4674,
    "annotate" : 1631,
    "source" : 4800,
    "join" : 1631,
    "senMLParse" : 4800,
    "mqttPublish" : 1608,
    "csvToSenML" : 1631
  },
  "recsInPerModule" : {
    "bloomFilter" : 1.6190657780837208,
    "interpolation" : 0.8270599601506616,
    "azureTableInsert" : 0.8079130377258081,
    "sink" : 1.597023342931227,
    "rangeFilter" : 2.4070720714210565,
    "annotate" : 0.8187164261416247,
    "source" : 2.424976040731514,
    "join" : 0.8230870024033085,
    "senMLParse" : 2.417158095421137,
    "mqttPublish" : 0.8056521035710024,
    "csvToSenML" : 0.8160707119859906
  },
  "recsOutPerModule" : {
    "bloomFilter" : 1.6189234593195463,
    "interpolation" : 0.8267167255416304,
    "azureTableInsert" : 0.8069750093346861,
    "sink" : 1.5968931041571637,
    "rangeFilter" : 2.344184037386979,
    "annotate" : 0.8182817109050774,
    "source" : 2.424850984276904,
    "join" : 0.8225979326908834,
    "senMLParse" : 2.417011023689265,
    "mqttPublish" : 0.8052545326769566,
    "csvToSenML" : 0.81554108941288
  },
  "remainingDataPerDevice" : {
    "bloomFilter" : 25000,
    "interpolation" : 0,
    "azureTableInsert" : 85000,
    "sink" : 0,
    "rangeFilter" : 10000,
    "annotate" : 115000,
    "source" : 0,
    "join" : 0,
    "senMLParse" : 0,
    "mqttPublish" : 85000,
    "csvToSenML" : 115000
  },
  "executionTime" : 800.0,
  "networkUsage" : 435118.25,
  "tuplesSentBySensors" : 4800
}