{
  "placement" : {
    "annotate" : "cloud-1-0-0-1-1-0-1-1-1-0",
    "azureTableInsert" : "cloud-0-1-0-0-1-1-0-0",
    "bloomFilter" : "cloud-0-0-0-0-1-1-0-0-1-0",
    "csvToSenML" : "cloud-0-0-1-0-0-1-1-0-0-1",
    "interpolation" : "cloud-0-0-1-1-1-1-0-1-1-1",
    "join" : "cloud-0-0-0-1-0-1-1-0-0-1",
    "mqttPublish" : "cloud-1-0-0-0-1",
    "rangeFilter" : "cloud-1-0-1-1-0-1-0-0-1-0",
    "senMLParse" : "cloud-1-1-0-0-0-1-0-1-0",
    "sink" : "cloud-1-1-0-1-1-1-0-0-1-0",
    "source" : "cloud-1-1-0-1-0-1-0-0-1-0"
  },
  "appLoopLatency" : 65.26868974242426,
  "latencyPerTupleType" : {
    "rangeFilter_TUPLE" : 2.374092013098747,
    "join_TUPLE" : 6.280659692102887,
    "bloomFilter_TUPLE" : 1.682981470931363,
    "sink_TUPLE" : 1.3417514860250794,
    "interpolation_TUPLE" : 3.6720400555228325,
    "mqttPublish_TUPLE" : 0.5765543966044436,
    "csvToSenML_TUPLE" : 3.1032060119089993,
    "senMLParse_TUPLE" : 5.331659193333398,
    "annotate_TUPLE" : 0.5784262046405539,
    "azureTableInsert_TUPLE" : 0.6928765241569522,
    "TUPLE" : 0.09468166666666046
  },
  "tuplesProcessedPerModule" : {
    "bloomFilter" : 3255,
    "interpolation" : 1681,
    "azureTableInsert" : 1649,
    "sink" : 3298,
    "rangeFilter" : 4706,
    "annotate" : 1681,
    "source" : 4800,
    "join" : 1681,
    "senMLParse" : 4800,
    "mqttPublish" : 1649,
    "csvToSenML" : 1649
  },
  "recsInPerModule" : {
    "bloomFilter" : 1.6277578709680192,
    "interpolation" : 0.855587779517916,
    "azureTableInsert" : 0.8330477038642717,
    "sink" : 1.6537272964530587,
    "rangeFilter" : 2.3546466626887224,
    "annotate" : 0.8435221735887707,
    "source" : 2.420085499603963,
    "join" : 0.850221090221014,
    "senMLParse" : 2.410602935969422,
    "mqttPublish" : 0.8296857411476816,
    "csvToSenML" : 0.8328794031725665
  },
  "recsOutPerModule" : {
    "bloomFilter" : 1.627645644284695,
    "interpolation" : 0.8533726162654206,
    "azureTableInsert" : 0.8329617908148099,
    "sink" : 1.6534716554716788,
    "rangeFilter" : 2.3542165390244887,
    "annotate" : 0.8431977855526177,
    "source" : 2.4200829575867435,
    "join" : 0.8469653974124993,
    "senMLParse" : 2.4045699848454722,
    "mqttPublish" : 0.8296092153309893,
    "csvToSenML" : 0.8326183178519206
  },
  "remainingDataPerDevice" : {
    "bloomFilter" : 10000,
    "interpolation" : 0,
    "azureTableInsert" : 0,
    "sink" : 0,
    "rangeFilter" : 160000,
    "annotate" : 320000,
    "source" : 0,
    "join" : 0,
    "senMLParse" : 470000,
    "mqttPublish" : 0,
    "csvToSenML" : 0
  },
  "executionTime" : 868.0,
  "networkUsage" : 417436.95,
  "tuplesSentBySensors" : 4800
}