{
  "placement" : {
    "annotate" : "cloud-1-1-1-0-1-1-1-1",
    "azureTableInsert" : "cloud-0-0-1-1-0-0-0-1-0-0",
    "bloomFilter" : "cloud-0-0-1-1-1-0-1-1-0-0",
    "csvToSenML" : "cloud-1-0-0-0-0-1-0-1-0",
    "interpolation" : "cloud-0-0-1-0",
    "join" : "cloud-1-1-0-1-1-1-0-0-1-1",
    "mqttPublish" : "cloud-0-0-0-1-1-1-0-0",
    "rangeFilter" : "cloud-0-0-1-0-0-1-0-0-1-1",
    "senMLParse" : "cloud-0-0-0-1-0-0-0-1-0",
    "sink" : "cloud-1-1-1-1-0-1-0-1",
    "source" : "cloud-1-1-0-1-1-1-0-0"
  },
  "appLoopLatency" : 59.004250606060396,
  "latencyPerTupleType" : {
    "rangeFilter_TUPLE" : 2.813432663771158,
    "join_TUPLE" : 1.0615261310109196,
    "bloomFilter_TUPLE" : 0.8620602543524791,
    "sink_TUPLE" : 0.21746304958286036,
    "interpolation_TUPLE" : 0.7841504644349466,
    "mqttPublish_TUPLE" : 0.7016140042644134,
    "csvToSenML_TUPLE" : 0.3942077544914944,
    "senMLParse_TUPLE" : 0.17477756565649624,
    "annotate_TUPLE" : 1.3262219011070893,
    "azureTableInsert_TUPLE" : 0.6360665492655617,
    "TUPLE" : 0.09592444444444158
  },
  "tuplesProcessedPerModule" : {
    "bloomFilter" : 3290,
    "interpolation" : 1670,
    "azureTableInsert" : 1670,
    "sink" : 3340,
    "rangeFilter" : 4741,
    "annotate" : 1670,
    "source" : 4800,
    "join" : 1670,
    "senMLParse" : 4800,
    "mqttPublish" : 1670,
    "csvToSenML" : 1670
  },
  "recsInPerModule" : {
    "bloomFilter" : 1.6454709869002873,
    "interpolation" : 0.8547529154126569,
    "azureTableInsert" : 0.8438085290609663,
    "sink" : 1.675877703666909,
    "rangeFilter" : 2.4015079162811186,
    "annotate" : 0.847829078894589,
    "source" : 2.4216727603689217,
    "join" : 0.8512455561561547,
    "senMLParse" : 2.4107202156555307,
    "mqttPublish" : 0.841842981581846,
    "csvToSenML" : 0.8450467943071408
  },
  "recsOutPerModule" : {
    "bloomFilter" : 1.6453263562164686,
    "interpolation" : 0.854162716372372,
    "azureTableInsert" : 0.8433623843197868,
    "sink" : 1.6756184699582133,
    "rangeFilter" : 2.371989440813824,
    "annotate" : 0.8468903524172307,
    "source" : 2.421666396997016,
    "join" : 0.8504632769650262,
    "senMLParse" : 2.410553291277668,
    "mqttPublish" : 0.8413587700017761,
    "csvToSenML" : 0.8447814048538194
  },
  "remainingDataPerDevice" : {
    "bloomFilter" : 15000,
    "interpolation" : 0,
    "azureTableInsert" : 0,
    "sink" : 0,
    "rangeFilter" : 315000,
    "annotate" : 0,
    "source" : 0,
    "join" : 0,
    "senMLParse" : 0,
    "mqttPublish" : 0,
    "csvToSenML" : 0
  },
  "executionTime" : 915.0,
  "networkUsage" : 373133.07,
  "tuplesSentBySensors" : 4800
}