{
  "placement" : {
    "annotate" : "cloud-1-0-1-1-0-1-0-1-1",
    "azureTableInsert" : "cloud-1-0-1-1-0-0-1-0-0-1",
    "bloomFilter" : "cloud-1-1-1-0-1-1-1-0-1-0",
    "csvToSenML" : "cloud-0-0-1-1-0-1-0-1-0-0",
    "interpolation" : "cloud-1-0-1-1-0-1-1",
    "join" : "cloud-1-0-0-0-0-0-0-0-0",
    "mqttPublish" : "cloud-1-1-0-1-1-0-0-1-0",
    "rangeFilter" : "cloud-1-1-1-0-1-1-0-1-0-0",
    "senMLParse" : "cloud-0-0-1-0-1-0-1-1-0-1",
    "sink" : "cloud-1-1-0-0-1-1-0-1-1",
    "source" : "cloud-1-0-0-0-0-1-0"
  },
  "appLoopLatency" : 48.19917034848446,
  "latencyPerTupleType" : {
    "rangeFilter_TUPLE" : 2.9122377428281645,
    "join_TUPLE" : 4.125721707418885,
    "bloomFilter_TUPLE" : 0.9216203690021522,
    "sink_TUPLE" : 0.40194668995351174,
    "interpolation_TUPLE" : 2.2576282129464578,
    "mqttPublish_TUPLE" : 0.2589851851854608,
    "csvToSenML_TUPLE" : 2.101052121109198,
    "senMLParse_TUPLE" : 0.19110657989901636,
    "annotate_TUPLE" : 1.681319095320317,
    "azureTableInsert_TUPLE" : 0.4951148510247709,
    "TUPLE" : 0.09556388888889357
  },
  "tuplesProcessedPerModule" : {
    "bloomFilter" : 3321,
    "interpolation" : 1616,
    "azureTableInsert" : 1611,
    "sink" : 3222,
    "rangeFilter" : 4800,
    "annotate" : 1611,
    "source" : 4800,
    "join" : 1611,
    "senMLParse" : 4800,
    "mqttPublish" : 1611,
    "csvToSenML" : 1611
  },
  "recsInPerModule" : {
    "bloomFilter" : 1.662378474414842,
    "interpolation" : 0.8126971392512679,
    "azureTableInsert" : 0.8157449716085234,
    "sink" : 1.6123085212216215,
    "rangeFilter" : 2.406087375851671,
    "annotate" : 0.8180205993542147,
    "source" : 2.4239963518854903,
    "join" : 0.8229335558438681,
    "senMLParse" : 2.415821161855429,
    "mqttPublish" : 0.8086750366968268,
    "csvToSenML" : 0.8136438116837434
  },
  "recsOutPerModule" : {
    "bloomFilter" : 1.6620116618941567,
    "interpolation" : 0.8083756044185925,
    "azureTableInsert" : 0.8154671112446841,
    "sink" : 1.6118917776239656,
    "rangeFilter" : 2.4027050202281446,
    "annotate" : 0.817028382741415,
    "source" : 2.4239950767649994,
    "join" : 0.8207298912445867,
    "senMLParse" : 2.415653530349883,
    "mqttPublish" : 0.8085414397203202,
    "csvToSenML" : 0.8124273820252366
  },
  "remainingDataPerDevice" : {
    "bloomFilter" : 85000,
    "interpolation" : 25000,
    "azureTableInsert" : 0,
    "sink" : 0,
    "rangeFilter" : 200000,
    "annotate" : 0,
    "source" : 0,
    "join" : 0,
    "senMLParse" : 0,
    "mqttPublish" : 0,
    "csvToSenML" : 0
  },
  "executionTime" : 718.0,
  "networkUsage" : 332125.47,
  "tuplesSentBySensors" : 4800
}