{
  "placement" : {
    "annotate" : "cloud-0-1-1",
    "azureTableInsert" : "cloud-1-1-0-1-1-0-1-0-0",
    "bloomFilter" : "cloud-0-0-0-1-0-1-1-0",
    "csvToSenML" : "cloud-0-1-0-1-1-0-1-1-1-0",
    "interpolation" : "cloud-1-0-1-1-1-1-0-0-0",
    "join" : "cloud-1-1-0-0",
    "mqttPublish" : "cloud-0-0-1-1-0-0-0-0-1",
    "rangeFilter" : "cloud-0-0-0-0-1-1-1-1-1",
    "senMLParse" : "cloud-1-0-1-1-1-0-1-1",
    "sink" : "cloud-1-0-1-1-0-0-0-1-1",
    "source" : "cloud-0-0-0-0-0-1-0-1-0"
  },
  "appLoopLatency" : 50.01679580303019,
  "latencyPerTupleType" : {
    "rangeFilter_TUPLE" : 2.1096587033333005,
    "join_TUPLE" : 1.1602042466316034,
    "bloomFilter_TUPLE" : 0.8233888806673821,
    "sink_TUPLE" : 0.21905356721332217,
    "interpolation_TUPLE" : 0.6954748470949931,
    "mqttPublish_TUPLE" : 0.21234745426764987,
    "csvToSenML_TUPLE" : 0.3805803900291378,
    "senMLParse_TUPLE" : 0.16718202060608753,
    "annotate_TUPLE" : 0.32340711911798525,
    "azureTableInsert_TUPLE" : 0.6214400189421011,
    "TUPLE" : 0.09689555555555744
  },
  "tuplesProcessedPerModule" : {
    "bloomFilter" : 3314,
    "interpolation" : 1635,
    "azureTableInsert" : 1635,
    "sink" : 3270,
    "rangeFilter" : 4800,
    "annotate" : 1635,
    "source" : 4800,
    "join" : 1635,
    "senMLParse" : 4800,
    "mqttPublish" : 1635,
    "csvToSenML" : 1635
  },
  "recsInPerModule" : {
    "bloomFilter" : 1.6572476338133708,
    "interpolation" : 0.8373542111485085,
    "azureTableInsert" : 0.8296389313300249,
    "sink" : 1.6452954323914708,
    "rangeFilter" : 2.403097504697417,
    "annotate" : 0.8321479228151303,
    "source" : 2.421550589470997,
    "join" : 0.8344998994328324,
    "senMLParse" : 2.4112084011830808,
    "mqttPublish" : 0.8264195289276752,
    "csvToSenML" : 0.8301444160976491
  },
  "recsOutPerModule" : {
    "bloomFilter" : 1.6571019879361806,
    "interpolation" : 0.8366783510962107,
    "azureTableInsert" : 0.8290789609038695,
    "sink" : 1.6449885034996106,
    "rangeFilter" : 2.4002008016536833,
    "annotate" : 0.831876246999608,
    "source" : 2.421425886060057,
    "join" : 0.8334205084993678,
    "senMLParse" : 2.4110643462838723,
    "mqttPublish" : 0.8262646541292172,
    "csvToSenML" : 0.8298170107099474
  },
  "remainingDataPerDevice" : {
    "bloomFilter" : 135000,
    "interpolation" : 0,
    "azureTableInsert" : 0,
    "sink" : 0,
    "rangeFilter" : 275000,
    "annotate" : 0,
    "source" : 0,
    "join" : 0,
    "senMLParse" : 0,
    "mqttPublish" : 0,
    "csvToSenML" : 0
  },
  "executionTime" : 786.0,
  "networkUsage" : 320099.98,
  "tuplesSentBySensors" : 4800
}