{
  "placement" : {
    "annotate" : "cloud-1-0-0-0-1-1-0-0",
    "azureTableInsert" : "cloud",
    "bloomFilter" : "cloud-1-0-1-1-0-1-1-1-1-0",
    "csvToSenML" : "cloud-0-0-1-0-1-0-1-1-1-1",
    "interpolation" : "cloud-1-0-1-0-1-0-1-0-0-0",
    "join" : "cloud-1-1-1-1",
    "mqttPublish" : "cloud-1-0-1-1-1-0-1-1-1",
    "rangeFilter" : "cloud-0-1-0-1-1-1-0-1-0-0",
    "senMLParse" : "cloud-1-1-0-1-1-1-1-0",
    "sink" : "cloud-1-0-0-0-1-0-1-0-0-0",
    "source" : "cloud-1-0-1-0-1-0-0-0-1"
  },
  "appLoopLatency" : 60.94076187926821,
  "latencyPerTupleType" : {
    "rangeFilter_TUPLE" : 0.2173324490866305,
    "join_TUPLE" : 1.545960329729224,
    "bloomFilter_TUPLE" : 8.58908957792868,
    "sink_TUPLE" : 0.7328498102487992,
    "interpolation_TUPLE" : 1.0614624045807777,
    "mqttPublish_TUPLE" : 1.7040158513480403,
    "csvToSenML_TUPLE" : 1.5509221339467287,
    "senMLParse_TUPLE" : 0.25189444444438164,
    "annotate_TUPLE" : 3.335188688507895,
    "azureTableInsert_TUPLE" : 0.29373511450529366,
    "TUPLE" : 0.09743166666666737
  },
  "tuplesProcessedPerModule" : {
    "bloomFilter" : 3238,
    "interpolation" : 1572,
    "azureTableInsert" : 1572,
    "sink" : 3104,
    "rangeFilter" : 4763,
    "annotate" : 1572,
    "source" : 4800,
    "join" : 1572,
    "senMLParse" : 4800,
    "mqttPublish" : 1535,
    "csvToSenML" : 1535
  },
  "recsInPerModule" : {
    "bloomFilter" : 1.6584804873385324,
    "interpolation" : 0.7979223901193303,
    "azureTableInsert" : 0.7885765641798789,
    "sink" : 1.5537116779070401,
    "rangeFilter" : 2.3851180275655937,
    "annotate" : 0.7915378315133083,
    "source" : 2.4205736658730883,
    "join" : 0.7942310726266345,
    "senMLParse" : 2.4101149955574215,
    "mqttPublish" : 0.7703197314503761,
    "csvToSenML" : 0.7866823571319025
  },
  "recsOutPerModule" : {
    "bloomFilter" : 1.6515229739953816,
    "interpolation" : 0.7974139170033454,
    "azureTableInsert" : 0.7884455498144847,
    "sink" : 1.5530891681479577,
    "rangeFilter" : 2.3816178781768804,
    "annotate" : 0.7899650008904191,
    "source" : 2.420567308275993,
    "join" : 0.7934956668877433,
    "senMLParse" : 2.4099435717737525,
    "mqttPublish" : 0.7702206843664173,
    "csvToSenML" : 0.7736587444291242
  },
  "remainingDataPerDevice" : {
    "bloomFilter" : 0,
    "interpolation" : 0,
    "azureTableInsert" : 0,
    "sink" : 0,
    "rangeFilter" : 435000,
    "annotate" : 0,
    "source" : 0,
    "join" : 0,
    "senMLParse" : 150000,
    "mqttPublish" : 15000,
    "csvToSenML" : 0
  },
  "executionTime" : 1112.0,
  "networkUsage" : 424790.1,
  "tuplesSentBySensors" : 4800
}