{
  "placement" : {
    "annotate" : "cloud-1-1-1-0-0-0-0-1-1-0",
    "azureTableInsert" : "cloud-0-0-1-0-0-1-0-0-0",
    "bloomFilter" : "cloud-0-0-0-1-0-1-1-1-1-0",
    "csvToSenML" : "cloud-0-0-1",
    "interpolation" : "cloud-0-0-0-0-1-0-0-0-1",
    "join" : "cloud-1-0-0-0-0-0-0-0",
    "mqttPublish" : "cloud-1-0-0-1-0-0-1-1-0-1",
    "rangeFilter" : "cloud-0-1-0-1-0-0-0-1-1",
    "senMLParse" : "cloud-0-1-1-1-0-0-1-0-0-0",
    "sink" : "cloud-0-0-0-1-0",
    "source" : "cloud-1-1-1-1-1-0-1-0-0-0"
  },
  "appLoopLatency" : 57.859698227272446,
  "latencyPerTupleType" : {
    "rangeFilter_TUPLE" : 15.691294245778288,
    "join_TUPLE" : 4.733678277663421,
    "bloomFilter_TUPLE" : 0.9313062358065081,
    "sink_TUPLE" : 1.2261267509189198,
    "interpolation_TUPLE" : 0.7095318081386045,
    "mqttPublish_TUPLE" : 1.1083031757935973,
    "csvToSenML_TUPLE" : 0.6320700528618577,
    "senMLParse_TUPLE" : 0.19566298787881847,
    "annotate_TUPLE" : 0.5084243581654555,
    "azureTableInsert_TUPLE" : 0.6320700528618577,
    "TUPLE" : 0.09534833333333602
  },
  "tuplesProcessedPerModule" : {
    "bloomFilter" : 3269,
    "interpolation" : 1584,
    "azureTableInsert" : 1565,
    "sink" : 3068,
    "rangeFilter" : 4671,
    "annotate" : 1584,
    "source" : 4800,
    "join" : 1584,
    "senMLParse" : 4800,
    "mqttPublish" : 1534,
    "csvToSenML" : 1565
  },
  "recsInPerModule" : {
    "bloomFilter" : 1.6374258426408854,
    "interpolation" : 0.8020991267864919,
    "azureTableInsert" : 0.7839466267888711,
    "sink" : 1.5465372850690522,
    "rangeFilter" : 2.3990706974692175,
    "annotate" : 0.7941178417578779,
    "source" : 2.420085499603963,
    "join" : 0.7987848374229334,
    "senMLParse" : 2.4086674889958393,
    "mqttPublish" : 0.7758703300285494,
    "csvToSenML" : 0.7847328123212947
  },
  "recsOutPerModule" : {
    "bloomFilter" : 1.6373267437414152,
    "interpolation" : 0.8018174497999377,
    "azureTableInsert" : 0.7835904970540648,
    "sink" : 1.5464187317372342,
    "rangeFilter" : 2.338655957163129,
    "annotate" : 0.7939204893151307,
    "source" : 2.4200829575867435,
    "join" : 0.7969549768667372,
    "senMLParse" : 2.4085008487591164,
    "mqttPublish" : 0.7758106538304752,
    "csvToSenML" : 0.7843759680972502
  },
  "remainingDataPerDevice" : {
    "bloomFilter" : 0,
    "interpolation" : 0,
    "azureTableInsert" : 155000,
    "sink" : 0,
    "rangeFilter" : 75000,
    "annotate" : 190000,
    "source" : 0,
    "join" : 0,
    "senMLParse" : 10000,
    "mqttPublish" : 0,
    "csvToSenML" : 155000
  },
  "executionTime" : 792.0,
  "networkUsage" : 358070.94,
  "tuplesSentBySensors" : 4800
}