{
  "placement" : {
    "annotate" : "cloud-1-0-1-1-1-1-1",
    "azureTableInsert" : "cloud-0-0-0-1-0-1-0",
    "bloomFilter" : "cloud-1-1-0-0-1-1-1-1-0-1",
    "csvToSenML" : "cloud-1-1-1-0-1-0-0-0-1-1",
    "interpolation" : "cloud-0-0-1-1-1-0-1-0-0",
    "join" : "cloud-0-0-0-1-0-0-0-1-0-0",
    "mqttPublish" : "cloud-0-1-1-0-0-0-1-1-0-0",
    "rangeFilter" : "cloud-0-1-0-1-1-1-0-0-1-0",
    "senMLParse" : "cloud-1-1-0-1-1-1-1-1",
    "sink" : "cloud-1-1-1-0-1-0-1-0-0-1",
    "source" : "cloud-0-1-0-0-0-1-1-1-1-0"
  },
  "appLoopLatency" : 67.92768595454542,
  "latencyPerTupleType" : {
    "rangeFilter_TUPLE" : 0.2507412773773836,
    "join_TUPLE" : 2.472696943718087,
    "bloomFilter_TUPLE" : 7.313168681393225,
    "sink_TUPLE" : 1.5568020883468145,
    "interpolation_TUPLE" : 0.9628398541540206,
    "mqttPublish_TUPLE" : 0.6788317011584626,
    "csvToSenML_TUPLE" : 0.8210229182772492,
    "senMLParse_TUPLE" : 0.18174760666669068,
    "annotate_TUPLE" : 1.153822958437233,
    "azureTableInsert_TUPLE" : 0.8210229182772492,
    "TUPLE" : 0.09793111111110563
  },
  "tuplesProcessedPerModule" : {
    "bloomFilter" : 3209,
    "interpolation" : 1577,
    "azureTableInsert" : 1577,
    "sink" : 3104,
    "rangeFilter" : 4731,
    "annotate" : 1577,
    "source" : 4800,
    "join" : 1577,
    "senMLParse" : 4800,
    "mqttPublish" : 1552,
    "csvToSenML" : 1577
  },
  "recsInPerModule" : {
    "bloomFilter" : 1.6051260733749484,
    "interpolation" : 0.8024958642953836,
    "azureTableInsert" : 0.7917135899748352,
    "sink" : 1.5647088066799837,
    "rangeFilter" : 2.3697356696199097,
    "annotate" : 0.7947657470238244,
    "source" : 2.420939919836627,
    "join" : 0.7990067240636693,
    "senMLParse" : 2.409030148533263,
    "mqttPublish" : 0.7886052572167511,
    "csvToSenML" : 0.7917931118626542
  },
  "recsOutPerModule" : {
    "bloomFilter" : 1.6393208874608283,
    "interpolation" : 0.8021361494772932,
    "azureTableInsert" : 0.791415185853162,
    "sink" : 1.5555834210390374,
    "rangeFilter" : 2.3657353309306104,
    "annotate" : 0.7943466142622773,
    "source" : 2.4208152793118596,
    "join" : 0.7981047039146905,
    "senMLParse" : 2.408886353783176,
    "mqttPublish" : 0.7804922596921986,
    "csvToSenML" : 0.7914946478042102
  },
  "remainingDataPerDevice" : {
    "bloomFilter" : 0,
    "interpolation" : 0,
    "azureTableInsert" : 0,
    "sink" : 0,
    "rangeFilter" : 310000,
    "annotate" : 0,
    "source" : 0,
    "join" : 0,
    "senMLParse" : 305000,
    "mqttPublish" : 0,
    "csvToSenML" : 0
  },
  "executionTime" : 730.0,
  "networkUsage" : 417273.91,
  "tuplesSentBySensors" : 4800
}