{
  "placement" : {
    "annotate" : "cloud-0-0-0-1-1-1-0-1-1",
    "azureTableInsert" : "cloud-1-0-1-0-1-0-1-0-1-1",
    "bloomFilter" : "cloud-1-1-1-1-1-1-0-0",
    "csvToSenML" : "cloud-0-1-1-1-0-1-1",
    "interpolation" : "cloud-1-0-1-0-1-1-0-0-0-0",
    "join" : "cloud-1-0-1-0-1-1-0-1-1-1",
    "mqttPublish" : "cloud-0-0-1-1-1-0-0-0-1-1",
    "rangeFilter" : "cloud-1-1-0-1-1-1-1-1-0",
    "senMLParse" : "cloud-1-0-1-1-0-1-1-0-1-1",
    "sink" : "cloud-0-1-1-0-0-0-0-1-1-0",
    "source" : "cloud-0-1-1"
  },
  "appLoopLatency" : 67.02054670303025,
  "latencyPerTupleType" : {
    "rangeFilter_TUPLE" : 17.194698134690768,
    "join_TUPLE" : 5.927283332624689,
    "bloomFilter_TUPLE" : 1.9379244619657305,
    "sink_TUPLE" : 1.3945492805282114,
    "interpolation_TUPLE" : 1.5095951998437853,
    "mqttPublish_TUPLE" : 0.5668877076799886,
    "csvToSenML_TUPLE" : 3.3129837497395465,
    "senMLParse_TUPLE" : 0.31179782111113036,
    "annotate_TUPLE" : 1.1311249281614293,
    "azureTableInsert_TUPLE" : 1.3819304101287073,
    "TUPLE" : 0.0969172222222315
  },
  "tuplesProcessedPerModule" : {
    "bloomFilter" : 3292,
    "interpolation" : 1624,
    "azureTableInsert" : 1593,
    "sink" : 3170,
    "rangeFilter" : 4665,
    "annotate" : 1624,
    "source" : 4800,
    "join" : 1624,
    "senMLParse" : 4800,
    "mqttPublish" : 1593,
    "csvToSenML" : 1593
  },
  "recsInPerModule" : {
    "bloomFilter" : 1.648306759569505,
    "interpolation" : 0.8245256266904256,
    "azureTableInsert" : 0.80166544949931,
    "sink" : 1.585914583087334,
    "rangeFilter" : 2.409368975219939,
    "annotate" : 0.8154872423758276,
    "source" : 2.4266924030877637,
    "join" : 0.8223283253195811,
    "senMLParse" : 2.419474297610887,
    "mqttPublish" : 0.799699866076113,
    "csvToSenML" : 0.8123901768897493
  },
  "recsOutPerModule" : {
    "bloomFilter" : 1.648192974906241,
    "interpolation" : 0.8237471541717367,
    "azureTableInsert" : 0.801289089553958,
    "sink" : 1.5851744081777792,
    "rangeFilter" : 2.3441021270314613,
    "annotate" : 0.8149177601755995,
    "source" : 2.4265684473768196,
    "join" : 0.8192727195386699,
    "senMLParse" : 2.419326943894403,
    "mqttPublish" : 0.7995380997537512,
    "csvToSenML" : 0.8026820433963022
  },
  "remainingDataPerDevice" : {
    "bloomFilter" : 15000,
    "interpolation" : 0,
    "azureTableInsert" : 0,
    "sink" : 0,
    "rangeFilter" : 0,
    "annotate" : 155000,
    "source" : 0,
    "join" : 0,
    "senMLParse" : 0,
    "mqttPublish" : 80000,
    "csvToSenML" : 0
  },
  "executionTime" : 872.0,
  "networkUsage" : 419921.09,
  "tuplesSentBySensors" : 4800
}