{
  "placement" : {
    "annotate" : "cloud-0-1-1-1-0-1",
    "azureTableInsert" : "cloud-0-1-1-1-0-1-0-1-1-1",
    "bloomFilter" : "cloud-1-1-1-1-1-0",
    "csvToSenML" : "cloud-1-1-1-1-0-1-1-1-1",
    "interpolation" : "cloud-1-0-1-0-0-1-1-0-0-1",
    "join" : "cloud-1-0-1-1-1-1-1-0-0-0",
    "mqttPublish" : "cloud-0-0-1-1-1-0-0",
    "rangeFilter" : "cloud-1-1-1-0-0-0-0-1-1-0",
    "senMLParse" : "cloud-1-1-1-1-1-0-1-0-0-1",
    "sink" : "cloud-1-1-0-0-0-1-0-1-0-1",
    "source" : "cloud-1-1-0-0-1-1-0-0-0-0"
  },
  "appLoopLatency" : 56.589437575757366,
  "latencyPerTupleType" : {
    "rangeFilter_TUPLE" : 0.34142135050497935,
    "join_TUPLE" : 1.5343900748176442,
    "bloomFilter_TUPLE" : 0.18020853808475362,
    "sink_TUPLE" : 0.30211917066153066,
    "interpolation_TUPLE" : 0.4758895039100607,
    "mqttPublish_TUPLE" : 0.6039622586286368,
    "csvToSenML_TUPLE" : 0.5380008650089142,
    "senMLParse_TUPLE" : 0.1975176909090133,
    "annotate_TUPLE" : 0.47309473259280316,
    "azureTableInsert_TUPLE" : 1.774649799515337,
    "TUPLE" : 0.09721638888890202
  },
  "tuplesProcessedPerModule" : {
    "bloomFilter" : 3236,
    "interpolation" : 1612,
    "azureTableInsert" : 1612,
    "sink" : 3224,
    "rangeFilter" : 4800,
    "annotate" : 1612,
    "source" : 4800,
    "join" : 1612,
    "senMLParse" : 4800,
    "mqttPublish" : 1612,
    "csvToSenML" : 1612
  },
  "recsInPerModule" : {
    "bloomFilter" : 1.6190072190550682,
    "interpolation" : 0.8259014574794152,
    "azureTableInsert" : 0.8188364804079561,
    "sink" : 1.6172209770266444,
    "rangeFilter" : 2.400186984021337,
    "annotate" : 0.8196831302065538,
    "source" : 2.420939919836627,
    "join" : 0.8228001094113172,
    "senMLParse" : 2.4099939880022196,
    "mqttPublish" : 0.8126940771970508,
    "csvToSenML" : 0.8164311246565196
  },
  "recsOutPerModule" : {
    "bloomFilter" : 1.6181475770204152,
    "interpolation" : 0.8258351056426234,
    "azureTableInsert" : 0.8178212904046539,
    "sink" : 1.6170169662721523,
    "rangeFilter" : 2.4000169695745304,
    "annotate" : 0.8195025569750716,
    "source" : 2.4209335603154685,
    "join" : 0.8224432853037721,
    "senMLParse" : 2.4098271641774156,
    "mqttPublish" : 0.8124824426877563,
    "csvToSenML" : 0.8162331945241261
  },
  "remainingDataPerDevice" : {
    "bloomFilter" : 10000,
    "interpolation" : 0,
    "azureTableInsert" : 0,
    "sink" : 0,
    "rangeFilter" : 450000,
    "annotate" : 0,
    "source" : 0,
    "join" : 0,
    "senMLParse" : 0,
    "mqttPublish" : 0,
    "csvToSenML" : 0
  },
  "executionTime" : 1552.0,
  "networkUsage" : 380637.24,
  "tuplesSentBySensors" : 4800
}