{
  "placement" : {
    "annotate" : "cloud-1-0-0-0-0-0-1-0-1-0",
    "azureTableInsert" : "cloud-0-1-1-1-0-0-0-1-1-1",
    "bloomFilter" : "cloud-0-1-1-0-0-0-0-1-1",
    "csvToSenML" : "cloud-1-0-0-1-1",
    "interpolation" : "cloud-1-1-1-1-1-0-1-0-0-1",
    "join" : "cloud-1-0-0-1-0-1-0-1-0-0",
    "mqttPublish" : "cloud-0-0-0-0-1-0-0-1-0",
    "rangeFilter" : "cloud-1-1-1-0-0-1-0-1-1-0",
    "senMLParse" : "cloud-1-0-0-1-0-0-1-1-0",
    "sink" : "cloud-1-0-1-1-1-0-0-1-0-1",
    "source" : "cloud-0-0-1-1-0-0-0-1-1-0"
  },
  "appLoopLatency" : 74.98951054545448,
  "latencyPerTupleType" : {
    "rangeFilter_TUPLE" : 15.787666783394027,
    "join_TUPLE" : 1.941810002007299,
    "bloomFilter_TUPLE" : 4.42673897510248,
    "sink_TUPLE" : 0.5502163255942701,
    "interpolation_TUPLE" : 1.3266036369114038,
    "mqttPublish_TUPLE" : 0.5504454292778025,
    "csvToSenML_TUPLE" : 1.1229283847626663,
    "senMLParse_TUPLE" : 0.27583895555549565,
    "annotate_TUPLE" : 0.5505582165351126,
    "azureTableInsert_TUPLE" : 1.1226723302834032,
    "TUPLE" : 0.09672888888888034
  },
  "tuplesProcessedPerModule" : {
    "bloomFilter" : 3280,
    "interpolation" : 1661,
    "azureTableInsert" : 1619,
    "sink" : 3238,
    "rangeFilter" : 4669,
    "annotate" : 1641,
    "source" : 4800,
    "join" : 1661,
    "senMLParse" : 4800,
    "mqttPublish" : 1619,
    "csvToSenML" : 1641
  },
  "recsInPerModule" : {
    "bloomFilter" : 1.664273637652467,
    "interpolation" : 0.8360784190248008,
    "azureTableInsert" : 0.8162362726161647,
    "sink" : 1.6230067663549894,
    "rangeFilter" : 2.3896182562334554,
    "annotate" : 0.8231241121241434,
    "source" : 2.421306284651793,
    "join" : 0.8315839216998591,
    "senMLParse" : 2.409389132447641,
    "mqttPublish" : 0.8150251776863352,
    "csvToSenML" : 0.8216163438199481
  },
  "recsOutPerModule" : {
    "bloomFilter" : 1.6594531455474413,
    "interpolation" : 0.8355584225187163,
    "azureTableInsert" : 0.8161756411116243,
    "sink" : 1.6229084729748788,
    "rangeFilter" : 2.334965814005065,
    "annotate" : 0.8228936529442769,
    "source" : 2.4211777899224316,
    "join" : 0.8308333050822866,
    "senMLParse" : 2.4092430045713678,
    "mqttPublish" : 0.8149756035061683,
    "csvToSenML" : 0.8211469680103067
  },
  "remainingDataPerDevice" : {
    "bloomFilter" : 0,
    "interpolation" : 0,
    "azureTableInsert" : 0,
    "sink" : 0,
    "rangeFilter" : 80000,
    "annotate" : 110000,
    "source" : 0,
    "join" : 100000,
    "senMLParse" : 105000,
    "mqttPublish" : 0,
    "csvToSenML" : 110000
  },
  "executionTime" : 792.0,
  "networkUsage" : 432768.47,
  "tuplesSentBySensors" : 4800
}