{
  "placement" : {
    "annotate" : "cloud-1-1-0-1-1-1-0-0-0",
    "azureTableInsert" : "cloud-0-1-0-0-0-0-0-0-1",
    "bloomFilter" : "cloud-0-1-0-1-1-0-1-1-1-1",
    "csvToSenML" : "cloud-0-0-1-1-0-1-1-0-0-0",
    "interpolation" : "cloud-1-1-0-1-1-0-0",
    "join" : "cloud-0-1-0-0-1-1-0-0-1-0",
    "mqttPublish" : "cloud-0-0-1-1-0-0-0-0-0",
    "rangeFilter" : "cloud-0-0-0-0-1-0-0-0-1-0",
    "senMLParse" : "cloud-1-0-1-1-0-1-1-1",
    "sink" : "cloud-0-0-0-0-0-1-0-0-0",
    "source" : "cloud-0-1-1-1-0-1-1-0-1-1"
  },
  "appLoopLatency" : 77.7844638333331,
  "latencyPerTupleType" : {
    "rangeFilter_TUPLE" : 0.3240466299999275,
    "join_TUPLE" : 0.40706105390077,
    "bloomFilter_TUPLE" : 1.0333855081708745,
    "sink_TUPLE" : 0.19525109366406576,
    "interpolation_TUPLE" : 0.2918075949342191,
    "mqttPublish_TUPLE" : 0.29315819102907464,
    "csvToSenML_TUPLE" : 1.6532940877409847,
    "senMLParse_TUPLE" : 0.11731699777779458,
    "annotate_TUPLE" : 1.2145825149951008,
    "azureTableInsert_TUPLE" : 0.3203689341442267,
    "TUPLE" : 0.09716722222222349
  },
  "tuplesProcessedPerModule" : {
    "bloomFilter" : 3284,
    "interpolation" : 1645,
    "azureTableInsert" : 1645,
    "sink" : 3267,
    "rangeFilter" : 4800,
    "annotate" : 1645,
    "source" : 4800,
    "join" : 1645,
    "senMLParse" : 4800,
    "mqttPublish" : 1645,
    "csvToSenML" : 1645
  },
  "recsInPerModule" : {
    "bloomFilter" : 1.6425539218970273,
    "interpolation" : 0.8407683158396578,
    "azureTableInsert" : 0.8266757952982072,
    "sink" : 1.6340212247199817,
    "rangeFilter" : 2.4014246385629097,
    "annotate" : 0.8314221374255789,
    "source" : 2.4220393470383756,
    "join" : 0.8364344425599841,
    "senMLParse" : 2.411329530725216,
    "mqttPublish" : 0.8239745239713102,
    "csvToSenML" : 0.8268835864845114
  },
  "recsOutPerModule" : {
    "bloomFilter" : 1.6425124552628516,
    "interpolation" : 0.8405374041347946,
    "azureTableInsert" : 0.8264828355233281,
    "sink" : 1.6338203368904698,
    "rangeFilter" : 2.401279475143487,
    "annotate" : 0.8307678091287418,
    "source" : 2.421914593284224,
    "join" : 0.8361129311919152,
    "senMLParse" : 2.4111957842222913,
    "mqttPublish" : 0.8238238440632332,
    "csvToSenML" : 0.8260851070677993
  },
  "remainingDataPerDevice" : {
    "bloomFilter" : 0,
    "interpolation" : 0,
    "azureTableInsert" : 0,
    "sink" : 0,
    "rangeFilter" : 475000,
    "annotate" : 0,
    "source" : 0,
    "join" : 0,
    "senMLParse" : 0,
    "mqttPublish" : 115000,
    "csvToSenML" : 0
  },
  "executionTime" : 628.0,
  "networkUsage" : 457812.65,
  "tuplesSentBySensors" : 4800
}