{
  "placement" : {
    "annotate" : "cloud-0-0-0-1-0-0-0-1",
    "azureTableInsert" : "cloud-1-0-0-1-1-1-1-0-0",
    "bloomFilter" : "cloud-1-1-1-1-0-0-0-0-0",
    "csvToSenML" : "cloud-0-0-1-0-1-1-0-0-1-0",
    "interpolation" : "cloud-0-0-0-1-1-1-0-1-0",
    "join" : "cloud-0-1-0-1-1-1-0",
    "mqttPublish" : "cloud-1-0-1-1-0-1-0",
    "rangeFilter" : "cloud-1-0-1-1-0-0-1-1-0",
    "senMLParse" : "cloud-0-0-1-1-1-0-1-0-0-1",
    "sink" : "cloud-0-0-1-0-0-0-1-1-1-0",
    "source" : "cloud-1-0-0-1-0-1-1-0-0-0"
  },
  "appLoopLatency" : 71.66746318181784,
  "latencyPerTupleType" : {
    "rangeFilter_TUPLE" : 2.4526081892577296,
    "join_TUPLE" : 5.130284754254727,
    "bloomFilter_TUPLE" : 4.260440305266172,
    "sink_TUPLE" : 0.8911687099803712,
    "interpolation_TUPLE" : 1.2625323530568735,
    "mqttPublish_TUPLE" : 0.31424488693512415,
    "csvToSenML_TUPLE" : 1.1843715733030473,
    "senMLParse_TUPLE" : 5.018714888888865,
    "annotate_TUPLE" : 0.9667601747467032,
    "azureTableInsert_TUPLE" : 2.8385584394519627,
    "TUPLE" : 0.09679999999999674
  },
  "tuplesProcessedPerModule" : {
    "bloomFilter" : 3254,
    "interpolation" : 1624,
    "azureTableInsert" : 1592,
    "sink" : 3184,
    "rangeFilter" : 4685,
    "annotate" : 1624,
    "source" : 4800,
    "join" : 1624,
    "senMLParse" : 4800,
    "mqttPublish" : 1592,
    "csvToSenML" : 1592
  },
  "recsInPerModule" : {
    "bloomFilter" : 1.6624583213975643,
    "interpolation" : 0.8233266821820072,
    "azureTableInsert" : 0.8030143383977157,
    "sink" : 1.5973871925423444,
    "rangeFilter" : 2.3451157842290566,
    "annotate" : 0.8136244207569836,
    "source" : 2.4205736658730883,
    "join" : 0.8194961973080357,
    "senMLParse" : 2.4075763860788424,
    "mqttPublish" : 0.8012747309116625,
    "csvToSenML" : 0.8040688409920438
  },
  "recsOutPerModule" : {
    "bloomFilter" : 1.657258245912736,
    "interpolation" : 0.8225268000551974,
    "azureTableInsert" : 0.8028683798759227,
    "sink" : 1.5972767046336083,
    "rangeFilter" : 2.343055122477255,
    "annotate" : 0.8130405760174165,
    "source" : 2.420567308275993,
    "join" : 0.8163653702111053,
    "senMLParse" : 2.4017463137476365,
    "mqttPublish" : 0.8012260027334211,
    "csvToSenML" : 0.8039859354698337
  },
  "remainingDataPerDevice" : {
    "bloomFilter" : 0,
    "interpolation" : 0,
    "azureTableInsert" : 0,
    "sink" : 0,
    "rangeFilter" : 105000,
    "annotate" : 320000,
    "source" : 0,
    "join" : 0,
    "senMLParse" : 550000,
    "mqttPublish" : 0,
    "csvToSenML" : 0
  },
  "executionTime" : 1213.0,
  "networkUsage" : 402401.97,
  "tuplesSentBySensors" : 4800
}