{
  "placement" : {
    "annotate" : "cloud-0-1-1-1-1-1-0-0-0-0",
    "azureTableInsert" : "cloud-0-1-1-1-1-0-1-0-1-1",
    "bloomFilter" : "cloud-1-0-1-1-0-0-0-0-1-0",
    "csvToSenML" : "cloud-0-1-1-1-1-1-0",
    "interpolation" : "cloud-1-1-0-0-1-0-1-1-1",
    "join" : "cloud-0-0-0-0-1-1-0-1-1-0",
    "mqttPublish" : "cloud-0-0-1-1-0-1-0-1-1",
    "rangeFilter" : "cloud-0-1-0-1-0-1-1-0-0",
    "senMLParse" : "cloud-1-1-1-1-0-0-0-1-1-0",
    "sink" : "cloud-1-1-0-1-1-0-0-0-1-0",
    "source" : "cloud-0-0-1-0-0-1-0-1"
  },
  "appLoopLatency" : 62.3776859545449,
  "latencyPerTupleType" : {
    "rangeFilter_TUPLE" : 2.187629688552065,
    "join_TUPLE" : 0.8134589766964504,
    "bloomFilter_TUPLE" : 3.668648935364172,
    "sink_TUPLE" : 0.6209784164972375,
    "interpolation_TUPLE" : 0.5726128318587095,
    "mqttPublish_TUPLE" : 0.25825622320584063,
    "csvToSenML_TUPLE" : 0.8211427703591138,
    "senMLParse_TUPLE" : 0.2739564922222529,
    "annotate_TUPLE" : 1.7005200508808096,
    "azureTableInsert_TUPLE" : 2.121874664468295,
    "TUPLE" : 0.09838833333332574
  },
  "tuplesProcessedPerModule" : {
    "bloomFilter" : 3267,
    "interpolation" : 1695,
    "azureTableInsert" : 1695,
    "sink" : 3390,
    "rangeFilter" : 4734,
    "annotate" : 1695,
    "source" : 4800,
    "join" : 1695,
    "senMLParse" : 4800,
    "mqttPublish" : 1695,
    "csvToSenML" : 1695
  },
  "recsInPerModule" : {
    "bloomFilter" : 1.6746760294688519,
    "interpolation" : 0.8635580282744229,
    "azureTableInsert" : 0.8534368249574531,
    "sink" : 1.6975676666096329,
    "rangeFilter" : 2.402134439977453,
    "annotate" : 0.8558510289635535,
    "source" : 2.4233844482332265,
    "join" : 0.8593767003677952,
    "senMLParse" : 2.413755944236181,
    "mqttPublish" : 0.8520479047551018,
    "csvToSenML" : 0.8542971280320651
  },
  "recsOutPerModule" : {
    "bloomFilter" : 1.6706652739968408,
    "interpolation" : 0.8631842240168712,
    "azureTableInsert" : 0.8520532645057523,
    "sink" : 1.6970577780410716,
    "rangeFilter" : 2.369105091427763,
    "annotate" : 0.8547289324123122,
    "source" : 2.4232608302247267,
    "join" : 0.8588432870109207,
    "senMLParse" : 2.413609286207459,
    "mqttPublish" : 0.8518980225876542,
    "csvToSenML" : 0.8537651130391162
  },
  "remainingDataPerDevice" : {
    "bloomFilter" : 0,
    "interpolation" : 0,
    "azureTableInsert" : 0,
    "sink" : 0,
    "rangeFilter" : 265000,
    "annotate" : 0,
    "source" : 0,
    "join" : 0,
    "senMLParse" : 0,
    "mqttPublish" : 0,
    "csvToSenML" : 0
  },
  "executionTime" : 715.0,
  "networkUsage" : 394254.68,
  "tuplesSentBySensors" : 4800
}