{
  "placement" : {
    "annotate" : "cloud-0-1-0-0-1-1-0-0-1-0",
    "azureTableInsert" : "cloud-1-1-0-0-0-1-0-1-0-1",
    "bloomFilter" : "cloud-0-1-1-1-0-0-1-1-1",
    "csvToSenML" : "cloud-1-0-0",
    "interpolation" : "cloud-0-1-0-0-0-0-1-0-1-1",
    "join" : "cloud-0-0-1-1-1-1-0-1",
    "mqttPublish" : "cloud-1-1-1-0-1-1-0-1-1",
    "rangeFilter" : "cloud-0-1-0-0-1-0-1-1-0-1",
    "senMLParse" : "cloud-1-0-1-0-0-0-1-1-1",
    "sink" : "cloud-0-1-0-1-0-0-0-0-0-0",
    "source" : "cloud-1-1-1-0-1-1-1"
  },
  "appLoopLatency" : 72.50372533799525,
  "latencyPerTupleType" : {
    "rangeFilter_TUPLE" : 3.4413406101008976,
    "join_TUPLE" : 1.4697972726324993,
    "bloomFilter_TUPLE" : 3.6454603137239583,
    "sink_TUPLE" : 0.4021761537159933,
    "interpolation_TUPLE" : 0.9987258203507495,
    "mqttPublish_TUPLE" : 0.9452108174022339,
    "csvToSenML_TUPLE" : 0.5144196375246926,
    "senMLParse_TUPLE" : 0.34369349595951815,
    "annotate_TUPLE" : 0.43143630000603983,
    "azureTableInsert_TUPLE" : 0.8556195410800254,
    "TUPLE" : 0.09456676767676152
  },
  "tuplesProcessedPerModule" : {
    "bloomFilter" : 3259,
    "interpolation" : 1593,
    "azureTableInsert" : 1593,
    "sink" : 3126,
    "rangeFilter" : 4800,
    "annotate" : 1593,
    "source" : 4800,
    "join" : 1593,
    "senMLParse" : 4800,
    "mqttPublish" : 1593,
    "csvToSenML" : 1593
  },
  "recsInPerModule" : {
    "bloomFilter" : 1.6357906876884616,
    "interpolation" : 0.8138656477639076,
    "azureTableInsert" : 0.8002149254081222,
    "sink" : 1.5701171234833164,
    "rangeFilter" : 2.406685078496806,
    "annotate" : 0.8054445092356155,
    "source" : 2.4241187696991213,
    "join" : 0.8100968425215045,
    "senMLParse" : 2.417158320477653,
    "mqttPublish" : 0.8005441183656569,
    "csvToSenML" : 0.8021894581758957
  },
  "recsOutPerModule" : {
    "bloomFilter" : 1.6297896334963673,
    "interpolation" : 0.8131159999568403,
    "azureTableInsert" : 0.7996042092864823,
    "sink" : 1.5699635939781902,
    "rangeFilter" : 2.4026494308324216,
    "annotate" : 0.805149364996454,
    "source" : 2.424116451065051,
    "join" : 0.8090038087902044,
    "senMLParse" : 2.4169858933273702,
    "mqttPublish" : 0.7998758456476229,
    "csvToSenML" : 0.8018336265295515
  },
  "remainingDataPerDevice" : {
    "bloomFilter" : 55000,
    "interpolation" : 0,
    "azureTableInsert" : 150000,
    "sink" : 0,
    "rangeFilter" : 265000,
    "annotate" : 0,
    "source" : 0,
    "join" : 0,
    "senMLParse" : 0,
    "mqttPublish" : 150000,
    "csvToSenML" : 0
  },
  "executionTime" : 1365.0,
  "networkUsage" : 427330.86,
  "tuplesSentBySensors" : 4800
}