{
  "placement" : {
    "annotate" : "cloud-0-1-1-0-0-1-1-0-1-1",
    "azureTableInsert" : "cloud-1-1-1-1-1-0-0-1-0",
    "bloomFilter" : "cloud-1-0-0-0-0-0-1-1-1-0",
    "csvToSenML" : "cloud-0-0-1-0-1-1-0-0-0-0",
    "interpolation" : "cloud-1-0-0-1-1-0-1-1-1",
    "join" : "cloud-0-0-1-0-0-0-0-1-0",
    "mqttPublish" : "cloud-1-0-0-0-1-0-1-0-0",
    "rangeFilter" : "cloud-1-1-0-0-0-1-0-0",
    "senMLParse" : "cloud-1-1-0-0-0-1-1-1-0",
    "sink" : "cloud-0-1-1-0-1-0-0-1-1-1",
    "source" : "cloud-0-1-1-1-1-1-0-0"
  },
  "appLoopLatency" : 61.522994266414536,
  "latencyPerTupleType" : {
    "rangeFilter_TUPLE" : 0.31943682555546055,
    "join_TUPLE" : 11.667193435110953,
    "bloomFilter_TUPLE" : 7.408786000662728,
    "sink_TUPLE" : 0.8225624737319147,
    "interpolation_TUPLE" : 1.7633310743107933,
    "mqttPublish_TUPLE" : 0.4519283385919148,
    "csvToSenML_TUPLE" : 4.812299350244625,
    "senMLParse_TUPLE" : 0.3134436844444693,
    "annotate_TUPLE" : 3.5940459708346415,
    "azureTableInsert_TUPLE" : 1.9911849598326348,
    "TUPLE" : 0.09515333333333212
  },
  "tuplesProcessedPerModule" : {
    "bloomFilter" : 3269,
    "interpolation" : 1591,
    "azureTableInsert" : 1585,
    "sink" : 3106,
    "rangeFilter" : 4800,
    "annotate" : 1585,
    "source" : 4800,
    "join" : 1585,
    "senMLParse" : 4800,
    "mqttPublish" : 1585,
    "csvToSenML" : 1585
  },
  "recsInPerModule" : {
    "bloomFilter" : 1.6703813261777225,
    "interpolation" : 0.7956437825781482,
    "azureTableInsert" : 0.7970414322279896,
    "sink" : 1.5693365424024999,
    "rangeFilter" : 2.409972560242382,
    "annotate" : 0.8024228645276364,
    "source" : 2.424486097340086,
    "join" : 0.8084399530259582,
    "senMLParse" : 2.41375467986667,
    "mqttPublish" : 0.7932248122188621,
    "csvToSenML" : 0.7980045453181309
  },
  "recsOutPerModule" : {
    "bloomFilter" : 1.6356876365351456,
    "interpolation" : 0.795581390489561,
    "azureTableInsert" : 0.7963339728794174,
    "sink" : 1.567295234254579,
    "rangeFilter" : 2.4098263615906585,
    "annotate" : 0.8010305444838903,
    "source" : 2.424361091412008,
    "join" : 0.8053181923621149,
    "senMLParse" : 2.413608021991587,
    "mqttPublish" : 0.7930528269541591,
    "csvToSenML" : 0.7962939855674219
  },
  "remainingDataPerDevice" : {
    "bloomFilter" : 55000,
    "interpolation" : 30000,
    "azureTableInsert" : 0,
    "sink" : 0,
    "rangeFilter" : 0,
    "annotate" : 0,
    "source" : 0,
    "join" : 0,
    "senMLParse" : 0,
    "mqttPublish" : 160000,
    "csvToSenML" : 0
  },
  "executionTime" : 715.0,
  "networkUsage" : 347677.82,
  "tuplesSentBySensors" : 4800
}