{
  "placement" : {
    "annotate" : "cloud-0-0-0-0-1-1-1-1-0",
    "azureTableInsert" : "cloud-1-0-1-0-1-0-0-0-1-1",
    "bloomFilter" : "cloud-0-0-0-1-1-0-1-0-1-1",
    "csvToSenML" : "cloud-0-0-0-1-0-0-0-0",
    "interpolation" : "cloud-1-1-1-1-0-0-0-0",
    "join" : "cloud-0-1-1-1-1-0-1-1",
    "mqttPublish" : "cloud-1-1-1-1-0-1-1-0-1-0",
    "rangeFilter" : "cloud-1-1-0-0-1-1-0-1",
    "senMLParse" : "cloud-1-0-1-0-1-1-0-1-0-1",
    "sink" : "cloud-1-0-1-1-1-1-0-1-0",
    "source" : "cloud-0-1-1-1-1-0-1-0-0"
  },
  "appLoopLatency" : 61.96788246969692,
  "latencyPerTupleType" : {
    "rangeFilter_TUPLE" : 2.6977426422142807,
    "join_TUPLE" : 2.1790214370166807,
    "bloomFilter_TUPLE" : 1.9311303205103223,
    "sink_TUPLE" : 0.5959436758460293,
    "interpolation_TUPLE" : 1.6204739751534507,
    "mqttPublish_TUPLE" : 0.5965157693985936,
    "csvToSenML_TUPLE" : 1.375674342025247,
    "senMLParse_TUPLE" : 5.187457004444369,
    "annotate_TUPLE" : 1.0197128959398356,
    "azureTableInsert_TUPLE" : 1.375674342025247,
    "TUPLE" : 0.09624361111111716
  },
  "tuplesProcessedPerModule" : {
    "bloomFilter" : 3294,
    "interpolation" : 1644,
    "azureTableInsert" : 1644,
    "sink" : 3204,
    "rangeFilter" : 4699,
    "annotate" : 1644,
    "source" : 4800,
    "join" : 1644,
    "senMLParse" : 4800,
    "mqttPublish" : 1602,
    "csvToSenML" : 1644
  },
  "recsInPerModule" : {
    "bloomFilter" : 1.6485701162723025,
    "interpolation" : 0.8371030623904603,
    "azureTableInsert" : 0.8252523825149546,
    "sink" : 1.6137799504122163,
    "rangeFilter" : 2.401239629353167,
    "annotate" : 0.829832482372888,
    "source" : 2.4252210866910433,
    "join" : 0.8335272259811061,
    "senMLParse" : 2.41679425230519,
    "mqttPublish" : 0.8222444090173135,
    "csvToSenML" : 0.826746434940951
  },
  "recsOutPerModule" : {
    "bloomFilter" : 1.6471212975935956,
    "interpolation" : 0.8359431628558558,
    "azureTableInsert" : 0.8243058523488305,
    "sink" : 1.6136648086660825,
    "rangeFilter" : 2.3570499518223267,
    "annotate" : 0.8291248156236404,
    "source" : 2.4250972812407,
    "join" : 0.8319751160204126,
    "senMLParse" : 2.4102889706552664,
    "mqttPublish" : 0.8099086766768887,
    "csvToSenML" : 0.8257964764130191
  },
  "remainingDataPerDevice" : {
    "bloomFilter" : 70000,
    "interpolation" : 0,
    "azureTableInsert" : 210000,
    "sink" : 0,
    "rangeFilter" : 35000,
    "annotate" : 0,
    "source" : 0,
    "join" : 0,
    "senMLParse" : 0,
    "mqttPublish" : 0,
    "csvToSenML" : 0
  },
  "executionTime" : 831.0,
  "networkUsage" : 405722.62,
  "tuplesSentBySensors" : 4800
}