{
  "placement" : {
    "annotate" : "cloud-1-1-0-0-0-1-1-1-1-0",
    "azureTableInsert" : "cloud-1-1-1-1-0-1-1-0-0-0",
    "bloomFilter" : "cloud-0-1-0-1-1-0",
    "csvToSenML" : "cloud-1-1-0-1-0-0-0-0-0-1",
    "interpolation" : "cloud-1-1-0-0-0-0-0-0",
    "join" : "cloud-0-1-1-1-0-0-1-0-0-1",
    "mqttPublish" : "cloud-1-0-0-0-0-1-0-0-0-1",
    "rangeFilter" : "cloud-1-0-0-1-1-0-1-0-1",
    "senMLParse" : "cloud-0-0-0-1-1-1-0-0-1-0",
    "sink" : "cloud-0-1-0-1-1-0-0-0-1-0",
    "source" : "cloud-1-0-0-1-1-0-0-1-1-1"
  },
  "appLoopLatency" : 76.15399536531953,
  "latencyPerTupleType" : {
    "rangeFilter_TUPLE" : 0.23040972333327042,
    "join_TUPLE" : 2.9263911002496252,
    "bloomFilter_TUPLE" : 9.262403158566551,
    "sink_TUPLE" : 0.47191108786625874,
    "interpolation_TUPLE" : 2.1728066789222913,
    "mqttPublish_TUPLE" : 0.7795824074081874,
    "csvToSenML_TUPLE" : 1.8109708389784493,
    "senMLParse_TUPLE" : 0.10357566222223849,
    "annotate_TUPLE" : 1.4807236940181405,
    "azureTableInsert_TUPLE" : 4.378024861399648,
    "TUPLE" : 0.0968208333333325
  },
  "tuplesProcessedPerModule" : {
    "bloomFilter" : 3251,
    "interpolation" : 1632,
    "azureTableInsert" : 1584,
    "sink" : 3166,
    "rangeFilter" : 4800,
    "annotate" : 1632,
    "source" : 4800,
    "join" : 1632,
    "senMLParse" : 4800,
    "mqttPublish" : 1584,
    "csvToSenML" : 1584
  },
  "recsInPerModule" : {
    "bloomFilter" : 1.6260542271469167,
    "interpolation" : 0.8310717110465408,
    "azureTableInsert" : 0.7963050618903897,
    "sink" : 1.5841196570980418,
    "rangeFilter" : 2.400812812583593,
    "annotate" : 0.8202558951455503,
    "source" : 2.423017454307191,
    "join" : 0.8261911934705723,
    "senMLParse" : 2.4125427589392823,
    "mqttPublish" : 0.7942479246473525,
    "csvToSenML" : 0.8163169427028741
  },
  "recsOutPerModule" : {
    "bloomFilter" : 1.6255542104719023,
    "interpolation" : 0.829761825080141,
    "azureTableInsert" : 0.7962129162997136,
    "sink" : 1.5836194614374488,
    "rangeFilter" : 2.400642709468696,
    "annotate" : 0.8193910472854845,
    "source" : 2.4230161802163717,
    "join" : 0.8244420365420718,
    "senMLParse" : 2.412396248293523,
    "mqttPublish" : 0.794199805553097,
    "csvToSenML" : 0.7973263457906845
  },
  "remainingDataPerDevice" : {
    "bloomFilter" : 0,
    "interpolation" : 0,
    "azureTableInsert" : 0,
    "sink" : 0,
    "rangeFilter" : 490000,
    "annotate" : 240000,
    "source" : 0,
    "join" : 0,
    "senMLParse" : 0,
    "mqttPublish" : 5000,
    "csvToSenML" : 0
  },
  "executionTime" : 864.0,
  "networkUsage" : 465605.34,
  "tuplesSentBySensors" : 4800
}