{
  "placement" : {
    "annotate" : "cloud-0-0-0-0-0-0-1",
    "azureTableInsert" : "cloud-1-1-0-1-1-1-0-0-0",
    "bloomFilter" : "cloud-1-0-0-0-1-1-1-1-0-0",
    "csvToSenML" : "cloud-0-1-0-0-1-0-0-1-0-0",
    "interpolation" : "cloud-1-1-0-0-1-1-1-0-1-1",
    "join" : "cloud-1-1-0-0-1-1-1",
    "mqttPublish" : "cloud-1-0-0-0-0-0-0-1-1",
    "rangeFilter" : "cloud-1-0-0-0-0-0-1-1",
    "senMLParse" : "cloud-0-0-0-0-1-1-0-1-0",
    "sink" : "cloud-1-1-1-0-0-1-1-0",
    "source" : "cloud-0-0-0-1-0-1-0-1-1-0"
  },
  "appLoopLatency" : 52.95188787878753,
  "latencyPerTupleType" : {
    "rangeFilter_TUPLE" : 2.592547622314545,
    "join_TUPLE" : 1.907014575891143,
    "bloomFilter_TUPLE" : 1.8709490151525192,
    "sink_TUPLE" : 1.2191775049996638,
    "interpolation_TUPLE" : 3.478301227720202,
    "mqttPublish_TUPLE" : 1.2142573500546638,
    "csvToSenML_TUPLE" : 1.103046346041297,
    "senMLParse_TUPLE" : 4.719796894949407,
    "annotate_TUPLE" : 0.9793439584169782,
    "azureTableInsert_TUPLE" : 2.940486297153175,
    "TUPLE" : 0.09749999999999544
  },
  "tuplesProcessedPerModule" : {
    "bloomFilter" : 3218,
    "interpolation" : 1593,
    "azureTableInsert" : 1593,
    "sink" : 3152,
    "rangeFilter" : 4706,
    "annotate" : 1593,
    "source" : 4800,
    "join" : 1593,
    "senMLParse" : 4800,
    "mqttPublish" : 1593,
    "csvToSenML" : 1593
  },
  "recsInPerModule" : {
    "bloomFilter" : 1.6106399887746246,
    "interpolation" : 0.8126187283356664,
    "azureTableInsert" : 0.8024139669814014,
    "sink" : 1.5784558053081452,
    "rangeFilter" : 2.3551160730405525,
    "annotate" : 0.8064832323170372,
    "source" : 2.4208178228677513,
    "join" : 0.8102981097982657,
    "senMLParse" : 2.410966402508674,
    "mqttPublish" : 0.7987480345299212,
    "csvToSenML" : 0.8027779013198596
  },
  "recsOutPerModule" : {
    "bloomFilter" : 1.6092679518918152,
    "interpolation" : 0.8103812525384457,
    "azureTableInsert" : 0.8005883466786854,
    "sink" : 1.5769783748260509,
    "rangeFilter" : 2.3549000130760276,
    "annotate" : 0.8058644588100995,
    "source" : 2.420693426123321,
    "join" : 0.8090644248263815,
    "senMLParse" : 2.4049316342489213,
    "mqttPublish" : 0.7979994657219702,
    "csvToSenML" : 0.8020867731170912
  },
  "remainingDataPerDevice" : {
    "bloomFilter" : 55000,
    "interpolation" : 0,
    "azureTableInsert" : 0,
    "sink" : 0,
    "rangeFilter" : 85000,
    "annotate" : 0,
    "source" : 0,
    "join" : 0,
    "senMLParse" : 470000,
    "mqttPublish" : 170000,
    "csvToSenML" : 0
  },
  "executionTime" : 806.0,
  "networkUsage" : 329560.43,
  "tuplesSentBySensors" : 4800
}