{
  "placement" : {
    "annotate" : "cloud-1-0-0-1-1-0-0-1-1-0",
    "azureTableInsert" : "cloud-1-1-0-0-0-1-1-0-0",
    "bloomFilter" : "cloud-1-0-0-1-0-1-1-1",
    "csvToSenML" : "cloud-0-0-1-1-1",
    "interpolation" : "cloud-1-0-0-1-0-1-1-1-0-0",
    "join" : "cloud-1-0-1-1-1-1-0-1",
    "mqttPublish" : "cloud-0-1-0-0-1-0-0",
    "rangeFilter" : "cloud-0-1-1-1-1-0-0-1-1-0",
    "senMLParse" : "cloud-0-0-1-0-1-1-0-1-1-0",
    "sink" : "cloud-0-1-0-1-0-1-1-0-0-0",
    "source" : "cloud-1-1-0-1-0-1-1-1-1"
  },
  "appLoopLatency" : 60.58579091161615,
  "latencyPerTupleType" : {
    "rangeFilter_TUPLE" : 2.941288365716201,
    "join_TUPLE" : 3.3827776958713534,
    "bloomFilter_TUPLE" : 2.82187355630261,
    "sink_TUPLE" : 0.24131297447611613,
    "interpolation_TUPLE" : 0.4913430998391599,
    "mqttPublish_TUPLE" : 0.23708351460244725,
    "csvToSenML_TUPLE" : 0.787133245079665,
    "senMLParse_TUPLE" : 0.23244393555557874,
    "annotate_TUPLE" : 0.5982208642316894,
    "azureTableInsert_TUPLE" : 0.787133245079665,
    "TUPLE" : 0.0943686111110976
  },
  "tuplesProcessedPerModule" : {
    "bloomFilter" : 3274,
    "interpolation" : 1656,
    "azureTableInsert" : 1655,
    "sink" : 3310,
    "rangeFilter" : 4735,
    "annotate" : 1655,
    "source" : 4800,
    "join" : 1655,
    "senMLParse" : 4800,
    "mqttPublish" : 1655,
    "csvToSenML" : 1655
  },
  "recsInPerModule" : {
    "bloomFilter" : 1.6375290234279507,
    "interpolation" : 0.8288132781401902,
    "azureTableInsert" : 0.834458619951019,
    "sink" : 1.658386684002955,
    "rangeFilter" : 2.4009078807065403,
    "annotate" : 0.8381765763740643,
    "source" : 2.420695738213859,
    "join" : 0.8425387462928035,
    "senMLParse" : 2.409515124425747,
    "mqttPublish" : 0.832572180260018,
    "csvToSenML" : 0.8353852922546733
  },
  "recsOutPerModule" : {
    "bloomFilter" : 1.637271198556404,
    "interpolation" : 0.8287588374211933,
    "azureTableInsert" : 0.8339566662319807,
    "sink" : 1.658121880057405,
    "rangeFilter" : 2.368395592411868,
    "annotate" : 0.8377966322981164,
    "source" : 2.420694466563517,
    "join" : 0.8403902293786727,
    "senMLParse" : 2.4093437859622613,
    "mqttPublish" : 0.8324386971393551,
    "csvToSenML" : 0.8348822234062296
  },
  "remainingDataPerDevice" : {
    "bloomFilter" : 5000,
    "interpolation" : 5000,
    "azureTableInsert" : 0,
    "sink" : 0,
    "rangeFilter" : 270000,
    "annotate" : 0,
    "source" : 0,
    "join" : 0,
    "senMLParse" : 0,
    "mqttPublish" : 0,
    "csvToSenML" : 0
  },
  "executionTime" : 853.0,
  "networkUsage" : 367322.53,
  "tuplesSentBySensors" : 4800
}