{
  "placement" : {
    "annotate" : "cloud-0-0-1-0-1-0-1-0-0",
    "azureTableInsert" : "cloud-1-0-0-0-1-0-1-0-0",
    "bloomFilter" : "cloud-1-0-1-0-1-0-1-0-1",
    "csvToSenML" : "cloud-0-1-0-0-1-1-0-1-0-1",
    "interpolation" : "cloud-0-1-1-0-0-0-0-0",
    "join" : "cloud-0-1-1-0-0-0-1-0",
    "mqttPublish" : "cloud-1-0-0-1-1-0-0-1-1-0",
    "rangeFilter" : "cloud-1-0-1-1-0-0-0-0-1",
    "senMLParse" : "cloud-0-1-1-1-0-0-1-1-0-1",
    "sink" : "cloud-1-0-1-0-0-0-0-0-0-0",
    "source" : "cloud-1-1-1-1-1-0"
  },
  "appLoopLatency" : 57.11471246969693,
  "latencyPerTupleType" : {
    "rangeFilter_TUPLE" : 1.8645358519190522,
    "join_TUPLE" : 1.0367553614316811,
    "bloomFilter_TUPLE" : 0.6365914103319967,
    "sink_TUPLE" : 0.3017101455293011,
    "interpolation_TUPLE" : 2.0125568056088823,
    "mqttPublish_TUPLE" : 0.29615327356569665,
    "csvToSenML_TUPLE" : 1.5123837300245861,
    "senMLParse_TUPLE" : 0.19574190535356126,
    "annotate_TUPLE" : 0.47244946536948607,
    "azureTableInsert_TUPLE" : 0.35660445142991315,
    "TUPLE" : 0.09500805555555011
  },
  "tuplesProcessedPerModule" : {
    "bloomFilter" : 3248,
    "interpolation" : 1663,
    "azureTableInsert" : 1663,
    "sink" : 3326,
    "rangeFilter" : 4800,
    "annotate" : 1663,
    "source" : 4800,
    "join" : 1663,
    "senMLParse" : 4800,
    "mqttPublish" : 1663,
    "csvToSenML" : 1663
  },
  "recsInPerModule" : {
    "bloomFilter" : 1.6250803191885062,
    "interpolation" : 0.8506529341178598,
    "azureTableInsert" : 0.8418542445495696,
    "sink" : 1.6699379619187398,
    "rangeFilter" : 2.405002379752019,
    "annotate" : 0.8456349429572554,
    "source" : 2.423139773264792,
    "join" : 0.8489211074766604,
    "senMLParse" : 2.4144844412577253,
    "mqttPublish" : 0.8375197134011515,
    "csvToSenML" : 0.8418968848889111
  },
  "recsOutPerModule" : {
    "bloomFilter" : 1.6240803103653279,
    "interpolation" : 0.8496587523525574,
    "azureTableInsert" : 0.8416563002218974,
    "sink" : 1.6696318558626588,
    "rangeFilter" : 2.4031032549799405,
    "annotate" : 0.8453639962897972,
    "source" : 2.423138499045332,
    "join" : 0.8483094365516851,
    "senMLParse" : 2.41431699520194,
    "mqttPublish" : 0.8373657239128538,
    "csvToSenML" : 0.8410781120108525
  },
  "remainingDataPerDevice" : {
    "bloomFilter" : 80000,
    "interpolation" : 0,
    "azureTableInsert" : 0,
    "sink" : 0,
    "rangeFilter" : 350000,
    "annotate" : 0,
    "source" : 0,
    "join" : 0,
    "senMLParse" : 0,
    "mqttPublish" : 0,
    "csvToSenML" : 0
  },
  "executionTime" : 743.0,
  "networkUsage" : 381345.19,
  "tuplesSentBySensors" : 4800
}