{
  "placement" : {
    "annotate" : "cloud-0-1-0-1-1-0-1-1-0-0",
    "azureTableInsert" : "cloud-1-1-0-1-1-1-0-0",
    "bloomFilter" : "cloud-1-1-0-0-1-1-1-1-1-1",
    "csvToSenML" : "cloud-1-0-0-0-1-1-0-0-0",
    "interpolation" : "cloud-0-0-1-1-1-0-0-1-1",
    "join" : "cloud-0-1-0-1-1-1-1-0-1-0",
    "mqttPublish" : "cloud-1-0-1-1-0-1-0-1-0-0",
    "rangeFilter" : "cloud-1-0-1-0-0-1-0-1-0",
    "senMLParse" : "cloud-1-1-1-1-0-1-1-0-1-1",
    "sink" : "cloud-0-0-1-0-0-0-0-1-1-1",
    "source" : "cloud-0-1-1-1-0-0-0-0-0"
  },
  "appLoopLatency" : 66.41500106060556,
  "latencyPerTupleType" : {
    "rangeFilter_TUPLE" : 16.625978324145724,
    "join_TUPLE" : 1.1552402526195997,
    "bloomFilter_TUPLE" : 1.993406136341504,
    "sink_TUPLE" : 0.3337786995520981,
    "interpolation_TUPLE" : 1.5077883446927631,
    "mqttPublish_TUPLE" : 0.5249121926712712,
    "csvToSenML_TUPLE" : 1.2694328079035293,
    "senMLParse_TUPLE" : 0.23906789090902697,
    "annotate_TUPLE" : 2.4543050911537043,
    "azureTableInsert_TUPLE" : 3.0351780620209485,
    "TUPLE" : 0.0971672222222137
  },
  "tuplesProcessedPerModule" : {
    "bloomFilter" : 3281,
    "interpolation" : 1614,
    "azureTableInsert" : 1586,
    "sink" : 3122,
    "rangeFilter" : 4667,
    "annotate" : 1614,
    "source" : 4800,
    "join" : 1614,
    "senMLParse" : 4800,
    "mqttPublish" : 1586,
    "csvToSenML" : 1586
  },
  "recsInPerModule" : {
    "bloomFilter" : 1.6418946211864993,
    "interpolation" : 0.8188550105112872,
    "azureTableInsert" : 0.7967406431169205,
    "sink" : 1.5712954231828862,
    "rangeFilter" : 2.405743468676559,
    "annotate" : 0.8117864187981191,
    "source" : 2.4241187696991213,
    "join" : 0.8145364786521418,
    "senMLParse" : 2.4147223043190538,
    "mqttPublish" : 0.7936697404351395,
    "csvToSenML" : 0.7968607560740127
  },
  "recsOutPerModule" : {
    "bloomFilter" : 1.6417097718265847,
    "interpolation" : 0.8180871633430307,
    "azureTableInsert" : 0.7953999824816657,
    "sink" : 1.5711998704445311,
    "rangeFilter" : 2.341929711593815,
    "annotate" : 0.8105565779604519,
    "source" : 2.42398997629645,
    "join" : 0.8139562535294689,
    "senMLParse" : 2.414577829258203,
    "mqttPublish" : 0.7934420347925425,
    "csvToSenML" : 0.7962997989225491
  },
  "remainingDataPerDevice" : {
    "bloomFilter" : 30000,
    "interpolation" : 0,
    "azureTableInsert" : 125000,
    "sink" : 0,
    "rangeFilter" : 0,
    "annotate" : 280000,
    "source" : 0,
    "join" : 0,
    "senMLParse" : 0,
    "mqttPublish" : 125000,
    "csvToSenML" : 0
  },
  "executionTime" : 856.0,
  "networkUsage" : 407064.2,
  "tuplesSentBySensors" : 4800
}