{
  "placement" : {
    "annotate" : "cloud-1-0-1-0-1-0-0-1-0-1",
    "azureTableInsert" : "cloud-0-0-0-1-0-1-0-0-0",
    "bloomFilter" : "cloud-0-0-0-1-0-0-1-1-1-0",
    "csvToSenML" : "cloud-0-1-0-1-0-0-1-0-1-1",
    "interpolation" : "cloud-0-0-0-1-0-1-0-0-1-0",
    "join" : "cloud-0-0-1-0-0-1-1-1",
    "mqttPublish" : "cloud-1-0-0-1-1-1-1-1-0",
    "rangeFilter" : "cloud-1-1-0-1-0-1-0-0-1-0",
    "senMLParse" : "cloud-0-1-1-1-1-1",
    "sink" : "cloud-1-1-0-0-0-0-0",
    "source" : "cloud-0-0-0-1-1-1-0-0"
  },
  "appLoopLatency" : 65.82154381118886,
  "latencyPerTupleType" : {
    "rangeFilter_TUPLE" : 2.5900577666821376,
    "join_TUPLE" : 1.15716632381854,
    "bloomFilter_TUPLE" : 1.7019353522270064,
    "sink_TUPLE" : 0.511699713054451,
    "interpolation_TUPLE" : 1.4835666037617041,
    "mqttPublish_TUPLE" : 0.5528804602563484,
    "csvToSenML_TUPLE" : 1.164756357094442,
    "senMLParse_TUPLE" : 4.677840622222189,
    "annotate_TUPLE" : 0.5537535028887312,
    "azureTableInsert_TUPLE" : 1.2693166689109425,
    "TUPLE" : 0.09818055555554964
  },
  "tuplesProcessedPerModule" : {
    "bloomFilter" : 3240,
    "interpolation" : 1621,
    "azureTableInsert" : 1621,
    "sink" : 3184,
    "rangeFilter" : 4706,
    "annotate" : 1621,
    "source" : 4800,
    "join" : 1621,
    "senMLParse" : 4800,
    "mqttPublish" : 1592,
    "csvToSenML" : 1621
  },
  "recsInPerModule" : {
    "bloomFilter" : 1.6203248494771765,
    "interpolation" : 0.8259913101460065,
    "azureTableInsert" : 0.814177230846304,
    "sink" : 1.596250930989994,
    "rangeFilter" : 2.401192496225414,
    "annotate" : 0.8185369917324914,
    "source" : 2.4227728534358706,
    "join" : 0.8226743359392831,
    "senMLParse" : 2.416424177381751,
    "mqttPublish" : 0.8010739303603107,
    "csvToSenML" : 0.8136868057926623
  },
  "recsOutPerModule" : {
    "bloomFilter" : 1.62021313056803,
    "interpolation" : 0.8251871429373043,
    "azureTableInsert" : 0.8135192064352015,
    "sink" : 1.5961406002055625,
    "rangeFilter" : 2.35985579800105,
    "annotate" : 0.8182460442032329,
    "source" : 2.4226442030067328,
    "join" : 0.8220654748143366,
    "senMLParse" : 2.410362090384782,
    "mqttPublish" : 0.8010168299996272,
    "csvToSenML" : 0.8130855704124651
  },
  "remainingDataPerDevice" : {
    "bloomFilter" : 25000,
    "interpolation" : 0,
    "azureTableInsert" : 145000,
    "sink" : 0,
    "rangeFilter" : 145000,
    "annotate" : 0,
    "source" : 0,
    "join" : 0,
    "senMLParse" : 0,
    "mqttPublish" : 0,
    "csvToSenML" : 145000
  },
  "executionTime" : 872.0,
  "networkUsage" : 455298.46,
  "tuplesSentBySensors" : 4800
}