{
  "placement" : {
    "annotate" : "cloud-1-0-1-0-1-0-1-0-0-0",
    "azureTableInsert" : "cloud-0-1",
    "bloomFilter" : "cloud-0-0-0-0-1-1-1-0-0",
    "csvToSenML" : "cloud-0-0-1-0-0-0-1-0-0",
    "interpolation" : "cloud-1-0-1-0-1-1-1-0",
    "join" : "cloud-0-0-0-0-0-0-1-1-1",
    "mqttPublish" : "cloud-0-1-1-1",
    "rangeFilter" : "cloud-1-1-1-0-0-1-1-1-1-1",
    "senMLParse" : "cloud-0-1-0-0-1-0-1-0-1",
    "sink" : "cloud-0-1-1-1-1-1-0-1",
    "source" : "cloud-1-1-0-0-1-1-1-1-0-0"
  },
  "appLoopLatency" : 66.16664869444429,
  "latencyPerTupleType" : {
    "rangeFilter_TUPLE" : 3.3059456061181525,
    "join_TUPLE" : 3.7480535730410245,
    "bloomFilter_TUPLE" : 0.6345769726288872,
    "sink_TUPLE" : 0.9103083703357411,
    "interpolation_TUPLE" : 0.9512298298852974,
    "mqttPublish_TUPLE" : 0.2526101628599176,
    "csvToSenML_TUPLE" : 0.482468298851296,
    "senMLParse_TUPLE" : 0.23371474222224647,
    "annotate_TUPLE" : 0.4051605329156939,
    "azureTableInsert_TUPLE" : 0.8642818662494147,
    "TUPLE" : 0.09568861111110721
  },
  "tuplesProcessedPerModule" : {
    "bloomFilter" : 3215,
    "interpolation" : 1595,
    "azureTableInsert" : 1595,
    "sink" : 3171,
    "rangeFilter" : 4729,
    "annotate" : 1595,
    "source" : 4800,
    "join" : 1595,
    "senMLParse" : 4800,
    "mqttPublish" : 1576,
    "csvToSenML" : 1595
  },
  "recsInPerModule" : {
    "bloomFilter" : 1.6090571230612696,
    "interpolation" : 0.8141397025156112,
    "azureTableInsert" : 0.800316747271538,
    "sink" : 1.588716676906402,
    "rangeFilter" : 2.4018689917383216,
    "annotate" : 0.8036216297538763,
    "source" : 2.4226505715184117,
    "join" : 0.8102571666813925,
    "senMLParse" : 2.412906586458855,
    "mqttPublish" : 0.7975176249401257,
    "csvToSenML" : 0.7991939259580009
  },
  "recsOutPerModule" : {
    "bloomFilter" : 1.608959820910471,
    "interpolation" : 0.8136050161596582,
    "azureTableInsert" : 0.7998794404990831,
    "sink" : 1.5878498745108125,
    "rangeFilter" : 2.366341352155986,
    "annotate" : 0.8034209193959709,
    "source" : 2.4226492978133973,
    "join" : 0.8083873833069306,
    "senMLParse" : 2.412734765345463,
    "mqttPublish" : 0.7908724108319826,
    "csvToSenML" : 0.7989558151414261
  },
  "remainingDataPerDevice" : {
    "bloomFilter" : 0,
    "interpolation" : 0,
    "azureTableInsert" : 0,
    "sink" : 0,
    "rangeFilter" : 270000,
    "annotate" : 0,
    "source" : 0,
    "join" : 0,
    "senMLParse" : 0,
    "mqttPublish" : 0,
    "csvToSenML" : 0
  },
  "executionTime" : 901.0,
  "networkUsage" : 397709.68,
  "tuplesSentBySensors" : 4800
}