{
  "placement" : {
    "annotate" : "cloud-0-1-1-0-0-1-0-0-0-1",
    "azureTableInsert" : "cloud-1-1-0-1-0-0-1-1-1-1",
    "bloomFilter" : "cloud-0-0-1-0-0",
    "csvToSenML" : "cloud-1-1-1-1-0-0-0-1-1",
    "interpolation" : "cloud-1-0-1-1-0-0-0-1",
    "join" : "cloud-0-1-0-0-0-1-1-0",
    "mqttPublish" : "cloud-1-1-0-1-1-0-0-1-0-0",
    "rangeFilter" : "cloud-1-1-1-0-1-0-1-1-1",
    "senMLParse" : "cloud-0-0-1-0-1-1",
    "sink" : "cloud-1-0-0-1-1-0-0-0-0",
    "source" : "cloud-0-0-0-1-1-0-1-1-0"
  },
  "appLoopLatency" : 57.89900216666662,
  "latencyPerTupleType" : {
    "rangeFilter_TUPLE" : 0.2535258511110493,
    "join_TUPLE" : 1.583234726855019,
    "bloomFilter_TUPLE" : 0.8686284798298033,
    "sink_TUPLE" : 1.1028874732185217,
    "interpolation_TUPLE" : 3.4626035404165982,
    "mqttPublish_TUPLE" : 0.39687327921187043,
    "csvToSenML_TUPLE" : 0.8450888650769973,
    "senMLParse_TUPLE" : 0.12500383777779642,
    "annotate_TUPLE" : 0.4255142806053135,
    "azureTableInsert_TUPLE" : 0.9199537157170546,
    "TUPLE" : 0.09644444444443957
  },
  "tuplesProcessedPerModule" : {
    "bloomFilter" : 3330,
    "interpolation" : 1633,
    "azureTableInsert" : 1631,
    "sink" : 3231,
    "rangeFilter" : 4800,
    "annotate" : 1631,
    "source" : 4800,
    "join" : 1631,
    "senMLParse" : 4800,
    "mqttPublish" : 1631,
    "csvToSenML" : 1631
  },
  "recsInPerModule" : {
    "bloomFilter" : 1.6802544119676026,
    "interpolation" : 0.8170506508082077,
    "azureTableInsert" : 0.8232839083369564,
    "sink" : 1.631857863809508,
    "rangeFilter" : 2.4082923459975523,
    "annotate" : 0.8275220575000226,
    "source" : 2.421917139150745,
    "join" : 0.8324239968099284,
    "senMLParse" : 2.4158198953213947,
    "mqttPublish" : 0.8192439721803068,
    "csvToSenML" : 0.8230761773143125
  },
  "recsOutPerModule" : {
    "bloomFilter" : 1.665747902901613,
    "interpolation" : 0.8165548707181102,
    "azureTableInsert" : 0.8225719932733767,
    "sink" : 1.6222813465194543,
    "rangeFilter" : 2.4081463511257306,
    "annotate" : 0.8272090298697597,
    "source" : 2.4217923979852536,
    "join" : 0.8311487493129548,
    "senMLParse" : 2.4156856502445287,
    "mqttPublish" : 0.8189613175928356,
    "csvToSenML" : 0.8224254873161356
  },
  "remainingDataPerDevice" : {
    "bloomFilter" : 185000,
    "interpolation" : 10000,
    "azureTableInsert" : 0,
    "sink" : 0,
    "rangeFilter" : 0,
    "annotate" : 0,
    "source" : 0,
    "join" : 0,
    "senMLParse" : 0,
    "mqttPublish" : 0,
    "csvToSenML" : 0
  },
  "executionTime" : 616.0,
  "networkUsage" : 383306.19,
  "tuplesSentBySensors" : 4800
}