{
  "placement" : {
    "annotate" : "cloud-1-1-1-0-0-0-1-1-1-0",
    "azureTableInsert" : "cloud-1-0-0-0-0-0-1-1-0-1",
    "bloomFilter" : "cloud-1-1-1-1-0-1-0-0-0-1",
    "csvToSenML" : "cloud-0-0-0-1-1-0-1-0-1-0",
    "interpolation" : "cloud-1-1-0-0-1-0-0-0-0-0",
    "join" : "cloud-0-0-0-0-1-0-0-1",
    "mqttPublish" : "cloud-0-1-0-1-0-0-1-0-0",
    "rangeFilter" : "cloud-0-1-1-1-1-1-0-0-1",
    "senMLParse" : "cloud-0-1-1-0-0-0-1-0-1",
    "sink" : "cloud-0-0-0-1-0-0-0-0-0-1",
    "source" : "cloud-0-1-0-0-1-0-1"
  },
  "appLoopLatency" : 63.72773545454518,
  "latencyPerTupleType" : {
    "rangeFilter_TUPLE" : 2.0018342343433195,
    "join_TUPLE" : 3.911608192323202,
    "bloomFilter_TUPLE" : 0.4912634193460633,
    "sink_TUPLE" : 0.2566935027415248,
    "interpolation_TUPLE" : 2.140163858302826,
    "mqttPublish_TUPLE" : 0.3986878253178103,
    "csvToSenML_TUPLE" : 0.8487165001047019,
    "senMLParse_TUPLE" : 0.1820429010100337,
    "annotate_TUPLE" : 1.599108922264784,
    "azureTableInsert_TUPLE" : 0.8487165001047012,
    "TUPLE" : 0.0986179797979904
  },
  "tuplesProcessedPerModule" : {
    "bloomFilter" : 3317,
    "interpolation" : 1605,
    "azureTableInsert" : 1601,
    "sink" : 3167,
    "rangeFilter" : 4800,
    "annotate" : 1601,
    "source" : 4800,
    "join" : 1601,
    "senMLParse" : 4800,
    "mqttPublish" : 1601,
    "csvToSenML" : 1601
  },
  "recsInPerModule" : {
    "bloomFilter" : 1.6600407031437294,
    "interpolation" : 0.8030560910952972,
    "azureTableInsert" : 0.8070091958642831,
    "sink" : 1.591659278670393,
    "rangeFilter" : 2.4115490430118056,
    "annotate" : 0.8112542783349341,
    "source" : 2.4236291726184436,
    "join" : 0.8169062525571297,
    "senMLParse" : 2.4174017889296553,
    "mqttPublish" : 0.8019603794501959,
    "csvToSenML" : 0.8062776657271709
  },
  "recsOutPerModule" : {
    "bloomFilter" : 1.660002820297188,
    "interpolation" : 0.802556056169335,
    "azureTableInsert" : 0.8065662122846812,
    "sink" : 1.5879017090090932,
    "rangeFilter" : 2.4086319414717177,
    "annotate" : 0.8104004812603558,
    "source" : 2.4235044867842546,
    "join" : 0.81501279798439,
    "senMLParse" : 2.417256993068456,
    "mqttPublish" : 0.8017612468515684,
    "csvToSenML" : 0.8058354846667659
  },
  "remainingDataPerDevice" : {
    "bloomFilter" : 135000,
    "interpolation" : 20000,
    "azureTableInsert" : 0,
    "sink" : 0,
    "rangeFilter" : 205000,
    "annotate" : 0,
    "source" : 0,
    "join" : 0,
    "senMLParse" : 0,
    "mqttPublish" : 95000,
    "csvToSenML" : 0
  },
  "executionTime" : 1423.0,
  "networkUsage" : 411236.57,
  "tuplesSentBySensors" : 4800
}