{
  "placement" : {
    "annotate" : "cloud-0-0-1-1-0-0-0-1",
    "azureTableInsert" : "cloud-0-1-0-1-0-1-1-0-1",
    "bloomFilter" : "cloud-1-0-1-1-1-0-1",
    "csvToSenML" : "cloud-0-0-0-1-1-1-1-0-0",
    "interpolation" : "cloud-0-0-1-1-0-0-0-1",
    "join" : "cloud-1-0-1-0-0-0-0-1-0",
    "mqttPublish" : "cloud-1-0-0-1-0-1-1-1-1",
    "rangeFilter" : "cloud-1-1-1-0-1-1-1-0-0-1",
    "senMLParse" : "cloud-1-1-0-0-1-1-0-0-0-1",
    "sink" : "cloud-0-0-1-0-0-1-0-1",
    "source" : "cloud-1-0-1-1-1-0-0-1-1-0"
  },
  "appLoopLatency" : 60.941860230027594,
  "latencyPerTupleType" : {
    "rangeFilter_TUPLE" : 1.996661252222198,
    "join_TUPLE" : 0.9084651044865432,
    "bloomFilter_TUPLE" : 0.688758474906397,
    "sink_TUPLE" : 0.19255772805542823,
    "interpolation_TUPLE" : 1.7994696684376816,
    "mqttPublish_TUPLE" : 0.2871582251083999,
    "csvToSenML_TUPLE" : 1.3154096459074507,
    "senMLParse_TUPLE" : 0.11084658222224272,
    "annotate_TUPLE" : 6.261416471467623,
    "azureTableInsert_TUPLE" : 0.5085069682662308,
    "TUPLE" : 0.09432555555555901
  },
  "tuplesProcessedPerModule" : {
    "bloomFilter" : 3374,
    "interpolation" : 1694,
    "azureTableInsert" : 1694,
    "sink" : 3388,
    "rangeFilter" : 4800,
    "annotate" : 1694,
    "source" : 4800,
    "join" : 1694,
    "senMLParse" : 4800,
    "mqttPublish" : 1694,
    "csvToSenML" : 1694
  },
  "recsInPerModule" : {
    "bloomFilter" : 1.6880835470529318,
    "interpolation" : 0.8678245453778727,
    "azureTableInsert" : 0.8560449803218865,
    "sink" : 1.6946072776281764,
    "rangeFilter" : 2.404298974122285,
    "annotate" : 0.8601131799628174,
    "source" : 2.421306284651793,
    "join" : 0.8637587881525978,
    "senMLParse" : 2.411329530725216,
    "mqttPublish" : 0.8510460663998792,
    "csvToSenML" : 0.8562613532655494
  },
  "recsOutPerModule" : {
    "bloomFilter" : 1.6871467644752551,
    "interpolation" : 0.8668087577550017,
    "azureTableInsert" : 0.8557150912648214,
    "sink" : 1.6943989330971962,
    "rangeFilter" : 2.4019228266927906,
    "annotate" : 0.8594331709498451,
    "source" : 2.4213037400693445,
    "join" : 0.8631371361573111,
    "senMLParse" : 2.4111831673935407,
    "mqttPublish" : 0.8508786400164683,
    "csvToSenML" : 0.8554299000318195
  },
  "remainingDataPerDevice" : {
    "bloomFilter" : 105000,
    "interpolation" : 0,
    "azureTableInsert" : 0,
    "sink" : 0,
    "rangeFilter" : 260000,
    "annotate" : 0,
    "source" : 0,
    "join" : 0,
    "senMLParse" : 0,
    "mqttPublish" : 0,
    "csvToSenML" : 0
  },
  "executionTime" : 835.0,
  "networkUsage" : 383121.9,
  "tuplesSentBySensors" : 4800
}