{
  "placement" : {
    "annotate" : "cloud-0-0-1-1-1-1-1-0-0",
    "azureTableInsert" : "cloud-0-0-1-0-0-0-0-0-1-1",
    "bloomFilter" : "cloud-1-0-0-1-0-0-1-1-0",
    "csvToSenML" : "cloud-1-0-1-1-1-0-0-0",
    "interpolation" : "cloud-0-0-0-1-1-0-1-1-0-0",
    "join" : "cloud-0-1-0-1-1-0-1",
    "mqttPublish" : "cloud-0-1-0-0-1-1-1-0",
    "rangeFilter" : "cloud-0-1-1-0-0-0-0-1-1",
    "senMLParse" : "cloud-1-1-0-1-1-1-1-0-0-1",
    "sink" : "cloud-1-1-1-1-1-0-1-0-1-1",
    "source" : "cloud-0-0-0-1-1-1-1-1-0"
  },
  "appLoopLatency" : 68.87409666666649,
  "latencyPerTupleType" : {
    "rangeFilter_TUPLE" : 6.62782433041565,
    "join_TUPLE" : 5.13816311511747,
    "bloomFilter_TUPLE" : 1.8969714684118015,
    "sink_TUPLE" : 0.31979572879763607,
    "interpolation_TUPLE" : 1.401310516551128,
    "mqttPublish_TUPLE" : 0.3190681896186619,
    "csvToSenML_TUPLE" : 1.195616262334719,
    "senMLParse_TUPLE" : 4.6763198222222035,
    "annotate_TUPLE" : 0.5385368940373699,
    "azureTableInsert_TUPLE" : 1.195616262334719,
    "TUPLE" : 0.09811111111109895
  },
  "tuplesProcessedPerModule" : {
    "bloomFilter" : 3287,
    "interpolation" : 1581,
    "azureTableInsert" : 1554,
    "sink" : 3101,
    "rangeFilter" : 4682,
    "annotate" : 1554,
    "source" : 4800,
    "join" : 1581,
    "senMLParse" : 4800,
    "mqttPublish" : 1554,
    "csvToSenML" : 1554
  },
  "recsInPerModule" : {
    "bloomFilter" : 1.672687167218506,
    "interpolation" : 0.7997194598298123,
    "azureTableInsert" : 0.7843163849390122,
    "sink" : 1.5513529894637557,
    "rangeFilter" : 2.349350810936466,
    "annotate" : 0.7905947231302559,
    "source" : 2.4225283019439274,
    "join" : 0.7959398909819021,
    "senMLParse" : 2.4101149955574215,
    "mqttPublish" : 0.7798466188737389,
    "csvToSenML" : 0.7829333521031329
  },
  "recsOutPerModule" : {
    "bloomFilter" : 1.6704416089105971,
    "interpolation" : 0.7989970277740063,
    "azureTableInsert" : 0.7842149612807863,
    "sink" : 1.5512511326036271,
    "rangeFilter" : 2.3413499674330076,
    "annotate" : 0.7862210951820209,
    "source" : 2.4223996774843983,
    "join" : 0.7933723948383492,
    "senMLParse" : 2.4040844834420634,
    "mqttPublish" : 0.7797952573285665,
    "csvToSenML" : 0.7828322857995137
  },
  "remainingDataPerDevice" : {
    "bloomFilter" : 0,
    "interpolation" : 0,
    "azureTableInsert" : 0,
    "sink" : 0,
    "rangeFilter" : 110000,
    "annotate" : 0,
    "source" : 0,
    "join" : 0,
    "senMLParse" : 510000,
    "mqttPublish" : 35000,
    "csvToSenML" : 0
  },
  "executionTime" : 849.0,
  "networkUsage" : 439783.56,
  "tuplesSentBySensors" : 4800
}