{
  "placement" : {
    "annotate" : "cloud-1-0-1-0-1-0-0-1-1",
    "azureTableInsert" : "cloud-0-0-1-0-1-0-1-0-1-0",
    "bloomFilter" : "cloud-1-0-1-1-0-1-0-1-0",
    "csvToSenML" : "cloud-1-1-1-1-1-1-0-1-0-0",
    "interpolation" : "cloud-0-1-0-1-0-0-0-0",
    "join" : "cloud-1-0-1-1-0-1",
    "mqttPublish" : "cloud-1-1-1-1-1-1-1-1-0",
    "rangeFilter" : "cloud-0-0-0-1-1-0",
    "senMLParse" : "cloud-1-1-1-1-1-1-0-0-0-0",
    "sink" : "cloud-0-0-1-0-0-1-0-1-0-0",
    "source" : "cloud-1-0-0-1-1-0-1-0-0"
  },
  "appLoopLatency" : 63.73787272727255,
  "latencyPerTupleType" : {
    "rangeFilter_TUPLE" : 2.438923529411693,
    "join_TUPLE" : 0.8957666251412004,
    "bloomFilter_TUPLE" : 0.7825611133013235,
    "sink_TUPLE" : 0.30658944232098867,
    "interpolation_TUPLE" : 0.6108153049755016,
    "mqttPublish_TUPLE" : 0.584418507507878,
    "csvToSenML_TUPLE" : 0.33683866690045194,
    "senMLParse_TUPLE" : 0.23638849999993597,
    "annotate_TUPLE" : 0.4808170795894062,
    "azureTableInsert_TUPLE" : 0.5374073095853112,
    "TUPLE" : 0.09757083333332986
  },
  "tuplesProcessedPerModule" : {
    "bloomFilter" : 3252,
    "interpolation" : 1558,
    "azureTableInsert" : 1558,
    "sink" : 3116,
    "rangeFilter" : 4743,
    "annotate" : 1558,
    "source" : 4800,
    "join" : 1558,
    "senMLParse" : 4800,
    "mqttPublish" : 1558,
    "csvToSenML" : 1558
  },
  "recsInPerModule" : {
    "bloomFilter" : 1.6265133899755564,
    "interpolation" : 0.7956589135047936,
    "azureTableInsert" : 0.785387442845972,
    "sink" : 1.5596832699728018,
    "rangeFilter" : 2.401623629662952,
    "annotate" : 0.7891468068976345,
    "source" : 2.421794943594882,
    "join" : 0.7920896306866471,
    "senMLParse" : 2.411810378162086,
    "mqttPublish" : 0.7834645242779471,
    "csvToSenML" : 0.784991730673061
  },
  "recsOutPerModule" : {
    "bloomFilter" : 1.6264012314588299,
    "interpolation" : 0.7952029692533017,
    "azureTableInsert" : 0.7850106059908037,
    "sink" : 1.5593125331327735,
    "rangeFilter" : 2.373104354997479,
    "annotate" : 0.7888071971551704,
    "source" : 2.421788579580845,
    "join" : 0.7914321291600613,
    "senMLParse" : 2.411638713127878,
    "mqttPublish" : 0.7830559859547918,
    "csvToSenML" : 0.7847668460890332
  },
  "remainingDataPerDevice" : {
    "bloomFilter" : 25000,
    "interpolation" : 0,
    "azureTableInsert" : 0,
    "sink" : 0,
    "rangeFilter" : 275000,
    "annotate" : 0,
    "source" : 0,
    "join" : 0,
    "senMLParse" : 0,
    "mqttPublish" : 0,
    "csvToSenML" : 0
  },
  "executionTime" : 728.0,
  "networkUsage" : 385780.31,
  "tuplesSentBySensors" : 4800
}