{
  "placement" : {
    "annotate" : "cloud-1-1-0-0-1-0-0-1",
    "azureTableInsert" : "cloud-0-0-1-1-1-0-1-0-0",
    "bloomFilter" : "cloud-0-0-1-1-1-0-0-0-1",
    "csvToSenML" : "cloud-0-1-0-1-0-1-0-1-0-0",
    "interpolation" : "cloud-0-0-1-0-0-0-0-0-1-0",
    "join" : "cloud-1-0-1-0-0-1-0-1-1",
    "mqttPublish" : "cloud-0-0-1-0-1-0-1-0-1-1",
    "rangeFilter" : "cloud-1-0-1-1-1-1-1-0-1",
    "senMLParse" : "cloud-1-1-1-1-1-1-1-0-1-0",
    "sink" : "cloud-0-0-1-0-0-0-0-1-1",
    "source" : "cloud-0-0-0-0-1-1-1-1-1"
  },
  "appLoopLatency" : 58.44052893939376,
  "latencyPerTupleType" : {
    "rangeFilter_TUPLE" : 1.4688345501615683,
    "join_TUPLE" : 6.849776684181025,
    "bloomFilter_TUPLE" : 1.0740444374855889,
    "sink_TUPLE" : 0.36518516429784675,
    "interpolation_TUPLE" : 1.5980822732837587,
    "mqttPublish_TUPLE" : 0.5927835860166819,
    "csvToSenML_TUPLE" : 1.3102558063207959,
    "senMLParse_TUPLE" : 5.0622893727271885,
    "annotate_TUPLE" : 0.6050554760451986,
    "azureTableInsert_TUPLE" : 0.7451696723202301,
    "TUPLE" : 0.09825575757574985
  },
  "tuplesProcessedPerModule" : {
    "bloomFilter" : 3309,
    "interpolation" : 1635,
    "azureTableInsert" : 1635,
    "sink" : 3236,
    "rangeFilter" : 4701,
    "annotate" : 1635,
    "source" : 4800,
    "join" : 1635,
    "senMLParse" : 4800,
    "mqttPublish" : 1601,
    "csvToSenML" : 1635
  },
  "recsInPerModule" : {
    "bloomFilter" : 1.655927516652847,
    "interpolation" : 0.8341224864969178,
    "azureTableInsert" : 0.8211755534716532,
    "sink" : 1.6195923381572723,
    "rangeFilter" : 2.3543755531154584,
    "annotate" : 0.8246582831065887,
    "source" : 2.423751553347024,
    "join" : 0.8305103829921193,
    "senMLParse" : 2.4137549042898625,
    "mqttPublish" : 0.8078187150390809,
    "csvToSenML" : 0.8211755555338223
  },
  "recsOutPerModule" : {
    "bloomFilter" : 1.6558273907663297,
    "interpolation" : 0.8331767302478751,
    "azureTableInsert" : 0.8207693353621197,
    "sink" : 1.6192242774438759,
    "rangeFilter" : 2.3542085217270334,
    "annotate" : 0.8243222022665855,
    "source" : 2.4236268549208626,
    "join" : 0.8271203628252236,
    "senMLParse" : 2.407391716989284,
    "mqttPublish" : 0.8077007746626425,
    "csvToSenML" : 0.8204709612774553
  },
  "remainingDataPerDevice" : {
    "bloomFilter" : 15000,
    "interpolation" : 0,
    "azureTableInsert" : 0,
    "sink" : 0,
    "rangeFilter" : 170000,
    "annotate" : 0,
    "source" : 0,
    "join" : 0,
    "senMLParse" : 495000,
    "mqttPublish" : 0,
    "csvToSenML" : 170000
  },
  "executionTime" : 794.0,
  "networkUsage" : 393541.6,
  "tuplesSentBySensors" : 4800
}