{
  "placement" : {
    "annotate" : "cloud-1-1-1-0-0-1-1-0-0",
    "azureTableInsert" : "cloud-1-0-0-1-1-1-0-1-1",
    "bloomFilter" : "cloud-0-0-0-1-0-1-1-1-1",
    "csvToSenML" : "cloud-1-0-1-1-0-0-1-0",
    "interpolation" : "cloud-1-0-1-1-1-1-1-1-1-1",
    "join" : "cloud-1-1-1-0-1-1-0-1-1-1",
    "mqttPublish" : "cloud-0-1-0-1-1-0-1-1-0-0",
    "rangeFilter" : "cloud-0-0-0-1-1-1-1-0",
    "senMLParse" : "cloud-1-1-1-1-1-0",
    "sink" : "cloud-1-0-1-1-0-0-1-1-0-0",
    "source" : "cloud-0-0-0-0-1-0-1-1-0-0"
  },
  "appLoopLatency" : 57.80269045454517,
  "latencyPerTupleType" : {
    "rangeFilter_TUPLE" : 15.453903652740879,
    "join_TUPLE" : 2.066204296352297,
    "bloomFilter_TUPLE" : 4.150958067929047,
    "sink_TUPLE" : 0.5007121831003373,
    "interpolation_TUPLE" : 1.2913370788026604,
    "mqttPublish_TUPLE" : 1.1822054947287999,
    "csvToSenML_TUPLE" : 2.811864167758956,
    "senMLParse_TUPLE" : 0.12325092525246885,
    "annotate_TUPLE" : 2.296716082034788,
    "azureTableInsert_TUPLE" : 0.6420803321338483,
    "TUPLE" : 0.09758909090907911
  },
  "tuplesProcessedPerModule" : {
    "bloomFilter" : 3286,
    "interpolation" : 1697,
    "azureTableInsert" : 1666,
    "sink" : 3310,
    "rangeFilter" : 4672,
    "annotate" : 1697,
    "source" : 4800,
    "join" : 1697,
    "senMLParse" : 4800,
    "mqttPublish" : 1644,
    "csvToSenML" : 1666
  },
  "recsInPerModule" : {
    "bloomFilter" : 1.6434099403925813,
    "interpolation" : 0.8594505731920564,
    "azureTableInsert" : 0.8366012908307435,
    "sink" : 1.6561894001968096,
    "rangeFilter" : 2.402266153024835,
    "annotate" : 0.8513577571627353,
    "source" : 2.4216727603689217,
    "join" : 0.8550926858356135,
    "senMLParse" : 2.411572050341028,
    "mqttPublish" : 0.8298702683260664,
    "csvToSenML" : 0.8369795809801867
  },
  "recsOutPerModule" : {
    "bloomFilter" : 1.6431565572181774,
    "interpolation" : 0.8586411381898384,
    "azureTableInsert" : 0.8363186879271838,
    "sink" : 1.6557613544438436,
    "rangeFilter" : 2.3385268345820034,
    "annotate" : 0.8499381991640739,
    "source" : 2.421548275747175,
    "join" : 0.8537993471699302,
    "senMLParse" : 2.4114382769343705,
    "mqttPublish" : 0.8298065642999097,
    "csvToSenML" : 0.8357348598951536
  },
  "remainingDataPerDevice" : {
    "bloomFilter" : 40000,
    "interpolation" : 0,
    "azureTableInsert" : 0,
    "sink" : 0,
    "rangeFilter" : 5000,
    "annotate" : 310000,
    "source" : 0,
    "join" : 0,
    "senMLParse" : 0,
    "mqttPublish" : 0,
    "csvToSenML" : 110000
  },
  "executionTime" : 778.0,
  "networkUsage" : 392177.51,
  "tuplesSentBySensors" : 4800
}