{
  "placement" : {
    "annotate" : "cloud-1-1-1-0-1-1-1-0-0-1",
    "azureTableInsert" : "cloud-1-0-0-1-1-1-1-1-0-1",
    "bloomFilter" : "cloud-0-0-1-1-0-0-1-0-0",
    "csvToSenML" : "cloud-1-0-0-1-0-1-0-1-1",
    "interpolation" : "cloud-0-0-1-1-1-0-1-1-1",
    "join" : "cloud-1-0-1-0-1-1-0-0",
    "mqttPublish" : "cloud-0-1-0-0-0-1-0-1-0",
    "rangeFilter" : "cloud-0-0-1-0-0-0-1-1-1-0",
    "senMLParse" : "cloud-0-0-0-0-1-1-1-0-0",
    "sink" : "cloud-1-1-0-0-1-1-1-1-1-1",
    "source" : "cloud-1-0-1-1-1-1-1-1"
  },
  "appLoopLatency" : 55.71258200550961,
  "latencyPerTupleType" : {
    "rangeFilter_TUPLE" : 1.4647066447474328,
    "join_TUPLE" : 0.9418909028292017,
    "bloomFilter_TUPLE" : 0.5233995079227065,
    "sink_TUPLE" : 0.29550190718373975,
    "interpolation_TUPLE" : 0.43559524899093016,
    "mqttPublish_TUPLE" : 0.2600158981898876,
    "csvToSenML_TUPLE" : 0.29938393387244616,
    "senMLParse_TUPLE" : 0.10977657222223659,
    "annotate_TUPLE" : 0.41689410009308586,
    "azureTableInsert_TUPLE" : 1.541635002827449,
    "TUPLE" : 0.09445777777778376
  },
  "tuplesProcessedPerModule" : {
    "bloomFilter" : 3255,
    "interpolation" : 1599,
    "azureTableInsert" : 1597,
    "sink" : 3194,
    "rangeFilter" : 4800,
    "annotate" : 1597,
    "source" : 4800,
    "join" : 1597,
    "senMLParse" : 4800,
    "mqttPublish" : 1597,
    "csvToSenML" : 1597
  },
  "recsInPerModule" : {
    "bloomFilter" : 1.6285805288285542,
    "interpolation" : 0.8000263659167751,
    "azureTableInsert" : 0.8094164414458983,
    "sink" : 1.6060024421512982,
    "rangeFilter" : 2.40514353714866,
    "annotate" : 0.8123397219117195,
    "source" : 2.4224060447105504,
    "join" : 0.8150865172328227,
    "senMLParse" : 2.4125427589392823,
    "mqttPublish" : 0.8060205970840889,
    "csvToSenML" : 0.8096216160234092
  },
  "recsOutPerModule" : {
    "bloomFilter" : 1.6277568284219133,
    "interpolation" : 0.7999408614319408,
    "azureTableInsert" : 0.8081488191562008,
    "sink" : 1.6057198571468536,
    "rangeFilter" : 2.403654457183282,
    "annotate" : 0.8120918717607092,
    "source" : 2.422404771262642,
    "join" : 0.8145772248917229,
    "senMLParse" : 2.412396248293523,
    "mqttPublish" : 0.8058782401266066,
    "csvToSenML" : 0.8094523411821871
  },
  "remainingDataPerDevice" : {
    "bloomFilter" : 85000,
    "interpolation" : 10000,
    "azureTableInsert" : 0,
    "sink" : 0,
    "rangeFilter" : 290000,
    "annotate" : 0,
    "source" : 0,
    "join" : 0,
    "senMLParse" : 0,
    "mqttPublish" : 0,
    "csvToSenML" : 0
  },
  "executionTime" : 677.0,
  "networkUsage" : 345139.04,
  "tuplesSentBySensors" : 4800
}