{
  "placement" : {
    "annotate" : "cloud-0-1-1-0-1-0-0-1-0",
    "azureTableInsert" : "cloud-0-1-0-1-1-0-1-1-0",
    "bloomFilter" : "cloud-0-1-1-0-1-0-0-0-1-1",
    "csvToSenML" : "cloud-0-1-0-1-1-1-0-0-0",
    "interpolation" : "cloud-0-0-0-0-0-1-1-1-1-1",
    "join" : "cloud-1-0-1-1-1-1-1-0-1-1",
    "mqttPublish" : "cloud-0-0-0-0-0-0-1-0-1",
    "rangeFilter" : "cloud-0-1-0-0",
    "senMLParse" : "cloud-0-1-0-0-1-0-0-1-0",
    "sink" : "cloud-1-0-0-0-0-0-0-0-1",
    "source" : "cloud-1-1-1-1-0-0-1-1-0-0"
  },
  "appLoopLatency" : 67.81930762121202,
  "latencyPerTupleType" : {
    "rangeFilter_TUPLE" : 15.730985133804122,
    "join_TUPLE" : 1.0537991000614118,
    "bloomFilter_TUPLE" : 1.6139849281093603,
    "sink_TUPLE" : 0.5270858533023512,
    "interpolation_TUPLE" : 3.293316043052818,
    "mqttPublish_TUPLE" : 0.524134062612814,
    "csvToSenML_TUPLE" : 0.6361366937472573,
    "senMLParse_TUPLE" : 0.2818744577778033,
    "annotate_TUPLE" : 0.5296638058132919,
    "azureTableInsert_TUPLE" : 2.75504585680643,
    "TUPLE" : 0.0943136111111086
  },
  "tuplesProcessedPerModule" : {
    "bloomFilter" : 3292,
    "interpolation" : 1640,
    "azureTableInsert" : 1617,
    "sink" : 3202,
    "rangeFilter" : 4671,
    "annotate" : 1639,
    "source" : 4800,
    "join" : 1639,
    "senMLParse" : 4800,
    "mqttPublish" : 1601,
    "csvToSenML" : 1617
  },
  "recsInPerModule" : {
    "bloomFilter" : 1.6468225009693473,
    "interpolation" : 0.8204656035826273,
    "azureTableInsert" : 0.8104781864038145,
    "sink" : 1.6069071381465985,
    "rangeFilter" : 2.4039139097953774,
    "annotate" : 0.8202746599131326,
    "source" : 2.420085499603963,
    "join" : 0.8245379855401461,
    "senMLParse" : 2.4072191996274785,
    "mqttPublish" : 0.8069446724725273,
    "csvToSenML" : 0.8111693694106991
  },
  "recsOutPerModule" : {
    "bloomFilter" : 1.6466777206170835,
    "interpolation" : 0.8203604352201839,
    "azureTableInsert" : 0.8095922191271034,
    "sink" : 1.6068097018757677,
    "rangeFilter" : 2.341469570230261,
    "annotate" : 0.8200455141372536,
    "source" : 2.420084228594686,
    "join" : 0.8240690060104509,
    "senMLParse" : 2.407048187519155,
    "mqttPublish" : 0.8068955300578192,
    "csvToSenML" : 0.810959179937963
  },
  "remainingDataPerDevice" : {
    "bloomFilter" : 30000,
    "interpolation" : 5000,
    "azureTableInsert" : 80000,
    "sink" : 0,
    "rangeFilter" : 5000,
    "annotate" : 220000,
    "source" : 0,
    "join" : 0,
    "senMLParse" : 0,
    "mqttPublish" : 0,
    "csvToSenML" : 80000
  },
  "executionTime" : 902.0,
  "networkUsage" : 371825.23,
  "tuplesSentBySensors" : 4800
}