{
  "placement" : {
    "annotate" : "cloud-1-0-0-1-0-0",
    "azureTableInsert" : "cloud-1-0-0-0-0-0-0-0-1-0",
    "bloomFilter" : "cloud-1-0-1-1-1-1-1-1",
    "csvToSenML" : "cloud-0-0-0-0-0-0-0-0-1",
    "interpolation" : "cloud-0-1-1-0-0-0-1-1-0-1",
    "join" : "cloud-0-0-0-1-1-0-0-1-0-1",
    "mqttPublish" : "cloud-1-0-0-0-0-0-1-1-0-1",
    "rangeFilter" : "cloud-1-1-1-1-1-1-0-1-1",
    "senMLParse" : "cloud-1-1-0-0-1-0-1-0-0",
    "sink" : "cloud-1-0-0-0-0-0-1-1-0-0",
    "source" : "cloud-1-0-0-1-0-1-0-1-0"
  },
  "appLoopLatency" : 61.32953489393917,
  "latencyPerTupleType" : {
    "rangeFilter_TUPLE" : 1.746117646666635,
    "join_TUPLE" : 0.6900196913096573,
    "bloomFilter_TUPLE" : 0.3379791046465621,
    "sink_TUPLE" : 0.2525540068245483,
    "interpolation_TUPLE" : 0.29375054081482826,
    "mqttPublish_TUPLE" : 0.24496644257069444,
    "csvToSenML_TUPLE" : 0.2824926863619693,
    "senMLParse_TUPLE" : 0.23923539777780248,
    "annotate_TUPLE" : 0.920864633995726,
    "azureTableInsert_TUPLE" : 0.2824926863619674,
    "TUPLE" : 0.09630000000000136
  },
  "tuplesProcessedPerModule" : {
    "bloomFilter" : 3214,
    "interpolation" : 1574,
    "azureTableInsert" : 1574,
    "sink" : 3148,
    "rangeFilter" : 4800,
    "annotate" : 1574,
    "source" : 4800,
    "join" : 1574,
    "senMLParse" : 4800,
    "mqttPublish" : 1574,
    "csvToSenML" : 1574
  },
  "recsInPerModule" : {
    "bloomFilter" : 1.6071441463047496,
    "interpolation" : 0.8050003280671173,
    "azureTableInsert" : 0.794439973486174,
    "sink" : 1.5777659447554309,
    "rangeFilter" : 2.4035515352185817,
    "annotate" : 0.7975636677414931,
    "source" : 2.421306284651793,
    "join" : 0.801459827503135,
    "senMLParse" : 2.4125414958404288,
    "mqttPublish" : 0.7895920353296444,
    "csvToSenML" : 0.7935588266276822
  },
  "recsOutPerModule" : {
    "bloomFilter" : 1.6070303047809384,
    "interpolation" : 0.8047790968108511,
    "azureTableInsert" : 0.7942537307903338,
    "sink" : 1.5774772465628992,
    "rangeFilter" : 2.401518156216444,
    "annotate" : 0.7969343882738174,
    "source" : 2.4213037400693445,
    "join" : 0.8009324367597865,
    "senMLParse" : 2.412369726716864,
    "mqttPublish" : 0.7894369280858486,
    "csvToSenML" : 0.7933729967936549
  },
  "remainingDataPerDevice" : {
    "bloomFilter" : 30000,
    "interpolation" : 0,
    "azureTableInsert" : 0,
    "sink" : 0,
    "rangeFilter" : 490000,
    "annotate" : 0,
    "source" : 0,
    "join" : 0,
    "senMLParse" : 0,
    "mqttPublish" : 0,
    "csvToSenML" : 0
  },
  "executionTime" : 685.0,
  "networkUsage" : 377160.52,
  "tuplesSentBySensors" : 4800
}