{
  "placement" : {
    "annotate" : "cloud-0-0-0-0-0-1",
    "azureTableInsert" : "cloud-0-1-1-1-1-1-0-1-1-0",
    "bloomFilter" : "cloud-0-0-0-1-0-0-1-1-1",
    "csvToSenML" : "cloud-0-1-0-0-0-0-0-0-0-1",
    "interpolation" : "cloud-1-1-1-1-1-1-1-0-1",
    "join" : "cloud-1-0-1-0-1-0-1-1-0-0",
    "mqttPublish" : "cloud-0-1-1-0-1-0-0-1-1-1",
    "rangeFilter" : "cloud-1-0-0-1-0-1-0-0-0-1",
    "senMLParse" : "cloud-0-1-0-0-0-1-0-0-1-1",
    "sink" : "cloud-0-1-0-1-1-1-0-0-0",
    "source" : "cloud-0-1-0-1-0-1-1-1-1-1"
  },
  "appLoopLatency" : 69.08234269696972,
  "latencyPerTupleType" : {
    "rangeFilter_TUPLE" : 2.0167305617706677,
    "join_TUPLE" : 6.238479253449999,
    "bloomFilter_TUPLE" : 1.474109507247959,
    "sink_TUPLE" : 0.3223696321552888,
    "interpolation_TUPLE" : 0.7380108082037029,
    "mqttPublish_TUPLE" : 0.5655372025817109,
    "csvToSenML_TUPLE" : 0.6554375240373456,
    "senMLParse_TUPLE" : 4.136854229999963,
    "annotate_TUPLE" : 0.9419786606210938,
    "azureTableInsert_TUPLE" : 1.289675467317929,
    "TUPLE" : 0.09900055555555361
  },
  "tuplesProcessedPerModule" : {
    "bloomFilter" : 3228,
    "interpolation" : 1649,
    "azureTableInsert" : 1649,
    "sink" : 3240,
    "rangeFilter" : 4714,
    "annotate" : 1649,
    "source" : 4800,
    "join" : 1649,
    "senMLParse" : 4800,
    "mqttPublish" : 1620,
    "csvToSenML" : 1620
  },
  "recsInPerModule" : {
    "bloomFilter" : 1.6145492604728147,
    "interpolation" : 0.8394289851491102,
    "azureTableInsert" : 0.8252275524752876,
    "sink" : 1.6218622818262833,
    "rangeFilter" : 2.362075637381067,
    "annotate" : 0.8283371318054811,
    "source" : 2.422161567259642,
    "join" : 0.8350479021802005,
    "senMLParse" : 2.416064360997583,
    "mqttPublish" : 0.8136941007403559,
    "csvToSenML" : 0.8246085709442749
  },
  "recsOutPerModule" : {
    "bloomFilter" : 1.6142179330806739,
    "interpolation" : 0.838999220433646,
    "azureTableInsert" : 0.8245630215828559,
    "sink" : 1.6217472760069946,
    "rangeFilter" : 2.3616435300104412,
    "annotate" : 0.8278387470245427,
    "source" : 2.422038073975981,
    "join" : 0.8321416029715301,
    "senMLParse" : 2.4105083594959753,
    "mqttPublish" : 0.8136191788433721,
    "csvToSenML" : 0.8170181230825494
  },
  "remainingDataPerDevice" : {
    "bloomFilter" : 10000,
    "interpolation" : 0,
    "azureTableInsert" : 145000,
    "sink" : 0,
    "rangeFilter" : 200000,
    "annotate" : 0,
    "source" : 0,
    "join" : 0,
    "senMLParse" : 430000,
    "mqttPublish" : 0,
    "csvToSenML" : 0
  },
  "executionTime" : 753.0,
  "networkUsage" : 445665.61,
  "tuplesSentBySensors" : 4800
}