{
  "placement" : {
    "annotate" : "cloud-0-0-0-1-0-1-1-0-0",
    "azureTableInsert" : "cloud-1-0-1-0-1-0-1-1-1-1",
    "bloomFilter" : "cloud-0-0-1-1-1-1-0-1-0-0",
    "csvToSenML" : "cloud-0-1-0-0-0-1-0-0-1",
    "interpolation" : "cloud-0-1-1-1-1-0-0-1-0",
    "join" : "cloud-1-1-0-1-1-0-0-0-1-1",
    "mqttPublish" : "cloud-0-0-1-1-0-0-1-0-1-1",
    "rangeFilter" : "cloud-1-1-1-1-0-1-1-0-0-1",
    "senMLParse" : "cloud-1-0-1-1-0-0-0-0-0-0",
    "sink" : "cloud-1-1-0-0-1-0-0-1-1",
    "source" : "cloud-1-1-1-1-1-0-1"
  },
  "appLoopLatency" : 69.35622198760325,
  "latencyPerTupleType" : {
    "rangeFilter_TUPLE" : 2.189039416780466,
    "join_TUPLE" : 1.8659035304243656,
    "bloomFilter_TUPLE" : 1.747027168106047,
    "sink_TUPLE" : 0.496263280958745,
    "interpolation_TUPLE" : 0.7413570732187275,
    "mqttPublish_TUPLE" : 0.4896220807527278,
    "csvToSenML_TUPLE" : 0.6361295342940796,
    "senMLParse_TUPLE" : 5.027770304444344,
    "annotate_TUPLE" : 0.9563049416824055,
    "azureTableInsert_TUPLE" : 1.1887580725309557,
    "TUPLE" : 0.09432055555554927
  },
  "tuplesProcessedPerModule" : {
    "bloomFilter" : 3244,
    "interpolation" : 1629,
    "azureTableInsert" : 1629,
    "sink" : 3214,
    "rangeFilter" : 4710,
    "annotate" : 1629,
    "source" : 4800,
    "join" : 1629,
    "senMLParse" : 4800,
    "mqttPublish" : 1629,
    "csvToSenML" : 1629
  },
  "recsInPerModule" : {
    "bloomFilter" : 1.622168620950317,
    "interpolation" : 0.828906656132911,
    "azureTableInsert" : 0.8173115627786962,
    "sink" : 1.6133401578938285,
    "rangeFilter" : 2.3588903994014894,
    "annotate" : 0.8216470614652596,
    "source" : 2.4225283019439274,
    "join" : 0.8256767793343004,
    "senMLParse" : 2.4144844412577253,
    "mqttPublish" : 0.8154814340495958,
    "csvToSenML" : 0.8186258875401985
  },
  "recsOutPerModule" : {
    "bloomFilter" : 1.622053713534562,
    "interpolation" : 0.8285746342264267,
    "azureTableInsert" : 0.8168010075007446,
    "sink" : 1.6132131682677995,
    "rangeFilter" : 2.358324898060827,
    "annotate" : 0.8212259418540735,
    "source" : 2.4225270283674765,
    "join" : 0.8248510615769598,
    "senMLParse" : 2.408683856691252,
    "mqttPublish" : 0.8152705687090209,
    "csvToSenML" : 0.8183491523987675
  },
  "remainingDataPerDevice" : {
    "bloomFilter" : 5000,
    "interpolation" : 0,
    "azureTableInsert" : 110000,
    "sink" : 0,
    "rangeFilter" : 185000,
    "annotate" : 0,
    "source" : 0,
    "join" : 0,
    "senMLParse" : 450000,
    "mqttPublish" : 110000,
    "csvToSenML" : 0
  },
  "executionTime" : 858.0,
  "networkUsage" : 442961.59,
  "tuplesSentBySensors" : 4800
}