{
  "placement" : {
    "annotate" : "cloud-0-1-0-0-0-0-1",
    "azureTableInsert" : "cloud-1-0-1-1-1-0-0-0-0-0",
    "bloomFilter" : "cloud-1-1-0-1-0-1-0-1-0-1",
    "csvToSenML" : "cloud-1-1-0-0-0",
    "interpolation" : "cloud-0-0-1-0-0-0-0",
    "join" : "cloud-1-0-0-1-0-1-1-0-0",
    "mqttPublish" : "cloud-0-0-1-0-1-0-0-0-0",
    "rangeFilter" : "cloud-0-1-1-1-0-0-1",
    "senMLParse" : "cloud-1-1-1-0-0-1-1-1-0-1",
    "sink" : "cloud-1-0-1-0-0-0-0-1",
    "source" : "cloud-1-0-0-1-0-0-0-1-1"
  },
  "appLoopLatency" : 62.67191056493503,
  "latencyPerTupleType" : {
    "rangeFilter_TUPLE" : 0.2307495577777056,
    "join_TUPLE" : 1.1354145786778418,
    "bloomFilter_TUPLE" : 0.6099009198325532,
    "sink_TUPLE" : 0.32937671717053135,
    "interpolation_TUPLE" : 4.890726273176466,
    "mqttPublish_TUPLE" : 0.5587300715840767,
    "csvToSenML_TUPLE" : 1.259009182820378,
    "senMLParse_TUPLE" : 0.24252707777779653,
    "annotate_TUPLE" : 0.5591396160185349,
    "azureTableInsert_TUPLE" : 0.6838532800839499,
    "TUPLE" : 0.09685555555555544
  },
  "tuplesProcessedPerModule" : {
    "bloomFilter" : 3295,
    "interpolation" : 1619,
    "azureTableInsert" : 1619,
    "sink" : 3238,
    "rangeFilter" : 4800,
    "annotate" : 1619,
    "source" : 4800,
    "join" : 1619,
    "senMLParse" : 4800,
    "mqttPublish" : 1619,
    "csvToSenML" : 1619
  },
  "recsInPerModule" : {
    "bloomFilter" : 1.6482584199987014,
    "interpolation" : 0.8287151702065376,
    "azureTableInsert" : 0.8172527938814785,
    "sink" : 1.6241564167885236,
    "rangeFilter" : 2.4017488107801017,
    "annotate" : 0.8205752634701362,
    "source" : 2.4216727603689217,
    "join" : 0.8241559237528775,
    "senMLParse" : 2.411088545386449,
    "mqttPublish" : 0.8149892023747132,
    "csvToSenML" : 0.8180787096103072
  },
  "recsOutPerModule" : {
    "bloomFilter" : 1.6477583415945756,
    "interpolation" : 0.8270192239256333,
    "azureTableInsert" : 0.8169430766321978,
    "sink" : 1.6238628511502344,
    "rangeFilter" : 2.401578575008798,
    "annotate" : 0.8203171394713336,
    "source" : 2.4216714876918655,
    "join" : 0.8236226683580867,
    "senMLParse" : 2.410916983088757,
    "mqttPublish" : 0.8147345802237792,
    "csvToSenML" : 0.8174995349098834
  },
  "remainingDataPerDevice" : {
    "bloomFilter" : 10000,
    "interpolation" : 0,
    "azureTableInsert" : 0,
    "sink" : 0,
    "rangeFilter" : 460000,
    "annotate" : 0,
    "source" : 0,
    "join" : 0,
    "senMLParse" : 0,
    "mqttPublish" : 0,
    "csvToSenML" : 0
  },
  "executionTime" : 978.0,
  "networkUsage" : 376406.42,
  "tuplesSentBySensors" : 4800
}