{
  "placement" : {
    "annotate" : "cloud-1-0-1-0-0-1-0-1",
    "azureTableInsert" : "cloud-0-1-0-1-1-1-1-1-0-1",
    "bloomFilter" : "cloud-0-1-0-0-1-0-1-1-0-0",
    "csvToSenML" : "cloud-0-0-0-0-1-1-0-0-1",
    "interpolation" : "cloud-0-1-0-0-0-0-0-0-0-0",
    "join" : "cloud-0-0-0-1-0-1-0-0-0-0",
    "mqttPublish" : "cloud-1-0-1-0-1-0-0-1-1",
    "rangeFilter" : "cloud-0-1-1-0-1-0-0-0-0",
    "senMLParse" : "cloud-1-0-1-1-0",
    "sink" : "cloud-1-0-1-1-1-1-1-0-1-1",
    "source" : "cloud-1-0-0-0-0-1-1-1-1-0"
  },
  "appLoopLatency" : 61.551554287878595,
  "latencyPerTupleType" : {
    "rangeFilter_TUPLE" : 2.7517492111109823,
    "join_TUPLE" : 3.5168826405416027,
    "bloomFilter_TUPLE" : 3.311560235802202,
    "sink_TUPLE" : 0.25163651471577947,
    "interpolation_TUPLE" : 0.8575142857832578,
    "mqttPublish_TUPLE" : 0.39058514506597636,
    "csvToSenML_TUPLE" : 0.46290753706120125,
    "senMLParse_TUPLE" : 0.2480964222222383,
    "annotate_TUPLE" : 0.6808215663627903,
    "azureTableInsert_TUPLE" : 0.8292650686348795,
    "TUPLE" : 0.09555000000000083
  },
  "tuplesProcessedPerModule" : {
    "bloomFilter" : 3322,
    "interpolation" : 1576,
    "azureTableInsert" : 1574,
    "sink" : 3128,
    "rangeFilter" : 4800,
    "annotate" : 1574,
    "source" : 4800,
    "join" : 1574,
    "senMLParse" : 4800,
    "mqttPublish" : 1574,
    "csvToSenML" : 1574
  },
  "recsInPerModule" : {
    "bloomFilter" : 1.6680829737312612,
    "interpolation" : 0.7880783899604299,
    "azureTableInsert" : 0.7932017833297808,
    "sink" : 1.5679163211584817,
    "rangeFilter" : 2.4069274756488053,
    "annotate" : 0.796748566974521,
    "source" : 2.421917139150745,
    "join" : 0.8020216138740803,
    "senMLParse" : 2.415456454929219,
    "mqttPublish" : 0.7895725903606993,
    "csvToSenML" : 0.7934416936008077
  },
  "recsOutPerModule" : {
    "bloomFilter" : 1.6615807137361525,
    "interpolation" : 0.7880165961488896,
    "azureTableInsert" : 0.79274569163348,
    "sink" : 1.5676740328939092,
    "rangeFilter" : 2.4036932119237897,
    "annotate" : 0.7963723230482044,
    "source" : 2.4219158662168154,
    "join" : 0.8000698914206361,
    "senMLParse" : 2.4152842704887885,
    "mqttPublish" : 0.7893680037075598,
    "csvToSenML" : 0.7931934577862314
  },
  "remainingDataPerDevice" : {
    "bloomFilter" : 85000,
    "interpolation" : 10000,
    "azureTableInsert" : 0,
    "sink" : 0,
    "rangeFilter" : 295000,
    "annotate" : 0,
    "source" : 0,
    "join" : 0,
    "senMLParse" : 0,
    "mqttPublish" : 100000,
    "csvToSenML" : 0
  },
  "executionTime" : 1271.0,
  "networkUsage" : 390323.48,
  "tuplesSentBySensors" : 4800
}