{
  "placement" : {
    "annotate" : "cloud-0-1-0-1-1-0-1",
    "azureTableInsert" : "cloud-1-0-1-1-0-0-0-1-1-0",
    "bloomFilter" : "cloud-1-0-1-1-0-0-1-0-0-0",
    "csvToSenML" : "cloud-0-1-0",
    "interpolation" : "cloud-1-0-1-1-0-1-1-0-0-1",
    "join" : "cloud-1-1-0-0-0-1-0-0",
    "mqttPublish" : "cloud-1-0-0-0-0-1-1-0-0",
    "rangeFilter" : "cloud-1-1-0-1-1-0-0-1-1",
    "senMLParse" : "cloud-0-1-0-0-1-0-1-1-1-0",
    "sink" : "cloud-1-0-1-1-1-0-0",
    "source" : "cloud-1-1-1-0-1-0-0"
  },
  "appLoopLatency" : 58.13604202564055,
  "latencyPerTupleType" : {
    "rangeFilter_TUPLE" : 0.38890489999986744,
    "join_TUPLE" : 0.415870610115725,
    "bloomFilter_TUPLE" : 0.24834862573094818,
    "sink_TUPLE" : 1.022210175035187,
    "interpolation_TUPLE" : 0.5141268403929746,
    "mqttPublish_TUPLE" : 0.2057738726684504,
    "csvToSenML_TUPLE" : 0.3650112019836709,
    "senMLParse_TUPLE" : 0.3444021188889153,
    "annotate_TUPLE" : 1.6146847011170011,
    "azureTableInsert_TUPLE" : 0.5873160947065175,
    "TUPLE" : 0.09433444444444013
  },
  "tuplesProcessedPerModule" : {
    "bloomFilter" : 3306,
    "interpolation" : 1644,
    "azureTableInsert" : 1644,
    "sink" : 3288,
    "rangeFilter" : 4800,
    "annotate" : 1644,
    "source" : 4800,
    "join" : 1644,
    "senMLParse" : 4800,
    "mqttPublish" : 1644,
    "csvToSenML" : 1644
  },
  "recsInPerModule" : {
    "bloomFilter" : 1.6555810637332395,
    "interpolation" : 0.8447547067897637,
    "azureTableInsert" : 0.8332761393356622,
    "sink" : 1.661612097013784,
    "rangeFilter" : 2.405841721922076,
    "annotate" : 0.8377728294545995,
    "source" : 2.4243636424245456,
    "join" : 0.8413461626710532,
    "senMLParse" : 2.4165509062076684,
    "mqttPublish" : 0.8332563187582218,
    "csvToSenML" : 0.8359455113267965
  },
  "recsOutPerModule" : {
    "bloomFilter" : 1.6530955829509122,
    "interpolation" : 0.8445880174790225,
    "azureTableInsert" : 0.8328142064591604,
    "sink" : 1.6596934864613115,
    "rangeFilter" : 2.405670905466571,
    "annotate" : 0.8367973775270058,
    "source" : 2.424362366917606,
    "join" : 0.8412022141817023,
    "senMLParse" : 2.41637856570278,
    "mqttPublish" : 0.8331217217353908,
    "csvToSenML" : 0.8356706385893987
  },
  "remainingDataPerDevice" : {
    "bloomFilter" : 100000,
    "interpolation" : 0,
    "azureTableInsert" : 0,
    "sink" : 0,
    "rangeFilter" : 300000,
    "annotate" : 0,
    "source" : 0,
    "join" : 0,
    "senMLParse" : 0,
    "mqttPublish" : 0,
    "csvToSenML" : 0
  },
  "executionTime" : 660.0,
  "networkUsage" : 356569.47,
  "tuplesSentBySensors" : 4800
}