{
  "placement" : {
    "annotate" : "cloud-1-1-0-1-1-1-0",
    "azureTableInsert" : "cloud-0-1-0-0-0-1-0-1-0",
    "bloomFilter" : "cloud-1-0-0-0-0-1-0-1-1",
    "csvToSenML" : "cloud-0-0-0-0-0-1-1-0-1-1",
    "interpolation" : "cloud-1-0-0-0-0-1-1-1-1-0",
    "join" : "cloud-1-1-0-0-1-1-1-0",
    "mqttPublish" : "cloud-0-0-1-1-0-0-0-0-1-1",
    "rangeFilter" : "cloud-0-1-0-0-1-0-0",
    "senMLParse" : "cloud-0-1-0-1-0-0-1-0-1",
    "sink" : "cloud-0-1-1-0-1-1-1-0-1-1",
    "source" : "cloud-0-1-0-0-0-1-1-1-0"
  },
  "appLoopLatency" : 51.515483939393604,
  "latencyPerTupleType" : {
    "rangeFilter_TUPLE" : 1.338379009711652,
    "join_TUPLE" : 2.269086990105931,
    "bloomFilter_TUPLE" : 1.8149686678031396,
    "sink_TUPLE" : 0.3346503338309859,
    "interpolation_TUPLE" : 0.8050888571718811,
    "mqttPublish_TUPLE" : 0.5296982628150033,
    "csvToSenML_TUPLE" : 0.6931617050246476,
    "senMLParse_TUPLE" : 4.637510412121157,
    "annotate_TUPLE" : 0.5727967578677442,
    "azureTableInsert_TUPLE" : 1.2882216109084916,
    "TUPLE" : 0.09787555555554661
  },
  "tuplesProcessedPerModule" : {
    "bloomFilter" : 3229,
    "interpolation" : 1664,
    "azureTableInsert" : 1663,
    "sink" : 3291,
    "rangeFilter" : 4706,
    "annotate" : 1663,
    "source" : 4800,
    "join" : 1663,
    "senMLParse" : 4800,
    "mqttPublish" : 1663,
    "csvToSenML" : 1663
  },
  "recsInPerModule" : {
    "bloomFilter" : 1.6151239086355345,
    "interpolation" : 0.8338271060219979,
    "azureTableInsert" : 0.8397539023631224,
    "sink" : 1.6537146755591738,
    "rangeFilter" : 2.3566514487793966,
    "annotate" : 0.8435575691144874,
    "source" : 2.420939919836627,
    "join" : 0.8465124106008418,
    "senMLParse" : 2.4110875077373124,
    "mqttPublish" : 0.8354459278263738,
    "csvToSenML" : 0.8394148055727223
  },
  "recsOutPerModule" : {
    "bloomFilter" : 1.614623870273728,
    "interpolation" : 0.8337722695575646,
    "azureTableInsert" : 0.8389392904078742,
    "sink" : 1.6533287037998032,
    "rangeFilter" : 2.3564596893132084,
    "annotate" : 0.8432029220128,
    "source" : 2.4208155105439926,
    "join" : 0.84505794032693,
    "senMLParse" : 2.4050521339563997,
    "mqttPublish" : 0.8351258662264491,
    "csvToSenML" : 0.8389864668589521
  },
  "remainingDataPerDevice" : {
    "bloomFilter" : 15000,
    "interpolation" : 5000,
    "azureTableInsert" : 0,
    "sink" : 0,
    "rangeFilter" : 165000,
    "annotate" : 0,
    "source" : 0,
    "join" : 0,
    "senMLParse" : 470000,
    "mqttPublish" : 175000,
    "csvToSenML" : 0
  },
  "executionTime" : 811.0,
  "networkUsage" : 374367.46,
  "tuplesSentBySensors" : 4800
}