{
  "placement" : {
    "annotate" : "cloud-1-1-0-0-0-1-0-1-1-0",
    "azureTableInsert" : "cloud-0-1-1-0-1-0-0-0-0-1",
    "bloomFilter" : "cloud-1-1-1-1-1",
    "csvToSenML" : "cloud-1-0-0-0-0-0-1-0-0-1",
    "interpolation" : "cloud-1-0-0-0-1-0-1-1",
    "join" : "cloud-1-0-0-1-0-1-1-1-0-1",
    "mqttPublish" : "cloud-1-0-1-0-0-0-0-0-1-0",
    "rangeFilter" : "cloud-0-0-0-0-1-1-1-0-1-0",
    "senMLParse" : "cloud-1-1-1",
    "sink" : "cloud-0-1-0-1-0-0-1-0-0-1",
    "source" : "cloud-1-1-0-1-0-0-0-1-0"
  },
  "appLoopLatency" : 58.82731166666632,
  "latencyPerTupleType" : {
    "rangeFilter_TUPLE" : 15.565231031070994,
    "join_TUPLE" : 2.0502598710255127,
    "bloomFilter_TUPLE" : 1.7598352132701232,
    "sink_TUPLE" : 1.2926528221151308,
    "interpolation_TUPLE" : 0.7393683630225438,
    "mqttPublish_TUPLE" : 0.3141112935844665,
    "csvToSenML_TUPLE" : 1.1714729739066534,
    "senMLParse_TUPLE" : 0.21186738888881648,
    "annotate_TUPLE" : 2.253012457632349,
    "azureTableInsert_TUPLE" : 2.7890104796118136,
    "TUPLE" : 0.09535373737373538
  },
  "tuplesProcessedPerModule" : {
    "bloomFilter" : 3273,
    "interpolation" : 1628,
    "azureTableInsert" : 1620,
    "sink" : 3136,
    "rangeFilter" : 4735,
    "annotate" : 1620,
    "source" : 4800,
    "join" : 1620,
    "senMLParse" : 4800,
    "mqttPublish" : 1620,
    "csvToSenML" : 1620
  },
  "recsInPerModule" : {
    "bloomFilter" : 1.6411764049748043,
    "interpolation" : 0.8141691463540522,
    "azureTableInsert" : 0.8121149071803185,
    "sink" : 1.582649042496528,
    "rangeFilter" : 2.412980777614045,
    "annotate" : 0.817029116891196,
    "source" : 2.423017454307191,
    "join" : 0.8217772564874348,
    "senMLParse" : 2.419961172008685,
    "mqttPublish" : 0.810571620080436,
    "csvToSenML" : 0.8133381201816354
  },
  "recsOutPerModule" : {
    "bloomFilter" : 1.6410255477770312,
    "interpolation" : 0.8141157089088478,
    "azureTableInsert" : 0.8108569145086749,
    "sink" : 1.5790640305748025,
    "rangeFilter" : 2.3683989521976585,
    "annotate" : 0.8160019776737449,
    "source" : 2.4230151377794247,
    "join" : 0.8208377848745566,
    "senMLParse" : 2.4197929654882016,
    "mqttPublish" : 0.8104339180464483,
    "csvToSenML" : 0.8128084675412175
  },
  "remainingDataPerDevice" : {
    "bloomFilter" : 0,
    "interpolation" : 40000,
    "azureTableInsert" : 115000,
    "sink" : 0,
    "rangeFilter" : 180000,
    "annotate" : 0,
    "source" : 0,
    "join" : 0,
    "senMLParse" : 0,
    "mqttPublish" : 260000,
    "csvToSenML" : 0
  },
  "executionTime" : 866.0,
  "networkUsage" : 379888.09,
  "tuplesSentBySensors" : 4800
}