{
  "placement" : {
    "annotate" : "cloud-1-0-1-1-1-0",
    "azureTableInsert" : "cloud-0-1-0-1-0-1-1-1-0",
    "bloomFilter" : "cloud-0-1-1-0-0-1-0-0-1",
    "csvToSenML" : "cloud-1-0-0-0-1-0-1",
    "interpolation" : "cloud-0-1-1-1-1-1-1-0-1-1",
    "join" : "cloud-0-0-1-0-0-0-0-1-0-1",
    "mqttPublish" : "cloud-1-0-1-0-1-0-1-0-0-0",
    "rangeFilter" : "cloud-0-1-1-1-0-1-1-1-0-0",
    "senMLParse" : "cloud-1-1-0-1-1-0-0-1-1-1",
    "sink" : "cloud-0-1-0-0-0-1-1-0-1",
    "source" : "cloud-1-1-1-0-0-1-1-1-1-1"
  },
  "appLoopLatency" : 61.97593171212131,
  "latencyPerTupleType" : {
    "rangeFilter_TUPLE" : 0.3891827444443363,
    "join_TUPLE" : 1.5537796954568024,
    "bloomFilter_TUPLE" : 0.7473589065006784,
    "sink_TUPLE" : 0.29174605251389774,
    "interpolation_TUPLE" : 3.6310871815534025,
    "mqttPublish_TUPLE" : 0.2820980024972935,
    "csvToSenML_TUPLE" : 2.407679584894592,
    "senMLParse_TUPLE" : 0.3432146222222482,
    "annotate_TUPLE" : 1.923308644686898,
    "azureTableInsert_TUPLE" : 0.9120335521892983,
    "TUPLE" : 0.09466777777777907
  },
  "tuplesProcessedPerModule" : {
    "bloomFilter" : 3229,
    "interpolation" : 1602,
    "azureTableInsert" : 1602,
    "sink" : 3183,
    "rangeFilter" : 4800,
    "annotate" : 1602,
    "source" : 4800,
    "join" : 1602,
    "senMLParse" : 4800,
    "mqttPublish" : 1602,
    "csvToSenML" : 1602
  },
  "recsInPerModule" : {
    "bloomFilter" : 1.6147060683847705,
    "interpolation" : 0.8200823759494335,
    "azureTableInsert" : 0.8080196637710787,
    "sink" : 1.5955908913295094,
    "rangeFilter" : 2.401146835151118,
    "annotate" : 0.812111546722042,
    "source" : 2.421428430899243,
    "join" : 0.8156637605319208,
    "senMLParse" : 2.4122990053633115,
    "mqttPublish" : 0.8043539983307503,
    "csvToSenML" : 0.80920331173452
  },
  "recsOutPerModule" : {
    "bloomFilter" : 1.6145947449945297,
    "interpolation" : 0.8186653472139839,
    "azureTableInsert" : 0.8075739199637568,
    "sink" : 1.5954692573340314,
    "rangeFilter" : 2.40097668470207,
    "annotate" : 0.8111708998002337,
    "source" : 2.421425886060057,
    "join" : 0.8148796961425985,
    "senMLParse" : 2.412127270766656,
    "mqttPublish" : 0.8042252882295743,
    "csvToSenML" : 0.8080464305317409
  },
  "remainingDataPerDevice" : {
    "bloomFilter" : 5000,
    "interpolation" : 0,
    "azureTableInsert" : 0,
    "sink" : 0,
    "rangeFilter" : 505000,
    "annotate" : 0,
    "source" : 0,
    "join" : 0,
    "senMLParse" : 0,
    "mqttPublish" : 105000,
    "csvToSenML" : 0
  },
  "executionTime" : 668.0,
  "networkUsage" : 418814.6,
  "tuplesSentBySensors" : 4800
}