{
  "placement" : {
    "annotate" : "cloud-0-0-1-1-1-1-1-0-0-1",
    "azureTableInsert" : "cloud-0-0-0-1-1-1-1-0-1-0",
    "bloomFilter" : "cloud-0-1-0-0-0-0-0-0-0",
    "csvToSenML" : "cloud-1-0-0-1-0-1-0-1",
    "interpolation" : "cloud-0-1-1-1-1-0-1-0-1",
    "join" : "cloud-1-0-0-0-0-0-1-1-0-0",
    "mqttPublish" : "cloud-1-1-1-1-1-1-0-1",
    "rangeFilter" : "cloud-1-0-0-1-1-0-1-1-0",
    "senMLParse" : "cloud-1-1-0-0-1-0-1-1-1-0",
    "sink" : "cloud-0-1-0-1-0-0-0-0-0",
    "source" : "cloud-1-0-0-0-0-0-1-1-0-1"
  },
  "appLoopLatency" : 65.03291078138535,
  "latencyPerTupleType" : {
    "rangeFilter_TUPLE" : 2.3328913822752653,
    "join_TUPLE" : 1.8336773394596348,
    "bloomFilter_TUPLE" : 1.8397835015804578,
    "sink_TUPLE" : 0.31382242291807416,
    "interpolation_TUPLE" : 3.3011369716177392,
    "mqttPublish_TUPLE" : 0.31401564119214126,
    "csvToSenML_TUPLE" : 2.855575774455199,
    "senMLParse_TUPLE" : 5.218165866666619,
    "annotate_TUPLE" : 0.8721134729427723,
    "azureTableInsert_TUPLE" : 2.891626064063546,
    "TUPLE" : 0.0951194444444469
  },
  "tuplesProcessedPerModule" : {
    "bloomFilter" : 3242,
    "interpolation" : 1578,
    "azureTableInsert" : 1578,
    "sink" : 3088,
    "rangeFilter" : 4707,
    "annotate" : 1578,
    "source" : 4800,
    "join" : 1578,
    "senMLParse" : 4800,
    "mqttPublish" : 1544,
    "csvToSenML" : 1544
  },
  "recsInPerModule" : {
    "bloomFilter" : 1.6224268736361944,
    "interpolation" : 0.8041470419000305,
    "azureTableInsert" : 0.7910041723470733,
    "sink" : 1.5475160445796317,
    "rangeFilter" : 2.3571519349034573,
    "annotate" : 0.7945054026835795,
    "source" : 2.421917139150745,
    "join" : 0.7993346451450947,
    "senMLParse" : 2.4126627593617296,
    "mqttPublish" : 0.7776755626667001,
    "csvToSenML" : 0.79060788409213
  },
  "recsOutPerModule" : {
    "bloomFilter" : 1.6223118587275236,
    "interpolation" : 0.8019351412100536,
    "azureTableInsert" : 0.7892132175916148,
    "sink" : 1.5473981098940368,
    "rangeFilter" : 2.356676292009985,
    "annotate" : 0.7939506046950218,
    "source" : 2.421914593284224,
    "join" : 0.7981226987273341,
    "senMLParse" : 2.406682353509712,
    "mqttPublish" : 0.7776159967314681,
    "csvToSenML" : 0.7806245240578855
  },
  "remainingDataPerDevice" : {
    "bloomFilter" : 5000,
    "interpolation" : 0,
    "azureTableInsert" : 170000,
    "sink" : 0,
    "rangeFilter" : 200000,
    "annotate" : 0,
    "source" : 0,
    "join" : 0,
    "senMLParse" : 465000,
    "mqttPublish" : 0,
    "csvToSenML" : 0
  },
  "executionTime" : 906.0,
  "networkUsage" : 413544.19,
  "tuplesSentBySensors" : 4800
}