{
  "placement" : {
    "annotate" : "cloud-0-0-1-1-1-0-1-0-0",
    "azureTableInsert" : "cloud-0-1-0",
    "bloomFilter" : "cloud-0-1-0-0-1-0-0-0-1-0",
    "csvToSenML" : "cloud-0-0-0-0-0-1",
    "interpolation" : "cloud-1-0-0-1-1-0-0-0-1-0",
    "join" : "cloud-0-1-1-0-0-0-0-0-1",
    "mqttPublish" : "cloud-1-0-1-0-0-1-0-0",
    "rangeFilter" : "cloud-1-1-1-0-0-1-0",
    "senMLParse" : "cloud-0-1-1-0-1-1-1-0",
    "sink" : "cloud-0-0-1-0-0-1-1-0-0",
    "source" : "cloud-0-0-0-1-0-0-1-1-0-1"
  },
  "appLoopLatency" : 59.14388833333304,
  "latencyPerTupleType" : {
    "rangeFilter_TUPLE" : 0.2580358595958997,
    "join_TUPLE" : 2.9137699001383313,
    "bloomFilter_TUPLE" : 7.915584172494131,
    "sink_TUPLE" : 0.6606238900732982,
    "interpolation_TUPLE" : 4.795691394246076,
    "mqttPublish_TUPLE" : 1.630000889264376,
    "csvToSenML_TUPLE" : 1.519499940696244,
    "senMLParse_TUPLE" : 0.1714111474746859,
    "annotate_TUPLE" : 0.7228613299669601,
    "azureTableInsert_TUPLE" : 0.8792706954980619,
    "TUPLE" : 0.09749999999998653
  },
  "tuplesProcessedPerModule" : {
    "bloomFilter" : 3211,
    "interpolation" : 1584,
    "azureTableInsert" : 1584,
    "sink" : 3072,
    "rangeFilter" : 4800,
    "annotate" : 1584,
    "source" : 4800,
    "join" : 1584,
    "senMLParse" : 4800,
    "mqttPublish" : 1536,
    "csvToSenML" : 1584
  },
  "recsInPerModule" : {
    "bloomFilter" : 1.6100292502064033,
    "interpolation" : 0.8076330322440434,
    "azureTableInsert" : 0.7945864132070577,
    "sink" : 1.560436802671238,
    "rangeFilter" : 2.4052652599480036,
    "annotate" : 0.797185920280765,
    "source" : 2.422283799816411,
    "join" : 0.8018267097311917,
    "senMLParse" : 2.4136335309612686,
    "mqttPublish" : 0.7756183186165226,
    "csvToSenML" : 0.7943871698548165
  },
  "recsOutPerModule" : {
    "bloomFilter" : 1.605529172465064,
    "interpolation" : 0.8045155289595285,
    "azureTableInsert" : 0.7940486800031752,
    "sink" : 1.5449748109955368,
    "rangeFilter" : 2.405119631848873,
    "annotate" : 0.7967448412741539,
    "source" : 2.422159252368129,
    "join" : 0.7999639639128813,
    "senMLParse" : 2.413489186151778,
    "mqttPublish" : 0.7754567941184037,
    "csvToSenML" : 0.7934430206960407
  },
  "remainingDataPerDevice" : {
    "bloomFilter" : 25000,
    "interpolation" : 0,
    "azureTableInsert" : 0,
    "sink" : 0,
    "rangeFilter" : 465000,
    "annotate" : 0,
    "source" : 0,
    "join" : 0,
    "senMLParse" : 0,
    "mqttPublish" : 0,
    "csvToSenML" : 240000
  },
  "executionTime" : 685.0,
  "networkUsage" : 363110.4,
  "tuplesSentBySensors" : 4800
}