{
  "placement" : {
    "annotate" : "cloud-1-0-1-0-1-1-0-1-1-1",
    "azureTableInsert" : "cloud-0-0-0-0-0-1-1-1-0",
    "bloomFilter" : "cloud-1-1-1-0-1-0-1-1-0",
    "csvToSenML" : "cloud-0-1-1-1-1-1-0-0-0-1",
    "interpolation" : "cloud-1-0-0-1-0-0-1-1",
    "join" : "cloud-0-0-0-1-0-1-1-0-1-0",
    "mqttPublish" : "cloud-0-1-1-0-0-1-1-1",
    "rangeFilter" : "cloud-0-1-0-1-0-1-0-0-0-1",
    "senMLParse" : "cloud-0-1-0-1-1-0-0-0-0-0",
    "sink" : "cloud-1-0-0-1-0-1-0-0-0-1",
    "source" : "cloud-1-0-1-0-1-0-1-0-1-0"
  },
  "appLoopLatency" : 77.66381049999953,
  "latencyPerTupleType" : {
    "rangeFilter_TUPLE" : 1.1771338938566362,
    "join_TUPLE" : 1.858001307230585,
    "bloomFilter_TUPLE" : 4.051766405659275,
    "sink_TUPLE" : 0.4564344121081826,
    "interpolation_TUPLE" : 3.0976162820596507,
    "mqttPublish_TUPLE" : 1.0836056329521468,
    "csvToSenML_TUPLE" : 2.5509714005522355,
    "senMLParse_TUPLE" : 4.671631455555473,
    "annotate_TUPLE" : 2.049983921756201,
    "azureTableInsert_TUPLE" : 2.5509714005522355,
    "TUPLE" : 0.09627888888889537
  },
  "tuplesProcessedPerModule" : {
    "bloomFilter" : 3240,
    "interpolation" : 1609,
    "azureTableInsert" : 1572,
    "sink" : 3144,
    "rangeFilter" : 4698,
    "annotate" : 1572,
    "source" : 4800,
    "join" : 1609,
    "senMLParse" : 4800,
    "mqttPublish" : 1572,
    "csvToSenML" : 1572
  },
  "recsInPerModule" : {
    "bloomFilter" : 1.6549606699945991,
    "interpolation" : 0.8165396172001455,
    "azureTableInsert" : 0.7913857697226077,
    "sink" : 1.574068832377702,
    "rangeFilter" : 2.350116212659187,
    "annotate" : 0.8053203514544742,
    "source" : 2.41935361927741,
    "join" : 0.8105410697871716,
    "senMLParse" : 2.406133182753531,
    "mqttPublish" : 0.7904584926623827,
    "csvToSenML" : 0.792303181628677
  },
  "recsOutPerModule" : {
    "bloomFilter" : 1.6494351722686302,
    "interpolation" : 0.8141097986712946,
    "azureTableInsert" : 0.791294064378732,
    "sink" : 1.5739751053677313,
    "rangeFilter" : 2.3493215040605,
    "annotate" : 0.7953095292970139,
    "source" : 2.4193523490367714,
    "join" : 0.8090865150480472,
    "senMLParse" : 2.4005601801202254,
    "mqttPublish" : 0.790398048549185,
    "csvToSenML" : 0.792211263555545
  },
  "remainingDataPerDevice" : {
    "bloomFilter" : 0,
    "interpolation" : 0,
    "azureTableInsert" : 0,
    "sink" : 0,
    "rangeFilter" : 185000,
    "annotate" : 0,
    "source" : 0,
    "join" : 0,
    "senMLParse" : 500000,
    "mqttPublish" : 0,
    "csvToSenML" : 0
  },
  "executionTime" : 753.0,
  "networkUsage" : 425842.82,
  "tuplesSentBySensors" : 4800
}