{
  "placement" : {
    "annotate" : "cloud-0-0-1-0-1-1-1",
    "azureTableInsert" : "cloud-1-0-0-0-0-0-0-0-0-1",
    "bloomFilter" : "cloud-0-0-0-1-1-1-0-1-1-0",
    "csvToSenML" : "cloud-0-0-1-0-1-1-1-1-1",
    "interpolation" : "cloud-1-0-0-1-1-0",
    "join" : "cloud-1-0-0-1-0-0-1-0-1-0",
    "mqttPublish" : "cloud-1-0-0-0-1-1-1-1-0-1",
    "rangeFilter" : "cloud-0-1-1-1-0-0-1-1",
    "senMLParse" : "cloud-1-1-1-0-1-1-1-1-0",
    "sink" : "cloud-1-0-1-0-1-0-0-1-0-1",
    "source" : "cloud-1-1-1-1-1-0-0-1"
  },
  "appLoopLatency" : 57.37305049999978,
  "latencyPerTupleType" : {
    "rangeFilter_TUPLE" : 14.032768029803687,
    "join_TUPLE" : 1.060690109091327,
    "bloomFilter_TUPLE" : 1.749969380909616,
    "sink_TUPLE" : 0.32015511670803004,
    "interpolation_TUPLE" : 0.741385788411481,
    "mqttPublish_TUPLE" : 0.4875371700647533,
    "csvToSenML_TUPLE" : 0.6395627929302322,
    "senMLParse_TUPLE" : 0.280561974444462,
    "annotate_TUPLE" : 2.267500291919664,
    "azureTableInsert_TUPLE" : 0.6395627929302353,
    "TUPLE" : 0.09500805555556463
  },
  "tuplesProcessedPerModule" : {
    "bloomFilter" : 3279,
    "interpolation" : 1651,
    "azureTableInsert" : 1650,
    "sink" : 3266,
    "rangeFilter" : 4675,
    "annotate" : 1650,
    "source" : 4800,
    "join" : 1650,
    "senMLParse" : 4800,
    "mqttPublish" : 1650,
    "csvToSenML" : 1650
  },
  "recsInPerModule" : {
    "bloomFilter" : 1.6419731285692702,
    "interpolation" : 0.8260928859693263,
    "azureTableInsert" : 0.8276223218094282,
    "sink" : 1.635662762287013,
    "rangeFilter" : 2.4065654488675032,
    "annotate" : 0.8314895826634848,
    "source" : 2.421550589470997,
    "join" : 0.8354034861667438,
    "senMLParse" : 2.4146059001822615,
    "mqttPublish" : 0.8266923458062818,
    "csvToSenML" : 0.8303294910810955
  },
  "recsOutPerModule" : {
    "bloomFilter" : 1.6417881487872634,
    "interpolation" : 0.8260386382501619,
    "azureTableInsert" : 0.827397090515944,
    "sink" : 1.6353846348291639,
    "rangeFilter" : 2.344717375571989,
    "annotate" : 0.8307064135867476,
    "source" : 2.4215493169223476,
    "join" : 0.8350243079536058,
    "senMLParse" : 2.414433836978785,
    "mqttPublish" : 0.8265176053983949,
    "csvToSenML" : 0.8301027841073555
  },
  "remainingDataPerDevice" : {
    "bloomFilter" : 30000,
    "interpolation" : 5000,
    "azureTableInsert" : 85000,
    "sink" : 0,
    "rangeFilter" : 15000,
    "annotate" : 0,
    "source" : 0,
    "join" : 0,
    "senMLParse" : 0,
    "mqttPublish" : 85000,
    "csvToSenML" : 0
  },
  "executionTime" : 727.0,
  "networkUsage" : 358043.02,
  "tuplesSentBySensors" : 4800
}