{
  "placement" : {
    "annotate" : "cloud-0-1-0-0-0-1-1-1-1",
    "azureTableInsert" : "cloud-1-1-0-0-0-1-0-1-0",
    "bloomFilter" : "cloud-0-0-1-1-0-1-1-1",
    "csvToSenML" : "cloud-1-0-1-1-0-1-0-0-1",
    "interpolation" : "cloud-1-0-0-0-0-0-1-1",
    "join" : "cloud-1-1-1-1-0-0-0-1",
    "mqttPublish" : "cloud-1-1-0-0-1-1",
    "rangeFilter" : "cloud-1-0-1-1-0-0-1-1-0-1",
    "senMLParse" : "cloud-1-0-1-1-0-1-1-1-1-1",
    "sink" : "cloud-1-0-0-1-1-0-0-1-1-1",
    "source" : "cloud-1-0-0-0-0-0-0"
  },
  "appLoopLatency" : 58.63327777272713,
  "latencyPerTupleType" : {
    "rangeFilter_TUPLE" : 17.201152185391667,
    "join_TUPLE" : 2.030936533702975,
    "bloomFilter_TUPLE" : 1.0251924513748703,
    "sink_TUPLE" : 0.33581112283771586,
    "interpolation_TUPLE" : 1.5143541961519225,
    "mqttPublish_TUPLE" : 0.5720476134249955,
    "csvToSenML_TUPLE" : 0.6901001211943095,
    "senMLParse_TUPLE" : 0.10506869111113314,
    "annotate_TUPLE" : 0.572534866377106,
    "azureTableInsert_TUPLE" : 3.070310927482832,
    "TUPLE" : 0.0958000000000028
  },
  "tuplesProcessedPerModule" : {
    "bloomFilter" : 3239,
    "interpolation" : 1611,
    "azureTableInsert" : 1609,
    "sink" : 3170,
    "rangeFilter" : 4664,
    "annotate" : 1609,
    "source" : 4800,
    "join" : 1609,
    "senMLParse" : 4800,
    "mqttPublish" : 1609,
    "csvToSenML" : 1609
  },
  "recsInPerModule" : {
    "bloomFilter" : 1.6222365865871187,
    "interpolation" : 0.8056833693050162,
    "azureTableInsert" : 0.8064848081556945,
    "sink" : 1.5898519230705617,
    "rangeFilter" : 2.411425421462967,
    "annotate" : 0.8108335676038577,
    "source" : 2.423262104572847,
    "join" : 0.8153312749121612,
    "senMLParse" : 2.4155767453897203,
    "mqttPublish" : 0.8053040988086977,
    "csvToSenML" : 0.8073751138959848
  },
  "recsOutPerModule" : {
    "bloomFilter" : 1.6221045678857262,
    "interpolation" : 0.8056178979498712,
    "azureTableInsert" : 0.8051832469487106,
    "sink" : 1.5896144119186484,
    "rangeFilter" : 2.3448662742120026,
    "annotate" : 0.8105884766108128,
    "source" : 2.423259555877946,
    "join" : 0.8144458340070008,
    "senMLParse" : 2.4154298660232096,
    "mqttPublish" : 0.8050623387088249,
    "csvToSenML" : 0.8070815012786522
  },
  "remainingDataPerDevice" : {
    "bloomFilter" : 20000,
    "interpolation" : 10000,
    "azureTableInsert" : 120000,
    "sink" : 0,
    "rangeFilter" : 0,
    "annotate" : 0,
    "source" : 0,
    "join" : 0,
    "senMLParse" : 0,
    "mqttPublish" : 120000,
    "csvToSenML" : 0
  },
  "executionTime" : 1149.0,
  "networkUsage" : 329700.61,
  "tuplesSentBySensors" : 4800
}