{
  "placement" : {
    "annotate" : "cloud-1-0-0-0-0-0-0-0-1-0",
    "azureTableInsert" : "cloud-1-0-1-0-1-1-1-0-0-1",
    "bloomFilter" : "cloud-1-0-0-1-0-0-0-1-1-0",
    "csvToSenML" : "cloud-1-1-0-0-0-0-0-1-1",
    "interpolation" : "cloud-1-0-1-1-0-0-1-0-1-1",
    "join" : "cloud-0-0-1-0-1-0-0-1-0-1",
    "mqttPublish" : "cloud-1-1-1-1-0-1",
    "rangeFilter" : "cloud-1-1-0-1-1-1-1-0",
    "senMLParse" : "cloud-1-0-0-0-0-1-0-1-0-0",
    "sink" : "cloud-1-1-1-0-1-0-0-1-0-0",
    "source" : "cloud-0-0-0-0-1-1-0-0-0-0"
  },
  "appLoopLatency" : 63.5891039848483,
  "latencyPerTupleType" : {
    "rangeFilter_TUPLE" : 2.850734230590625,
    "join_TUPLE" : 2.525380463017352,
    "bloomFilter_TUPLE" : 1.0941169304855525,
    "sink_TUPLE" : 0.6295226892143094,
    "interpolation_TUPLE" : 4.159540520287822,
    "mqttPublish_TUPLE" : 0.5790178385225023,
    "csvToSenML_TUPLE" : 1.324757338911481,
    "senMLParse_TUPLE" : 5.062360876666683,
    "annotate_TUPLE" : 0.6302604445743808,
    "azureTableInsert_TUPLE" : 0.7693671131830366,
    "TUPLE" : 0.09834666666666494
  },
  "tuplesProcessedPerModule" : {
    "bloomFilter" : 3323,
    "interpolation" : 1717,
    "azureTableInsert" : 1717,
    "sink" : 3364,
    "rangeFilter" : 4701,
    "annotate" : 1717,
    "source" : 4800,
    "join" : 1717,
    "senMLParse" : 4800,
    "mqttPublish" : 1682,
    "csvToSenML" : 1717
  },
  "recsInPerModule" : {
    "bloomFilter" : 1.663082268106327,
    "interpolation" : 0.8747938480301379,
    "azureTableInsert" : 0.8602507893601854,
    "sink" : 1.6926279329170768,
    "rangeFilter" : 2.355436582286211,
    "annotate" : 0.8639862838871325,
    "source" : 2.4226505715184117,
    "join" : 0.8692268494548581,
    "senMLParse" : 2.4130266230786575,
    "mqttPublish" : 0.8481814957096699,
    "csvToSenML" : 0.859733899190955
  },
  "recsOutPerModule" : {
    "bloomFilter" : 1.6616073269558647,
    "interpolation" : 0.8723188866757925,
    "azureTableInsert" : 0.8598150690202845,
    "sink" : 1.6924718093753484,
    "rangeFilter" : 2.3552202336693386,
    "annotate" : 0.863625950859045,
    "source" : 2.4225257547923635,
    "join" : 0.8677414936935552,
    "senMLParse" : 2.406667269958542,
    "mqttPublish" : 0.848106328719658,
    "csvToSenML" : 0.8589781176125826
  },
  "remainingDataPerDevice" : {
    "bloomFilter" : 20000,
    "interpolation" : 0,
    "azureTableInsert" : 175000,
    "sink" : 0,
    "rangeFilter" : 125000,
    "annotate" : 0,
    "source" : 0,
    "join" : 0,
    "senMLParse" : 495000,
    "mqttPublish" : 0,
    "csvToSenML" : 175000
  },
  "executionTime" : 1028.0,
  "networkUsage" : 399491.95,
  "tuplesSentBySensors" : 4800
}