{
  "placement" : {
    "annotate" : "cloud-1-1-1-0-1-1-0-0-0-0",
    "azureTableInsert" : "cloud-1-0-1-0-0-1-0-1-1-1",
    "bloomFilter" : "cloud-0-0-0-1-0-1-0-1-1-0",
    "csvToSenML" : "cloud-0-1-0-0-1-1-1-0-1-1",
    "interpolation" : "cloud-0-1-1-1-1-0-0-0-0-1",
    "join" : "cloud-1-1-1-0-0-0-0-1-0-1",
    "mqttPublish" : "cloud-0-1-0-0-1-1-1-0-1-0",
    "rangeFilter" : "cloud-1-1-0-1-1-1-0-1",
    "senMLParse" : "cloud-0-0-0-0-1-0-1-1-1-0",
    "sink" : "cloud-1-0-0-1",
    "source" : "cloud-0-0-0-0-0-1-1-0"
  },
  "appLoopLatency" : 63.93531590909069,
  "latencyPerTupleType" : {
    "rangeFilter_TUPLE" : 0.2542873080807384,
    "join_TUPLE" : 9.634177492264339,
    "bloomFilter_TUPLE" : 0.5480122593762178,
    "sink_TUPLE" : 0.6256157185724024,
    "interpolation_TUPLE" : 0.4105391113247379,
    "mqttPublish_TUPLE" : 1.402524831914849,
    "csvToSenML_TUPLE" : 0.7500782658620561,
    "senMLParse_TUPLE" : 0.12405535151508738,
    "annotate_TUPLE" : 1.1439252105653723,
    "azureTableInsert_TUPLE" : 3.3665672393126003,
    "TUPLE" : 0.09610353535352195
  },
  "tuplesProcessedPerModule" : {
    "bloomFilter" : 3223,
    "interpolation" : 1655,
    "azureTableInsert" : 1655,
    "sink" : 3232,
    "rangeFilter" : 4800,
    "annotate" : 1655,
    "source" : 4800,
    "join" : 1655,
    "senMLParse" : 4800,
    "mqttPublish" : 1655,
    "csvToSenML" : 1655
  },
  "recsInPerModule" : {
    "bloomFilter" : 1.6123592593515328,
    "interpolation" : 0.8452995469071616,
    "azureTableInsert" : 0.8318882338778233,
    "sink" : 1.6357208070669969,
    "rangeFilter" : 2.40262688735295,
    "annotate" : 0.8358482206498641,
    "source" : 2.4225283019439274,
    "join" : 0.8416044581032172,
    "senMLParse" : 2.4144834006835785,
    "mqttPublish" : 0.8300042229069223,
    "csvToSenML" : 0.831219733812137
  },
  "recsOutPerModule" : {
    "bloomFilter" : 1.6122480526835843,
    "interpolation" : 0.8449131192187799,
    "azureTableInsert" : 0.8297286226055356,
    "sink" : 1.624265837164143,
    "rangeFilter" : 2.402481578552366,
    "annotate" : 0.8351206624284051,
    "source" : 2.4224037293517133,
    "join" : 0.8376682014742013,
    "senMLParse" : 2.4143493040972657,
    "mqttPublish" : 0.8291180202362021,
    "csvToSenML" : 0.8307542456356215
  },
  "remainingDataPerDevice" : {
    "bloomFilter" : 0,
    "interpolation" : 0,
    "azureTableInsert" : 0,
    "sink" : 0,
    "rangeFilter" : 485000,
    "annotate" : 0,
    "source" : 0,
    "join" : 0,
    "senMLParse" : 0,
    "mqttPublish" : 195000,
    "csvToSenML" : 0
  },
  "executionTime" : 753.0,
  "networkUsage" : 425153.07,
  "tuplesSentBySensors" : 4800
}