{
  "placement" : {
    "annotate" : "cloud-0-1-0-1-0-1-0-1-1-1",
    "azureTableInsert" : "cloud-1-1-0-1-1-0-1-1-0",
    "bloomFilter" : "cloud-1-0-1-0-1-1-0",
    "csvToSenML" : "cloud-1-0-1-1-1-0-0-1",
    "interpolation" : "cloud-0-1-1-1-0-1-0-1-1-0",
    "join" : "cloud-0-0-0-0-1-1-0-0-1-1",
    "mqttPublish" : "cloud-0-0-1-0-0-1-1-1-1-1",
    "rangeFilter" : "cloud-1-0-0-0-0-1-1-0-0",
    "senMLParse" : "cloud-0-0-1-0-0-0-0-1-0",
    "sink" : "cloud-0-0-1-0-0-0-1-1-1",
    "source" : "cloud-0-1-0-0-0-0-1-1-1-0"
  },
  "appLoopLatency" : 64.41367999999973,
  "latencyPerTupleType" : {
    "rangeFilter_TUPLE" : 1.3406158910623418,
    "join_TUPLE" : 1.1049919113095323,
    "bloomFilter_TUPLE" : 1.8362087345133662,
    "sink_TUPLE" : 0.9343228434820311,
    "interpolation_TUPLE" : 1.3294450397571693,
    "mqttPublish_TUPLE" : 0.32310922711739176,
    "csvToSenML_TUPLE" : 1.2409440054822394,
    "senMLParse_TUPLE" : 4.637666977777735,
    "annotate_TUPLE" : 1.0161780309451243,
    "azureTableInsert_TUPLE" : 1.1265033066609864,
    "TUPLE" : 0.09888249999999386
  },
  "tuplesProcessedPerModule" : {
    "bloomFilter" : 3336,
    "interpolation" : 1654,
    "azureTableInsert" : 1653,
    "sink" : 3240,
    "rangeFilter" : 4706,
    "annotate" : 1653,
    "source" : 4800,
    "join" : 1653,
    "senMLParse" : 4800,
    "mqttPublish" : 1653,
    "csvToSenML" : 1653
  },
  "recsInPerModule" : {
    "bloomFilter" : 1.6685134446901948,
    "interpolation" : 0.827198173245028,
    "azureTableInsert" : 0.8310996162460658,
    "sink" : 1.6537490849417327,
    "rangeFilter" : 2.3584230109358635,
    "annotate" : 0.8360493888648718,
    "source" : 2.4220393470383756,
    "join" : 0.8404476995239291,
    "senMLParse" : 2.413508147661593,
    "mqttPublish" : 0.8283429962088248,
    "csvToSenML" : 0.8318943160923891
  },
  "recsOutPerModule" : {
    "bloomFilter" : 1.6683604645716745,
    "interpolation" : 0.8271333029335958,
    "azureTableInsert" : 0.8304055001759977,
    "sink" : 1.6346507531617906,
    "rangeFilter" : 2.3582309630709326,
    "annotate" : 0.8354261433494642,
    "source" : 2.4219107744944792,
    "join" : 0.8397445532629751,
    "senMLParse" : 2.407460664424971,
    "mqttPublish" : 0.8281588387309793,
    "csvToSenML" : 0.8311335710437787
  },
  "remainingDataPerDevice" : {
    "bloomFilter" : 105000,
    "interpolation" : 5000,
    "azureTableInsert" : 0,
    "sink" : 0,
    "rangeFilter" : 10000,
    "annotate" : 0,
    "source" : 0,
    "join" : 0,
    "senMLParse" : 470000,
    "mqttPublish" : 0,
    "csvToSenML" : 0
  },
  "executionTime" : 838.0,
  "networkUsage" : 378600.26,
  "tuplesSentBySensors" : 4800
}