{
  "placement" : {
    "annotate" : "cloud-0-0-1-0-1-0-1-0",
    "azureTableInsert" : "cloud-1-1-0-0-1-1-0-1-0",
    "bloomFilter" : "cloud-0-0-1-1-1-1-1-0-1-0",
    "csvToSenML" : "cloud-1-1-1-0-0-0-1-0",
    "interpolation" : "cloud-1-0-1-0-1-1-1-0-0",
    "join" : "cloud-1-1-1-0-1-1-1",
    "mqttPublish" : "cloud-1-0-0-1-1-0-0-1-0-0",
    "rangeFilter" : "cloud-0-0-1-0-0-0-0-1-0",
    "senMLParse" : "cloud-0-0-1-0-0-1-0-1-1-0",
    "sink" : "cloud-0-0-1-1-0-0-0-0-1-1",
    "source" : "cloud-1-1-0-1-0-1-0-1"
  },
  "appLoopLatency" : 60.582519999999874,
  "latencyPerTupleType" : {
    "rangeFilter_TUPLE" : 6.486307766038227,
    "join_TUPLE" : 2.0606775891562368,
    "bloomFilter_TUPLE" : 1.0057437324518779,
    "sink_TUPLE" : 0.5353596189267118,
    "interpolation_TUPLE" : 0.8183969554901387,
    "mqttPublish_TUPLE" : 1.3028186233258305,
    "csvToSenML_TUPLE" : 0.6996689493761703,
    "senMLParse_TUPLE" : 5.331579963636316,
    "annotate_TUPLE" : 0.9727711635650041,
    "azureTableInsert_TUPLE" : 1.3031042442237444,
    "TUPLE" : 0.09461727272728174
  },
  "tuplesProcessedPerModule" : {
    "bloomFilter" : 3324,
    "interpolation" : 1685,
    "azureTableInsert" : 1685,
    "sink" : 3314,
    "rangeFilter" : 4706,
    "annotate" : 1685,
    "source" : 4800,
    "join" : 1685,
    "senMLParse" : 4800,
    "mqttPublish" : 1685,
    "csvToSenML" : 1685
  },
  "recsInPerModule" : {
    "bloomFilter" : 1.6624976229447435,
    "interpolation" : 0.8570036488243016,
    "azureTableInsert" : 0.8472535306321645,
    "sink" : 1.67071106129834,
    "rangeFilter" : 2.3585409733759235,
    "annotate" : 0.8510034136523046,
    "source" : 2.422161567259642,
    "join" : 0.8544071047293158,
    "senMLParse" : 2.4109664025086737,
    "mqttPublish" : 0.8452011691320089,
    "csvToSenML" : 0.8480210771350835
  },
  "recsOutPerModule" : {
    "bloomFilter" : 1.6623105570140375,
    "interpolation" : 0.8565788779380694,
    "azureTableInsert" : 0.8465901740144328,
    "sink" : 1.6705630394693491,
    "rangeFilter" : 2.3575612661193768,
    "annotate" : 0.8505048816505679,
    "source" : 2.422159252368129,
    "join" : 0.8533312658136946,
    "senMLParse" : 2.4049316342489213,
    "mqttPublish" : 0.8445410211600364,
    "csvToSenML" : 0.8476673453960041
  },
  "remainingDataPerDevice" : {
    "bloomFilter" : 70000,
    "interpolation" : 0,
    "azureTableInsert" : 140000,
    "sink" : 0,
    "rangeFilter" : 60000,
    "annotate" : 0,
    "source" : 0,
    "join" : 0,
    "senMLParse" : 470000,
    "mqttPublish" : 140000,
    "csvToSenML" : 0
  },
  "executionTime" : 874.0,
  "networkUsage" : 350311.49,
  "tuplesSentBySensors" : 4800
}