{
  "placement" : {
    "annotate" : "cloud-0-0-1-1-0-0",
    "azureTableInsert" : "cloud-0-0-0-1-0-1-1-1-0-0",
    "bloomFilter" : "cloud-0-1-0-1-1-1-0",
    "csvToSenML" : "cloud-1-1-1-1-1-1-1-0-0-1",
    "interpolation" : "cloud-0-0-0-1-1-0-0",
    "join" : "cloud-1-1-1-1-1-0-1-0",
    "mqttPublish" : "cloud-0-1-1-0-0-0-0-0-0",
    "rangeFilter" : "cloud-0-0-1-0-0-0",
    "senMLParse" : "cloud-0-0-1-0-0-0-0-0-1",
    "sink" : "cloud-0-1-1-0-0-0-0-0-1-1",
    "source" : "cloud-1-1-0-1-1-0-1-0-1"
  },
  "appLoopLatency" : 46.3426977727268,
  "latencyPerTupleType" : {
    "rangeFilter_TUPLE" : 3.062616266666619,
    "join_TUPLE" : 1.2257339773885838,
    "bloomFilter_TUPLE" : 2.9949247467472295,
    "sink_TUPLE" : 0.40903394387734054,
    "interpolation_TUPLE" : 0.5040794548008241,
    "mqttPublish_TUPLE" : 0.35701832603060846,
    "csvToSenML_TUPLE" : 1.9082747786904704,
    "senMLParse_TUPLE" : 0.23508306555558856,
    "annotate_TUPLE" : 1.5118464582065039,
    "azureTableInsert_TUPLE" : 0.7914013200035687,
    "TUPLE" : 0.09475777777777734
  },
  "tuplesProcessedPerModule" : {
    "bloomFilter" : 3330,
    "interpolation" : 1663,
    "azureTableInsert" : 1639,
    "sink" : 3278,
    "rangeFilter" : 4800,
    "annotate" : 1639,
    "source" : 4800,
    "join" : 1639,
    "senMLParse" : 4800,
    "mqttPublish" : 1639,
    "csvToSenML" : 1639
  },
  "recsInPerModule" : {
    "bloomFilter" : 1.687661590262893,
    "interpolation" : 0.831772463497925,
    "azureTableInsert" : 0.8314822254546421,
    "sink" : 1.6466056408556762,
    "rangeFilter" : 2.413704094034949,
    "annotate" : 0.8340182687162708,
    "source" : 2.421917139150745,
    "join" : 0.8378451771104107,
    "senMLParse" : 2.414118873037142,
    "mqttPublish" : 0.8243453907138957,
    "csvToSenML" : 0.8296303729180463
  },
  "recsOutPerModule" : {
    "bloomFilter" : 1.6689960211229247,
    "interpolation" : 0.831704865334503,
    "azureTableInsert" : 0.8309570401874551,
    "sink" : 1.6461439598375116,
    "rangeFilter" : 2.410300305271321,
    "annotate" : 0.8330044866567783,
    "source" : 2.421914593284224,
    "join" : 0.8370001367550438,
    "senMLParse" : 2.4139468792346515,
    "mqttPublish" : 0.8241312313459985,
    "csvToSenML" : 0.8283872823385476
  },
  "remainingDataPerDevice" : {
    "bloomFilter" : 50000,
    "interpolation" : 120000,
    "azureTableInsert" : 0,
    "sink" : 0,
    "rangeFilter" : 0,
    "annotate" : 0,
    "source" : 0,
    "join" : 0,
    "senMLParse" : 0,
    "mqttPublish" : 0,
    "csvToSenML" : 0
  },
  "executionTime" : 706.0,
  "networkUsage" : 258701.83,
  "tuplesSentBySensors" : 4800
}