{
  "placement" : {
    "annotate" : "cloud-0-0-0-1-1-0-0-0-1",
    "azureTableInsert" : "cloud-0-0-1-1-1-0",
    "bloomFilter" : "cloud-0-0-1-1-1-1-0-1-1-1",
    "csvToSenML" : "cloud-0-0-0-0-1-0-0-0-1",
    "interpolation" : "cloud-0-0-1-0-1-0-0-0-0-0",
    "join" : "cloud-0-0-0-1-1-1-1-0-1-0",
    "mqttPublish" : "cloud-0-1-1-1-0-0-1-0-0-1",
    "rangeFilter" : "cloud-1-1-1-0-1-0-1",
    "senMLParse" : "cloud-0-1-0-0-1-1-0-0-0-0",
    "sink" : "cloud-1-1-0-0-0-1-1-1-0-1",
    "source" : "cloud-0-1-0-0-1"
  },
  "appLoopLatency" : 52.35581095454543,
  "latencyPerTupleType" : {
    "rangeFilter_TUPLE" : 2.381189895354975,
    "join_TUPLE" : 5.674187124676272,
    "bloomFilter_TUPLE" : 4.655229496553852,
    "sink_TUPLE" : 0.5813202990231545,
    "interpolation_TUPLE" : 3.7159593586478628,
    "mqttPublish_TUPLE" : 0.5401591562945625,
    "csvToSenML_TUPLE" : 0.7060658000862511,
    "senMLParse_TUPLE" : 4.637409808888969,
    "annotate_TUPLE" : 1.069280766096688,
    "azureTableInsert_TUPLE" : 0.7060658000862511,
    "TUPLE" : 0.09868111111110953
  },
  "tuplesProcessedPerModule" : {
    "bloomFilter" : 3323,
    "interpolation" : 1640,
    "azureTableInsert" : 1636,
    "sink" : 3206,
    "rangeFilter" : 4800,
    "annotate" : 1636,
    "source" : 4800,
    "join" : 1636,
    "senMLParse" : 4800,
    "mqttPublish" : 1636,
    "csvToSenML" : 1636
  },
  "recsInPerModule" : {
    "bloomFilter" : 1.6638169592348349,
    "interpolation" : 0.8205915131550556,
    "azureTableInsert" : 0.8221358661919185,
    "sink" : 1.6157053315237657,
    "rangeFilter" : 2.4056489241552033,
    "annotate" : 0.8251110553395709,
    "source" : 2.4241187696991213,
    "join" : 0.8299397736758998,
    "senMLParse" : 2.421059484442681,
    "mqttPublish" : 0.8190244918444916,
    "csvToSenML" : 0.8220945557013335
  },
  "recsOutPerModule" : {
    "bloomFilter" : 1.663560136073076,
    "interpolation" : 0.8200914573883554,
    "azureTableInsert" : 0.8217396949386789,
    "sink" : 1.6156069482865543,
    "rangeFilter" : 2.4012435761609128,
    "annotate" : 0.824497702222469,
    "source" : 2.4239938016458495,
    "join" : 0.8266543484383011,
    "senMLParse" : 2.414974147220017,
    "mqttPublish" : 0.8187273314783229,
    "csvToSenML" : 0.8216984242509427
  },
  "remainingDataPerDevice" : {
    "bloomFilter" : 45000,
    "interpolation" : 20000,
    "azureTableInsert" : 165000,
    "sink" : 0,
    "rangeFilter" : 285000,
    "annotate" : 0,
    "source" : 0,
    "join" : 0,
    "senMLParse" : 0,
    "mqttPublish" : 165000,
    "csvToSenML" : 0
  },
  "executionTime" : 1373.0,
  "networkUsage" : 371466.82,
  "tuplesSentBySensors" : 4800
}