{
  "placement" : {
    "annotate" : "cloud-1-1-0-1-0-1-1-0-0-1",
    "azureTableInsert" : "cloud-0-0-1-0-1-1-0-1-0-0",
    "bloomFilter" : "cloud-0-1-0-0-1-0-0-0-0-0",
    "csvToSenML" : "cloud-1-0-1-1-1-1-1-0-1-0",
    "interpolation" : "cloud-1-0-1-0-1-0-1-1-0",
    "join" : "cloud-1-1-1-0-0-1-0-1-1",
    "mqttPublish" : "cloud-1-1-0-1-1-0-0-0-1",
    "rangeFilter" : "cloud-1-1-0-0-1-0-0-1-0-0",
    "senMLParse" : "cloud-0-1-0-0-0-1-1-0-1-1",
    "sink" : "cloud-1-1-0-1-1-0-0-0-0-0",
    "source" : "cloud-1-0-0-0-1-0-0-1-1-0"
  },
  "appLoopLatency" : 79.52912515151512,
  "latencyPerTupleType" : {
    "rangeFilter_TUPLE" : 16.851467088271214,
    "join_TUPLE" : 1.192284753161213,
    "bloomFilter_TUPLE" : 1.8141199727893598,
    "sink_TUPLE" : 3.070720246340686,
    "interpolation_TUPLE" : 1.4238633134480358,
    "mqttPublish_TUPLE" : 0.3435824568439321,
    "csvToSenML_TUPLE" : 1.3187514796558124,
    "senMLParse_TUPLE" : 0.19100705353528763,
    "annotate_TUPLE" : 0.9833706546568383,
    "azureTableInsert_TUPLE" : 3.1884609661669905,
    "TUPLE" : 0.0978486111111155
  },
  "tuplesProcessedPerModule" : {
    "bloomFilter" : 3274,
    "interpolation" : 1661,
    "azureTableInsert" : 1622,
    "sink" : 3242,
    "rangeFilter" : 4664,
    "annotate" : 1640,
    "source" : 4800,
    "join" : 1661,
    "senMLParse" : 4800,
    "mqttPublish" : 1622,
    "csvToSenML" : 1622
  },
  "recsInPerModule" : {
    "bloomFilter" : 1.6625647239765453,
    "interpolation" : 0.8381676613944352,
    "azureTableInsert" : 0.8174658438784116,
    "sink" : 1.6263438857498396,
    "rangeFilter" : 2.399066943418591,
    "annotate" : 0.8237100799344983,
    "source" : 2.4216727603689217,
    "join" : 0.8337524748470072,
    "senMLParse" : 2.4099939880022196,
    "mqttPublish" : 0.8141210146919784,
    "csvToSenML" : 0.8175894806601625
  },
  "recsOutPerModule" : {
    "bloomFilter" : 1.6609149304991433,
    "interpolation" : 0.8376210628791169,
    "azureTableInsert" : 0.8139158058343192,
    "sink" : 1.6258423921063767,
    "rangeFilter" : 2.335852925164103,
    "annotate" : 0.8233867542729163,
    "source" : 2.421666396997016,
    "join" : 0.8332989012047269,
    "senMLParse" : 2.4098271641774156,
    "mqttPublish" : 0.8140758979589169,
    "csvToSenML" : 0.8175268094513561
  },
  "remainingDataPerDevice" : {
    "bloomFilter" : 0,
    "interpolation" : 0,
    "azureTableInsert" : 5000,
    "sink" : 0,
    "rangeFilter" : 40000,
    "annotate" : 180000,
    "source" : 0,
    "join" : 105000,
    "senMLParse" : 10000,
    "mqttPublish" : 0,
    "csvToSenML" : 0
  },
  "executionTime" : 874.0,
  "networkUsage" : 460480.34,
  "tuplesSentBySensors" : 4800
}