{
  "placement" : {
    "annotate" : "cloud-0-0-0-1-1-0-1-1-0-1",
    "azureTableInsert" : "cloud-1-1-1-0-0-1-1-1-0-1",
    "bloomFilter" : "cloud-1-1-1-1-0-0-1-1-1-1",
    "csvToSenML" : "cloud-1-1-1-1-0-0-1-1",
    "interpolation" : "cloud-0-0-0-0-1-0-0-0-0-0",
    "join" : "cloud-0-0-1-0-1-1-1-0-1",
    "mqttPublish" : "cloud-1-1-0-1-1-1-1-0-0-1",
    "rangeFilter" : "cloud-0-0-1-1-0-0-0-0",
    "senMLParse" : "cloud-1-1-1-0-1-1-0-1-1-1",
    "sink" : "cloud-1-1-0-0-0-1-0-0-1",
    "source" : "cloud-0-1-1-1-0-0-0-1-0"
  },
  "appLoopLatency" : 69.70042262121201,
  "latencyPerTupleType" : {
    "rangeFilter_TUPLE" : 0.3175129822221391,
    "join_TUPLE" : 0.9375618908941894,
    "bloomFilter_TUPLE" : 0.6369984297765534,
    "sink_TUPLE" : 0.7018224305427947,
    "interpolation_TUPLE" : 0.25072692927740103,
    "mqttPublish_TUPLE" : 0.5209883483915395,
    "csvToSenML_TUPLE" : 0.4541566774840339,
    "senMLParse_TUPLE" : 0.3117214422222424,
    "annotate_TUPLE" : 0.3885343613758798,
    "azureTableInsert_TUPLE" : 0.49241117850223076,
    "TUPLE" : 0.09622277777777706
  },
  "tuplesProcessedPerModule" : {
    "bloomFilter" : 3310,
    "interpolation" : 1622,
    "azureTableInsert" : 1622,
    "sink" : 3244,
    "rangeFilter" : 4800,
    "annotate" : 1622,
    "source" : 4800,
    "join" : 1622,
    "senMLParse" : 4800,
    "mqttPublish" : 1622,
    "csvToSenML" : 1622
  },
  "recsInPerModule" : {
    "bloomFilter" : 1.6552784794993751,
    "interpolation" : 0.8301050006262146,
    "azureTableInsert" : 0.8186392699909475,
    "sink" : 1.6244942746488773,
    "rangeFilter" : 2.4075562591708946,
    "annotate" : 0.8233628604284542,
    "source" : 2.4252210866910433,
    "join" : 0.8270574202770927,
    "senMLParse" : 2.4175245847453426,
    "mqttPublish" : 0.8156922556360309,
    "csvToSenML" : 0.8192595044899754
  },
  "recsOutPerModule" : {
    "bloomFilter" : 1.6551330039428027,
    "interpolation" : 0.8298501808537495,
    "azureTableInsert" : 0.8182538213286606,
    "sink" : 1.6237353662377805,
    "rangeFilter" : 2.4074103535284586,
    "annotate" : 0.8230425513163695,
    "source" : 2.4250972812407,
    "join" : 0.8263832240970859,
    "senMLParse" : 2.4173774684134375,
    "mqttPublish" : 0.8153095764784184,
    "csvToSenML" : 0.8189047919462713
  },
  "remainingDataPerDevice" : {
    "bloomFilter" : 90000,
    "interpolation" : 0,
    "azureTableInsert" : 0,
    "sink" : 0,
    "rangeFilter" : 410000,
    "annotate" : 0,
    "source" : 0,
    "join" : 0,
    "senMLParse" : 0,
    "mqttPublish" : 0,
    "csvToSenML" : 0
  },
  "executionTime" : 712.0,
  "networkUsage" : 451785.2,
  "tuplesSentBySensors" : 4800
}