{
  "placement" : {
    "annotate" : "cloud-1-1-0-1-0-1-1-0",
    "azureTableInsert" : "cloud-0-0-1-1-1-1-0-0-0-0",
    "bloomFilter" : "cloud-0-1-1-1-1-1-0-1-1-1",
    "csvToSenML" : "cloud-0-0-0-1-0-0-0-1-0-1",
    "interpolation" : "cloud-0-0-0-0-1-1-0-1",
    "join" : "cloud-1-0-0-1-1-0-0-0-1-1",
    "mqttPublish" : "cloud-0-1-1-1-1-0-0-1",
    "rangeFilter" : "cloud-1-1-1-1-0-1-1-1-0",
    "senMLParse" : "cloud-1-1-1-1-0-1",
    "sink" : "cloud-0-1-1-1-1-0-0-1-1-0",
    "source" : "cloud-0-0-0-1-1-1-0-0-1"
  },
  "appLoopLatency" : 55.775557621212,
  "latencyPerTupleType" : {
    "rangeFilter_TUPLE" : 2.0896330029292405,
    "join_TUPLE" : 0.5963909594520014,
    "bloomFilter_TUPLE" : 0.8710734410389203,
    "sink_TUPLE" : 0.34380328656306547,
    "interpolation_TUPLE" : 0.7713199627836106,
    "mqttPublish_TUPLE" : 0.7026849391497756,
    "csvToSenML_TUPLE" : 1.7652343719926236,
    "senMLParse_TUPLE" : 0.17176550212123434,
    "annotate_TUPLE" : 0.31952362964340897,
    "azureTableInsert_TUPLE" : 0.6210620657195913,
    "TUPLE" : 0.09715277777778052
  },
  "tuplesProcessedPerModule" : {
    "bloomFilter" : 3243,
    "interpolation" : 1613,
    "azureTableInsert" : 1612,
    "sink" : 3224,
    "rangeFilter" : 4800,
    "annotate" : 1612,
    "source" : 4800,
    "join" : 1612,
    "senMLParse" : 4800,
    "mqttPublish" : 1612,
    "csvToSenML" : 1612
  },
  "recsInPerModule" : {
    "bloomFilter" : 1.6240802697613133,
    "interpolation" : 0.8071869440168036,
    "azureTableInsert" : 0.8153358349509738,
    "sink" : 1.6185310705444722,
    "rangeFilter" : 2.4088862933380377,
    "annotate" : 0.8184562068944934,
    "source" : 2.421550589470997,
    "join" : 0.8216620193080818,
    "senMLParse" : 2.4118141706195693,
    "mqttPublish" : 0.8102396469452451,
    "csvToSenML" : 0.8143473012236494
  },
  "recsOutPerModule" : {
    "bloomFilter" : 1.621812331162032,
    "interpolation" : 0.807121309553203,
    "azureTableInsert" : 0.8148847988290883,
    "sink" : 1.618094445801021,
    "rangeFilter" : 2.4059299459712307,
    "annotate" : 0.8182329083871279,
    "source" : 2.421425886060057,
    "join" : 0.8212081185524719,
    "senMLParse" : 2.411670043331422,
    "mqttPublish" : 0.8097537828313697,
    "csvToSenML" : 0.8131829334200684
  },
  "remainingDataPerDevice" : {
    "bloomFilter" : 95000,
    "interpolation" : 5000,
    "azureTableInsert" : 0,
    "sink" : 0,
    "rangeFilter" : 315000,
    "annotate" : 0,
    "source" : 0,
    "join" : 0,
    "senMLParse" : 0,
    "mqttPublish" : 0,
    "csvToSenML" : 0
  },
  "executionTime" : 677.0,
  "networkUsage" : 319209.26,
  "tuplesSentBySensors" : 4800
}