{
  "placement" : {
    "annotate" : "cloud-0-0-1-0-0-1-1-1-0-1",
    "azureTableInsert" : "cloud-1-0-0-0-1-1-0-1-1-0",
    "bloomFilter" : "cloud-0-1-1-0-1-0-1-1-0",
    "csvToSenML" : "cloud-1-0-1-0-1-0-0-0",
    "interpolation" : "cloud-1-1-1-0-1-0-0-0-0-0",
    "join" : "cloud-0-0-1-1-1-1-1-1-0-0",
    "mqttPublish" : "cloud-1-1-0-1-0-0-0-1-0",
    "rangeFilter" : "cloud-1-1-1-1-0-1-0-0-0",
    "senMLParse" : "cloud-1-1-1-0-1-1-0-0-0-0",
    "sink" : "cloud-1-1-1-0-1-0-0-0-0-0",
    "source" : "cloud-0-0-0-1-1-1-1-1-1"
  },
  "appLoopLatency" : 69.35468378787886,
  "latencyPerTupleType" : {
    "rangeFilter_TUPLE" : 1.9761427373737153,
    "join_TUPLE" : 4.547663361079791,
    "bloomFilter_TUPLE" : 0.9572237725976055,
    "sink_TUPLE" : 0.5254992394444755,
    "interpolation_TUPLE" : 0.7879354362691118,
    "mqttPublish_TUPLE" : 0.40623110369351195,
    "csvToSenML_TUPLE" : 0.9414952354172881,
    "senMLParse_TUPLE" : 0.23380453333326973,
    "annotate_TUPLE" : 0.4368110104169795,
    "azureTableInsert_TUPLE" : 2.220921851136979,
    "TUPLE" : 0.09811111111110112
  },
  "tuplesProcessedPerModule" : {
    "bloomFilter" : 3262,
    "interpolation" : 1600,
    "azureTableInsert" : 1600,
    "sink" : 3153,
    "rangeFilter" : 4800,
    "annotate" : 1600,
    "source" : 4800,
    "join" : 1600,
    "senMLParse" : 4800,
    "mqttPublish" : 1600,
    "csvToSenML" : 1600
  },
  "recsInPerModule" : {
    "bloomFilter" : 1.6311916809637046,
    "interpolation" : 0.8169749948516686,
    "azureTableInsert" : 0.8040632937125213,
    "sink" : 1.5837243214724037,
    "rangeFilter" : 2.4030915151543817,
    "annotate" : 0.8080394702580892,
    "source" : 2.421917139150745,
    "join" : 0.8125459767281658,
    "senMLParse" : 2.4109623888126093,
    "mqttPublish" : 0.8012329647222691,
    "csvToSenML" : 0.8041845360957276
  },
  "recsOutPerModule" : {
    "bloomFilter" : 1.6310761328262606,
    "interpolation" : 0.8165684710255112,
    "azureTableInsert" : 0.8032870439506382,
    "sink" : 1.578501788882328,
    "rangeFilter" : 2.400149365477092,
    "annotate" : 0.8078796705858524,
    "source" : 2.421788579580845,
    "join" : 0.8111531147471307,
    "senMLParse" : 2.4108160700458856,
    "mqttPublish" : 0.8010864803360486,
    "csvToSenML" : 0.8038495302911443
  },
  "remainingDataPerDevice" : {
    "bloomFilter" : 10000,
    "interpolation" : 0,
    "azureTableInsert" : 0,
    "sink" : 0,
    "rangeFilter" : 480000,
    "annotate" : 0,
    "source" : 0,
    "join" : 0,
    "senMLParse" : 0,
    "mqttPublish" : 165000,
    "csvToSenML" : 0
  },
  "executionTime" : 744.0,
  "networkUsage" : 412436.64,
  "tuplesSentBySensors" : 4800
}