{
  "placement" : {
    "annotate" : "cloud-0-0-1-1-0-1-1-1-1",
    "azureTableInsert" : "cloud-0-1-0-0-0-0-0-1-1-1",
    "bloomFilter" : "cloud-0-1-0-0-1-1-0-1",
    "csvToSenML" : "cloud-1-0-1-1-1-1-0-1-1-1",
    "interpolation" : "cloud-1-1-0-0-0-0-1-1-0-1",
    "join" : "cloud-0-1-1-0-0-1-1-0",
    "mqttPublish" : "cloud-1-1-1-1-0-0-1-1-0-0",
    "rangeFilter" : "cloud-1-0-0-1-0-0-1-1",
    "senMLParse" : "cloud-1-0-1-0-0-1-1-1-1",
    "sink" : "cloud-0-1-1-0-0-0-0-1-0-0",
    "source" : "cloud-1-0-1-0-1-0-0-0-0-0"
  },
  "appLoopLatency" : 67.39482140909053,
  "latencyPerTupleType" : {
    "rangeFilter_TUPLE" : 5.938672604145608,
    "join_TUPLE" : 1.7578391610571225,
    "bloomFilter_TUPLE" : 1.5334305096637981,
    "sink_TUPLE" : 1.1019957960830513,
    "interpolation_TUPLE" : 1.1863362108958977,
    "mqttPublish_TUPLE" : 0.29919212063534395,
    "csvToSenML_TUPLE" : 0.5987729682548243,
    "senMLParse_TUPLE" : 4.670937007777717,
    "annotate_TUPLE" : 2.1424036648379485,
    "azureTableInsert_TUPLE" : 1.0966400317468763,
    "TUPLE" : 0.09626499999999158
  },
  "tuplesProcessedPerModule" : {
    "bloomFilter" : 3263,
    "interpolation" : 1607,
    "azureTableInsert" : 1575,
    "sink" : 3136,
    "rangeFilter" : 4713,
    "annotate" : 1607,
    "source" : 4800,
    "join" : 1607,
    "senMLParse" : 4800,
    "mqttPublish" : 1575,
    "csvToSenML" : 1575
  },
  "recsInPerModule" : {
    "bloomFilter" : 1.6317438637124961,
    "interpolation" : 0.81568397169695,
    "azureTableInsert" : 0.794661730315472,
    "sink" : 1.5698826762930613,
    "rangeFilter" : 2.361694191529717,
    "annotate" : 0.8071830110778786,
    "source" : 2.420451605843575,
    "join" : 0.8111059284243896,
    "senMLParse" : 2.4127852984268072,
    "mqttPublish" : 0.7906207451952395,
    "csvToSenML" : 0.7944613287658262
  },
  "recsOutPerModule" : {
    "bloomFilter" : 1.6316313632220127,
    "interpolation" : 0.8148905663699971,
    "azureTableInsert" : 0.7945172495823356,
    "sink" : 1.5696813193974628,
    "rangeFilter" : 2.359728343757162,
    "annotate" : 0.8057933918734607,
    "source" : 2.420450334449717,
    "join" : 0.8099501151597989,
    "senMLParse" : 2.4071814742794193,
    "mqttPublish" : 0.7905603914365843,
    "csvToSenML" : 0.7943690853070242
  },
  "remainingDataPerDevice" : {
    "bloomFilter" : 35000,
    "interpolation" : 0,
    "azureTableInsert" : 0,
    "sink" : 0,
    "rangeFilter" : 150000,
    "annotate" : 320000,
    "source" : 0,
    "join" : 0,
    "senMLParse" : 435000,
    "mqttPublish" : 70000,
    "csvToSenML" : 0
  },
  "executionTime" : 806.0,
  "networkUsage" : 428943.55,
  "tuplesSentBySensors" : 4800
}