{
  "placement" : {
    "annotate" : "cloud-1-1-1-0-1-1-0-0-1-1",
    "azureTableInsert" : "cloud-0-1-1-0-0-0-0-0",
    "bloomFilter" : "cloud-0-1-0-1-1-0-1-1-0",
    "csvToSenML" : "cloud-1-0-0-0-0-0-1-0-1",
    "interpolation" : "cloud-0-0-1-0-0-0-0-1-0-0",
    "join" : "cloud-1-1-0-1-1-0-0-0-1",
    "mqttPublish" : "cloud-0-1-0-1-1-1-1-0-0",
    "rangeFilter" : "cloud-1-1-1-1-0-0-1-0-1-1",
    "senMLParse" : "cloud-0-0-0-1-0-0-1-1-0-1",
    "sink" : "cloud-1-0-1-0-1-1-0-0-1-0",
    "source" : "cloud-0-1-1-0-1-0-1-1-0-0"
  },
  "appLoopLatency" : 65.64449701515126,
  "latencyPerTupleType" : {
    "rangeFilter_TUPLE" : 2.1359440505497536,
    "join_TUPLE" : 0.7448739374450598,
    "bloomFilter_TUPLE" : 3.4843459566633563,
    "sink_TUPLE" : 0.3837274628538755,
    "interpolation_TUPLE" : 0.9593783865463404,
    "mqttPublish_TUPLE" : 0.23547350374638276,
    "csvToSenML_TUPLE" : 0.8206397780760328,
    "senMLParse_TUPLE" : 0.2074645344444739,
    "annotate_TUPLE" : 0.6730227779124978,
    "azureTableInsert_TUPLE" : 1.9426147764629254,
    "TUPLE" : 0.09500749999999614
  },
  "tuplesProcessedPerModule" : {
    "bloomFilter" : 3220,
    "interpolation" : 1578,
    "azureTableInsert" : 1578,
    "sink" : 3082,
    "rangeFilter" : 4737,
    "annotate" : 1578,
    "source" : 4800,
    "join" : 1578,
    "senMLParse" : 4800,
    "mqttPublish" : 1541,
    "csvToSenML" : 1578
  },
  "recsInPerModule" : {
    "bloomFilter" : 1.6120481391208288,
    "interpolation" : 0.8028988773406306,
    "azureTableInsert" : 0.7919827879374353,
    "sink" : 1.5432250113812553,
    "rangeFilter" : 2.4024973580916003,
    "annotate" : 0.7956735099154254,
    "source" : 2.4228951476981737,
    "join" : 0.7989505508623744,
    "senMLParse" : 2.41351320957551,
    "mqttPublish" : 0.775255011028692,
    "csvToSenML" : 0.7925794717702098
  },
  "recsOutPerModule" : {
    "bloomFilter" : 1.611883383366658,
    "interpolation" : 0.801914527998656,
    "azureTableInsert" : 0.7900328684852601,
    "sink" : 1.5430189784605892,
    "rangeFilter" : 2.370964580266648,
    "annotate" : 0.795015415159163,
    "source" : 2.4227715796022737,
    "join" : 0.7982092103066489,
    "senMLParse" : 2.413368879156618,
    "mqttPublish" : 0.7751835140144072,
    "csvToSenML" : 0.7917733358078031
  },
  "remainingDataPerDevice" : {
    "bloomFilter" : 5000,
    "interpolation" : 0,
    "azureTableInsert" : 185000,
    "sink" : 0,
    "rangeFilter" : 305000,
    "annotate" : 0,
    "source" : 0,
    "join" : 0,
    "senMLParse" : 0,
    "mqttPublish" : 0,
    "csvToSenML" : 185000
  },
  "executionTime" : 1036.0,
  "networkUsage" : 432550.93,
  "tuplesSentBySensors" : 4800
}