{
  "placement" : {
    "annotate" : "cloud-0-1-1-1-1-0-0-0-0",
    "azureTableInsert" : "cloud-0-1-0-1-0-0-0",
    "bloomFilter" : "cloud-1-1-0-0-1-0-1-0-1-0",
    "csvToSenML" : "cloud-1-1-1-0-1-0-0-0-0",
    "interpolation" : "cloud-0-1-0-0-0-1-1-1-1-0",
    "join" : "cloud-1-1-1-0-0-1-1-0-1",
    "mqttPublish" : "cloud-0-1-0-0-1-0-0-1",
    "rangeFilter" : "cloud-0-1-0-0-0-1-1-1-1",
    "senMLParse" : "cloud-0-1-1-1-0-1-0-1-0-1",
    "sink" : "cloud-1-1-0-1-1-1-1-0-0-1",
    "source" : "cloud-1-0-0-0-1-0-1"
  },
  "appLoopLatency" : 72.32972878787844,
  "latencyPerTupleType" : {
    "rangeFilter_TUPLE" : 0.2708872999999119,
    "join_TUPLE" : 1.7394864410883735,
    "bloomFilter_TUPLE" : 9.530132790066489,
    "sink_TUPLE" : 1.9156350370565818,
    "interpolation_TUPLE" : 2.2928451933542,
    "mqttPublish_TUPLE" : 0.7583188063134526,
    "csvToSenML_TUPLE" : 1.9252563795676911,
    "senMLParse_TUPLE" : 0.2436378333332575,
    "annotate_TUPLE" : 1.4251099486412828,
    "azureTableInsert_TUPLE" : 4.649075332563669,
    "TUPLE" : 0.0978486111111136
  },
  "tuplesProcessedPerModule" : {
    "bloomFilter" : 3255,
    "interpolation" : 1655,
    "azureTableInsert" : 1611,
    "sink" : 3222,
    "rangeFilter" : 4800,
    "annotate" : 1655,
    "source" : 4800,
    "join" : 1655,
    "senMLParse" : 4800,
    "mqttPublish" : 1611,
    "csvToSenML" : 1655
  },
  "recsInPerModule" : {
    "bloomFilter" : 1.6281238269576592,
    "interpolation" : 0.8426554697029162,
    "azureTableInsert" : 0.8291528048718353,
    "sink" : 1.6113964009510493,
    "rangeFilter" : 2.4045109948744896,
    "annotate" : 0.8327286190320949,
    "source" : 2.4225283019439274,
    "join" : 0.8371356482692309,
    "senMLParse" : 2.413386799146943,
    "mqttPublish" : 0.8097556653166655,
    "csvToSenML" : 0.8287791301122646
  },
  "recsOutPerModule" : {
    "bloomFilter" : 1.627623788927267,
    "interpolation" : 0.8414344653761848,
    "azureTableInsert" : 0.8133622918511139,
    "sink" : 1.6112738468541652,
    "rangeFilter" : 2.404340367325137,
    "annotate" : 0.8319890517010605,
    "source" : 2.422521934075061,
    "join" : 0.8362209560156425,
    "senMLParse" : 2.413214909638073,
    "mqttPublish" : 0.8097072578663849,
    "csvToSenML" : 0.8277877038248634
  },
  "remainingDataPerDevice" : {
    "bloomFilter" : 10000,
    "interpolation" : 0,
    "azureTableInsert" : 0,
    "sink" : 0,
    "rangeFilter" : 460000,
    "annotate" : 0,
    "source" : 0,
    "join" : 0,
    "senMLParse" : 0,
    "mqttPublish" : 0,
    "csvToSenML" : 220000
  },
  "executionTime" : 1153.0,
  "networkUsage" : 460458.1,
  "tuplesSentBySensors" : 4800
}