{
  "placement" : {
    "annotate" : "cloud-0-0-0-1-0-1-0-1-1-0",
    "azureTableInsert" : "cloud-0-1-1-1-1-1-0-0-0-1",
    "bloomFilter" : "cloud-0-1-1-1-0-0-1-0-0",
    "csvToSenML" : "cloud-1-0-1-0-0-0-0-1",
    "interpolation" : "cloud-0-1-1-1-1-1-0-0-1-1",
    "join" : "cloud-1-0-1-1-0-0-1-0-0-0",
    "mqttPublish" : "cloud-1-1-0-1-0-1-1-1-0-0",
    "rangeFilter" : "cloud-1-0-1-1-1-0-0",
    "senMLParse" : "cloud-1-0-1-1-0-0-1-1-1",
    "sink" : "cloud-1-1-0-1-0-0-0-1-0-1",
    "source" : "cloud-1-1-0-1-1-0-1-1-0"
  },
  "appLoopLatency" : 56.20979272727251,
  "latencyPerTupleType" : {
    "rangeFilter_TUPLE" : 14.382884520056026,
    "join_TUPLE" : 1.135510906863196,
    "bloomFilter_TUPLE" : 0.9815006308515694,
    "sink_TUPLE" : 0.3540913095614296,
    "interpolation_TUPLE" : 3.549808668315707,
    "mqttPublish_TUPLE" : 1.3914297135554927,
    "csvToSenML_TUPLE" : 0.6760450469781247,
    "senMLParse_TUPLE" : 0.11678637474740516,
    "annotate_TUPLE" : 0.9364033378829902,
    "azureTableInsert_TUPLE" : 3.6779900637816754,
    "TUPLE" : 0.09468707070705859
  },
  "tuplesProcessedPerModule" : {
    "bloomFilter" : 3276,
    "interpolation" : 1636,
    "azureTableInsert" : 1632,
    "sink" : 3211,
    "rangeFilter" : 4671,
    "annotate" : 1632,
    "source" : 4800,
    "join" : 1632,
    "senMLParse" : 4800,
    "mqttPublish" : 1617,
    "csvToSenML" : 1632
  },
  "recsInPerModule" : {
    "bloomFilter" : 1.6399468742374457,
    "interpolation" : 0.8185234172728655,
    "azureTableInsert" : 0.8182634397858978,
    "sink" : 1.607849321582312,
    "rangeFilter" : 2.4082799769002987,
    "annotate" : 0.8216703399195382,
    "source" : 2.420939919836627,
    "join" : 0.8262057824124118,
    "senMLParse" : 2.4118143946820627,
    "mqttPublish" : 0.8098845924427287,
    "csvToSenML" : 0.8177714364129824
  },
  "recsOutPerModule" : {
    "bloomFilter" : 1.6398476823503043,
    "interpolation" : 0.8182674179128583,
    "azureTableInsert" : 0.8174219774257067,
    "sink" : 1.6075759691682008,
    "rangeFilter" : 2.345320282622888,
    "annotate" : 0.8213940127154594,
    "source" : 2.4209376072796127,
    "join" : 0.8258699961617381,
    "senMLParse" : 2.41166797248553,
    "mqttPublish" : 0.809358453033116,
    "csvToSenML" : 0.8175704407724074
  },
  "remainingDataPerDevice" : {
    "bloomFilter" : 5000,
    "interpolation" : 20000,
    "azureTableInsert" : 75000,
    "sink" : 0,
    "rangeFilter" : 0,
    "annotate" : 0,
    "source" : 0,
    "join" : 0,
    "senMLParse" : 0,
    "mqttPublish" : 115000,
    "csvToSenML" : 75000
  },
  "executionTime" : 753.0,
  "networkUsage" : 334858.17,
  "tuplesSentBySensors" : 4800
}