{
  "placement" : {
    "annotate" : "cloud-0-0-0-0-0-1-0-1-1",
    "azureTableInsert" : "cloud-0-1-0-1-0-0-0-0-1-0",
    "bloomFilter" : "cloud-1-0-1-0-1-1-1-0",
    "csvToSenML" : "cloud-0-0-0-1-1-1-1-0-1",
    "interpolation" : "cloud-1-1-0-0-0-1-1-1-0",
    "join" : "cloud-0-1-1-0-1-0-0-0-0",
    "mqttPublish" : "cloud-0-0-0-1-1-0-0-0",
    "rangeFilter" : "cloud-0-1-0-0-1-0-1-1-1",
    "senMLParse" : "cloud-0-1-0-1",
    "sink" : "cloud-0-0-1-1-1-1-0-0-1-1",
    "source" : "cloud-0-1-1-1-0-0"
  },
  "appLoopLatency" : 64.57296049999984,
  "latencyPerTupleType" : {
    "rangeFilter_TUPLE" : 15.642927513765244,
    "join_TUPLE" : 2.1156867405441835,
    "bloomFilter_TUPLE" : 1.7897282343996028,
    "sink_TUPLE" : 0.5042962989946407,
    "interpolation_TUPLE" : 1.438576714706323,
    "mqttPublish_TUPLE" : 0.505023892564121,
    "csvToSenML_TUPLE" : 1.117642729960142,
    "senMLParse_TUPLE" : 0.3124992200000186,
    "annotate_TUPLE" : 0.5475997921596291,
    "azureTableInsert_TUPLE" : 0.6597728073295657,
    "TUPLE" : 0.09645888888889977
  },
  "tuplesProcessedPerModule" : {
    "bloomFilter" : 3285,
    "interpolation" : 1700,
    "azureTableInsert" : 1692,
    "sink" : 3326,
    "rangeFilter" : 4722,
    "annotate" : 1692,
    "source" : 4800,
    "join" : 1692,
    "senMLParse" : 4800,
    "mqttPublish" : 1663,
    "csvToSenML" : 1692
  },
  "recsInPerModule" : {
    "bloomFilter" : 1.6495732694178296,
    "interpolation" : 0.8505464424582764,
    "azureTableInsert" : 0.8468026925285663,
    "sink" : 1.6663985583418475,
    "rangeFilter" : 2.4189599018485453,
    "annotate" : 0.851963864694869,
    "source" : 2.4254661821797967,
    "join" : 0.8571511816555996,
    "senMLParse" : 2.4221590202680905,
    "mqttPublish" : 0.8369889527351018,
    "csvToSenML" : 0.8480760156676763
  },
  "recsOutPerModule" : {
    "bloomFilter" : 1.649352408726178,
    "interpolation" : 0.85105980399387,
    "azureTableInsert" : 0.8464404076700619,
    "sink" : 1.666046329451641,
    "rangeFilter" : 2.367719680597293,
    "annotate" : 0.8516618949058172,
    "source" : 2.425341075168015,
    "join" : 0.8559289561355407,
    "senMLParse" : 2.4220113393637743,
    "mqttPublish" : 0.8368112327607758,
    "csvToSenML" : 0.8474502918702193
  },
  "remainingDataPerDevice" : {
    "bloomFilter" : 0,
    "interpolation" : 40000,
    "azureTableInsert" : 145000,
    "sink" : 0,
    "rangeFilter" : 165000,
    "annotate" : 0,
    "source" : 0,
    "join" : 0,
    "senMLParse" : 0,
    "mqttPublish" : 0,
    "csvToSenML" : 145000
  },
  "executionTime" : 743.0,
  "networkUsage" : 373855.95,
  "tuplesSentBySensors" : 4800
}