{
  "placement" : {
    "annotate" : "cloud-0-1-0-1-1-0-0-1-0",
    "azureTableInsert" : "cloud-0-1-1-1-0-1",
    "bloomFilter" : "cloud-0-1-0-0-0-1-1",
    "csvToSenML" : "cloud-0-1-1-0-1-0-0-1-1-0",
    "interpolation" : "cloud-0-0-1-1-1-1-1-1-0",
    "join" : "cloud-1-0-0-1-0-0-0-1-1-0",
    "mqttPublish" : "cloud-0-1-1-0-1-1-0",
    "rangeFilter" : "cloud-1-1-0-0-1-0-1-1-1-1",
    "senMLParse" : "cloud-0-0-0-1-0-1-0",
    "sink" : "cloud-1-0-0-0-1-0-0-1-0-1",
    "source" : "cloud-1-0-1-1-1-0-1-1-0-0"
  },
  "appLoopLatency" : 65.41892883333318,
  "latencyPerTupleType" : {
    "rangeFilter_TUPLE" : 12.585929762067614,
    "join_TUPLE" : 1.0205811361830988,
    "bloomFilter_TUPLE" : 1.722939462739847,
    "sink_TUPLE" : 0.34116936906353584,
    "interpolation_TUPLE" : 3.1816660361412525,
    "mqttPublish_TUPLE" : 1.3055967193736226,
    "csvToSenML_TUPLE" : 1.2666375053389893,
    "senMLParse_TUPLE" : 0.1107076900000232,
    "annotate_TUPLE" : 2.95215672040637,
    "azureTableInsert_TUPLE" : 1.3761186101042429,
    "TUPLE" : 0.09429777777778708
  },
  "tuplesProcessedPerModule" : {
    "bloomFilter" : 3225,
    "interpolation" : 1591,
    "azureTableInsert" : 1544,
    "sink" : 3088,
    "rangeFilter" : 4682,
    "annotate" : 1591,
    "source" : 4800,
    "join" : 1591,
    "senMLParse" : 4800,
    "mqttPublish" : 1544,
    "csvToSenML" : 1544
  },
  "recsInPerModule" : {
    "bloomFilter" : 1.6127200508127735,
    "interpolation" : 0.8056136500644392,
    "azureTableInsert" : 0.7799303412641202,
    "sink" : 1.5483640725489114,
    "rangeFilter" : 2.401532265040896,
    "annotate" : 0.7966418271956248,
    "source" : 2.420939919836627,
    "join" : 0.8008561423644202,
    "senMLParse" : 2.410724004685328,
    "mqttPublish" : 0.7769105710725773,
    "csvToSenML" : 0.7788287999291517
  },
  "recsOutPerModule" : {
    "bloomFilter" : 1.612572211521156,
    "interpolation" : 0.8047451908591136,
    "azureTableInsert" : 0.7798499137979589,
    "sink" : 1.5482702668283574,
    "rangeFilter" : 2.342494602718616,
    "annotate" : 0.796062192852663,
    "source" : 2.420937376024154,
    "join" : 0.8005702782286368,
    "senMLParse" : 2.4105777148508594,
    "mqttPublish" : 0.7768307651743787,
    "csvToSenML" : 0.778752318983042
  },
  "remainingDataPerDevice" : {
    "bloomFilter" : 15000,
    "interpolation" : 0,
    "azureTableInsert" : 0,
    "sink" : 0,
    "rangeFilter" : 75000,
    "annotate" : 470000,
    "source" : 0,
    "join" : 0,
    "senMLParse" : 0,
    "mqttPublish" : 0,
    "csvToSenML" : 0
  },
  "executionTime" : 832.0,
  "networkUsage" : 389159.67,
  "tuplesSentBySensors" : 4800
}