{
  "placement" : {
    "annotate" : "cloud-1-1-1-1-1-1-0-0-0-1",
    "azureTableInsert" : "cloud-0-1-0-0-1-0-0-0-1-0",
    "bloomFilter" : "cloud-0-1-0-0-1-1-1-1-1-0",
    "csvToSenML" : "cloud-0-0-0-0-0-0-0-1-1-1",
    "interpolation" : "cloud-1-1-1-0-0-0-1",
    "join" : "cloud-0-1-0-1-1-0-0-0-1-1",
    "mqttPublish" : "cloud-1-0-0-1-1-1-0-0-1",
    "rangeFilter" : "cloud-1-1-1-1-1-0-1-1-1",
    "senMLParse" : "cloud-1-0-1-1-0-1-1",
    "sink" : "cloud-1-1-0-1-1-0-0-1-1-0",
    "source" : "cloud-0-1-1-1-1"
  },
  "appLoopLatency" : 68.8647671380472,
  "latencyPerTupleType" : {
    "rangeFilter_TUPLE" : 2.996490888890422,
    "join_TUPLE" : 2.2255230583790513,
    "bloomFilter_TUPLE" : 1.1184120696815703,
    "sink_TUPLE" : 0.3565422984506549,
    "interpolation_TUPLE" : 1.5115434409410022,
    "mqttPublish_TUPLE" : 0.3554107350983241,
    "csvToSenML_TUPLE" : 1.2746089537550243,
    "senMLParse_TUPLE" : 5.149944455555514,
    "annotate_TUPLE" : 1.0375676791309243,
    "azureTableInsert_TUPLE" : 3.393011568173765,
    "TUPLE" : 0.0980074999999975
  },
  "tuplesProcessedPerModule" : {
    "bloomFilter" : 3296,
    "interpolation" : 1646,
    "azureTableInsert" : 1646,
    "sink" : 3222,
    "rangeFilter" : 4800,
    "annotate" : 1646,
    "source" : 4800,
    "join" : 1646,
    "senMLParse" : 4800,
    "mqttPublish" : 1611,
    "csvToSenML" : 1646
  },
  "recsInPerModule" : {
    "bloomFilter" : 1.648156897669337,
    "interpolation" : 0.8401900582394631,
    "azureTableInsert" : 0.8262700061774538,
    "sink" : 1.614011106824125,
    "rangeFilter" : 2.4052052489916456,
    "annotate" : 0.8312058137249787,
    "source" : 2.4262017659716104,
    "join" : 0.8364369689994154,
    "senMLParse" : 2.4200791384701117,
    "mqttPublish" : 0.8107096415915384,
    "csvToSenML" : 0.8259383388999908
  },
  "recsOutPerModule" : {
    "bloomFilter" : 1.648005816087192,
    "interpolation" : 0.8392952596052107,
    "azureTableInsert" : 0.8243427766951605,
    "sink" : 1.6139134173051297,
    "rangeFilter" : 2.4000239842396702,
    "annotate" : 0.8306077872269579,
    "source" : 2.4260727511405964,
    "join" : 0.8351286191848217,
    "senMLParse" : 2.413556184819935,
    "mqttPublish" : 0.8106603474299622,
    "csvToSenML" : 0.825210721455652
  },
  "remainingDataPerDevice" : {
    "bloomFilter" : 65000,
    "interpolation" : 0,
    "azureTableInsert" : 175000,
    "sink" : 0,
    "rangeFilter" : 350000,
    "annotate" : 0,
    "source" : 0,
    "join" : 0,
    "senMLParse" : 0,
    "mqttPublish" : 0,
    "csvToSenML" : 175000
  },
  "executionTime" : 815.0,
  "networkUsage" : 474265.73,
  "tuplesSentBySensors" : 4800
}