{
  "placement" : {
    "annotate" : "cloud-1-0-0-1-0-0-0-0-1-1",
    "azureTableInsert" : "cloud-1-1-0-1-1-1-1-1-1-1",
    "bloomFilter" : "cloud-1-0-0-0-0-0-1-0-0",
    "csvToSenML" : "cloud-1-1-1-0-0-0-1-1-1-1",
    "interpolation" : "cloud-1-1-0-1-1-0-1-0-1-1",
    "join" : "cloud-1-1-1-1-1-0-0-0",
    "mqttPublish" : "cloud-1-0-0-0-1-1-0-1-1-1",
    "rangeFilter" : "cloud-0-0-0-1-1-0-1-0-1-1",
    "senMLParse" : "cloud-1-1-0-0-0-0-0-1-1-1",
    "sink" : "cloud-0-0-0-0-0-0-1-1-1-0",
    "source" : "cloud-1-1-0-0-1-0-1-0-0"
  },
  "appLoopLatency" : 68.23331807575761,
  "latencyPerTupleType" : {
    "rangeFilter_TUPLE" : 1.9988585447474898,
    "join_TUPLE" : 4.583585501124419,
    "bloomFilter_TUPLE" : 4.594733295967152,
    "sink_TUPLE" : 0.288712566711405,
    "interpolation_TUPLE" : 2.9531226429762296,
    "mqttPublish_TUPLE" : 0.44232713403971685,
    "csvToSenML_TUPLE" : 0.5798001429200396,
    "senMLParse_TUPLE" : 0.11409645555558066,
    "annotate_TUPLE" : 0.7970732128017497,
    "azureTableInsert_TUPLE" : 1.0605601378191525,
    "TUPLE" : 0.09538999999999817
  },
  "tuplesProcessedPerModule" : {
    "bloomFilter" : 3254,
    "interpolation" : 1604,
    "azureTableInsert" : 1604,
    "sink" : 3142,
    "rangeFilter" : 4800,
    "annotate" : 1604,
    "source" : 4800,
    "join" : 1604,
    "senMLParse" : 4800,
    "mqttPublish" : 1571,
    "csvToSenML" : 1604
  },
  "recsInPerModule" : {
    "bloomFilter" : 1.6281623666048213,
    "interpolation" : 0.818668691232729,
    "azureTableInsert" : 0.8032748907052728,
    "sink" : 1.5748628301953453,
    "rangeFilter" : 2.402974970521844,
    "annotate" : 0.8072989214879097,
    "source" : 2.4226505715184117,
    "join" : 0.8134548918845704,
    "senMLParse" : 2.416306342065924,
    "mqttPublish" : 0.7913163952573002,
    "csvToSenML" : 0.8037579322015943
  },
  "recsOutPerModule" : {
    "bloomFilter" : 1.6271623075541493,
    "interpolation" : 0.8164782859901657,
    "azureTableInsert" : 0.8025439171905677,
    "sink" : 1.5747427896931954,
    "rangeFilter" : 2.4011700393536017,
    "annotate" : 0.8067507667607987,
    "source" : 2.422648024109722,
    "join" : 0.8102357149320903,
    "senMLParse" : 2.4161593739623273,
    "mqttPublish" : 0.791238799005061,
    "csvToSenML" : 0.803371720129205
  },
  "remainingDataPerDevice" : {
    "bloomFilter" : 20000,
    "interpolation" : 0,
    "azureTableInsert" : 165000,
    "sink" : 0,
    "rangeFilter" : 495000,
    "annotate" : 0,
    "source" : 0,
    "join" : 0,
    "senMLParse" : 0,
    "mqttPublish" : 0,
    "csvToSenML" : 165000
  },
  "executionTime" : 682.0,
  "networkUsage" : 458833.13,
  "tuplesSentBySensors" : 4800
}