{
  "placement" : {
    "annotate" : "cloud-0-1-1-1-0-0-0-1-1-1",
    "azureTableInsert" : "cloud-0-1-1",
    "bloomFilter" : "cloud-0-1-0-0-0-1-1-0-1-1",
    "csvToSenML" : "cloud-0-0-0-0-0-0-1-0-1-0",
    "interpolation" : "cloud-0-0-1-0-1-1-1",
    "join" : "cloud-1-1-0-0-1-0-1-0-1-0",
    "mqttPublish" : "cloud-1-1-0-1-1-1-1-1-0-0",
    "rangeFilter" : "cloud-0-0-0-0-0-0-1-1-1-0",
    "senMLParse" : "cloud-1-0-1-1-1-1-1-1",
    "sink" : "cloud-1-0-1-1-1-1-0-0-1-0",
    "source" : "cloud-0-1-1-0-0-1-1-0-1-1"
  },
  "appLoopLatency" : 59.7772879924243,
  "latencyPerTupleType" : {
    "rangeFilter_TUPLE" : 0.3216175411543318,
    "join_TUPLE" : 5.604861221720585,
    "bloomFilter_TUPLE" : 0.6621816648018319,
    "sink_TUPLE" : 0.309442005925802,
    "interpolation_TUPLE" : 3.9630443795408388,
    "mqttPublish_TUPLE" : 0.2982616593341376,
    "csvToSenML_TUPLE" : 2.616064779315686,
    "senMLParse_TUPLE" : 0.12264398888881284,
    "annotate_TUPLE" : 0.816624474873329,
    "azureTableInsert_TUPLE" : 0.5943707489185346,
    "TUPLE" : 0.09635472222221496
  },
  "tuplesProcessedPerModule" : {
    "bloomFilter" : 3250,
    "interpolation" : 1610,
    "azureTableInsert" : 1610,
    "sink" : 3191,
    "rangeFilter" : 4799,
    "annotate" : 1610,
    "source" : 4800,
    "join" : 1610,
    "senMLParse" : 4800,
    "mqttPublish" : 1591,
    "csvToSenML" : 1610
  },
  "recsInPerModule" : {
    "bloomFilter" : 1.6263519267237814,
    "interpolation" : 0.8225228336537929,
    "azureTableInsert" : 0.8114764582238203,
    "sink" : 1.5967015651030134,
    "rangeFilter" : 2.399820052001235,
    "annotate" : 0.8130425174779347,
    "source" : 2.421794943594882,
    "join" : 0.8182714760122889,
    "senMLParse" : 2.4110834936380146,
    "mqttPublish" : 0.7977261585498325,
    "csvToSenML" : 0.8096401323037618
  },
  "recsOutPerModule" : {
    "bloomFilter" : 1.6262397214708704,
    "interpolation" : 0.8212353218572904,
    "azureTableInsert" : 0.8112332598468703,
    "sink" : 1.5966050309042261,
    "rangeFilter" : 2.3996500541173007,
    "annotate" : 0.812706103345258,
    "source" : 2.421666396997016,
    "join" : 0.8163822901589293,
    "senMLParse" : 2.4109497744262653,
    "mqttPublish" : 0.7976445044736863,
    "csvToSenML" : 0.8085934909153536
  },
  "remainingDataPerDevice" : {
    "bloomFilter" : 0,
    "interpolation" : 0,
    "azureTableInsert" : 0,
    "sink" : 0,
    "rangeFilter" : 520000,
    "annotate" : 0,
    "source" : 0,
    "join" : 0,
    "senMLParse" : 5000,
    "mqttPublish" : 50000,
    "csvToSenML" : 95000
  },
  "executionTime" : 647.0,
  "networkUsage" : 421970.08,
  "tuplesSentBySensors" : 4800
}