{
  "placement" : {
    "annotate" : "cloud-0-1-0-1-0-1-0-1-0",
    "azureTableInsert" : "cloud-0-1-0-1-0-0-1-1-1-1",
    "bloomFilter" : "cloud-0-1-0-0-0-0-1-0-0-0",
    "csvToSenML" : "cloud-0-1-1-1-1-0-0-1-1",
    "interpolation" : "cloud-0-1-1-0-1-1",
    "join" : "cloud-1-0-1-1-0-1-1-1-0-0",
    "mqttPublish" : "cloud-1-0-0-1-0-1-1-1-0",
    "rangeFilter" : "cloud-0-1-0-1-1-0-0-0-1-1",
    "senMLParse" : "cloud-0-1-1-1-0-0-1-0-0",
    "sink" : "cloud-1-0-0-1-0-1-0-0-1-1",
    "source" : "cloud-1-1-0-0-1-1-0-1"
  },
  "appLoopLatency" : 58.53741106060568,
  "latencyPerTupleType" : {
    "rangeFilter_TUPLE" : 1.9983216252524478,
    "join_TUPLE" : 0.9424744575945546,
    "bloomFilter_TUPLE" : 4.642494171014175,
    "sink_TUPLE" : 1.0586952377690357,
    "interpolation_TUPLE" : 2.9486237148419425,
    "mqttPublish_TUPLE" : 0.2880699774578992,
    "csvToSenML_TUPLE" : 0.9573994148196119,
    "senMLParse_TUPLE" : 0.11385470707064518,
    "annotate_TUPLE" : 0.8516038883041149,
    "azureTableInsert_TUPLE" : 1.0424743902445874,
    "TUPLE" : 0.09600111111110499
  },
  "tuplesProcessedPerModule" : {
    "bloomFilter" : 3346,
    "interpolation" : 1643,
    "azureTableInsert" : 1640,
    "sink" : 3248,
    "rangeFilter" : 4800,
    "annotate" : 1640,
    "source" : 4800,
    "join" : 1640,
    "senMLParse" : 4800,
    "mqttPublish" : 1640,
    "csvToSenML" : 1640
  },
  "recsInPerModule" : {
    "bloomFilter" : 1.6984885385744695,
    "interpolation" : 0.8218288959864336,
    "azureTableInsert" : 0.8266366784365284,
    "sink" : 1.6278990101473736,
    "rangeFilter" : 2.40731372932489,
    "annotate" : 0.8287812338385242,
    "source" : 2.422283799816411,
    "join" : 0.8337955119090662,
    "senMLParse" : 2.4139976875714177,
    "mqttPublish" : 0.8213718207422687,
    "csvToSenML" : 0.8255132179181999
  },
  "recsOutPerModule" : {
    "bloomFilter" : 1.6734821408542122,
    "interpolation" : 0.8217235705026964,
    "azureTableInsert" : 0.8259012277632632,
    "sink" : 1.626458855484739,
    "rangeFilter" : 2.405502276840973,
    "annotate" : 0.8281813478659421,
    "source" : 2.4222814846912537,
    "join" : 0.833117804702771,
    "senMLParse" : 2.4138510001658244,
    "mqttPublish" : 0.8211935978022704,
    "csvToSenML" : 0.8248426163823789
  },
  "remainingDataPerDevice" : {
    "bloomFilter" : 75000,
    "interpolation" : 15000,
    "azureTableInsert" : 0,
    "sink" : 0,
    "rangeFilter" : 130000,
    "annotate" : 0,
    "source" : 0,
    "join" : 0,
    "senMLParse" : 0,
    "mqttPublish" : 160000,
    "csvToSenML" : 0
  },
  "executionTime" : 733.0,
  "networkUsage" : 343923.4,
  "tuplesSentBySensors" : 4800
}