{
  "placement" : {
    "annotate" : "cloud-1-1-0-1-0-0-1-0-1",
    "azureTableInsert" : "cloud-0-1-1-0-0-0-0-0-1",
    "bloomFilter" : "cloud-0-1-0-0-1-1-1-1-0",
    "csvToSenML" : "cloud-0-1-1-1-0-1-0",
    "interpolation" : "cloud-0-0-1-1-1-1-0-1-1",
    "join" : "cloud-0-1-1-1-0-1-1",
    "mqttPublish" : "cloud-0-0-0-1-0-0-0-1-1",
    "rangeFilter" : "cloud-1-1-1-0-1-0-0-0",
    "senMLParse" : "cloud-0-0-1-0-0-0-1-0",
    "sink" : "cloud-0-1-0-0-0-0-0-1-1-0",
    "source" : "cloud-0-0-0-0-1-0-1-0-0"
  },
  "appLoopLatency" : 59.2120654545453,
  "latencyPerTupleType" : {
    "rangeFilter_TUPLE" : 2.312915835353457,
    "join_TUPLE" : 3.3420754999129896,
    "bloomFilter_TUPLE" : 3.0989339914124763,
    "sink_TUPLE" : 0.23535214140455435,
    "interpolation_TUPLE" : 0.8981588694044108,
    "mqttPublish_TUPLE" : 0.2378998037963779,
    "csvToSenML_TUPLE" : 0.44528481019455135,
    "senMLParse_TUPLE" : 0.12487339999993603,
    "annotate_TUPLE" : 1.4891845989649217,
    "azureTableInsert_TUPLE" : 0.7898975794417208,
    "TUPLE" : 0.09917999999998446
  },
  "tuplesProcessedPerModule" : {
    "bloomFilter" : 3271,
    "interpolation" : 1563,
    "azureTableInsert" : 1563,
    "sink" : 3099,
    "rangeFilter" : 4800,
    "annotate" : 1563,
    "source" : 4800,
    "join" : 1563,
    "senMLParse" : 4800,
    "mqttPublish" : 1563,
    "csvToSenML" : 1563
  },
  "recsInPerModule" : {
    "bloomFilter" : 1.639745092699006,
    "interpolation" : 0.7987348790879466,
    "azureTableInsert" : 0.7867013284586489,
    "sink" : 1.5527738285797423,
    "rangeFilter" : 2.4078053404354964,
    "annotate" : 0.7906071355418415,
    "source" : 2.421917139150745,
    "join" : 0.7956902640970925,
    "senMLParse" : 2.4148437871764363,
    "mqttPublish" : 0.784370767118366,
    "csvToSenML" : 0.7870578815564538
  },
  "recsOutPerModule" : {
    "bloomFilter" : 1.6357444947296276,
    "interpolation" : 0.7980059322743572,
    "azureTableInsert" : 0.7861053525303072,
    "sink" : 1.5524772623289216,
    "rangeFilter" : 2.4047147363607877,
    "annotate" : 0.7894441104761268,
    "source" : 2.421788579580845,
    "join" : 0.7930949223719608,
    "senMLParse" : 2.4147096505576573,
    "mqttPublish" : 0.7842207258973404,
    "csvToSenML" : 0.7867397095912507
  },
  "remainingDataPerDevice" : {
    "bloomFilter" : 70000,
    "interpolation" : 0,
    "azureTableInsert" : 0,
    "sink" : 0,
    "rangeFilter" : 330000,
    "annotate" : 0,
    "source" : 0,
    "join" : 0,
    "senMLParse" : 0,
    "mqttPublish" : 135000,
    "csvToSenML" : 0
  },
  "executionTime" : 727.0,
  "networkUsage" : 359822.67,
  "tuplesSentBySensors" : 4800
}