{
  "placement" : {
    "annotate" : "cloud-1-1-1-0-1-1-0-1-1-1",
    "azureTableInsert" : "cloud-0-1-0-1-1-0-0-0-0",
    "bloomFilter" : "cloud-0-0-0-1-0-0-0-1-0",
    "csvToSenML" : "cloud-0-1-1-0-1-0-0-0-1-0",
    "interpolation" : "cloud-1-0-1-0-0-1-1-0-1-0",
    "join" : "cloud-1-0-1-1-1-1-1",
    "mqttPublish" : "cloud-0-1-0-0-0-0-1-0-0-0",
    "rangeFilter" : "cloud-0-0-0-1-0-1-0-0-1-0",
    "senMLParse" : "cloud-0-0-0-0-0-1-1-0-1",
    "sink" : "cloud-1-0-1-1-0-0-1-1-0-1",
    "source" : "cloud-1-0-1-0-0-1-1"
  },
  "appLoopLatency" : 61.777176666666335,
  "latencyPerTupleType" : {
    "rangeFilter_TUPLE" : 2.3435498444443805,
    "join_TUPLE" : 0.8593867040932434,
    "bloomFilter_TUPLE" : 0.6957968818665358,
    "sink_TUPLE" : 0.7523442841830402,
    "interpolation_TUPLE" : 0.35533672485393186,
    "mqttPublish_TUPLE" : 0.5745319306516739,
    "csvToSenML_TUPLE" : 0.3213754027391869,
    "senMLParse_TUPLE" : 0.10502527272720641,
    "annotate_TUPLE" : 0.45819760099437906,
    "azureTableInsert_TUPLE" : 0.3213754027391869,
    "TUPLE" : 0.09652959595959192
  },
  "tuplesProcessedPerModule" : {
    "bloomFilter" : 3219,
    "interpolation" : 1591,
    "azureTableInsert" : 1591,
    "sink" : 3182,
    "rangeFilter" : 4800,
    "annotate" : 1591,
    "source" : 4800,
    "join" : 1591,
    "senMLParse" : 4800,
    "mqttPublish" : 1591,
    "csvToSenML" : 1591
  },
  "recsInPerModule" : {
    "bloomFilter" : 1.6097223410691301,
    "interpolation" : 0.8141654441615891,
    "azureTableInsert" : 0.8045358104382695,
    "sink" : 1.5944544780325303,
    "rangeFilter" : 2.4049014991596396,
    "annotate" : 0.8083407655698931,
    "source" : 2.423751553347024,
    "join" : 0.8115361109410132,
    "senMLParse" : 2.4142405196977426,
    "mqttPublish" : 0.8011155728515966,
    "csvToSenML" : 0.8045358124724552
  },
  "recsOutPerModule" : {
    "bloomFilter" : 1.6095503880723192,
    "interpolation" : 0.8139025286105019,
    "azureTableInsert" : 0.8043150771159759,
    "sink" : 1.5936675598413668,
    "rangeFilter" : 2.402123386265916,
    "annotate" : 0.808008923879367,
    "source" : 2.4237492354153742,
    "join" : 0.8108954684695285,
    "senMLParse" : 2.414093802780005,
    "mqttPublish" : 0.800718267299378,
    "csvToSenML" : 0.8043150791490455
  },
  "remainingDataPerDevice" : {
    "bloomFilter" : 105000,
    "interpolation" : 0,
    "azureTableInsert" : 0,
    "sink" : 0,
    "rangeFilter" : 315000,
    "annotate" : 0,
    "source" : 0,
    "join" : 0,
    "senMLParse" : 0,
    "mqttPublish" : 0,
    "csvToSenML" : 0
  },
  "executionTime" : 814.0,
  "networkUsage" : 388959.69,
  "tuplesSentBySensors" : 4800
}