{
  "placement" : {
    "annotate" : "cloud-0-1-0-0-0-0-0-0-0-1",
    "azureTableInsert" : "cloud-1-1-1-0-0-0-1-0-1-1",
    "bloomFilter" : "cloud-0-0-1-0-1-0-1-1-0",
    "csvToSenML" : "cloud-1-0-0-0-0-1-1-0",
    "interpolation" : "cloud-0-0-1-1-1-1-0-1-0",
    "join" : "cloud-0-1-0-0-1-0-0-0-1-0",
    "mqttPublish" : "cloud-0-0-0-1-0-0-1",
    "rangeFilter" : "cloud-0-0-1-1-0-1-1-1-0-1",
    "senMLParse" : "cloud-0-1-0-1-1-1-1-0-0",
    "sink" : "cloud-1-1-0-1-0-1-0-0",
    "source" : "cloud-0-0-1-1-0-1-1-0-0-0"
  },
  "appLoopLatency" : 61.8197185547785,
  "latencyPerTupleType" : {
    "rangeFilter_TUPLE" : 3.089471729493062,
    "join_TUPLE" : 4.47745674933702,
    "bloomFilter_TUPLE" : 1.1793088361707673,
    "sink_TUPLE" : 0.28139294442891644,
    "interpolation_TUPLE" : 0.9469075560478418,
    "mqttPublish_TUPLE" : 0.4207820929085129,
    "csvToSenML_TUPLE" : 0.9028460949826104,
    "senMLParse_TUPLE" : 0.1216861777777136,
    "annotate_TUPLE" : 0.4523739406086738,
    "azureTableInsert_TUPLE" : 0.5405469976280466,
    "TUPLE" : 0.09672888888888326
  },
  "tuplesProcessedPerModule" : {
    "bloomFilter" : 3194,
    "interpolation" : 1622,
    "azureTableInsert" : 1622,
    "sink" : 3220,
    "rangeFilter" : 4722,
    "annotate" : 1622,
    "source" : 4800,
    "join" : 1622,
    "senMLParse" : 4800,
    "mqttPublish" : 1622,
    "csvToSenML" : 1622
  },
  "recsInPerModule" : {
    "bloomFilter" : 1.600159195837996,
    "interpolation" : 0.8300760643759073,
    "azureTableInsert" : 0.8171576636549116,
    "sink" : 1.6162165296737179,
    "rangeFilter" : 2.4025026449614604,
    "annotate" : 0.8211291085993714,
    "source" : 2.4224060447105504,
    "join" : 0.8259485839351245,
    "senMLParse" : 2.4125377010952374,
    "mqttPublish" : 0.8139846264533497,
    "csvToSenML" : 0.8171164996830148
  },
  "recsOutPerModule" : {
    "bloomFilter" : 1.5972387752176043,
    "interpolation" : 0.8294547764060795,
    "azureTableInsert" : 0.8168593038773462,
    "sink" : 1.6159748873073942,
    "rangeFilter" : 2.3634619769808367,
    "annotate" : 0.8208797689176506,
    "source" : 2.422277433232877,
    "join" : 0.823547726198983,
    "senMLParse" : 2.412403820538003,
    "mqttPublish" : 0.8137581631381319,
    "csvToSenML" : 0.8166078802844372
  },
  "remainingDataPerDevice" : {
    "bloomFilter" : 40000,
    "interpolation" : 0,
    "azureTableInsert" : 0,
    "sink" : 0,
    "rangeFilter" : 160000,
    "annotate" : 0,
    "source" : 0,
    "join" : 0,
    "senMLParse" : 0,
    "mqttPublish" : 120000,
    "csvToSenML" : 0
  },
  "executionTime" : 714.0,
  "networkUsage" : 380001.22,
  "tuplesSentBySensors" : 4800
}