{
  "placement" : {
    "annotate" : "cloud-1-1-0-1-0-1-1-1-1",
    "azureTableInsert" : "cloud-1-1-1-1-1-1-0-0-1-0",
    "bloomFilter" : "cloud-1-0-0-1-0-0-0-0-0",
    "csvToSenML" : "cloud-0-1-1-1-0-0-0-1-1",
    "interpolation" : "cloud-0-1-1-0-1-1-0",
    "join" : "cloud-1-0-0-0-0-1-1-1-1",
    "mqttPublish" : "cloud-1-1-0-0-1-0-1-0-1",
    "rangeFilter" : "cloud-1-1-0-1-0-0-1-0-0-1",
    "senMLParse" : "cloud-0-0-1-0-1-0-0-0-1-1",
    "sink" : "cloud-0-1-0-0-0-1-0-0-0",
    "source" : "cloud-1-1-0-1-0-0-1-1-0"
  },
  "appLoopLatency" : 62.54961065151505,
  "latencyPerTupleType" : {
    "rangeFilter_TUPLE" : 15.37744692599709,
    "join_TUPLE" : 2.063749193713389,
    "bloomFilter_TUPLE" : 4.196901549014371,
    "sink_TUPLE" : 0.32194372744501026,
    "interpolation_TUPLE" : 3.3799565778733633,
    "mqttPublish_TUPLE" : 0.5347511567168515,
    "csvToSenML_TUPLE" : 1.192777143450263,
    "senMLParse_TUPLE" : 0.23454139888890732,
    "annotate_TUPLE" : 0.5360699285572758,
    "azureTableInsert_TUPLE" : 1.0939960724793616,
    "TUPLE" : 0.09503555555555597
  },
  "tuplesProcessedPerModule" : {
    "bloomFilter" : 3244,
    "interpolation" : 1633,
    "azureTableInsert" : 1608,
    "sink" : 3174,
    "rangeFilter" : 4671,
    "annotate" : 1633,
    "source" : 4800,
    "join" : 1633,
    "senMLParse" : 4800,
    "mqttPublish" : 1608,
    "csvToSenML" : 1608
  },
  "recsInPerModule" : {
    "bloomFilter" : 1.6228916933779745,
    "interpolation" : 0.8274948053538506,
    "azureTableInsert" : 0.8071857534440554,
    "sink" : 1.6013730500137913,
    "rangeFilter" : 2.4042751391985084,
    "annotate" : 0.8190892802552878,
    "source" : 2.4224060447105504,
    "join" : 0.8232366336654094,
    "senMLParse" : 2.4131491991087146,
    "mqttPublish" : 0.8046435671345533,
    "csvToSenML" : 0.8076317129922997
  },
  "recsOutPerModule" : {
    "bloomFilter" : 1.6226413986385948,
    "interpolation" : 0.8258183127279666,
    "azureTableInsert" : 0.8067425878430617,
    "sink" : 1.601283845147339,
    "rangeFilter" : 2.3419391552670743,
    "annotate" : 0.8188342943894653,
    "source" : 2.422404771262642,
    "join" : 0.822223690068012,
    "senMLParse" : 2.412977343442318,
    "mqttPublish" : 0.8044272042728363,
    "csvToSenML" : 0.8071477705013296
  },
  "remainingDataPerDevice" : {
    "bloomFilter" : 30000,
    "interpolation" : 0,
    "azureTableInsert" : 105000,
    "sink" : 0,
    "rangeFilter" : 10000,
    "annotate" : 250000,
    "source" : 0,
    "join" : 0,
    "senMLParse" : 0,
    "mqttPublish" : 105000,
    "csvToSenML" : 0
  },
  "executionTime" : 974.0,
  "networkUsage" : 389574.36,
  "tuplesSentBySensors" : 4800
}