{
  "placement" : {
    "annotate" : "cloud-0-1-1-1-0-1-1",
    "azureTableInsert" : "cloud-0-1-1-1-1-0-0-0-1-0",
    "bloomFilter" : "cloud-0-1-0-0-1-1-0-0-1-0",
    "csvToSenML" : "cloud-0-0-0-0-1",
    "interpolation" : "cloud-1-1-1-0-1-0",
    "join" : "cloud-0-1-0-0-0-1-0-1-0",
    "mqttPublish" : "cloud-1-1-1-0-1-0-1-1-1",
    "rangeFilter" : "cloud-1-1-1-0-1-1-1-1-0-0",
    "senMLParse" : "cloud-0-1-0-0-0-0-0-1",
    "sink" : "cloud-1-1-1-0-1-1-0-0-0-1",
    "source" : "cloud-1-0-0-0-1-1-1-0-0"
  },
  "appLoopLatency" : 59.6970133333331,
  "latencyPerTupleType" : {
    "rangeFilter_TUPLE" : 17.041076046669414,
    "join_TUPLE" : 2.2307176901145125,
    "bloomFilter_TUPLE" : 1.0183198017241986,
    "sink_TUPLE" : 0.5313026435642483,
    "interpolation_TUPLE" : 0.8034758269966199,
    "mqttPublish_TUPLE" : 0.3341100697579244,
    "csvToSenML_TUPLE" : 1.2734455640060236,
    "senMLParse_TUPLE" : 0.10471468888882032,
    "annotate_TUPLE" : 2.462511526193995,
    "azureTableInsert_TUPLE" : 0.6872605196460728,
    "TUPLE" : 0.09714722222222882
  },
  "tuplesProcessedPerModule" : {
    "bloomFilter" : 3211,
    "interpolation" : 1578,
    "azureTableInsert" : 1578,
    "sink" : 3106,
    "rangeFilter" : 4664,
    "annotate" : 1578,
    "source" : 4800,
    "join" : 1578,
    "senMLParse" : 4800,
    "mqttPublish" : 1553,
    "csvToSenML" : 1578
  },
  "recsInPerModule" : {
    "bloomFilter" : 1.6062093944256186,
    "interpolation" : 0.7985137530360665,
    "azureTableInsert" : 0.7894328993454252,
    "sink" : 1.5565791670050186,
    "rangeFilter" : 2.403452491406084,
    "annotate" : 0.7924882963946425,
    "source" : 2.422161567259642,
    "join" : 0.7956224737211228,
    "senMLParse" : 2.412537701095237,
    "mqttPublish" : 0.7799100253007692,
    "csvToSenML" : 0.7900257635261626
  },
  "recsOutPerModule" : {
    "bloomFilter" : 1.6061123155976254,
    "interpolation" : 0.7981578240914061,
    "azureTableInsert" : 0.789136399596209,
    "sink" : 1.556294370525981,
    "rangeFilter" : 2.337726248757701,
    "annotate" : 0.7914135084852082,
    "source" : 2.4221552013186276,
    "join" : 0.7946433691420457,
    "senMLParse" : 2.412391191063771,
    "mqttPublish" : 0.7798137522560389,
    "csvToSenML" : 0.7894715915130768
  },
  "remainingDataPerDevice" : {
    "bloomFilter" : 10000,
    "interpolation" : 0,
    "azureTableInsert" : 125000,
    "sink" : 0,
    "rangeFilter" : 50000,
    "annotate" : 0,
    "source" : 0,
    "join" : 0,
    "senMLParse" : 0,
    "mqttPublish" : 0,
    "csvToSenML" : 125000
  },
  "executionTime" : 765.0,
  "networkUsage" : 351994.64,
  "tuplesSentBySensors" : 4800
}