{
  "placement" : {
    "annotate" : "cloud-0-0-1-1-0-0-1-1-1-0",
    "azureTableInsert" : "cloud-1-1-0-0-0-0-0-1-1",
    "bloomFilter" : "cloud-1-0-1-0-0-1-0",
    "csvToSenML" : "cloud-0-1-0-0-0-1",
    "interpolation" : "cloud-0-0-1-0-0-0-0-0-0-0",
    "join" : "cloud-0-0-0-0-0-1-1",
    "mqttPublish" : "cloud-1-0-1-0-0-0-1-1-0-0",
    "rangeFilter" : "cloud-1-1-1-1-1-0-0-0-0-0",
    "senMLParse" : "cloud-1-0-1-1-0-0-1-1-1-1",
    "sink" : "cloud-0-0-1-0-1-1-0-1-0-1",
    "source" : "cloud-0-1-1-0-0-0-0-0-1-0"
  },
  "appLoopLatency" : 63.4755576212117,
  "latencyPerTupleType" : {
    "rangeFilter_TUPLE" : 2.4589663897229386,
    "join_TUPLE" : 0.7140989282060819,
    "bloomFilter_TUPLE" : 0.598224071251252,
    "sink_TUPLE" : 0.3797524748968729,
    "interpolation_TUPLE" : 0.8518170681772459,
    "mqttPublish_TUPLE" : 0.38172521647931623,
    "csvToSenML_TUPLE" : 2.01162317938472,
    "senMLParse_TUPLE" : 0.311304775555578,
    "annotate_TUPLE" : 0.6082831637616771,
    "azureTableInsert_TUPLE" : 0.7400963815973964,
    "TUPLE" : 0.09550055555555606
  },
  "tuplesProcessedPerModule" : {
    "bloomFilter" : 3214,
    "interpolation" : 1575,
    "azureTableInsert" : 1575,
    "sink" : 3150,
    "rangeFilter" : 4729,
    "annotate" : 1575,
    "source" : 4800,
    "join" : 1575,
    "senMLParse" : 4800,
    "mqttPublish" : 1575,
    "csvToSenML" : 1575
  },
  "recsInPerModule" : {
    "bloomFilter" : 1.6085343538703292,
    "interpolation" : 0.8057470873295989,
    "azureTableInsert" : 0.7954173630222732,
    "sink" : 1.5762444291785511,
    "rangeFilter" : 2.403095280241409,
    "annotate" : 0.7997744957955105,
    "source" : 2.423262104572847,
    "join" : 0.8031672927268789,
    "senMLParse" : 2.4132692598691876,
    "mqttPublish" : 0.7919829309243963,
    "csvToSenML" : 0.796543755996388
  },
  "recsOutPerModule" : {
    "bloomFilter" : 1.6073792500163349,
    "interpolation" : 0.805097446325067,
    "azureTableInsert" : 0.7948830256357386,
    "sink" : 1.57573848030789,
    "rangeFilter" : 2.3675494958878383,
    "annotate" : 0.7993341595326157,
    "source" : 2.4231372248272116,
    "join" : 0.8026275311306768,
    "senMLParse" : 2.413122660973873,
    "mqttPublish" : 0.7917274723657062,
    "csvToSenML" : 0.7951421415851454
  },
  "remainingDataPerDevice" : {
    "bloomFilter" : 20000,
    "interpolation" : 0,
    "azureTableInsert" : 0,
    "sink" : 0,
    "rangeFilter" : 205000,
    "annotate" : 0,
    "source" : 0,
    "join" : 0,
    "senMLParse" : 0,
    "mqttPublish" : 0,
    "csvToSenML" : 0
  },
  "executionTime" : 764.0,
  "networkUsage" : 401703.44,
  "tuplesSentBySensors" : 4800
}