{
  "placement" : {
    "annotate" : "cloud-1-0-1-1-0-1-0-1",
    "azureTableInsert" : "cloud-0-0-0-0-0-1-0",
    "bloomFilter" : "cloud-1-1-0-0-0-0-1-0-0-1",
    "csvToSenML" : "cloud-0-1-1-1-1-0-0-1-0-0",
    "interpolation" : "cloud-0-1-0-0-1-1-0-1-1",
    "join" : "cloud-0-1-1-0-0-1-1-0-1-1",
    "mqttPublish" : "cloud-0-1-1-1-0-1-1-0-0-0",
    "rangeFilter" : "cloud-1-0-0-1-1-0-0-1-1-0",
    "senMLParse" : "cloud-1-1-0-0-0-1-0-1",
    "sink" : "cloud-1-1-0-0-0-1-0-1",
    "source" : "cloud-0-1-1-1-1-1-0-0-1-1"
  },
  "appLoopLatency" : 66.8026004545454,
  "latencyPerTupleType" : {
    "rangeFilter_TUPLE" : 1.9094483058711327,
    "join_TUPLE" : 4.637647716523779,
    "bloomFilter_TUPLE" : 0.5482899355523989,
    "sink_TUPLE" : 0.461840617532799,
    "interpolation_TUPLE" : 0.4354549410621867,
    "mqttPublish_TUPLE" : 0.2643185229361425,
    "csvToSenML_TUPLE" : 0.5109717522942879,
    "senMLParse_TUPLE" : 0.4195205691918465,
    "annotate_TUPLE" : 0.4301096666670158,
    "azureTableInsert_TUPLE" : 2.168634587527352,
    "TUPLE" : 0.09590333333332547
  },
  "tuplesProcessedPerModule" : {
    "bloomFilter" : 3289,
    "interpolation" : 1635,
    "azureTableInsert" : 1635,
    "sink" : 3249,
    "rangeFilter" : 4800,
    "annotate" : 1635,
    "source" : 4800,
    "join" : 1635,
    "senMLParse" : 4800,
    "mqttPublish" : 1635,
    "csvToSenML" : 1635
  },
  "recsInPerModule" : {
    "bloomFilter" : 1.6446635946877637,
    "interpolation" : 0.8357081816242579,
    "azureTableInsert" : 0.8231187024225218,
    "sink" : 1.626384006313174,
    "rangeFilter" : 2.405233927326814,
    "annotate" : 0.8264211914684008,
    "source" : 2.423262104572847,
    "join" : 0.8319395012940859,
    "senMLParse" : 2.413386799146943,
    "mqttPublish" : 0.820208843786129,
    "csvToSenML" : 0.8233259506687406
  },
  "recsOutPerModule" : {
    "bloomFilter" : 1.6446292870493038,
    "interpolation" : 0.8354252832874682,
    "azureTableInsert" : 0.821945844986303,
    "sink" : 1.6256922858013576,
    "rangeFilter" : 2.4022409922034935,
    "annotate" : 0.8261967280217078,
    "source" : 2.4231334021808917,
    "join" : 0.8298190744172423,
    "senMLParse" : 2.413214909638073,
    "mqttPublish" : 0.8200777108176993,
    "csvToSenML" : 0.823057845755045
  },
  "remainingDataPerDevice" : {
    "bloomFilter" : 55000,
    "interpolation" : 0,
    "azureTableInsert" : 0,
    "sink" : 0,
    "rangeFilter" : 410000,
    "annotate" : 0,
    "source" : 0,
    "join" : 0,
    "senMLParse" : 0,
    "mqttPublish" : 105000,
    "csvToSenML" : 0
  },
  "executionTime" : 882.0,
  "networkUsage" : 414026.9,
  "tuplesSentBySensors" : 4800
}