{
  "placement" : {
    "annotate" : "cloud-0-0-1-0-0-0-1-1-1-1",
    "azureTableInsert" : "cloud-0-0-0-1-0-1-0-0-1",
    "bloomFilter" : "cloud-0-0-1-1-1-0-1-1-0",
    "csvToSenML" : "cloud-1-1-1-0-0-1-1-1-0-1",
    "interpolation" : "cloud-1-0-0-1-0",
    "join" : "cloud-0-0-0-1-1-1-0-1-1",
    "mqttPublish" : "cloud-1-0-1-0-0-0-1-0-0-0",
    "rangeFilter" : "cloud-0-1-0-0-0-0-0-0-0-0",
    "senMLParse" : "cloud-1-0-0-0-0-0-1-0",
    "sink" : "cloud-0-0-1-1-1-0-1-0-0-0",
    "source" : "cloud-1-0-1-0-0-1-0-0-1-1"
  },
  "appLoopLatency" : 60.652550757575604,
  "latencyPerTupleType" : {
    "rangeFilter_TUPLE" : 2.042366790438976,
    "join_TUPLE" : 1.9799042080019835,
    "bloomFilter_TUPLE" : 1.510924553556501,
    "sink_TUPLE" : 0.3115319644062531,
    "interpolation_TUPLE" : 1.2190713006368912,
    "mqttPublish_TUPLE" : 1.137607104198976,
    "csvToSenML_TUPLE" : 1.1395076837581384,
    "senMLParse_TUPLE" : 4.647055799999936,
    "annotate_TUPLE" : 0.9210395105684266,
    "azureTableInsert_TUPLE" : 0.6215398854134041,
    "TUPLE" : 0.09747972222221726
  },
  "tuplesProcessedPerModule" : {
    "bloomFilter" : 3273,
    "interpolation" : 1633,
    "azureTableInsert" : 1633,
    "sink" : 3236,
    "rangeFilter" : 4713,
    "annotate" : 1633,
    "source" : 4800,
    "join" : 1633,
    "senMLParse" : 4800,
    "mqttPublish" : 1603,
    "csvToSenML" : 1633
  },
  "recsInPerModule" : {
    "bloomFilter" : 1.6370414167757896,
    "interpolation" : 0.8318253743757184,
    "azureTableInsert" : 0.8213370925748079,
    "sink" : 1.6209153626532753,
    "rangeFilter" : 2.360511329025701,
    "annotate" : 0.8244263983915684,
    "source" : 2.4205736658730883,
    "join" : 0.828236748579456,
    "senMLParse" : 2.4131441387215746,
    "mqttPublish" : 0.8072845310117803,
    "csvToSenML" : 0.8201408453522315
  },
  "recsOutPerModule" : {
    "bloomFilter" : 1.636565462866479,
    "interpolation" : 0.8310614560193952,
    "azureTableInsert" : 0.8209732082344124,
    "sink" : 1.6205805156693802,
    "rangeFilter" : 2.360124469430909,
    "annotate" : 0.8238648910109454,
    "source" : 2.420567308275993,
    "join" : 0.8270150960951301,
    "senMLParse" : 2.4075386495345636,
    "mqttPublish" : 0.807201534483662,
    "csvToSenML" : 0.8194566346128987
  },
  "remainingDataPerDevice" : {
    "bloomFilter" : 0,
    "interpolation" : 0,
    "azureTableInsert" : 0,
    "sink" : 0,
    "rangeFilter" : 170000,
    "annotate" : 0,
    "source" : 0,
    "join" : 0,
    "senMLParse" : 435000,
    "mqttPublish" : 0,
    "csvToSenML" : 150000
  },
  "executionTime" : 811.0,
  "networkUsage" : 421805.96,
  "tuplesSentBySensors" : 4800
}