{
  "placement" : {
    "annotate" : "cloud-1-0-0-1-1-1-1-0-0",
    "azureTableInsert" : "cloud-1-1-0-0-0-0-0-0-1",
    "bloomFilter" : "cloud-0-1-0-1-1-0-0-1-1",
    "csvToSenML" : "cloud-0-0-0-0-0-1-1-1-0-0",
    "interpolation" : "cloud-0-1-1-0-1-0",
    "join" : "cloud-1-1-1-0-0-0-0-1-1-0",
    "mqttPublish" : "cloud-0-0-1-1-1-1-1-1-1",
    "rangeFilter" : "cloud-1-1-0-1-1-0-1-1-0-1",
    "senMLParse" : "cloud-1-1-1-0-1-0-1-0-0-0",
    "sink" : "cloud-1-0-0-0-0-1-0-0-0-0",
    "source" : "cloud-0-1-0-1-1-0-1-1-1"
  },
  "appLoopLatency" : 64.41031121212083,
  "latencyPerTupleType" : {
    "rangeFilter_TUPLE" : 16.41785143807955,
    "join_TUPLE" : 1.1016229928105057,
    "bloomFilter_TUPLE" : 1.7046375402536034,
    "sink_TUPLE" : 1.2647026643527544,
    "interpolation_TUPLE" : 3.4375558118637675,
    "mqttPublish_TUPLE" : 0.5419214182647688,
    "csvToSenML_TUPLE" : 1.1047458243210828,
    "senMLParse_TUPLE" : 0.11560227777771163,
    "annotate_TUPLE" : 2.324748815658618,
    "azureTableInsert_TUPLE" : 1.1047458243210828,
    "TUPLE" : 0.09856747474747002
  },
  "tuplesProcessedPerModule" : {
    "bloomFilter" : 3303,
    "interpolation" : 1669,
    "azureTableInsert" : 1639,
    "sink" : 3234,
    "rangeFilter" : 4669,
    "annotate" : 1669,
    "source" : 4800,
    "join" : 1669,
    "senMLParse" : 4800,
    "mqttPublish" : 1617,
    "csvToSenML" : 1639
  },
  "recsInPerModule" : {
    "bloomFilter" : 1.6520681170212852,
    "interpolation" : 0.8454319282571783,
    "azureTableInsert" : 0.8220402930766625,
    "sink" : 1.6213558268424975,
    "rangeFilter" : 2.4028674370992467,
    "annotate" : 0.836744889170962,
    "source" : 2.4220393470383756,
    "join" : 0.8406672049256783,
    "senMLParse" : 2.411693216423418,
    "mqttPublish" : 0.8143199058721459,
    "csvToSenML" : 0.821504680405997
  },
  "recsOutPerModule" : {
    "bloomFilter" : 1.6529418479002995,
    "interpolation" : 0.843386624554057,
    "azureTableInsert" : 0.8215698598684598,
    "sink" : 1.621232213551671,
    "rangeFilter" : 2.3372891799617466,
    "annotate" : 0.835394192273317,
    "source" : 2.421914824726414,
    "join" : 0.840029881966289,
    "senMLParse" : 2.411559429574279,
    "mqttPublish" : 0.8142703562425961,
    "csvToSenML" : 0.8210348598585058
  },
  "remainingDataPerDevice" : {
    "bloomFilter" : 5000,
    "interpolation" : 0,
    "azureTableInsert" : 110000,
    "sink" : 0,
    "rangeFilter" : 45000,
    "annotate" : 300000,
    "source" : 0,
    "join" : 0,
    "senMLParse" : 0,
    "mqttPublish" : 0,
    "csvToSenML" : 110000
  },
  "executionTime" : 1034.0,
  "networkUsage" : 437726.8,
  "tuplesSentBySensors" : 4800
}