{
  "placement" : {
    "annotate" : "cloud-1-0-0-1-0-1-1-0-1-0",
    "azureTableInsert" : "cloud-1-0-0-1-0-0-0-0-0-1",
    "bloomFilter" : "cloud-1-1-0-0-0-1-0-1-1-0",
    "csvToSenML" : "cloud-0-1-0-0-1-1-0-1",
    "interpolation" : "cloud-0-0-0-1-0-0-1-1-0-0",
    "join" : "cloud-1-0-0-0-1-0-0-1-1",
    "mqttPublish" : "cloud-0-1-1-0-0-1-1-1-0",
    "rangeFilter" : "cloud-1-0-0-1-0-1-1-1-1-0",
    "senMLParse" : "cloud-1-1-1-1-0-1-0-0-0",
    "sink" : "cloud-0-0-0-0-0-1-1-0-0",
    "source" : "cloud-0-1-1-0-1-1-0-0-1-1"
  },
  "appLoopLatency" : 71.73709460606044,
  "latencyPerTupleType" : {
    "rangeFilter_TUPLE" : 0.28001497777769346,
    "join_TUPLE" : 17.376752877872978,
    "bloomFilter_TUPLE" : 8.143796911926902,
    "sink_TUPLE" : 2.3281598425644203,
    "interpolation_TUPLE" : 2.0878683027017617,
    "mqttPublish_TUPLE" : 2.758572524475467,
    "csvToSenML_TUPLE" : 1.9821987432168184,
    "senMLParse_TUPLE" : 0.20772741515145493,
    "annotate_TUPLE" : 0.8462433497924868,
    "azureTableInsert_TUPLE" : 1.093265060441602,
    "TUPLE" : 0.09530989898989403
  },
  "tuplesProcessedPerModule" : {
    "bloomFilter" : 3323,
    "interpolation" : 1657,
    "azureTableInsert" : 1657,
    "sink" : 3250,
    "rangeFilter" : 4800,
    "annotate" : 1657,
    "source" : 4800,
    "join" : 1657,
    "senMLParse" : 4800,
    "mqttPublish" : 1625,
    "csvToSenML" : 1625
  },
  "recsInPerModule" : {
    "bloomFilter" : 1.662096231819184,
    "interpolation" : 0.8441235077773613,
    "azureTableInsert" : 0.8304300717322124,
    "sink" : 1.626217387568317,
    "rangeFilter" : 2.4039401921950017,
    "annotate" : 0.8327115859583607,
    "source" : 2.4238739464354158,
    "join" : 0.8390795144797938,
    "senMLParse" : 2.4144834006835785,
    "mqttPublish" : 0.8163980290746387,
    "csvToSenML" : 0.819464106446757
  },
  "recsOutPerModule" : {
    "bloomFilter" : 1.6618399395572905,
    "interpolation" : 0.8432214291025328,
    "azureTableInsert" : 0.8300418165081878,
    "sink" : 1.626151103211851,
    "rangeFilter" : 2.4037947245007234,
    "annotate" : 0.8323908807642239,
    "source" : 2.4237492354153742,
    "join" : 0.8358626768858842,
    "senMLParse" : 2.4143389542081075,
    "mqttPublish" : 0.8163356557388824,
    "csvToSenML" : 0.819403220100783
  },
  "remainingDataPerDevice" : {
    "bloomFilter" : 5000,
    "interpolation" : 0,
    "azureTableInsert" : 160000,
    "sink" : 0,
    "rangeFilter" : 525000,
    "annotate" : 160000,
    "source" : 0,
    "join" : 0,
    "senMLParse" : 0,
    "mqttPublish" : 0,
    "csvToSenML" : 0
  },
  "executionTime" : 924.0,
  "networkUsage" : 453420.94,
  "tuplesSentBySensors" : 4800
}