{
  "placement" : {
    "annotate" : "cloud-1-1-1-1-0-1-0-1-1",
    "azureTableInsert" : "cloud-1-1-0-0-0-1-0-1-1-1",
    "bloomFilter" : "cloud-0-1-1-1-1-1-0-0",
    "csvToSenML" : "cloud-0-0-0-0-0-0-1-0",
    "interpolation" : "cloud-0-1-0-1-0-1-1",
    "join" : "cloud-0-0-1-0-1-0-1-1-1-0",
    "mqttPublish" : "cloud-1-1-0-1-0-1-1-0-0-0",
    "rangeFilter" : "cloud-1-0-0-1-1-1-0-1-1",
    "senMLParse" : "cloud-1-0-1-0-1-1-0-1-1",
    "sink" : "cloud-1-1-0-0-1-0-1-1-0-1",
    "source" : "cloud-1-1-0-0-0-1-1-1-0-0"
  },
  "appLoopLatency" : 61.40872216161633,
  "latencyPerTupleType" : {
    "rangeFilter_TUPLE" : 1.3495070654496852,
    "join_TUPLE" : 1.939345028629529,
    "bloomFilter_TUPLE" : 1.904263582022756,
    "sink_TUPLE" : 0.5414060249415805,
    "interpolation_TUPLE" : 1.4463816059849353,
    "mqttPublish_TUPLE" : 0.3211277563695382,
    "csvToSenML_TUPLE" : 1.1212409050971306,
    "senMLParse_TUPLE" : 5.391381412222279,
    "annotate_TUPLE" : 2.3611101135654393,
    "azureTableInsert_TUPLE" : 1.2228894194306663,
    "TUPLE" : 0.09436222222223484
  },
  "tuplesProcessedPerModule" : {
    "bloomFilter" : 3304,
    "interpolation" : 1593,
    "azureTableInsert" : 1593,
    "sink" : 3114,
    "rangeFilter" : 4706,
    "annotate" : 1593,
    "source" : 4800,
    "join" : 1593,
    "senMLParse" : 4800,
    "mqttPublish" : 1557,
    "csvToSenML" : 1593
  },
  "recsInPerModule" : {
    "bloomFilter" : 1.6521298804007405,
    "interpolation" : 0.8119770517516405,
    "azureTableInsert" : 0.7990361938881752,
    "sink" : 1.5621667027798194,
    "rangeFilter" : 2.353468986944005,
    "annotate" : 0.8033695052618457,
    "source" : 2.419719504098652,
    "join" : 0.8080435954564584,
    "senMLParse" : 2.408789622547361,
    "mqttPublish" : 0.7838876818137427,
    "csvToSenML" : 0.7985955877667336
  },
  "recsOutPerModule" : {
    "bloomFilter" : 1.6520128536236756,
    "interpolation" : 0.8110056034426212,
    "azureTableInsert" : 0.7982454165596209,
    "sink" : 1.5620393659280352,
    "rangeFilter" : 2.353130656991446,
    "annotate" : 0.8018127038058499,
    "source" : 2.4197182334737812,
    "join" : 0.8067471133297075,
    "senMLParse" : 2.4027657329307703,
    "mqttPublish" : 0.7838358865936987,
    "csvToSenML" : 0.797873793949742
  },
  "remainingDataPerDevice" : {
    "bloomFilter" : 10000,
    "interpolation" : 0,
    "azureTableInsert" : 180000,
    "sink" : 0,
    "rangeFilter" : 210000,
    "annotate" : 0,
    "source" : 0,
    "join" : 0,
    "senMLParse" : 470000,
    "mqttPublish" : 0,
    "csvToSenML" : 180000
  },
  "executionTime" : 753.0,
  "networkUsage" : 375614.27,
  "tuplesSentBySensors" : 4800
}