{
  "placement" : {
    "annotate" : "cloud-1-1-0-1-1-0-0-0-0-0",
    "azureTableInsert" : "cloud-1-1-1-1-1-0-0-1-1-0",
    "bloomFilter" : "cloud-0-1-1-1-0-0-0-0-0-1",
    "csvToSenML" : "cloud-0-1-1-1",
    "interpolation" : "cloud-0-0-1-0-1-0-0-0-0-1",
    "join" : "cloud-1-1-0-1-0-1-1-1-1",
    "mqttPublish" : "cloud-1-0-0-1-0-1-1-0-0",
    "rangeFilter" : "cloud-0-0-1-1-1-0-0-1-0-1",
    "senMLParse" : "cloud-1-1-1-1-1-0-0-1-0",
    "sink" : "cloud-0-0-1-0-0-1-0-0",
    "source" : "cloud-1-0-1-0-1-0-1-1-0-1"
  },
  "appLoopLatency" : 72.71623231818153,
  "latencyPerTupleType" : {
    "rangeFilter_TUPLE" : 2.2354042429039858,
    "join_TUPLE" : 0.5410561224364425,
    "bloomFilter_TUPLE" : 0.43949916051694615,
    "sink_TUPLE" : 0.6614233631597577,
    "interpolation_TUPLE" : 0.38893294758664176,
    "mqttPublish_TUPLE" : 0.20003246944291916,
    "csvToSenML_TUPLE" : 0.3507316428427312,
    "senMLParse_TUPLE" : 0.25103314222224266,
    "annotate_TUPLE" : 1.153092485084065,
    "azureTableInsert_TUPLE" : 0.5673040362076806,
    "TUPLE" : 0.09658444444445335
  },
  "tuplesProcessedPerModule" : {
    "bloomFilter" : 3252,
    "interpolation" : 1609,
    "azureTableInsert" : 1609,
    "sink" : 3178,
    "rangeFilter" : 4674,
    "annotate" : 1609,
    "source" : 4800,
    "join" : 1609,
    "senMLParse" : 4800,
    "mqttPublish" : 1609,
    "csvToSenML" : 1609
  },
  "recsInPerModule" : {
    "bloomFilter" : 1.664062702057272,
    "interpolation" : 0.8200627195537452,
    "azureTableInsert" : 0.8087487275400757,
    "sink" : 1.5996070080458176,
    "rangeFilter" : 2.341615891839123,
    "annotate" : 0.8129515456846391,
    "source" : 2.419109757529605,
    "join" : 0.8158111603484383,
    "senMLParse" : 2.406493822708379,
    "mqttPublish" : 0.8074010050660295,
    "csvToSenML" : 0.8098885799661847
  },
  "recsOutPerModule" : {
    "bloomFilter" : 1.6633037868462601,
    "interpolation" : 0.8197598081293912,
    "azureTableInsert" : 0.8083233478001928,
    "sink" : 1.5936754529299912,
    "rangeFilter" : 2.337115680799132,
    "annotate" : 0.812055738580953,
    "source" : 2.4191072175617774,
    "join" : 0.8153822337800712,
    "senMLParse" : 2.406322913644384,
    "mqttPublish" : 0.8072761012188515,
    "csvToSenML" : 0.8096355722078048
  },
  "remainingDataPerDevice" : {
    "bloomFilter" : 0,
    "interpolation" : 0,
    "azureTableInsert" : 0,
    "sink" : 0,
    "rangeFilter" : 95000,
    "annotate" : 0,
    "source" : 0,
    "join" : 0,
    "senMLParse" : 585000,
    "mqttPublish" : 100000,
    "csvToSenML" : 0
  },
  "executionTime" : 732.0,
  "networkUsage" : 419443.32,
  "tuplesSentBySensors" : 4800
}