{
  "placement" : {
    "annotate" : "cloud-0-1-0-1-1-1-1",
    "azureTableInsert" : "cloud-1-1-1-1-1-1-1-0",
    "bloomFilter" : "cloud-0-0-1-1-1-1-0-0-0-0",
    "csvToSenML" : "cloud-1-0-0-1-1-0-0",
    "interpolation" : "cloud-1-0-1-1-1-1-1-1",
    "join" : "cloud-1-0-1-0-0-0-1-0",
    "mqttPublish" : "cloud-1-0-0-1-1-1-1-0",
    "rangeFilter" : "cloud-1-1-1-0-1-0-1-0-0-0",
    "senMLParse" : "cloud-0-1-0-1-1-1-1-1-1",
    "sink" : "cloud-0-0-0-0-1-1-1-0-0-0",
    "source" : "cloud-0-0-1-1-1-1-0-1-0-1"
  },
  "appLoopLatency" : 68.96991727272722,
  "latencyPerTupleType" : {
    "rangeFilter_TUPLE" : 1.5229075564084924,
    "join_TUPLE" : 2.2402714799821646,
    "bloomFilter_TUPLE" : 1.9714825565194232,
    "sink_TUPLE" : 0.5670866119586,
    "interpolation_TUPLE" : 0.8792849612493413,
    "mqttPublish_TUPLE" : 0.5728435427002817,
    "csvToSenML_TUPLE" : 3.383082918091076,
    "senMLParse_TUPLE" : 5.242028522222174,
    "annotate_TUPLE" : 0.616349888338444,
    "azureTableInsert_TUPLE" : 1.404822294858718,
    "TUPLE" : 0.09770805555554121
  },
  "tuplesProcessedPerModule" : {
    "bloomFilter" : 3284,
    "interpolation" : 1650,
    "azureTableInsert" : 1650,
    "sink" : 3232,
    "rangeFilter" : 4698,
    "annotate" : 1650,
    "source" : 4800,
    "join" : 1650,
    "senMLParse" : 4800,
    "mqttPublish" : 1650,
    "csvToSenML" : 1650
  },
  "recsInPerModule" : {
    "bloomFilter" : 1.6801596372675043,
    "interpolation" : 0.8401744424152101,
    "azureTableInsert" : 0.8285841870331184,
    "sink" : 1.6271494715116028,
    "rangeFilter" : 2.3497036716328035,
    "annotate" : 0.8322656903211672,
    "source" : 2.4216727603689217,
    "join" : 0.8370363539802902,
    "senMLParse" : 2.4102360152649887,
    "mqttPublish" : 0.8267040745244851,
    "csvToSenML" : 0.8294172097028372
  },
  "recsOutPerModule" : {
    "bloomFilter" : 1.6779276383759505,
    "interpolation" : 0.839677402862789,
    "azureTableInsert" : 0.8278064789424354,
    "sink" : 1.6269589705630534,
    "rangeFilter" : 2.349605565800478,
    "annotate" : 0.8319264921595485,
    "source" : 2.4215442267411253,
    "join" : 0.8357653793772176,
    "senMLParse" : 2.4037659440480508,
    "mqttPublish" : 0.8263960453012433,
    "csvToSenML" : 0.8275340227126929
  },
  "remainingDataPerDevice" : {
    "bloomFilter" : 0,
    "interpolation" : 0,
    "azureTableInsert" : 170000,
    "sink" : 0,
    "rangeFilter" : 175000,
    "annotate" : 0,
    "source" : 0,
    "join" : 0,
    "senMLParse" : 510000,
    "mqttPublish" : 170000,
    "csvToSenML" : 0
  },
  "executionTime" : 892.0,
  "networkUsage" : 394329.61,
  "tuplesSentBySensors" : 4800
}