{
  "placement" : {
    "annotate" : "cloud-1-0-1-0-1-1-0-0-0",
    "azureTableInsert" : "cloud-0-1-0-0-0-0-0-1-0-0",
    "bloomFilter" : "cloud-0-1-1-1-1-1-1-0-0-1",
    "csvToSenML" : "cloud-1-0-1-1-0-0-1",
    "interpolation" : "cloud-1-0-1-0-0-0-1-1-1-1",
    "join" : "cloud-1-0-0-0-0-0-1-1-0-1",
    "mqttPublish" : "cloud-0-0-1-1-0-1-1-1-1-1",
    "rangeFilter" : "cloud-0-1-1-1-1-0-1-1-0",
    "senMLParse" : "cloud-0-1-1-0-1-1-0-0",
    "sink" : "cloud-1-0-1-0-0-0-1-1-0-0",
    "source" : "cloud-0-1-0-0-0-1-0-1"
  },
  "appLoopLatency" : 57.48109974242412,
  "latencyPerTupleType" : {
    "rangeFilter_TUPLE" : 1.7307707202019416,
    "join_TUPLE" : 0.971134867570376,
    "bloomFilter_TUPLE" : 0.7113285404520657,
    "sink_TUPLE" : 0.29008873138011243,
    "interpolation_TUPLE" : 0.3537004413924446,
    "mqttPublish_TUPLE" : 0.5896531260954037,
    "csvToSenML_TUPLE" : 0.5801821790619782,
    "senMLParse_TUPLE" : 0.11515038777779442,
    "annotate_TUPLE" : 0.4289348478187009,
    "azureTableInsert_TUPLE" : 0.32892701314377293,
    "TUPLE" : 0.09829916666666366
  },
  "tuplesProcessedPerModule" : {
    "bloomFilter" : 3383,
    "interpolation" : 1668,
    "azureTableInsert" : 1660,
    "sink" : 3320,
    "rangeFilter" : 4800,
    "annotate" : 1660,
    "source" : 4800,
    "join" : 1660,
    "senMLParse" : 4800,
    "mqttPublish" : 1660,
    "csvToSenML" : 1660
  },
  "recsInPerModule" : {
    "bloomFilter" : 1.694256740377742,
    "interpolation" : 0.8342081096885721,
    "azureTableInsert" : 0.841521347030044,
    "sink" : 1.6701058307139107,
    "rangeFilter" : 2.411681626489552,
    "annotate" : 0.8453876543535755,
    "source" : 2.423262104572847,
    "join" : 0.8488812965607213,
    "senMLParse" : 2.4165509062076684,
    "mqttPublish" : 0.8396104149269801,
    "csvToSenML" : 0.8432740767549239
  },
  "recsOutPerModule" : {
    "bloomFilter" : 1.6931120271862636,
    "interpolation" : 0.8341533547149593,
    "azureTableInsert" : 0.8412676846101396,
    "sink" : 1.6696893668638824,
    "rangeFilter" : 2.4092221627203174,
    "annotate" : 0.8450348972344952,
    "source" : 2.423138499045332,
    "join" : 0.8480654382266859,
    "senMLParse" : 2.416416579877451,
    "mqttPublish" : 0.8391479607311974,
    "csvToSenML" : 0.8428075790132724
  },
  "remainingDataPerDevice" : {
    "bloomFilter" : 215000,
    "interpolation" : 40000,
    "azureTableInsert" : 0,
    "sink" : 0,
    "rangeFilter" : 0,
    "annotate" : 0,
    "source" : 0,
    "join" : 0,
    "senMLParse" : 0,
    "mqttPublish" : 0,
    "csvToSenML" : 0
  },
  "executionTime" : 727.0,
  "networkUsage" : 345088.58,
  "tuplesSentBySensors" : 4800
}