{
  "placement" : {
    "annotate" : "cloud-0-0-1-1-0-0-1-1-0",
    "azureTableInsert" : "cloud-0-0-1-0-0-1-1-1-1-0",
    "bloomFilter" : "cloud-1-0-0-1-1-1-0-0-0",
    "csvToSenML" : "cloud-1-0-1-0-0-1-0-1-0",
    "interpolation" : "cloud-1-0-0-1-0-0-0-1-1-0",
    "join" : "cloud-1-1-0-1-0-0-0-1-0",
    "mqttPublish" : "cloud-0-1-1-0-0-0-1-1-1-1",
    "rangeFilter" : "cloud-1-0-0-0-1-0-0-0-1",
    "senMLParse" : "cloud-1-1-0-0-0-0-1-0-0",
    "sink" : "cloud-0-0-0-1-1-0-1-0-0-0",
    "source" : "cloud-1-0-1-1-0-0-1-1-0-0"
  },
  "appLoopLatency" : 56.99563787878771,
  "latencyPerTupleType" : {
    "rangeFilter_TUPLE" : 0.22015923333324486,
    "join_TUPLE" : 2.4494116630708516,
    "bloomFilter_TUPLE" : 7.4928416870275525,
    "sink_TUPLE" : 1.542856377971071,
    "interpolation_TUPLE" : 0.9632811518475937,
    "mqttPublish_TUPLE" : 0.3840639409079402,
    "csvToSenML_TUPLE" : 3.7121211739440225,
    "senMLParse_TUPLE" : 0.248866568686799,
    "annotate_TUPLE" : 2.992785162213172,
    "azureTableInsert_TUPLE" : 0.8153582820611929,
    "TUPLE" : 0.09487858585857896
  },
  "tuplesProcessedPerModule" : {
    "bloomFilter" : 3304,
    "interpolation" : 1644,
    "azureTableInsert" : 1643,
    "sink" : 3245,
    "rangeFilter" : 4800,
    "annotate" : 1643,
    "source" : 4800,
    "join" : 1643,
    "senMLParse" : 4800,
    "mqttPublish" : 1602,
    "csvToSenML" : 1643
  },
  "recsInPerModule" : {
    "bloomFilter" : 1.6735828214298754,
    "interpolation" : 0.8225557218237204,
    "azureTableInsert" : 0.8268419951157927,
    "sink" : 1.6266916002560352,
    "rangeFilter" : 2.4042741074055938,
    "annotate" : 0.8312658670798756,
    "source" : 2.4225283019439274,
    "join" : 0.8360015941120565,
    "senMLParse" : 2.4131481596851527,
    "mqttPublish" : 0.8093765183562778,
    "csvToSenML" : 0.8260521633294363
  },
  "recsOutPerModule" : {
    "bloomFilter" : 1.6522469985344286,
    "interpolation" : 0.822501708657586,
    "azureTableInsert" : 0.8263563861125153,
    "sink" : 1.624870776816018,
    "rangeFilter" : 2.4041035134731414,
    "annotate" : 0.8294316647433386,
    "source" : 2.4225259863513755,
    "join" : 0.8344754356858527,
    "senMLParse" : 2.4129763041667984,
    "mqttPublish" : 0.8092930390691048,
    "csvToSenML" : 0.8237996158454067
  },
  "remainingDataPerDevice" : {
    "bloomFilter" : 50000,
    "interpolation" : 5000,
    "azureTableInsert" : 0,
    "sink" : 0,
    "rangeFilter" : 160000,
    "annotate" : 0,
    "source" : 0,
    "join" : 0,
    "senMLParse" : 0,
    "mqttPublish" : 0,
    "csvToSenML" : 205000
  },
  "executionTime" : 757.0,
  "networkUsage" : 367652.32,
  "tuplesSentBySensors" : 4800
}