{
  "placement" : {
    "annotate" : "cloud-1-0-0-0-1-0-1-0-0-1",
    "azureTableInsert" : "cloud-0-0-1-1-0-1-1-0-1",
    "bloomFilter" : "cloud-0-0-1-0-0-0-1-1-1-0",
    "csvToSenML" : "cloud-0-0-1-1-1-1-1-0-0",
    "interpolation" : "cloud-0-0-1-1-0-0-1-1-0-1",
    "join" : "cloud-0-1-1-0-0-1-0-1-1-0",
    "mqttPublish" : "cloud-1-1-1-0-1-1-1-0",
    "rangeFilter" : "cloud-1-0-1-0-0-1-1-1-0",
    "senMLParse" : "cloud-1-1-0-1-1-1-0-1",
    "sink" : "cloud-0-0-0-1-0-1-0-1-0",
    "source" : "cloud-0-0-0-1-0-0-0-1-1-1"
  },
  "appLoopLatency" : 68.90662272727256,
  "latencyPerTupleType" : {
    "rangeFilter_TUPLE" : 2.6749605092690065,
    "join_TUPLE" : 1.2258561188165713,
    "bloomFilter_TUPLE" : 1.0519716760989586,
    "sink_TUPLE" : 0.8398125332822471,
    "interpolation_TUPLE" : 0.8291851762220124,
    "mqttPublish_TUPLE" : 0.3460099668709498,
    "csvToSenML_TUPLE" : 0.4334638907299091,
    "senMLParse_TUPLE" : 0.12696985555549062,
    "annotate_TUPLE" : 0.36633574344458514,
    "azureTableInsert_TUPLE" : 0.7183489251693971,
    "TUPLE" : 0.09899305555555261
  },
  "tuplesProcessedPerModule" : {
    "bloomFilter" : 3245,
    "interpolation" : 1619,
    "azureTableInsert" : 1619,
    "sink" : 3214,
    "rangeFilter" : 4729,
    "annotate" : 1619,
    "source" : 4800,
    "join" : 1619,
    "senMLParse" : 4800,
    "mqttPublish" : 1619,
    "csvToSenML" : 1619
  },
  "recsInPerModule" : {
    "bloomFilter" : 1.6230262186360405,
    "interpolation" : 0.8275849701524771,
    "azureTableInsert" : 0.8143427657009258,
    "sink" : 1.6100237173614966,
    "rangeFilter" : 2.4019015434186475,
    "annotate" : 0.8181701155538365,
    "source" : 2.422161567259642,
    "join" : 0.8231815127835208,
    "senMLParse" : 2.410599147320191,
    "mqttPublish" : 0.8110688358253126,
    "csvToSenML" : 0.8142199041127167
  },
  "recsOutPerModule" : {
    "bloomFilter" : 1.622989992482294,
    "interpolation" : 0.8269662607327393,
    "azureTableInsert" : 0.8138366569290217,
    "sink" : 1.608935642335292,
    "rangeFilter" : 2.3663734164222467,
    "annotate" : 0.8179221108245244,
    "source" : 2.4220329817397843,
    "join" : 0.822284517435841,
    "senMLParse" : 2.4104654818254594,
    "mqttPublish" : 0.8108435752984224,
    "csvToSenML" : 0.8139231366616614
  },
  "remainingDataPerDevice" : {
    "bloomFilter" : 10000,
    "interpolation" : 0,
    "azureTableInsert" : 0,
    "sink" : 0,
    "rangeFilter" : 275000,
    "annotate" : 0,
    "source" : 0,
    "join" : 0,
    "senMLParse" : 0,
    "mqttPublish" : 120000,
    "csvToSenML" : 0
  },
  "executionTime" : 784.0,
  "networkUsage" : 410469.68,
  "tuplesSentBySensors" : 4800
}