{
  "placement" : {
    "annotate" : "cloud-1-1-0-1-0-0-1-1",
    "azureTableInsert" : "cloud-1-0-0-0-0-0-1-1-1-1",
    "bloomFilter" : "cloud-0-1-1-1-1-0-0-1",
    "csvToSenML" : "cloud-1-1-1-0-1-0-1-0-0-0",
    "interpolation" : "cloud-0-0-1-1-1-0-0-0-1-1",
    "join" : "cloud-0-0-0-0-1-0-1-0-0-1",
    "mqttPublish" : "cloud-0-1-1-0-0-0-0-1-1-1",
    "rangeFilter" : "cloud-0-0-1-0-1-1-1-0",
    "senMLParse" : "cloud-0-0-1-0-1-1-1-0-1-1",
    "sink" : "cloud-1-1-0-1-1-1-1-0-1-0",
    "source" : "cloud-1-1-1-1-1-0-0-0"
  },
  "appLoopLatency" : 57.5980053030302,
  "latencyPerTupleType" : {
    "rangeFilter_TUPLE" : 2.189039416780466,
    "join_TUPLE" : 1.0912381347197255,
    "bloomFilter_TUPLE" : 4.2273858813934115,
    "sink_TUPLE" : 0.5362218275689509,
    "interpolation_TUPLE" : 1.3011608070599743,
    "mqttPublish_TUPLE" : 0.5046360321799842,
    "csvToSenML_TUPLE" : 0.6520495408104952,
    "senMLParse_TUPLE" : 5.029283911110987,
    "annotate_TUPLE" : 0.9843703915616219,
    "azureTableInsert_TUPLE" : 1.2036235703146048,
    "TUPLE" : 0.09648027777777668
  },
  "tuplesProcessedPerModule" : {
    "bloomFilter" : 3304,
    "interpolation" : 1632,
    "azureTableInsert" : 1631,
    "sink" : 3196,
    "rangeFilter" : 4710,
    "annotate" : 1631,
    "source" : 4800,
    "join" : 1631,
    "senMLParse" : 4800,
    "mqttPublish" : 1631,
    "csvToSenML" : 1631
  },
  "recsInPerModule" : {
    "bloomFilter" : 1.6530077620678532,
    "interpolation" : 0.8165248902148297,
    "azureTableInsert" : 0.8197254836629236,
    "sink" : 1.614734616168895,
    "rangeFilter" : 2.402885609308971,
    "annotate" : 0.82265082612004,
    "source" : 2.4216727603689217,
    "join" : 0.8268408997952926,
    "senMLParse" : 2.410357047126752,
    "mqttPublish" : 0.8162958779062027,
    "csvToSenML" : 0.8200964413073569
  },
  "recsOutPerModule" : {
    "bloomFilter" : 1.652236248129173,
    "interpolation" : 0.8177756729947735,
    "azureTableInsert" : 0.8189768676420754,
    "sink" : 1.6068113573805285,
    "rangeFilter" : 2.362939129447569,
    "annotate" : 0.8220392561458354,
    "source" : 2.421666396997016,
    "join" : 0.826151155461635,
    "senMLParse" : 2.404576253265895,
    "mqttPublish" : 0.8159997893000261,
    "csvToSenML" : 0.8197010247583543
  },
  "remainingDataPerDevice" : {
    "bloomFilter" : 100000,
    "interpolation" : 5000,
    "azureTableInsert" : 0,
    "sink" : 0,
    "rangeFilter" : 0,
    "annotate" : 0,
    "source" : 0,
    "join" : 0,
    "senMLParse" : 0,
    "mqttPublish" : 165000,
    "csvToSenML" : 0
  },
  "executionTime" : 772.0,
  "networkUsage" : 324064.4,
  "tuplesSentBySensors" : 4800
}