{
  "placement" : {
    "annotate" : "cloud-0-0-1-1-1-0-1-0-0-0",
    "azureTableInsert" : "cloud-1-0-0-1-1-0-1-0",
    "bloomFilter" : "cloud-1-0-1-0-0-0-1-1-0-0",
    "csvToSenML" : "cloud-0-1-1-0-1-0-0-1-1-1",
    "interpolation" : "cloud-0-1-0-1-1-1-1-1",
    "join" : "cloud-0-0-1-1-0-0",
    "mqttPublish" : "cloud-0-1-1-1-1-1-1-0-1-0",
    "rangeFilter" : "cloud-0-0-0-1-0-1-1-0-0",
    "senMLParse" : "cloud-0-1-1-0-1-0-0-0-0-0",
    "sink" : "cloud-0-1-0-0-1-0-0-1-1",
    "source" : "cloud-1-1-0-1-0-0-1-0-1"
  },
  "appLoopLatency" : 65.28017500000074,
  "latencyPerTupleType" : {
    "rangeFilter_TUPLE" : 2.6036474762727306,
    "join_TUPLE" : 6.009098637120103,
    "bloomFilter_TUPLE" : 1.8314714585957315,
    "sink_TUPLE" : 0.5683007925931894,
    "interpolation_TUPLE" : 0.7652294673329513,
    "mqttPublish_TUPLE" : 0.5212121331413531,
    "csvToSenML_TUPLE" : 1.2325531960057232,
    "senMLParse_TUPLE" : 5.375290966666629,
    "annotate_TUPLE" : 0.5500566895552175,
    "azureTableInsert_TUPLE" : 0.659400768831364,
    "TUPLE" : 0.09666055555555098
  },
  "tuplesProcessedPerModule" : {
    "bloomFilter" : 3188,
    "interpolation" : 1602,
    "azureTableInsert" : 1602,
    "sink" : 3150,
    "rangeFilter" : 4706,
    "annotate" : 1602,
    "source" : 4800,
    "join" : 1602,
    "senMLParse" : 4800,
    "mqttPublish" : 1575,
    "csvToSenML" : 1602
  },
  "recsInPerModule" : {
    "bloomFilter" : 1.5959949790939134,
    "interpolation" : 0.8140041793914801,
    "azureTableInsert" : 0.8030538128030786,
    "sink" : 1.5820611574728876,
    "rangeFilter" : 2.355000154618821,
    "annotate" : 0.8066781171878193,
    "source" : 2.4226505715184117,
    "join" : 0.8110600858330155,
    "senMLParse" : 2.411810378162086,
    "mqttPublish" : 0.7940118846757838,
    "csvToSenML" : 0.803134334178017
  },
  "recsOutPerModule" : {
    "bloomFilter" : 1.5958817959888536,
    "interpolation" : 0.8136140222933282,
    "azureTableInsert" : 0.8027306397644246,
    "sink" : 1.5819154984373884,
    "rangeFilter" : 2.3545386655104084,
    "annotate" : 0.8064091005954939,
    "source" : 2.4226442030067328,
    "join" : 0.8084291105115479,
    "senMLParse" : 2.405771389428573,
    "mqttPublish" : 0.7939415371184193,
    "csvToSenML" : 0.8025283195499469
  },
  "remainingDataPerDevice" : {
    "bloomFilter" : 5000,
    "interpolation" : 0,
    "azureTableInsert" : 135000,
    "sink" : 0,
    "rangeFilter" : 210000,
    "annotate" : 0,
    "source" : 0,
    "join" : 0,
    "senMLParse" : 470000,
    "mqttPublish" : 0,
    "csvToSenML" : 135000
  },
  "executionTime" : 784.0,
  "networkUsage" : 407269.31,
  "tuplesSentBySensors" : 4800
}