{
  "placement" : {
    "annotate" : "cloud-0-1-1-0-1-1-0-0-0-0",
    "azureTableInsert" : "cloud-0-1-1-0-0-0-1-1-1",
    "bloomFilter" : "cloud-1-0-1-1-1-0-1-0-1",
    "csvToSenML" : "cloud-0-1-1-0-1-0-1-1-0-0",
    "interpolation" : "cloud-1-1-1-1-1-0-1-0-0",
    "join" : "cloud-1-0-1-0-1-1-0-0-0",
    "mqttPublish" : "cloud-1-1-1-0-1-0-1-1-1-1",
    "rangeFilter" : "cloud-0-0-1-1-0-1-0-1-1",
    "senMLParse" : "cloud-0-0-0-0-1-1-1-1-0",
    "sink" : "cloud-1-0-1-1-0-1-1-1-1-0",
    "source" : "cloud-1-1-0-1-1-0-0-0"
  },
  "appLoopLatency" : 58.56349939807149,
  "latencyPerTupleType" : {
    "rangeFilter_TUPLE" : 0.32175857232314076,
    "join_TUPLE" : 1.6725073716128231,
    "bloomFilter_TUPLE" : 0.23349799624088005,
    "sink_TUPLE" : 0.8958734947253914,
    "interpolation_TUPLE" : 0.2334488197286214,
    "mqttPublish_TUPLE" : 0.34049463179786976,
    "csvToSenML_TUPLE" : 0.3936021046819199,
    "senMLParse_TUPLE" : 0.21295428101013983,
    "annotate_TUPLE" : 0.5827925966586485,
    "azureTableInsert_TUPLE" : 0.7042117380730014,
    "TUPLE" : 0.09406333333333497
  },
  "tuplesProcessedPerModule" : {
    "bloomFilter" : 3285,
    "interpolation" : 1626,
    "azureTableInsert" : 1626,
    "sink" : 3252,
    "rangeFilter" : 4800,
    "annotate" : 1626,
    "source" : 4800,
    "join" : 1626,
    "senMLParse" : 4800,
    "mqttPublish" : 1626,
    "csvToSenML" : 1626
  },
  "recsInPerModule" : {
    "bloomFilter" : 1.648179042276214,
    "interpolation" : 0.834006791699896,
    "azureTableInsert" : 0.8249528663674445,
    "sink" : 1.6347407309018651,
    "rangeFilter" : 2.4075343032205705,
    "annotate" : 0.8269142846182831,
    "source" : 2.422895147698174,
    "join" : 0.8306701542622615,
    "senMLParse" : 2.4138760653801996,
    "mqttPublish" : 0.8208934347581404,
    "csvToSenML" : 0.8246599939587556
  },
  "recsOutPerModule" : {
    "bloomFilter" : 1.6426784488514878,
    "interpolation" : 0.8339506495926552,
    "azureTableInsert" : 0.824495103784975,
    "sink" : 1.6337603381767234,
    "rangeFilter" : 2.407363246340137,
    "annotate" : 0.8265044678028103,
    "source" : 2.4228925997751167,
    "join" : 0.8298689796598187,
    "senMLParse" : 2.4137087036933793,
    "mqttPublish" : 0.820670738121425,
    "csvToSenML" : 0.8243895313575651
  },
  "remainingDataPerDevice" : {
    "bloomFilter" : 260000,
    "interpolation" : 0,
    "azureTableInsert" : 0,
    "sink" : 0,
    "rangeFilter" : 15000,
    "annotate" : 0,
    "source" : 0,
    "join" : 0,
    "senMLParse" : 0,
    "mqttPublish" : 0,
    "csvToSenML" : 0
  },
  "executionTime" : 659.0,
  "networkUsage" : 352136.45,
  "tuplesSentBySensors" : 4800
}