{
  "placement" : {
    "annotate" : "cloud-0-0-0-1-1-1-0-0",
    "azureTableInsert" : "cloud-1-0-1-1-0-0",
    "bloomFilter" : "cloud-0-1-1-1-0-0-1-0",
    "csvToSenML" : "cloud-0-1-0-1-0-0-1-1-1",
    "interpolation" : "cloud-1-1-1-1-0-1-1-0",
    "join" : "cloud-0-1-1-0-0-1-1-1",
    "mqttPublish" : "cloud-1-1-1-1-1-0-1-0",
    "rangeFilter" : "cloud-0-0-0-0-0-0-1-0-0",
    "senMLParse" : "cloud-1-0-0-0-1-1-1-0-1-0",
    "sink" : "cloud-0-1-1-0-0-1-1",
    "source" : "cloud-0-0-1-0-1-1-0-1-0"
  },
  "appLoopLatency" : 61.3762158030297,
  "latencyPerTupleType" : {
    "rangeFilter_TUPLE" : 2.4030504514919824,
    "join_TUPLE" : 3.8633426737115584,
    "bloomFilter_TUPLE" : 3.464638775773719,
    "sink_TUPLE" : 0.41131192322330257,
    "interpolation_TUPLE" : 0.9642058543496803,
    "mqttPublish_TUPLE" : 0.3880441221582559,
    "csvToSenML_TUPLE" : 0.5075521719599215,
    "senMLParse_TUPLE" : 0.12006065888890365,
    "annotate_TUPLE" : 1.7346802838756248,
    "azureTableInsert_TUPLE" : 0.5075521719599215,
    "TUPLE" : 0.09771472222221753
  },
  "tuplesProcessedPerModule" : {
    "bloomFilter" : 3273,
    "interpolation" : 1669,
    "azureTableInsert" : 1669,
    "sink" : 3256,
    "rangeFilter" : 4734,
    "annotate" : 1669,
    "source" : 4800,
    "join" : 1669,
    "senMLParse" : 4800,
    "mqttPublish" : 1634,
    "csvToSenML" : 1669
  },
  "recsInPerModule" : {
    "bloomFilter" : 1.6370406046466832,
    "interpolation" : 0.8513369632734638,
    "azureTableInsert" : 0.8365116326353736,
    "sink" : 1.6342449612733234,
    "rangeFilter" : 2.4005851860496823,
    "annotate" : 0.8409580990952616,
    "source" : 2.423262104572847,
    "join" : 0.8472785634215643,
    "senMLParse" : 2.4120578262190504,
    "mqttPublish" : 0.8203336958566827,
    "csvToSenML" : 0.8358413685940103
  },
  "recsOutPerModule" : {
    "bloomFilter" : 1.636540592244531,
    "interpolation" : 0.8504309239813017,
    "azureTableInsert" : 0.8360877793824837,
    "sink" : 1.6324795487523538,
    "rangeFilter" : 2.367577139741499,
    "annotate" : 0.839373855686894,
    "source" : 2.423138499045332,
    "join" : 0.8437221608603162,
    "senMLParse" : 2.4119239989150723,
    "mqttPublish" : 0.8201989338358843,
    "csvToSenML" : 0.8354181941312483
  },
  "remainingDataPerDevice" : {
    "bloomFilter" : 10000,
    "interpolation" : 0,
    "azureTableInsert" : 175000,
    "sink" : 0,
    "rangeFilter" : 250000,
    "annotate" : 0,
    "source" : 0,
    "join" : 0,
    "senMLParse" : 0,
    "mqttPublish" : 0,
    "csvToSenML" : 175000
  },
  "executionTime" : 913.0,
  "networkUsage" : 412241.06,
  "tuplesSentBySensors" : 4800
}