{
  "placement" : {
    "annotate" : "cloud-0-0-1-1-1-0-0-0-1-0",
    "azureTableInsert" : "cloud-1-0-0-0-0-0-0-1-1-0",
    "bloomFilter" : "cloud-1-1-1-0-0-0-0-0-0-0",
    "csvToSenML" : "cloud-0-0-0-1-1-1-1-1-1",
    "interpolation" : "cloud-1-0-1-1-1-0-1-0-1-0",
    "join" : "cloud-1-1-1-1-1-0-1-0-0",
    "mqttPublish" : "cloud-0-1-1-0-1-1-0-0-0-1",
    "rangeFilter" : "cloud-1-0-1-0-0-1-0-1-1-1",
    "senMLParse" : "cloud-0-1-0-1-1-0-1",
    "sink" : "cloud-0-0-1-1-1-0-0-0-1-1",
    "source" : "cloud-1-1-1-0-1-1-1-1-1"
  },
  "appLoopLatency" : 84.49964102564647,
  "latencyPerTupleType" : {
    "rangeFilter_TUPLE" : 33.46581874378466,
    "join_TUPLE" : 3.291598735488607,
    "bloomFilter_TUPLE" : 3.1074218467050154,
    "sink_TUPLE" : 1.1217301884117896,
    "interpolation_TUPLE" : 1.3952214811353327,
    "mqttPublish_TUPLE" : 1.2158958333347318,
    "csvToSenML_TUPLE" : 7.232859605101309,
    "senMLParse_TUPLE" : 6.364643622222167,
    "annotate_TUPLE" : 1.1559633789395487,
    "azureTableInsert_TUPLE" : 1.5968449761626171,
    "TUPLE" : 0.09560527777776852
  },
  "tuplesProcessedPerModule" : {
    "bloomFilter" : 3203,
    "interpolation" : 1608,
    "azureTableInsert" : 1608,
    "sink" : 3158,
    "rangeFilter" : 4694,
    "annotate" : 1608,
    "source" : 4800,
    "join" : 1608,
    "senMLParse" : 4800,
    "mqttPublish" : 1608,
    "csvToSenML" : 1608
  },
  "recsInPerModule" : {
    "bloomFilter" : 1.6437456536785784,
    "interpolation" : 0.82360815478234,
    "azureTableInsert" : 0.8100448741435399,
    "sink" : 1.581700026531355,
    "rangeFilter" : 2.3505243703646137,
    "annotate" : 0.8143148041556117,
    "source" : 2.4226505715184117,
    "join" : 0.8197192401279109,
    "senMLParse" : 2.4137508813040287,
    "mqttPublish" : 0.8045912981679708,
    "csvToSenML" : 0.8105757117016826
  },
  "recsOutPerModule" : {
    "bloomFilter" : 1.6467995541932454,
    "interpolation" : 0.8235396103077997,
    "azureTableInsert" : 0.8093882479780992,
    "sink" : 1.5807511536131227,
    "rangeFilter" : 2.3499163970350225,
    "annotate" : 0.813775629621167,
    "source" : 2.4226442030067328,
    "join" : 0.8185430509760961,
    "senMLParse" : 2.406947598079747,
    "mqttPublish" : 0.8040649188614314,
    "csvToSenML" : 0.807461064772285
  },
  "remainingDataPerDevice" : {
    "bloomFilter" : 0,
    "interpolation" : 0,
    "azureTableInsert" : 0,
    "sink" : 0,
    "rangeFilter" : 115000,
    "annotate" : 0,
    "source" : 0,
    "join" : 0,
    "senMLParse" : 530000,
    "mqttPublish" : 290000,
    "csvToSenML" : 0
  },
  "executionTime" : 1255.0,
  "networkUsage" : 441431.86,
  "tuplesSentBySensors" : 4800
}