{
  "placement" : {
    "annotate" : "cloud-0-0-1-1-0",
    "azureTableInsert" : "cloud-1-1-0-0-1-1-1-0-1",
    "bloomFilter" : "cloud-0-0-0-0-1-0-1-1-0",
    "csvToSenML" : "cloud-0-0-1-1-1-0-1-1-0-1",
    "interpolation" : "cloud-1-0-1-0-0-1-1-1",
    "join" : "cloud-1-0-1-1-1-1-0-0-0-1",
    "mqttPublish" : "cloud-1-0-1-1-0-0-1-0-1-0",
    "rangeFilter" : "cloud-1-0-0-0-0-1-0-0-1-0",
    "senMLParse" : "cloud-1-0-1-0-0-0-1-1-0",
    "sink" : "cloud-1-1-0-0-0-1-1-1-1-1",
    "source" : "cloud-1-0-1"
  },
  "appLoopLatency" : 52.00941863636346,
  "latencyPerTupleType" : {
    "rangeFilter_TUPLE" : 2.4835774444457575,
    "join_TUPLE" : 1.0620145123578282,
    "bloomFilter_TUPLE" : 1.5972304035910918,
    "sink_TUPLE" : 1.1740809119978612,
    "interpolation_TUPLE" : 1.2673266685422298,
    "mqttPublish_TUPLE" : 0.533511644539831,
    "csvToSenML_TUPLE" : 1.074169971779161,
    "senMLParse_TUPLE" : 5.117123822222177,
    "annotate_TUPLE" : 0.9636403891017741,
    "azureTableInsert_TUPLE" : 0.6369016189438803,
    "TUPLE" : 0.09746638888888524
  },
  "tuplesProcessedPerModule" : {
    "bloomFilter" : 3253,
    "interpolation" : 1616,
    "azureTableInsert" : 1616,
    "sink" : 3232,
    "rangeFilter" : 4800,
    "annotate" : 1616,
    "source" : 4800,
    "join" : 1616,
    "senMLParse" : 4800,
    "mqttPublish" : 1616,
    "csvToSenML" : 1616
  },
  "recsInPerModule" : {
    "bloomFilter" : 1.6272174469524332,
    "interpolation" : 0.825599888491247,
    "azureTableInsert" : 0.8174563546803417,
    "sink" : 1.6194290137131895,
    "rangeFilter" : 2.4061955364324095,
    "annotate" : 0.819744036105267,
    "source" : 2.425711327212792,
    "join" : 0.8227621191115123,
    "senMLParse" : 2.4209335542103445,
    "mqttPublish" : 0.8135702249720905,
    "csvToSenML" : 0.8177459174650448
  },
  "recsOutPerModule" : {
    "bloomFilter" : 1.627012747520746,
    "interpolation" : 0.8250308623317649,
    "azureTableInsert" : 0.8171781904579604,
    "sink" : 1.6184187345229926,
    "rangeFilter" : 2.401510534115878,
    "annotate" : 0.8193214941455187,
    "source" : 2.4257049425991246,
    "join" : 0.822288514690113,
    "senMLParse" : 2.415038691460659,
    "mqttPublish" : 0.8133416018070357,
    "csvToSenML" : 0.8172737632116696
  },
  "remainingDataPerDevice" : {
    "bloomFilter" : 140000,
    "interpolation" : 0,
    "azureTableInsert" : 0,
    "sink" : 0,
    "rangeFilter" : 300000,
    "annotate" : 0,
    "source" : 0,
    "join" : 0,
    "senMLParse" : 0,
    "mqttPublish" : 0,
    "csvToSenML" : 0
  },
  "executionTime" : 748.0,
  "networkUsage" : 363581.37,
  "tuplesSentBySensors" : 4800
}