{
  "placement" : {
    "annotate" : "cloud-1-1-0-0-0-0-0-0-0",
    "azureTableInsert" : "cloud-1-1-0-0-0-0-0",
    "bloomFilter" : "cloud-1-1-1-1-1-1-0-1-1",
    "csvToSenML" : "cloud-0-0-1-0-1-0-0",
    "interpolation" : "cloud-0-0-1",
    "join" : "cloud-0-0-1-0-0-1-0-1",
    "mqttPublish" : "cloud-1-1-1-0-1-1-1-1-1-0",
    "rangeFilter" : "cloud-1-1-1-0-0-1-0-1-1-1",
    "senMLParse" : "cloud-0-0-0-0-1-0-1-1-0",
    "sink" : "cloud-1-1-1-0-1-1-1-0-1",
    "source" : "cloud-1-1-0-1-1-0-0-1-1-0"
  },
  "appLoopLatency" : 58.062179163101504,
  "latencyPerTupleType" : {
    "rangeFilter_TUPLE" : 0.3213112512069718,
    "join_TUPLE" : 0.4610787101700384,
    "bloomFilter_TUPLE" : 0.778455376358169,
    "sink_TUPLE" : 0.22115118492801814,
    "interpolation_TUPLE" : 0.3216469261935837,
    "mqttPublish_TUPLE" : 0.33002696896435973,
    "csvToSenML_TUPLE" : 0.6874609513855297,
    "senMLParse_TUPLE" : 0.21278066989901348,
    "annotate_TUPLE" : 1.5679748022151359,
    "azureTableInsert_TUPLE" : 0.6306023101027018,
    "TUPLE" : 0.09368833333333199
  },
  "tuplesProcessedPerModule" : {
    "bloomFilter" : 3249,
    "interpolation" : 1654,
    "azureTableInsert" : 1654,
    "sink" : 3308,
    "rangeFilter" : 4751,
    "annotate" : 1654,
    "source" : 4800,
    "join" : 1654,
    "senMLParse" : 4800,
    "mqttPublish" : 1654,
    "csvToSenML" : 1654
  },
  "recsInPerModule" : {
    "bloomFilter" : 1.6650594345044198,
    "interpolation" : 0.8445853198972688,
    "azureTableInsert" : 0.8377219819229752,
    "sink" : 1.6610228473447348,
    "rangeFilter" : 2.383617630934182,
    "annotate" : 0.8395160998921527,
    "source" : 2.421184150726784,
    "join" : 0.8434009669948391,
    "senMLParse" : 2.409636083896341,
    "mqttPublish" : 0.831799284235787,
    "csvToSenML" : 0.8351839669135434
  },
  "recsOutPerModule" : {
    "bloomFilter" : 1.664909471301829,
    "interpolation" : 0.844434401569147,
    "azureTableInsert" : 0.8371174816439533,
    "sink" : 1.6606962467875113,
    "rangeFilter" : 2.375617533083545,
    "annotate" : 0.8382326308089961,
    "source" : 2.42118287856324,
    "join" : 0.8431967362525217,
    "senMLParse" : 2.4094693096155875,
    "mqttPublish" : 0.8315135350731957,
    "csvToSenML" : 0.8345272963475415
  },
  "remainingDataPerDevice" : {
    "bloomFilter" : 0,
    "interpolation" : 0,
    "azureTableInsert" : 0,
    "sink" : 0,
    "rangeFilter" : 335000,
    "annotate" : 0,
    "source" : 0,
    "join" : 0,
    "senMLParse" : 165000,
    "mqttPublish" : 0,
    "csvToSenML" : 0
  },
  "executionTime" : 610.0,
  "networkUsage" : 368297.2,
  "tuplesSentBySensors" : 4800
}