{
  "placement" : {
    "annotate" : "cloud-1-1-0-1-1-1-1-0-0-1",
    "azureTableInsert" : "cloud-1-1-1-0-0-1-1",
    "bloomFilter" : "cloud-1-1-1-0-0-0-1-0-0-0",
    "csvToSenML" : "cloud-0-0-1-0-1-0-1-0-1-1",
    "interpolation" : "cloud-1-0-0-1-1-0-1-1",
    "join" : "cloud-1-1-0-0-1-1-0-1-1-0",
    "mqttPublish" : "cloud-1-1-0-0-0-1-1-0-0",
    "rangeFilter" : "cloud-1-1-0-1-1-0-1-1-1-0",
    "senMLParse" : "cloud-0-0-1-0-1-1-1-1-1-1",
    "sink" : "cloud-0-0-1-0-0-1-1-0-0-0",
    "source" : "cloud-1-1-0-0-0-0-1-0-1"
  },
  "appLoopLatency" : 61.269781106060336,
  "latencyPerTupleType" : {
    "rangeFilter_TUPLE" : 1.9822921174409833,
    "join_TUPLE" : 0.7850715268188019,
    "bloomFilter_TUPLE" : 0.5887404013716211,
    "sink_TUPLE" : 0.24803493746004038,
    "interpolation_TUPLE" : 0.30386200051385315,
    "mqttPublish_TUPLE" : 0.26007445288286984,
    "csvToSenML_TUPLE" : 0.4632522027428537,
    "senMLParse_TUPLE" : 0.11334646888891486,
    "annotate_TUPLE" : 0.9845258557804663,
    "azureTableInsert_TUPLE" : 0.4632522027428537,
    "TUPLE" : 0.0961122222222294
  },
  "tuplesProcessedPerModule" : {
    "bloomFilter" : 3268,
    "interpolation" : 1622,
    "azureTableInsert" : 1622,
    "sink" : 3228,
    "rangeFilter" : 4741,
    "annotate" : 1622,
    "source" : 4800,
    "join" : 1622,
    "senMLParse" : 4800,
    "mqttPublish" : 1622,
    "csvToSenML" : 1622
  },
  "recsInPerModule" : {
    "bloomFilter" : 1.6346935724577063,
    "interpolation" : 0.8293732766398934,
    "azureTableInsert" : 0.8190421686442887,
    "sink" : 1.6148634240060706,
    "rangeFilter" : 2.399091252834514,
    "annotate" : 0.822935131496687,
    "source" : 2.420939919836627,
    "join" : 0.8264994815698018,
    "senMLParse" : 2.409997774749475,
    "mqttPublish" : 0.8140035340866719,
    "csvToSenML" : 0.8182158597190962
  },
  "recsOutPerModule" : {
    "bloomFilter" : 1.634577740722319,
    "interpolation" : 0.8291189058395259,
    "azureTableInsert" : 0.818687644233513,
    "sink" : 1.6146143711286518,
    "rangeFilter" : 2.3705901746821056,
    "annotate" : 0.8221981681766054,
    "source" : 2.4209373760241544,
    "join" : 0.8258261943476118,
    "senMLParse" : 2.409851573038601,
    "mqttPublish" : 0.8138265519666011,
    "csvToSenML" : 0.8178620501326596
  },
  "remainingDataPerDevice" : {
    "bloomFilter" : 0,
    "interpolation" : 0,
    "azureTableInsert" : 0,
    "sink" : 0,
    "rangeFilter" : 300000,
    "annotate" : 0,
    "source" : 0,
    "join" : 0,
    "senMLParse" : 10000,
    "mqttPublish" : 80000,
    "csvToSenML" : 0
  },
  "executionTime" : 749.0,
  "networkUsage" : 426995.66,
  "tuplesSentBySensors" : 4800
}