{
  "placement" : {
    "annotate" : "cloud-0-1-0-1-1-1-1-1-0-1",
    "azureTableInsert" : "cloud-1-1-0-1-1-0-0",
    "bloomFilter" : "cloud-0-1-0-1-1-1-1-1-0",
    "csvToSenML" : "cloud-0-1-1-1-1-0-0-0-1-0",
    "interpolation" : "cloud-1-1-0-1-1-1-1-0-1-0",
    "join" : "cloud-1-0-1-1-0-0-1-0-0-1",
    "mqttPublish" : "cloud-0-1-1-0-0-0-0",
    "rangeFilter" : "cloud-1-1-0-0-1-0-1-1-1",
    "senMLParse" : "cloud-1-1-1-0-1-1-0-1-1-0",
    "sink" : "cloud-0-1-1-0-1-0-0-1-0-0",
    "source" : "cloud-0-0-1-1-0-1-1-0-1"
  },
  "appLoopLatency" : 69.66284772727259,
  "latencyPerTupleType" : {
    "rangeFilter_TUPLE" : 0.3700389464645728,
    "join_TUPLE" : 1.6884251689468184,
    "bloomFilter_TUPLE" : 8.095116194134475,
    "sink_TUPLE" : 0.4506538785507446,
    "interpolation_TUPLE" : 2.2249206259057566,
    "mqttPublish_TUPLE" : 0.8068660196664548,
    "csvToSenML_TUPLE" : 0.9905504294285851,
    "senMLParse_TUPLE" : 0.21103024343427843,
    "annotate_TUPLE" : 1.515919215786898,
    "azureTableInsert_TUPLE" : 0.9905504294285851,
    "TUPLE" : 0.0958450505050509
  },
  "tuplesProcessedPerModule" : {
    "bloomFilter" : 3260,
    "interpolation" : 1695,
    "azureTableInsert" : 1695,
    "sink" : 3312,
    "rangeFilter" : 4800,
    "annotate" : 1695,
    "source" : 4800,
    "join" : 1695,
    "senMLParse" : 4800,
    "mqttPublish" : 1695,
    "csvToSenML" : 1695
  },
  "recsInPerModule" : {
    "bloomFilter" : 1.65266435747035,
    "interpolation" : 0.8643517576927839,
    "azureTableInsert" : 0.85056262865381,
    "sink" : 1.6664997385515012,
    "rangeFilter" : 2.407798995381485,
    "annotate" : 0.8547339589495606,
    "source" : 2.423017454307191,
    "join" : 0.8594267498678376,
    "senMLParse" : 2.4141190975280624,
    "mqttPublish" : 0.8480026974123546,
    "csvToSenML" : 0.8509042224499637
  },
  "recsOutPerModule" : {
    "bloomFilter" : 1.6304882823259081,
    "interpolation" : 0.863234750979767,
    "azureTableInsert" : 0.8500867260651134,
    "sink" : 1.666407155673752,
    "rangeFilter" : 2.4076530603172692,
    "annotate" : 0.8539911045448264,
    "source" : 2.422892831404264,
    "join" : 0.8585873694260593,
    "senMLParse" : 2.4139746946368743,
    "mqttPublish" : 0.8476157433424371,
    "csvToSenML" : 0.8504279376377955
  },
  "remainingDataPerDevice" : {
    "bloomFilter" : 45000,
    "interpolation" : 0,
    "azureTableInsert" : 195000,
    "sink" : 0,
    "rangeFilter" : 255000,
    "annotate" : 0,
    "source" : 0,
    "join" : 0,
    "senMLParse" : 0,
    "mqttPublish" : 195000,
    "csvToSenML" : 0
  },
  "executionTime" : 811.0,
  "networkUsage" : 399294.72,
  "tuplesSentBySensors" : 4800
}