{
  "placement" : {
    "annotate" : "cloud-0-1-1-0-0-0-0-0-0-1",
    "azureTableInsert" : "cloud-0-1-1-0-0-0-0-1-0-0",
    "bloomFilter" : "cloud-0-1-1-1-0-1-1-0-0-1",
    "csvToSenML" : "cloud-0-0-0-1-1-1-0-0-1",
    "interpolation" : "cloud-1-1-0-1-1-1-1-0-0-0",
    "join" : "cloud-1-1-1-1-0-1-0-0-1",
    "mqttPublish" : "cloud-0-0-0-1-1-0-1-1-1",
    "rangeFilter" : "cloud-0-1-0-0-0-1-1-0-1-1",
    "senMLParse" : "cloud-0-0-0-1-0-0-1-0-1-1",
    "sink" : "cloud-0-1-0-0-0-0-1-0-1-0",
    "source" : "cloud-1-1-1-1-1-0-1-1-0"
  },
  "appLoopLatency" : 67.17232696969684,
  "latencyPerTupleType" : {
    "rangeFilter_TUPLE" : 1.9653234543541795,
    "join_TUPLE" : 0.9258642389157921,
    "bloomFilter_TUPLE" : 0.39031341910214623,
    "sink_TUPLE" : 0.2784392313105859,
    "interpolation_TUPLE" : 1.71062612985448,
    "mqttPublish_TUPLE" : 0.19005240402211582,
    "csvToSenML_TUPLE" : 0.5534725991176327,
    "senMLParse_TUPLE" : 0.2817560999999165,
    "annotate_TUPLE" : 0.27961557079033084,
    "azureTableInsert_TUPLE" : 1.4073212519161795,
    "TUPLE" : 0.09570944444445147
  },
  "tuplesProcessedPerModule" : {
    "bloomFilter" : 3254,
    "interpolation" : 1641,
    "azureTableInsert" : 1641,
    "sink" : 3272,
    "rangeFilter" : 4755,
    "annotate" : 1641,
    "source" : 4800,
    "join" : 1641,
    "senMLParse" : 4800,
    "mqttPublish" : 1641,
    "csvToSenML" : 1641
  },
  "recsInPerModule" : {
    "bloomFilter" : 1.627528497654101,
    "interpolation" : 0.8369282165110831,
    "azureTableInsert" : 0.8275963829303195,
    "sink" : 1.6362770462480845,
    "rangeFilter" : 2.400782787231691,
    "annotate" : 0.8287283671113249,
    "source" : 2.422161567259642,
    "join" : 0.8329084047766447,
    "senMLParse" : 2.4116892003070403,
    "mqttPublish" : 0.8225681431378808,
    "csvToSenML" : 0.8248922983341797
  },
  "recsOutPerModule" : {
    "bloomFilter" : 1.6273706085058142,
    "interpolation" : 0.8362191917313185,
    "azureTableInsert" : 0.8270115989993245,
    "sink" : 1.6361487355882154,
    "rangeFilter" : 2.378275454549022,
    "annotate" : 0.8285993436505339,
    "source" : 2.422155201318628,
    "join" : 0.8324700301830759,
    "senMLParse" : 2.411517552521898,
    "mqttPublish" : 0.8224839695992101,
    "csvToSenML" : 0.8246349475887924
  },
  "remainingDataPerDevice" : {
    "bloomFilter" : 5000,
    "interpolation" : 0,
    "azureTableInsert" : 0,
    "sink" : 0,
    "rangeFilter" : 345000,
    "annotate" : 0,
    "source" : 0,
    "join" : 0,
    "senMLParse" : 0,
    "mqttPublish" : 50000,
    "csvToSenML" : 0
  },
  "executionTime" : 717.0,
  "networkUsage" : 428382.09,
  "tuplesSentBySensors" : 4800
}