{
  "placement" : {
    "annotate" : "cloud-0-1-1-1-1-1-0-0",
    "azureTableInsert" : "cloud-1-1-0-0-0-1-0-0-0",
    "bloomFilter" : "cloud-1-1-1-0",
    "csvToSenML" : "cloud-0-1-0-0-1-0-1-1",
    "interpolation" : "cloud-0-1-0-0-1-1-0-0-1-0",
    "join" : "cloud-1-0-0-1-0-1-0",
    "mqttPublish" : "cloud-0-1-1-0-0-0-1-1-1",
    "rangeFilter" : "cloud-1-0-0-0-0-0-0-0-1-1",
    "senMLParse" : "cloud-1-0-1-0-0-1-1-0",
    "sink" : "cloud-0-0-1-1-1-0-0-1-1-1",
    "source" : "cloud-1-1-1-1-0-1-1-1-1-0"
  },
  "appLoopLatency" : 66.19185469696946,
  "latencyPerTupleType" : {
    "rangeFilter_TUPLE" : 0.3499814656564777,
    "join_TUPLE" : 0.951139681466652,
    "bloomFilter_TUPLE" : 0.7887247845447322,
    "sink_TUPLE" : 0.19748927622468854,
    "interpolation_TUPLE" : 0.27906423719649726,
    "mqttPublish_TUPLE" : 0.3130734158962946,
    "csvToSenML_TUPLE" : 1.9684735101765034,
    "senMLParse_TUPLE" : 0.28215940909083487,
    "annotate_TUPLE" : 0.43456639905913497,
    "azureTableInsert_TUPLE" : 0.501293484217826,
    "TUPLE" : 0.09460464646463403
  },
  "tuplesProcessedPerModule" : {
    "bloomFilter" : 3263,
    "interpolation" : 1681,
    "azureTableInsert" : 1681,
    "sink" : 3362,
    "rangeFilter" : 4800,
    "annotate" : 1681,
    "source" : 4800,
    "join" : 1681,
    "senMLParse" : 4800,
    "mqttPublish" : 1681,
    "csvToSenML" : 1681
  },
  "recsInPerModule" : {
    "bloomFilter" : 1.6330808170869358,
    "interpolation" : 0.8608543601821526,
    "azureTableInsert" : 0.850219582606598,
    "sink" : 1.6892568688674428,
    "rangeFilter" : 2.400786767105904,
    "annotate" : 0.8537460953599587,
    "source" : 2.419597530195821,
    "join" : 0.8568202680883996,
    "senMLParse" : 2.409151282883176,
    "mqttPublish" : 0.8481672501638153,
    "csvToSenML" : 0.8513391240255802
  },
  "recsOutPerModule" : {
    "bloomFilter" : 1.6316879821987582,
    "interpolation" : 0.8608130213816617,
    "azureTableInsert" : 0.8498509628087898,
    "sink" : 1.6890305586177603,
    "rangeFilter" : 2.4006166676816205,
    "annotate" : 0.8534137977188093,
    "source" : 2.4195952202026794,
    "join" : 0.8561815325731017,
    "senMLParse" : 2.408979996158837,
    "mqttPublish" : 0.847994807517126,
    "csvToSenML" : 0.8503987999348348
  },
  "remainingDataPerDevice" : {
    "bloomFilter" : 65000,
    "interpolation" : 0,
    "azureTableInsert" : 0,
    "sink" : 0,
    "rangeFilter" : 430000,
    "annotate" : 0,
    "source" : 0,
    "join" : 0,
    "senMLParse" : 0,
    "mqttPublish" : 0,
    "csvToSenML" : 0
  },
  "executionTime" : 645.0,
  "networkUsage" : 377258.63,
  "tuplesSentBySensors" : 4800
}