{
  "placement" : {
    "annotate" : "cloud-0-0-1-0-0-1-0-1",
    "azureTableInsert" : "cloud-0-1-0-0-0-1-1-0-1-0",
    "bloomFilter" : "cloud-0-0-1-0-1",
    "csvToSenML" : "cloud-0-0-0-0-1-0-1-0-1-0",
    "interpolation" : "cloud-1-1-1-0-0-0-1-1-0-0",
    "join" : "cloud-1-0-0-1-1-1-0-0-0-1",
    "mqttPublish" : "cloud-1-1-0-1-1-0-0-1",
    "rangeFilter" : "cloud-1-0-1-0-1-0-1-1-0-1",
    "senMLParse" : "cloud-1-1-0-0-1-1-1-1-1-1",
    "sink" : "cloud-1-1-1-0-1-1",
    "source" : "cloud-1-1-0-1-0-1-1-0-1-0"
  },
  "appLoopLatency" : 62.026085499999674,
  "latencyPerTupleType" : {
    "rangeFilter_TUPLE" : 2.967784075555522,
    "join_TUPLE" : 0.6944110305812616,
    "bloomFilter_TUPLE" : 2.844249728395543,
    "sink_TUPLE" : 0.7939710944528534,
    "interpolation_TUPLE" : 0.8942756780838126,
    "mqttPublish_TUPLE" : 0.34197579099276376,
    "csvToSenML_TUPLE" : 0.7040369848582521,
    "senMLParse_TUPLE" : 0.2331453311111387,
    "annotate_TUPLE" : 0.3644760998983191,
    "azureTableInsert_TUPLE" : 0.4340166532115211,
    "TUPLE" : 0.09481277777777582
  },
  "tuplesProcessedPerModule" : {
    "bloomFilter" : 3294,
    "interpolation" : 1635,
    "azureTableInsert" : 1635,
    "sink" : 3241,
    "rangeFilter" : 4800,
    "annotate" : 1635,
    "source" : 4800,
    "join" : 1635,
    "senMLParse" : 4800,
    "mqttPublish" : 1635,
    "csvToSenML" : 1635
  },
  "recsInPerModule" : {
    "bloomFilter" : 1.64903522710278,
    "interpolation" : 0.835010608545486,
    "azureTableInsert" : 0.8226681754036415,
    "sink" : 1.6239175910013814,
    "rangeFilter" : 2.4036718966618604,
    "annotate" : 0.8263706256926624,
    "source" : 2.4202075227108746,
    "join" : 0.8307202479624396,
    "senMLParse" : 2.41375467986667,
    "mqttPublish" : 0.8190110228273328,
    "csvToSenML" : 0.8232895482184203
  },
  "recsOutPerModule" : {
    "bloomFilter" : 1.6470815218881556,
    "interpolation" : 0.8341958222972671,
    "azureTableInsert" : 0.8223143274231025,
    "sink" : 1.6226082978252496,
    "rangeFilter" : 2.400296323982109,
    "annotate" : 0.8260766219162048,
    "source" : 2.4202049804373065,
    "join" : 0.8301047355253638,
    "senMLParse" : 2.413582737952273,
    "mqttPublish" : 0.8187447496573543,
    "csvToSenML" : 0.8226793099536884
  },
  "remainingDataPerDevice" : {
    "bloomFilter" : 25000,
    "interpolation" : 0,
    "azureTableInsert" : 0,
    "sink" : 0,
    "rangeFilter" : 420000,
    "annotate" : 0,
    "source" : 0,
    "join" : 0,
    "senMLParse" : 0,
    "mqttPublish" : 145000,
    "csvToSenML" : 0
  },
  "executionTime" : 700.0,
  "networkUsage" : 403494.29,
  "tuplesSentBySensors" : 4800
}