{
  "placement" : {
    "annotate" : "cloud-0-1-1-0-1-1-0-0-1-1",
    "azureTableInsert" : "cloud-1-1-1-1-0-1-1-1",
    "bloomFilter" : "cloud-1-0-0-1-0-0-0-1-1",
    "csvToSenML" : "cloud-0-0-1-1-1-1-0-0-0-1",
    "interpolation" : "cloud-0-0-0-1-0-0-0-1-0",
    "join" : "cloud-0-0-1-1-1-0-0",
    "mqttPublish" : "cloud-1-0-1-1-1-0-1-1-1-1",
    "rangeFilter" : "cloud-0-1-1-1-1-0-1-1-1",
    "senMLParse" : "cloud-0-1-0-1-0-0-0-0-0",
    "sink" : "cloud-1-1-1-0-0-0-0-0-0",
    "source" : "cloud-0-1-0-1-0"
  },
  "appLoopLatency" : 53.823050303029966,
  "latencyPerTupleType" : {
    "rangeFilter_TUPLE" : 15.882568755202763,
    "join_TUPLE" : 5.099638845859706,
    "bloomFilter_TUPLE" : 0.9524075533621664,
    "sink_TUPLE" : 0.5129552929389446,
    "interpolation_TUPLE" : 1.3052147865308474,
    "mqttPublish_TUPLE" : 1.2096569564941462,
    "csvToSenML_TUPLE" : 1.2075631864686,
    "senMLParse_TUPLE" : 0.11698463333326563,
    "annotate_TUPLE" : 0.9053050587103402,
    "azureTableInsert_TUPLE" : 1.2075631864686014,
    "TUPLE" : 0.1004241666666613
  },
  "tuplesProcessedPerModule" : {
    "bloomFilter" : 3342,
    "interpolation" : 1663,
    "azureTableInsert" : 1662,
    "sink" : 3303,
    "rangeFilter" : 4725,
    "annotate" : 1662,
    "source" : 4800,
    "join" : 1662,
    "senMLParse" : 4800,
    "mqttPublish" : 1641,
    "csvToSenML" : 1662
  },
  "recsInPerModule" : {
    "bloomFilter" : 1.6742551482485803,
    "interpolation" : 0.8320234717273547,
    "azureTableInsert" : 0.8338889242205031,
    "sink" : 1.6521071028008842,
    "rangeFilter" : 2.4130101847856307,
    "annotate" : 0.8373328965620722,
    "source" : 2.4239963518854903,
    "join" : 0.8419236555731572,
    "senMLParse" : 2.4211777838160757,
    "mqttPublish" : 0.8313055021269621,
    "csvToSenML" : 0.834768499212893
  },
  "recsOutPerModule" : {
    "bloomFilter" : 1.674136332585921,
    "interpolation" : 0.8319581975738485,
    "azureTableInsert" : 0.8333897654188567,
    "sink" : 1.6516959046481539,
    "rangeFilter" : 2.363425712491633,
    "annotate" : 0.8369553131120274,
    "source" : 2.423867571490259,
    "join" : 0.8397872835347444,
    "senMLParse" : 2.4210429426288025,
    "mqttPublish" : 0.8257524326236726,
    "csvToSenML" : 0.8342682871595368
  },
  "remainingDataPerDevice" : {
    "bloomFilter" : 50000,
    "interpolation" : 5000,
    "azureTableInsert" : 0,
    "sink" : 0,
    "rangeFilter" : 190000,
    "annotate" : 0,
    "source" : 0,
    "join" : 0,
    "senMLParse" : 0,
    "mqttPublish" : 0,
    "csvToSenML" : 0
  },
  "executionTime" : 1213.0,
  "networkUsage" : 354553.7,
  "tuplesSentBySensors" : 4800
}