{
  "placement" : {
    "annotate" : "cloud-1-1-0-0-0-0",
    "azureTableInsert" : "cloud-1-1-0-1-1-1",
    "bloomFilter" : "cloud-0-0-0-0-1-0",
    "csvToSenML" : "cloud-1-0-0-1",
    "interpolation" : "cloud-1-0-0-1-1-0",
    "join" : "cloud-1-1",
    "mqttPublish" : "cloud-1-0-1-1",
    "rangeFilter" : "cloud-1-0-0-1",
    "senMLParse" : "cloud-1-1-0-0-0-0",
    "sink" : "cloud-0-1-0",
    "source" : "cloud-0-1-1-1"
  },
  "appLoopLatency" : 29.091585848484794,
  "latencyPerTupleType" : {
    "rangeFilter_TUPLE" : 0.3595394829101343,
    "join_TUPLE" : 0.45166749764261566,
    "bloomFilter_TUPLE" : 0.24267529251699343,
    "sink_TUPLE" : 0.36488768254970577,
    "interpolation_TUPLE" : 0.2629444926921044,
    "mqttPublish_TUPLE" : 0.1561169369855136,
    "csvToSenML_TUPLE" : 3.9698083693371236,
    "senMLParse_TUPLE" : 0.14326222916666906,
    "annotate_TUPLE" : 0.22280396322491505,
    "azureTableInsert_TUPLE" : 0.2555666447931865,
    "TUPLE" : 0.09252148437500993
  },
  "tuplesProcessedPerModule" : {
    "bloomFilter" : 1421,
    "interpolation" : 707,
    "azureTableInsert" : 701,
    "sink" : 1367,
    "rangeFilter" : 2048,
    "annotate" : 707,
    "source" : 2048,
    "join" : 707,
    "senMLParse" : 2048,
    "mqttPublish" : 692,
    "csvToSenML" : 699
  },
  "recsInPerModule" : {
    "bloomFilter" : 0.7146824014577599,
    "interpolation" : 0.3546311339472561,
    "azureTableInsert" : 0.35056062168876057,
    "sink" : 0.6836434565767663,
    "rangeFilter" : 1.0322862853708832,
    "annotate" : 0.35388337849644397,
    "source" : 1.0361215864397586,
    "join" : 0.3542180360893929,
    "senMLParse" : 1.0336626347232856,
    "mqttPublish" : 0.3460483099012797,
    "csvToSenML" : 0.35056062256531373
  },
  "recsOutPerModule" : {
    "bloomFilter" : 0.7146015355486536,
    "interpolation" : 0.3545911148014935,
    "azureTableInsert" : 0.3505248327565142,
    "sink" : 0.6835914642323699,
    "rangeFilter" : 1.032104205558498,
    "annotate" : 0.35385090698538957,
    "source" : 1.0360680778007194,
    "join" : 0.35416702116765014,
    "senMLParse" : 1.033588731342461,
    "mqttPublish" : 0.34602772886389566,
    "csvToSenML" : 0.34956045135317493
  },
  "remainingDataPerDevice" : {
    "bloomFilter" : 0,
    "interpolation" : 0,
    "azureTableInsert" : 80000,
    "sink" : 0,
    "rangeFilter" : 0,
    "annotate" : 60000,
    "source" : 0,
    "join" : 0,
    "senMLParse" : 0,
    "mqttPublish" : 50000,
    "csvToSenML" : 35000
  },
  "executionTime" : 287.0,
  "networkUsage" : 67768.65,
  "tuplesSentBySensors" : 2048
}