{
  "placement" : {
    "annotate" : "cloud-0-1-1-1",
    "azureTableInsert" : "cloud-0-0-0-1-0-1",
    "bloomFilter" : "cloud-1-0-1-1-1-0",
    "csvToSenML" : "cloud-0-0-0-1-0-1",
    "interpolation" : "cloud-1-1-0-1-1-1",
    "join" : "cloud-1-1-1-1",
    "mqttPublish" : "cloud-0-1",
    "rangeFilter" : "cloud-0-1-1-1-0",
    "senMLParse" : "cloud-0-1-1-0-0-0",
    "sink" : "cloud-0-0-1-1",
    "source" : "cloud-1-0-0-0-0-1"
  },
  "appLoopLatency" : 38.43527560606046,
  "latencyPerTupleType" : {
    "rangeFilter_TUPLE" : 0.16765078598478905,
    "join_TUPLE" : 2.905836199440235,
    "bloomFilter_TUPLE" : 0.1769617066483747,
    "sink_TUPLE" : 0.5714717492414935,
    "interpolation_TUPLE" : 0.3685904970461738,
    "mqttPublish_TUPLE" : 0.554191632801326,
    "csvToSenML_TUPLE" : 0.5549603846157618,
    "senMLParse_TUPLE" : 0.1688081960226988,
    "annotate_TUPLE" : 0.28385951312854496,
    "azureTableInsert_TUPLE" : 0.5549553846157164,
    "TUPLE" : 0.09543678977272378
  },
  "tuplesProcessedPerModule" : {
    "bloomFilter" : 1459,
    "interpolation" : 713,
    "azureTableInsert" : 689,
    "sink" : 1378,
    "rangeFilter" : 2048,
    "annotate" : 689,
    "source" : 2048,
    "join" : 693,
    "senMLParse" : 2048,
    "mqttPublish" : 689,
    "csvToSenML" : 689
  },
  "recsInPerModule" : {
    "bloomFilter" : 0.7316623728247739,
    "interpolation" : 0.3566728395779384,
    "azureTableInsert" : 0.35251987433061294,
    "sink" : 0.702535269689681,
    "rangeFilter" : 1.0304156384834886,
    "annotate" : 0.3535026087029892,
    "source" : 1.0354405830015845,
    "join" : 0.3481238372223055,
    "senMLParse" : 1.03235911609385,
    "mqttPublish" : 0.35174000062553645,
    "csvToSenML" : 0.35251987523242906
  },
  "recsOutPerModule" : {
    "bloomFilter" : 0.7316103968104859,
    "interpolation" : 0.3566438482163886,
    "azureTableInsert" : 0.35235161566957135,
    "sink" : 0.7022011383435062,
    "rangeFilter" : 1.0303421986554198,
    "annotate" : 0.3534240324027171,
    "source" : 1.0353862524316846,
    "join" : 0.3467145653594229,
    "senMLParse" : 1.0322853989831937,
    "mqttPublish" : 0.35157248543565167,
    "csvToSenML" : 0.35235161566957135
  },
  "remainingDataPerDevice" : {
    "bloomFilter" : 0,
    "interpolation" : 85000,
    "azureTableInsert" : 0,
    "sink" : 0,
    "rangeFilter" : 0,
    "annotate" : 0,
    "source" : 0,
    "join" : 20000,
    "senMLParse" : 0,
    "mqttPublish" : 0,
    "csvToSenML" : 0
  },
  "executionTime" : 268.0,
  "networkUsage" : 97562.27,
  "tuplesSentBySensors" : 2048
}