{
  "placement" : {
    "annotate" : "cloud-0-1-0-0",
    "azureTableInsert" : "cloud-0-0-0-1-1-1",
    "bloomFilter" : "cloud-0-0-0",
    "csvToSenML" : "cloud-0-1-0-0-1-0",
    "interpolation" : "cloud-1-1-0-1-0-1",
    "join" : "cloud-0-0",
    "mqttPublish" : "cloud-0-1-0-0-1-0",
    "rangeFilter" : "cloud-1-1-1-1-1-1",
    "senMLParse" : "cloud-1-1-0-0-1-0",
    "sink" : "cloud-1-1-0-1-0-1",
    "source" : "cloud-0-1-1-0-0-1"
  },
  "appLoopLatency" : 31.372910606060465,
  "latencyPerTupleType" : {
    "rangeFilter_TUPLE" : 0.39666321022726114,
    "join_TUPLE" : 0.4516425108516321,
    "bloomFilter_TUPLE" : 0.1625710848939762,
    "sink_TUPLE" : 0.7653283056893431,
    "interpolation_TUPLE" : 1.7893433643665937,
    "mqttPublish_TUPLE" : 0.7176654152177774,
    "csvToSenML_TUPLE" : 3.9529385402256954,
    "senMLParse_TUPLE" : 0.14681844933708987,
    "annotate_TUPLE" : 0.4342313015132821,
    "azureTableInsert_TUPLE" : 0.46848152974068685,
    "TUPLE" : 0.09657694128787885
  },
  "tuplesProcessedPerModule" : {
    "bloomFilter" : 1466,
    "interpolation" : 747,
    "azureTableInsert" : 727,
    "sink" : 1436,
    "rangeFilter" : 2048,
    "annotate" : 739,
    "source" : 2048,
    "join" : 747,
    "senMLParse" : 2048,
    "mqttPublish" : 732,
    "csvToSenML" : 736
  },
  "recsInPerModule" : {
    "bloomFilter" : 0.7360652334780844,
    "interpolation" : 0.374384394016032,
    "azureTableInsert" : 0.3638045931907728,
    "sink" : 0.7355811381002073,
    "rangeFilter" : 1.0303657144413232,
    "annotate" : 0.371034086704785,
    "source" : 1.0358071658839108,
    "join" : 0.37365750110928453,
    "senMLParse" : 1.032723519940603,
    "mqttPublish" : 0.36803652497635625,
    "csvToSenML" : 0.36955515159892316
  },
  "recsOutPerModule" : {
    "bloomFilter" : 0.7359897870017714,
    "interpolation" : 0.3742191132828515,
    "azureTableInsert" : 0.36377776968136005,
    "sink" : 0.7352688437388897,
    "rangeFilter" : 1.030196088934173,
    "annotate" : 0.36966607074597235,
    "source" : 1.0357527968382936,
    "join" : 0.3735950143539069,
    "senMLParse" : 1.0326517230813372,
    "mqttPublish" : 0.36615519274253877,
    "csvToSenML" : 0.36805492954935515
  },
  "remainingDataPerDevice" : {
    "bloomFilter" : 0,
    "interpolation" : 0,
    "azureTableInsert" : 10000,
    "sink" : 0,
    "rangeFilter" : 0,
    "annotate" : 60000,
    "source" : 0,
    "join" : 25000,
    "senMLParse" : 0,
    "mqttPublish" : 105000,
    "csvToSenML" : 0
  },
  "executionTime" : 284.0,
  "networkUsage" : 77022.38,
  "tuplesSentBySensors" : 2048
}