{
  "placement" : {
    "annotate" : "cloud-0-0",
    "azureTableInsert" : "cloud-1-0-1-0-1-0",
    "bloomFilter" : "cloud-1-0-1-1-1-1",
    "csvToSenML" : "cloud-1-1-0-1-0",
    "interpolation" : "cloud-1-0-1-0-0-1",
    "join" : "cloud-0-0-0-1-0-0",
    "mqttPublish" : "cloud-0-0-0-0-1-0",
    "rangeFilter" : "cloud-0-1-0-0-1",
    "senMLParse" : "cloud-1-1-1-0-0-1",
    "sink" : "cloud-1-1-0-0-1",
    "source" : "cloud-1-1-1-1-0-1"
  },
  "appLoopLatency" : 33.67873701515142,
  "latencyPerTupleType" : {
    "rangeFilter_TUPLE" : 0.17935087239583258,
    "join_TUPLE" : 0.6177013490185917,
    "bloomFilter_TUPLE" : 0.14709368404693526,
    "sink_TUPLE" : 0.18455417356696607,
    "interpolation_TUPLE" : 0.3790008214589137,
    "mqttPublish_TUPLE" : 0.1857364907512278,
    "csvToSenML_TUPLE" : 0.39542836640070267,
    "senMLParse_TUPLE" : 0.13336561197914282,
    "annotate_TUPLE" : 0.17637968298055615,
    "azureTableInsert_TUPLE" : 0.41237675281630065,
    "TUPLE" : 0.09130729166668858
  },
  "tuplesProcessedPerModule" : {
    "bloomFilter" : 1448,
    "interpolation" : 749,
    "azureTableInsert" : 729,
    "sink" : 1458,
    "rangeFilter" : 2048,
    "annotate" : 730,
    "source" : 2048,
    "join" : 738,
    "senMLParse" : 2048,
    "mqttPublish" : 729,
    "csvToSenML" : 729
  },
  "recsInPerModule" : {
    "bloomFilter" : 0.7273572308881182,
    "interpolation" : 0.3758060364283209,
    "azureTableInsert" : 0.37260850298399945,
    "sink" : 0.741215358449325,
    "rangeFilter" : 1.0311525842291662,
    "annotate" : 0.3655093228330838,
    "source" : 1.0353358926890524,
    "join" : 0.3705513896331361,
    "senMLParse" : 1.0336093797526407,
    "mqttPublish" : 0.3715560703565242,
    "csvToSenML" : 0.37255137808783606
  },
  "recsOutPerModule" : {
    "bloomFilter" : 0.7273054745274405,
    "interpolation" : 0.3753049617130831,
    "azureTableInsert" : 0.37258152280188794,
    "sink" : 0.7411705426902179,
    "rangeFilter" : 1.0310790393200233,
    "annotate" : 0.3652508106674026,
    "source" : 1.035281374868494,
    "join" : 0.3690512000330607,
    "senMLParse" : 1.033546350348218,
    "mqttPublish" : 0.37153318902970683,
    "csvToSenML" : 0.37252440617749594
  },
  "remainingDataPerDevice" : {
    "bloomFilter" : 0,
    "interpolation" : 40000,
    "azureTableInsert" : 0,
    "sink" : 0,
    "rangeFilter" : 0,
    "annotate" : 10000,
    "source" : 0,
    "join" : 35000,
    "senMLParse" : 0,
    "mqttPublish" : 0,
    "csvToSenML" : 0
  },
  "executionTime" : 280.0,
  "networkUsage" : 99136.17,
  "tuplesSentBySensors" : 2048
}