{
  "placement" : {
    "annotate" : "cloud-1-0-0-0-1-1",
    "azureTableInsert" : "cloud-0-1-0-0-0",
    "bloomFilter" : "cloud-1-0-0-0-0-0",
    "csvToSenML" : "cloud-1-0-1-0-1-1",
    "interpolation" : "cloud-0-1-0-1-0",
    "join" : "cloud-0-0-0-0-0-0",
    "mqttPublish" : "cloud-0-0-0-1",
    "rangeFilter" : "cloud-0-1-0-1-0",
    "senMLParse" : "cloud-0-0-0-0-1-0",
    "sink" : "cloud-1-0-0-1-1",
    "source" : "cloud-0-1"
  },
  "appLoopLatency" : 36.20788192307697,
  "latencyPerTupleType" : {
    "rangeFilter_TUPLE" : 0.7740692740884878,
    "join_TUPLE" : 0.5773576640070748,
    "bloomFilter_TUPLE" : 0.17084040707143774,
    "sink_TUPLE" : 0.23704019954648511,
    "interpolation_TUPLE" : 0.31615164450351263,
    "mqttPublish_TUPLE" : 0.4066049183674437,
    "csvToSenML_TUPLE" : 1.0174048548754024,
    "senMLParse_TUPLE" : 0.14682218749996623,
    "annotate_TUPLE" : 0.6705402849389909,
    "azureTableInsert_TUPLE" : 1.0174048548754024,
    "TUPLE" : 0.0991549479166631
  },
  "tuplesProcessedPerModule" : {
    "bloomFilter" : 1433,
    "interpolation" : 752,
    "azureTableInsert" : 735,
    "sink" : 1470,
    "rangeFilter" : 2048,
    "annotate" : 737,
    "source" : 2048,
    "join" : 752,
    "senMLParse" : 2048,
    "mqttPublish" : 735,
    "csvToSenML" : 735
  },
  "recsInPerModule" : {
    "bloomFilter" : 0.718204258006007,
    "interpolation" : 0.3772953852243831,
    "azureTableInsert" : 0.3763103446191428,
    "sink" : 0.7494427147796586,
    "rangeFilter" : 1.0331672395360965,
    "annotate" : 0.36861845738437277,
    "source" : 1.0369609752293922,
    "join" : 0.3765797775182197,
    "senMLParse" : 1.035382777372777,
    "mqttPublish" : 0.37540119630214364,
    "csvToSenML" : 0.3763103542524407
  },
  "recsOutPerModule" : {
    "bloomFilter" : 0.7181607659221487,
    "interpolation" : 0.3772409700087358,
    "azureTableInsert" : 0.37626599653823506,
    "sink" : 0.7493965490661064,
    "rangeFilter" : 1.0290660363559032,
    "annotate" : 0.368580819330556,
    "source" : 1.0369030049724175,
    "join" : 0.3765078950313511,
    "senMLParse" : 1.0353086278273556,
    "mqttPublish" : 0.3753720386966898,
    "csvToSenML" : 0.37626600616926253
  },
  "remainingDataPerDevice" : {
    "bloomFilter" : 5000,
    "interpolation" : 0,
    "azureTableInsert" : 0,
    "sink" : 0,
    "rangeFilter" : 0,
    "annotate" : 20000,
    "source" : 0,
    "join" : 75000,
    "senMLParse" : 0,
    "mqttPublish" : 0,
    "csvToSenML" : 0
  },
  "executionTime" : 326.0,
  "networkUsage" : 99216.88,
  "tuplesSentBySensors" : 2048
}