{
  "placement" : {
    "acc" : "cloud-0-1-0-0-1-0-0-0-1",
    "average" : "cloud-1-1-1-0-0-0",
    "blobUpload" : "cloud-1-1-0-0-0-0-0-0-0",
    "distinctCount" : "cloud-0-0-0-0-1-1-0-1-1",
    "kalmanFilter" : "cloud-1-0-1-0-1-0-0-1",
    "plt" : "cloud-1-1-1-1-0-0-1-0-1",
    "senMLParse" : "cloud-1-0-1-1-1-0-0-1-0",
    "sink" : "cloud-0-0-0-1-1-1-1",
    "slidingLinearReg" : "cloud-0-1-0-1-0-1-1-0",
    "source" : "cloud-1-0-1-0-1-0-0-1-0",
    "zip" : "cloud-1-1-1-0-0-1-0-0-1"
  },
  "appLoopLatency" : 62.66306916666696,
  "latencyPerTupleType" : {
    "average_TUPLE" : 3.278969852929277,
    "sink_TUPLE" : 2.807247528511707,
    "acc_TUPLE" : 0.5176007148226702,
    "slidingLinearReg_TUPLE" : 16.078917703385425,
    "blobUpload_TUPLE" : 2.265408071127769,
    "kalmanFilter_TUPLE" : 3.787241511054394,
    "plt_TUPLE" : 15.17788450501542,
    "zip_TUPLE" : 2.184370049929749,
    "senMLParse_TUPLE" : 0.12139912666668015,
    "distinctCount_TUPLE" : 19.00752324583622,
    "TUPLE" : 0.09516222222223215
  },
  "tuplesProcessedPerModule" : {
    "acc" : 9815,
    "zip" : 9561,
    "average" : 4800,
    "distinctCount" : 4663,
    "blobUpload" : 9561,
    "sink" : 9561,
    "kalmanFilter" : 4704,
    "plt" : 9706,
    "slidingLinearReg" : 4657,
    "source" : 4800,
    "senMLParse" : 4800
  },
  "recsInPerModule" : {
    "acc" : 4.907742878060358,
    "zip" : 4.84443211310368,
    "average" : 2.404886210325997,
    "distinctCount" : 2.4029599237820696,
    "blobUpload" : 4.823474803832758,
    "sink" : 4.800768684158705,
    "kalmanFilter" : 2.404645253824304,
    "plt" : 4.938436466628149,
    "slidingLinearReg" : 2.3293577586246603,
    "source" : 2.4220393470383756,
    "senMLParse" : 2.413266732151123
  },
  "recsOutPerModule" : {
    "acc" : 4.90771725687241,
    "zip" : 4.843266454084468,
    "average" : 2.400620079129808,
    "distinctCount" : 2.336054129934131,
    "blobUpload" : 4.822319207219827,
    "sink" : 4.799398068640246,
    "kalmanFilter" : 2.356712240822923,
    "plt" : 4.865556207207893,
    "slidingLinearReg" : 2.3286043232201337,
    "source" : 2.4220342547968263,
    "senMLParse" : 2.413107496587458
  },
  "remainingDataPerDevice" : {
    "acc" : 26000,
    "zip" : 0,
    "average" : 26000,
    "distinctCount" : 8000,
    "blobUpload" : 0,
    "sink" : 0,
    "kalmanFilter" : 94000,
    "plt" : 290000,
    "slidingLinearReg" : 14000,
    "source" : 0,
    "senMLParse" : 0
  },
  "executionTime" : 2242.0,
  "networkUsage" : 659839.72,
  "tuplesSentBySensors" : 4800
}