{
  "placement" : {
    "acc" : "cloud-1-1-1-0-0-0-0-1-0",
    "average" : "cloud-0-0-0-1-1-0-1-1",
    "blobUpload" : "cloud-0-1-0-0-0-1-1-0-1",
    "distinctCount" : "cloud-1-1-1-1-1-0-1-0-0",
    "kalmanFilter" : "cloud-1-1-0-0-1-1-0-0-1",
    "plt" : "cloud-1-0-0-1-1-1-1-0-0",
    "senMLParse" : "cloud-1-1-0-1-1-1-0-1",
    "sink" : "cloud-0-1-0-0-1",
    "slidingLinearReg" : "cloud-0-1-0-1-1-0-0-0-1",
    "source" : "cloud-1-0-0-0-1-0-0-0-0",
    "zip" : "cloud-1-1-1-0"
  },
  "appLoopLatency" : 70.45861473569153,
  "latencyPerTupleType" : {
    "average_TUPLE" : 2.988538617310262,
    "sink_TUPLE" : 8.154415050563738,
    "acc_TUPLE" : 0.5920893904385394,
    "slidingLinearReg_TUPLE" : 6.850989152125341,
    "blobUpload_TUPLE" : 22.11012445568129,
    "kalmanFilter_TUPLE" : 27.98246501095508,
    "plt_TUPLE" : 6.980260362716882,
    "zip_TUPLE" : 5.069249499210055,
    "senMLParse_TUPLE" : 0.3325983128283148,
    "distinctCount_TUPLE" : 18.1032566120708,
    "TUPLE" : 0.09553083333333492
  },
  "tuplesProcessedPerModule" : {
    "acc" : 9769,
    "zip" : 9629,
    "average" : 4714,
    "distinctCount" : 4669,
    "blobUpload" : 9434,
    "sink" : 9310,
    "kalmanFilter" : 4661,
    "plt" : 9629,
    "slidingLinearReg" : 4653,
    "source" : 4800,
    "senMLParse" : 4800
  },
  "recsInPerModule" : {
    "acc" : 4.885741598700622,
    "zip" : 4.827795432877011,
    "average" : 2.4022099827194943,
    "distinctCount" : 2.4046167655824147,
    "blobUpload" : 4.810205998853988,
    "sink" : 4.752782638905886,
    "kalmanFilter" : 2.4052192511950756,
    "plt" : 4.8460588823155994,
    "slidingLinearReg" : 2.3276296278772146,
    "source" : 2.4238739464354158,
    "senMLParse" : 2.41375467986667
  },
  "recsOutPerModule" : {
    "acc" : 4.8861820262228,
    "zip" : 4.826545132138079,
    "average" : 2.3591705288763447,
    "distinctCount" : 2.3414059058918997,
    "blobUpload" : 4.717693005621286,
    "sink" : 4.735166444711941,
    "kalmanFilter" : 2.3365738764762796,
    "plt" : 4.844799105194681,
    "slidingLinearReg" : 2.3274360217181824,
    "source" : 2.423871396453329,
    "senMLParse" : 2.413564349892766
  },
  "remainingDataPerDevice" : {
    "acc" : 280000,
    "zip" : 20000,
    "average" : 4000,
    "distinctCount" : 0,
    "blobUpload" : 620000,
    "sink" : 0,
    "kalmanFilter" : 16000,
    "plt" : 0,
    "slidingLinearReg" : 6000,
    "source" : 0,
    "senMLParse" : 0
  },
  "executionTime" : 2362.0,
  "networkUsage" : 499918.94,
  "tuplesSentBySensors" : 4800
}