{
  "placement" : {
    "acc" : "cloud-1-1-0-0-0-0",
    "average" : "cloud-1-1-0",
    "blobUpload" : "cloud-0-1-0-0-1-1-0-1-0",
    "distinctCount" : "cloud-1-0-0-0-0-0-1",
    "kalmanFilter" : "cloud-0-1-1-1-1-1-0-0-1",
    "plt" : "cloud-1-0-1-0-0-0-0-0",
    "senMLParse" : "cloud-0-0-0-1-0-1-1-1-1",
    "sink" : "cloud-0-1-1-1-0-1-0-1-1",
    "slidingLinearReg" : "cloud-1-1-0-1-0-0-0-1-0",
    "source" : "cloud-0-1-0-1-0",
    "zip" : "cloud-1-1-0"
  },
  "appLoopLatency" : 49.031722055229324,
  "latencyPerTupleType" : {
    "average_TUPLE" : 1.6647861215769535,
    "sink_TUPLE" : 1.3755385609810815,
    "acc_TUPLE" : 0.4602080549160623,
    "slidingLinearReg_TUPLE" : 1.5104682949249506,
    "blobUpload_TUPLE" : 2.002630160392629,
    "kalmanFilter_TUPLE" : 3.743127248483138,
    "plt_TUPLE" : 1.1797771918183886,
    "zip_TUPLE" : 2.091578235841305,
    "senMLParse_TUPLE" : 2.7526186282827574,
    "distinctCount_TUPLE" : 1.9172647070689819,
    "TUPLE" : 0.09205757575757186
  },
  "tuplesProcessedPerModule" : {
    "acc" : 9858,
    "zip" : 9759,
    "average" : 4800,
    "distinctCount" : 4800,
    "blobUpload" : 9759,
    "sink" : 9759,
    "kalmanFilter" : 4800,
    "plt" : 9777,
    "slidingLinearReg" : 4707,
    "source" : 4800,
    "senMLParse" : 4800
  },
  "recsInPerModule" : {
    "acc" : 4.939788096674779,
    "zip" : 4.95779947670446,
    "average" : 2.406685388215084,
    "distinctCount" : 2.4046357060820975,
    "blobUpload" : 4.934610347807478,
    "sink" : 4.914226259613951,
    "kalmanFilter" : 2.406926727219808,
    "plt" : 4.8896909269466775,
    "slidingLinearReg" : 2.354911709519609,
    "source" : 2.424976040731514,
    "senMLParse" : 2.4184980041925037
  },
  "recsOutPerModule" : {
    "acc" : 4.930260763817395,
    "zip" : 4.950631623360449,
    "average" : 2.4032512156490426,
    "distinctCount" : 2.4003818300106423,
    "blobUpload" : 4.928131419477265,
    "sink" : 4.909729699335439,
    "kalmanFilter" : 2.4001868078120907,
    "plt" : 4.888690892787201,
    "slidingLinearReg" : 2.353892304399236,
    "source" : 2.42497372045722,
    "senMLParse" : 2.414194984952781
  },
  "remainingDataPerDevice" : {
    "acc" : 158000,
    "zip" : 0,
    "average" : 0,
    "distinctCount" : 132000,
    "blobUpload" : 0,
    "sink" : 0,
    "kalmanFilter" : 186000,
    "plt" : 36000,
    "slidingLinearReg" : 68000,
    "source" : 0,
    "senMLParse" : 0
  },
  "executionTime" : 1530.0,
  "networkUsage" : 494619.79,
  "tuplesSentBySensors" : 4800
}