{
  "placement" : {
    "acc" : "cloud-1-0-1-0-1-0-1-1-1",
    "average" : "cloud-0-1-1-1-1-0-0-0-1",
    "blobUpload" : "cloud-1-0-1-0-1-0-1-0",
    "distinctCount" : "cloud-1-1-0-1-1-0-0",
    "kalmanFilter" : "cloud-0-1-1-0-1-0-0-1-1",
    "plt" : "cloud-0-1-1-0-1-0-1-0-1",
    "senMLParse" : "cloud-1-0-0-0-1-1-0-1-0",
    "sink" : "cloud-0-1-1-0-1-0-0-1-0",
    "slidingLinearReg" : "cloud-0-1-0-0-1-0-1-1",
    "source" : "cloud-1-1-1-1-0-0-0-0",
    "zip" : "cloud-1-0-0-0-1-0-0-0"
  },
  "appLoopLatency" : 76.70643560654275,
  "latencyPerTupleType" : {
    "average_TUPLE" : 14.947331396091844,
    "sink_TUPLE" : 12.633906211745492,
    "slidingLinearReg_TUPLE" : 4.720269375828736,
    "acc_TUPLE" : 0.7618467868972209,
    "blobUpload_TUPLE" : 4.832478419711198,
    "kalmanFilter_TUPLE" : 3.879667099914883,
    "plt_TUPLE" : 23.257440029446435,
    "zip_TUPLE" : 4.467415915125007,
    "senMLParse_TUPLE" : 0.10712169999992177,
    "distinctCount_TUPLE" : 18.582629556864372,
    "TUPLE" : 0.0977311111111107
  },
  "tuplesProcessedPerModule" : {
    "acc" : 9748,
    "zip" : 9509,
    "average" : 4674,
    "distinctCount" : 4669,
    "blobUpload" : 9509,
    "sink" : 9295,
    "kalmanFilter" : 4704,
    "plt" : 9509,
    "slidingLinearReg" : 4675,
    "source" : 4800,
    "senMLParse" : 4800
  },
  "recsInPerModule" : {
    "acc" : 4.874446860041448,
    "zip" : 4.810232677006375,
    "average" : 2.4047581920307626,
    "distinctCount" : 2.4051196704128763,
    "blobUpload" : 4.793427342687986,
    "sink" : 4.771464855672901,
    "kalmanFilter" : 2.4037947654298475,
    "plt" : 4.923838771313381,
    "slidingLinearReg" : 2.343233131779131,
    "source" : 2.4225283019439274,
    "senMLParse" : 2.4132591435688697
  },
  "recsOutPerModule" : {
    "acc" : 4.874431518799065,
    "zip" : 4.808699443627754,
    "average" : 2.3416333035676096,
    "distinctCount" : 2.3402323863591086,
    "blobUpload" : 4.7919048021027,
    "sink" : 4.687356206311292,
    "kalmanFilter" : 2.3558860233941017,
    "plt" : 4.832724482442569,
    "slidingLinearReg" : 2.3377325915353286,
    "source" : 2.422515566239672,
    "senMLParse" : 2.413099909006611
  },
  "remainingDataPerDevice" : {
    "acc" : 30000,
    "zip" : 0,
    "average" : 4000,
    "distinctCount" : 14000,
    "blobUpload" : 0,
    "sink" : 0,
    "kalmanFilter" : 36000,
    "plt" : 0,
    "slidingLinearReg" : 50000,
    "source" : 0,
    "senMLParse" : 0
  },
  "executionTime" : 2705.0,
  "networkUsage" : 671101.58,
  "tuplesSentBySensors" : 4800
}