{
  "placement" : {
    "acc" : "cloud-0-0-1-1-1-1-0-1",
    "average" : "cloud-0-1-1-0-0-0-1-1-0",
    "blobUpload" : "cloud-1-1-1-1-1-1-1-0",
    "distinctCount" : "cloud-0-1-1-0-0-0-0-0-0",
    "kalmanFilter" : "cloud-1-0-0-1-1-1-1-1-0",
    "plt" : "cloud-0-0-0-0-1-0-1-0-0",
    "senMLParse" : "cloud-0-1-1-0-1-0-0-0",
    "sink" : "cloud-0-0-0-0-1-0-1-0-1",
    "slidingLinearReg" : "cloud-1-0-1-0-0-0-1-1-0",
    "source" : "cloud-0-0-0-0-1-1-0-0-1",
    "zip" : "cloud-1-1-1-1-1-1-1-1"
  },
  "appLoopLatency" : 56.91818083689517,
  "latencyPerTupleType" : {
    "average_TUPLE" : 0.8208731333314783,
    "sink_TUPLE" : 56.57803894748375,
    "acc_TUPLE" : 1.1695507016835118,
    "slidingLinearReg_TUPLE" : 2.5946919764303735,
    "blobUpload_TUPLE" : 15.152091617903281,
    "kalmanFilter_TUPLE" : 2.9435537532175404,
    "plt_TUPLE" : 9.697404584441665,
    "zip_TUPLE" : 4.626582890269039,
    "senMLParse_TUPLE" : 3.0835852222222018,
    "distinctCount_TUPLE" : 0.99867388888701,
    "TUPLE" : 0.0929813888888895
  },
  "tuplesProcessedPerModule" : {
    "acc" : 9871,
    "zip" : 9786,
    "average" : 4800,
    "distinctCount" : 4800,
    "blobUpload" : 9569,
    "sink" : 9247,
    "kalmanFilter" : 4730,
    "plt" : 9796,
    "slidingLinearReg" : 4680,
    "source" : 4800,
    "senMLParse" : 4800
  },
  "recsInPerModule" : {
    "acc" : 4.936720802510042,
    "zip" : 4.921743989381253,
    "average" : 2.4042601004578135,
    "distinctCount" : 2.4048623350417793,
    "blobUpload" : 4.913705107774437,
    "sink" : 4.847663906368392,
    "kalmanFilter" : 2.400652705461925,
    "plt" : 4.900191203827378,
    "slidingLinearReg" : 2.343467398714006,
    "source" : 2.4233844482332265,
    "senMLParse" : 2.4156945095544944
  },
  "recsOutPerModule" : {
    "acc" : 4.93621677240617,
    "zip" : 4.9149424979070115,
    "average" : 2.402384919581228,
    "distinctCount" : 2.4025477056337747,
    "blobUpload" : 4.8693771979035425,
    "sink" : 4.710149408923239,
    "kalmanFilter" : 2.3689863426726983,
    "plt" : 4.898191174768822,
    "slidingLinearReg" : 2.3404668470708185,
    "source" : 2.4233780758626304,
    "senMLParse" : 2.411149097165146
  },
  "remainingDataPerDevice" : {
    "acc" : 142000,
    "zip" : 0,
    "average" : 32000,
    "distinctCount" : 140000,
    "blobUpload" : 0,
    "sink" : 0,
    "kalmanFilter" : 88000,
    "plt" : 20000,
    "slidingLinearReg" : 60000,
    "source" : 0,
    "senMLParse" : 0
  },
  "executionTime" : 2962.0,
  "networkUsage" : 561986.51,
  "tuplesSentBySensors" : 4800
}