{
  "placement" : {
    "acc" : "cloud-1-1-0-1-1-0-0-1-0",
    "average" : "cloud-1-1-0-1-1-1-1-1-0",
    "blobUpload" : "cloud-0-1-1-0-1-1-1-0",
    "distinctCount" : "cloud-0-1-1-0",
    "kalmanFilter" : "cloud-1-0-1-0-1-0-0-1-1",
    "plt" : "cloud-0-0-1-0-0-0-1-0",
    "senMLParse" : "cloud-1-1-0-1-1-0-1-0",
    "sink" : "cloud-1-1-1-0-0-0-1-0-0",
    "slidingLinearReg" : "cloud-1-0-0-1-0-1-1-0",
    "source" : "cloud-1-0-1-1-0-1-1-0-0",
    "zip" : "cloud-1-0-1-0-0-0-1-1"
  },
  "appLoopLatency" : 60.39850080664845,
  "latencyPerTupleType" : {
    "average_TUPLE" : 0.3857182777780217,
    "sink_TUPLE" : 6.832607540970175,
    "acc_TUPLE" : 1.165276142108235,
    "slidingLinearReg_TUPLE" : 5.848817409955191,
    "blobUpload_TUPLE" : 16.57206719816153,
    "kalmanFilter_TUPLE" : 11.223672209610767,
    "plt_TUPLE" : 4.740757964149106,
    "zip_TUPLE" : 2.1148160696299243,
    "senMLParse_TUPLE" : 0.24843657424245483,
    "distinctCount_TUPLE" : 5.443662340000089,
    "TUPLE" : 0.09551638888888889
  },
  "tuplesProcessedPerModule" : {
    "acc" : 9863,
    "zip" : 9812,
    "average" : 4800,
    "distinctCount" : 4800,
    "blobUpload" : 9566,
    "sink" : 9566,
    "kalmanFilter" : 4671,
    "plt" : 9815,
    "slidingLinearReg" : 4662,
    "source" : 4800,
    "senMLParse" : 4800
  },
  "recsInPerModule" : {
    "acc" : 4.9344580484637826,
    "zip" : 4.927227539431011,
    "average" : 2.4107761186056056,
    "distinctCount" : 2.4072698562495733,
    "blobUpload" : 4.893362007752334,
    "sink" : 4.835161594749446,
    "kalmanFilter" : 2.404135037718477,
    "plt" : 4.910732377719664,
    "slidingLinearReg" : 2.3320676487487484,
    "source" : 2.4227728534358706,
    "senMLParse" : 2.4138760653801996
  },
  "recsOutPerModule" : {
    "acc" : 4.934159764166214,
    "zip" : 4.920340142994667,
    "average" : 2.410377629382313,
    "distinctCount" : 2.400377961095192,
    "blobUpload" : 4.857504394715093,
    "sink" : 4.834789939861383,
    "kalmanFilter" : 2.3406482083361095,
    "plt" : 4.910393635188895,
    "slidingLinearReg" : 2.3318736787831313,
    "source" : 2.4227703057700163,
    "senMLParse" : 2.4136857162635286
  },
  "remainingDataPerDevice" : {
    "acc" : 96000,
    "zip" : 258000,
    "average" : 0,
    "distinctCount" : 234000,
    "blobUpload" : 0,
    "sink" : 0,
    "kalmanFilter" : 18000,
    "plt" : 6000,
    "slidingLinearReg" : 22000,
    "source" : 0,
    "senMLParse" : 0
  },
  "executionTime" : 2059.0,
  "networkUsage" : 616116.18,
  "tuplesSentBySensors" : 4800
}