{
  "placement" : {
    "acc" : "cloud-1-0-1-0-0-1-0-1-0",
    "average" : "cloud-1-0-0-1",
    "blobUpload" : "cloud-0-1-0-1-1-0-0-0-1",
    "distinctCount" : "cloud-0-0-1-0-0-1-1-1-1",
    "kalmanFilter" : "cloud-1-0-1-1-0-0-0-0-1",
    "plt" : "cloud-1-0-1-1-1",
    "senMLParse" : "cloud-1-1-0-1-0-1-1",
    "sink" : "cloud-1-1-0-1-1-0-0-1",
    "slidingLinearReg" : "cloud-1-0-1-1-1-1-1-1",
    "source" : "cloud-1-1-1-1-1-0-0-1",
    "zip" : "cloud-1-0-0-0-1-1-0-0"
  },
  "appLoopLatency" : 95.71800345944614,
  "latencyPerTupleType" : {
    "average_TUPLE" : 3.1291128622222137,
    "sink_TUPLE" : 17.57761633067744,
    "acc_TUPLE" : 1.0025057935115218,
    "slidingLinearReg_TUPLE" : 34.70526332604368,
    "blobUpload_TUPLE" : 15.197386320214342,
    "kalmanFilter_TUPLE" : 10.524790241334989,
    "plt_TUPLE" : 8.867357768115612,
    "zip_TUPLE" : 38.28032716707439,
    "senMLParse_TUPLE" : 0.3536097022222495,
    "distinctCount_TUPLE" : 5.012447024494091,
    "TUPLE" : 0.09771722222222688
  },
  "tuplesProcessedPerModule" : {
    "acc" : 9658,
    "zip" : 9346,
    "average" : 4800,
    "distinctCount" : 4695,
    "blobUpload" : 9346,
    "sink" : 9346,
    "kalmanFilter" : 4674,
    "plt" : 9657,
    "slidingLinearReg" : 4664,
    "source" : 4800,
    "senMLParse" : 4800
  },
  "recsInPerModule" : {
    "acc" : 4.890686024171401,
    "zip" : 4.908409116359352,
    "average" : 2.409919613309735,
    "distinctCount" : 2.40448715153111,
    "blobUpload" : 4.776790306299072,
    "sink" : 4.741484617542144,
    "kalmanFilter" : 2.404607609108975,
    "plt" : 4.831131773050973,
    "slidingLinearReg" : 2.337349421467425,
    "source" : 2.423751553347024,
    "senMLParse" : 2.4160605606344223
  },
  "recsOutPerModule" : {
    "acc" : 4.834594887638129,
    "zip" : 4.7998508579898145,
    "average" : 2.405420999686993,
    "distinctCount" : 2.353028432655181,
    "blobUpload" : 4.7644633195815045,
    "sink" : 4.693858133194897,
    "kalmanFilter" : 2.3436783060598416,
    "plt" : 4.830789405629094,
    "slidingLinearReg" : 2.333048697807256,
    "source" : 2.423746453903246,
    "senMLParse" : 2.4158629582235567
  },
  "remainingDataPerDevice" : {
    "acc" : 2000,
    "zip" : 0,
    "average" : 0,
    "distinctCount" : 82000,
    "blobUpload" : 0,
    "sink" : 0,
    "kalmanFilter" : 0,
    "plt" : 8000,
    "slidingLinearReg" : 54000,
    "source" : 0,
    "senMLParse" : 0
  },
  "executionTime" : 3740.0,
  "networkUsage" : 607004.22,
  "tuplesSentBySensors" : 4800
}