{
  "placement" : {
    "acc" : "cloud-0-1-0-0-0-1-1-0-0",
    "average" : "cloud-1-1-1-1-1-1-1-0-1",
    "blobUpload" : "cloud-1-1-1-0-1-1-1-1-1",
    "distinctCount" : "cloud-0-1-1-1-1-0-1-0-0",
    "kalmanFilter" : "cloud-1-0-1-0-1-0",
    "plt" : "cloud-0-0-0-0-1-1-1-1-0",
    "senMLParse" : "cloud-1-1-1-0-0-0-1-1-0",
    "sink" : "cloud-1-1-1-0-1-1",
    "slidingLinearReg" : "cloud-1-1-0-1-0-0-0-1",
    "source" : "cloud-1-1",
    "zip" : "cloud-0-0-0-1-1-1-0-0"
  },
  "appLoopLatency" : 46.4520000445072,
  "latencyPerTupleType" : {
    "average_TUPLE" : 42.34830476731539,
    "sink_TUPLE" : 6.901114982986596,
    "acc_TUPLE" : 1.2259731149448603,
    "slidingLinearReg_TUPLE" : 7.577538934395339,
    "blobUpload_TUPLE" : 4.237304131656147,
    "kalmanFilter_TUPLE" : 8.66010754356648,
    "plt_TUPLE" : 4.632433455870661,
    "zip_TUPLE" : 4.667526423763582,
    "senMLParse_TUPLE" : 7.640886088888772,
    "distinctCount_TUPLE" : 5.972850439679548,
    "TUPLE" : 0.09816138888888701
  },
  "tuplesProcessedPerModule" : {
    "acc" : 9793,
    "zip" : 9751,
    "average" : 4670,
    "distinctCount" : 4670,
    "blobUpload" : 9621,
    "sink" : 9621,
    "kalmanFilter" : 4670,
    "plt" : 9785,
    "slidingLinearReg" : 4670,
    "source" : 4800,
    "senMLParse" : 4800
  },
  "recsInPerModule" : {
    "acc" : 4.897723397132816,
    "zip" : 4.907811812340247,
    "average" : 2.4057858970390082,
    "distinctCount" : 2.4038581261864547,
    "blobUpload" : 4.857988223459338,
    "sink" : 4.8425085681882365,
    "kalmanFilter" : 2.404580684123116,
    "plt" : 4.895093790812883,
    "slidingLinearReg" : 2.34049509008397,
    "source" : 2.4274287309453166,
    "senMLParse" : 2.422271060570938
  },
  "recsOutPerModule" : {
    "acc" : 4.897452949363041,
    "zip" : 4.89422244642016,
    "average" : 2.349309796719196,
    "distinctCount" : 2.3476661538663905,
    "blobUpload" : 4.845695081078124,
    "sink" : 4.825819554304168,
    "kalmanFilter" : 2.348262687901981,
    "plt" : 4.8930574211789715,
    "slidingLinearReg" : 2.340066845159651,
    "source" : 2.4274159436640588,
    "senMLParse" : 2.41390135010282
  },
  "remainingDataPerDevice" : {
    "acc" : 6000,
    "zip" : 260000,
    "average" : 0,
    "distinctCount" : 0,
    "blobUpload" : 0,
    "sink" : 0,
    "kalmanFilter" : 0,
    "plt" : 68000,
    "slidingLinearReg" : 38000,
    "source" : 0,
    "senMLParse" : 0
  },
  "executionTime" : 2426.0,
  "networkUsage" : 420784.82,
  "tuplesSentBySensors" : 4800
}