{
  "placement" : {
    "acc" : "cloud-1-1-1-0-1-1-0-0-0",
    "average" : "cloud-0-1-1-0-0-0-1-0",
    "blobUpload" : "cloud-0-1-0-1-1-1-1",
    "distinctCount" : "cloud-1-1-0-1-0-0",
    "kalmanFilter" : "cloud-1-0-1-0-0-1-1-0-1",
    "plt" : "cloud-1-0-0-0-0-1",
    "senMLParse" : "cloud-1-0-0-1-0-1-0-0-0",
    "sink" : "cloud-1-0-1-0-1-1-0-0",
    "slidingLinearReg" : "cloud-1-1-1-0-0-1-1",
    "source" : "cloud-0-0-1-0-0-1-0",
    "zip" : "cloud-0-0-1-0-0-1-1-1-0"
  },
  "appLoopLatency" : 54.15373048439592,
  "latencyPerTupleType" : {
    "average_TUPLE" : 14.710456969476644,
    "sink_TUPLE" : 1.7387808928037018,
    "acc_TUPLE" : 0.5743941480982673,
    "slidingLinearReg_TUPLE" : 0.7761922259946492,
    "blobUpload_TUPLE" : 2.7646328198686643,
    "kalmanFilter_TUPLE" : 1.6410067822222287,
    "plt_TUPLE" : 3.7504726184433452,
    "zip_TUPLE" : 3.2077043963307084,
    "senMLParse_TUPLE" : 0.18875849999994282,
    "distinctCount_TUPLE" : 18.29399206786681,
    "TUPLE" : 0.09258611111110943
  },
  "tuplesProcessedPerModule" : {
    "acc" : 9793,
    "zip" : 9757,
    "average" : 4674,
    "distinctCount" : 4666,
    "blobUpload" : 9646,
    "sink" : 9646,
    "kalmanFilter" : 4800,
    "plt" : 9758,
    "slidingLinearReg" : 4742,
    "source" : 4800,
    "senMLParse" : 4800
  },
  "recsInPerModule" : {
    "acc" : 4.897742401515808,
    "zip" : 4.917278335238096,
    "average" : 2.4049928999398777,
    "distinctCount" : 2.407284573111603,
    "blobUpload" : 4.888636719935715,
    "sink" : 4.84223539176115,
    "kalmanFilter" : 2.40764681871682,
    "plt" : 4.883718405351283,
    "slidingLinearReg" : 2.37264955798768,
    "source" : 2.4239963518854903,
    "senMLParse" : 2.414965282257855
  },
  "recsOutPerModule" : {
    "acc" : 4.896836703227157,
    "zip" : 4.905596740269938,
    "average" : 2.342300715917933,
    "distinctCount" : 2.343929829567402,
    "blobUpload" : 4.861270974602085,
    "sink" : 4.836744531646045,
    "kalmanFilter" : 2.405163617710621,
    "plt" : 4.883381422419531,
    "slidingLinearReg" : 2.3712087450146515,
    "source" : 2.42398997629645,
    "senMLParse" : 2.4147931678337393
  },
  "remainingDataPerDevice" : {
    "acc" : 70000,
    "zip" : 0,
    "average" : 2000,
    "distinctCount" : 0,
    "blobUpload" : 0,
    "sink" : 0,
    "kalmanFilter" : 110000,
    "plt" : 2000,
    "slidingLinearReg" : 142000,
    "source" : 0,
    "senMLParse" : 0
  },
  "executionTime" : 1554.0,
  "networkUsage" : 586733.98,
  "tuplesSentBySensors" : 4800
}