{
  "placement" : {
    "acc" : "cloud-1-1-0-1-0-0-0-1-0",
    "average" : "cloud-1-0-0-0-1-0-0-0-0",
    "blobUpload" : "cloud-1-1-0-0-0-1-0-1-1",
    "distinctCount" : "cloud-0-0-0-0-0-1-1",
    "kalmanFilter" : "cloud-0-1-0-0-1-0-0-1",
    "plt" : "cloud-1-0-0-0-1-0",
    "senMLParse" : "cloud-1-0-0-0-1-1-0-0-1",
    "sink" : "cloud-1-0-0-1-0-0-0-0-1",
    "slidingLinearReg" : "cloud-0-1-1-0-0-1-0",
    "source" : "cloud-1-0-1-0-1-0-1-0-0",
    "zip" : "cloud-0-0-1-1-1-0-1-1-1"
  },
  "appLoopLatency" : 59.41404378787915,
  "latencyPerTupleType" : {
    "average_TUPLE" : 0.4493210266666877,
    "sink_TUPLE" : 4.990071184662762,
    "acc_TUPLE" : 0.5867100353455196,
    "slidingLinearReg_TUPLE" : 6.720329664077772,
    "blobUpload_TUPLE" : 2.535712098585263,
    "kalmanFilter_TUPLE" : 8.871354244911672,
    "plt_TUPLE" : 12.732827404371557,
    "zip_TUPLE" : 2.0416011232241495,
    "senMLParse_TUPLE" : 0.43749845555547134,
    "distinctCount_TUPLE" : 18.55443728036317,
    "TUPLE" : 0.09592611111111739
  },
  "tuplesProcessedPerModule" : {
    "acc" : 9798,
    "zip" : 9668,
    "average" : 4800,
    "distinctCount" : 4663,
    "blobUpload" : 9549,
    "sink" : 9549,
    "kalmanFilter" : 4678,
    "plt" : 9790,
    "slidingLinearReg" : 4662,
    "source" : 4800,
    "senMLParse" : 4800
  },
  "recsInPerModule" : {
    "acc" : 4.899487476956264,
    "zip" : 4.847607378237238,
    "average" : 2.407565033594344,
    "distinctCount" : 2.4023836230089,
    "blobUpload" : 4.823129598873418,
    "sink" : 4.8071648623032575,
    "kalmanFilter" : 2.402864675642907,
    "plt" : 4.950981484213048,
    "slidingLinearReg" : 2.3316153811529445,
    "source" : 2.423017454307191,
    "senMLParse" : 2.4132591435688697
  },
  "recsOutPerModule" : {
    "acc" : 4.899229731414413,
    "zip" : 4.841346483984028,
    "average" : 2.4067401387348943,
    "distinctCount" : 2.336405270014166,
    "blobUpload" : 4.821972715986997,
    "sink" : 4.80486144121774,
    "kalmanFilter" : 2.342864544523301,
    "plt" : 4.901406867972139,
    "slidingLinearReg" : 2.33111535640897,
    "source" : 2.4230047134592905,
    "senMLParse" : 2.4130114544405346
  },
  "remainingDataPerDevice" : {
    "acc" : 16000,
    "zip" : 238000,
    "average" : 24000,
    "distinctCount" : 20000,
    "blobUpload" : 0,
    "sink" : 0,
    "kalmanFilter" : 30000,
    "plt" : 244000,
    "slidingLinearReg" : 24000,
    "source" : 0,
    "senMLParse" : 0
  },
  "executionTime" : 2251.0,
  "networkUsage" : 576373.06,
  "tuplesSentBySensors" : 4800
}