{
  "placement" : {
    "acc" : "cloud-1-1-0-0-0-0-0-1-0",
    "average" : "cloud-0-0-0-1-0-0-1-1-1",
    "blobUpload" : "cloud-0-0-1-0-1-0-0-0-1",
    "distinctCount" : "cloud-0-1-0-1-0-0-0",
    "kalmanFilter" : "cloud-1-1-1-0-0-0-1",
    "plt" : "cloud-0-0-0-0-1-1",
    "senMLParse" : "cloud-0-1-0-0-1-1-1",
    "sink" : "cloud-0-0-0-0-0-0-1-1",
    "slidingLinearReg" : "cloud-1-1-0-1-0",
    "source" : "cloud-0-0-1-1-0-0-0-0-0",
    "zip" : "cloud-1-0-0-0-1-1-1-0"
  },
  "appLoopLatency" : 77.90949666299981,
  "latencyPerTupleType" : {
    "average_TUPLE" : 15.565071810043293,
    "sink_TUPLE" : 2.3284882404470406,
    "slidingLinearReg_TUPLE" : 31.108872370026646,
    "acc_TUPLE" : 0.7508176043315701,
    "blobUpload_TUPLE" : 3.6600717929260473,
    "kalmanFilter_TUPLE" : 29.126534598953274,
    "plt_TUPLE" : 3.900833894231879,
    "zip_TUPLE" : 12.126309905371581,
    "senMLParse_TUPLE" : 0.11922147020203681,
    "distinctCount_TUPLE" : 3.0325702707071795,
    "TUPLE" : 0.09256444444444671
  },
  "tuplesProcessedPerModule" : {
    "acc" : 9716,
    "zip" : 9618,
    "average" : 4669,
    "distinctCount" : 4800,
    "blobUpload" : 9477,
    "sink" : 9477,
    "kalmanFilter" : 4660,
    "plt" : 9645,
    "slidingLinearReg" : 4530,
    "source" : 4800,
    "senMLParse" : 4800
  },
  "recsInPerModule" : {
    "acc" : 4.858740409260766,
    "zip" : 4.863431333999945,
    "average" : 2.407413578812511,
    "distinctCount" : 2.4099517963866095,
    "blobUpload" : 4.784111322551317,
    "sink" : 4.762193862890649,
    "kalmanFilter" : 2.406930681535022,
    "plt" : 4.824961042840499,
    "slidingLinearReg" : 2.334200299487366,
    "source" : 2.4235068042478014,
    "senMLParse" : 2.4163063420659245
  },
  "recsOutPerModule" : {
    "acc" : 4.859177431958657,
    "zip" : 4.825982396347387,
    "average" : 2.3445804998270567,
    "distinctCount" : 2.405827543963937,
    "blobUpload" : 4.776836906535301,
    "sink" : 4.757596759368816,
    "kalmanFilter" : 2.3398260521244194,
    "plt" : 4.82462826615417,
    "slidingLinearReg" : 2.3085856810102268,
    "source" : 2.4235042550381434,
    "senMLParse" : 2.416138643223579
  },
  "remainingDataPerDevice" : {
    "acc" : 142000,
    "zip" : 282000,
    "average" : 0,
    "distinctCount" : 162000,
    "blobUpload" : 0,
    "sink" : 0,
    "kalmanFilter" : 0,
    "plt" : 2000,
    "slidingLinearReg" : 0,
    "source" : 0,
    "senMLParse" : 0
  },
  "executionTime" : 1831.0,
  "networkUsage" : 579041.42,
  "tuplesSentBySensors" : 4800
}