{
  "placement" : {
    "acc" : "cloud-1-1-1-1-1-1-0-1",
    "average" : "cloud-1-0-0-1-1-1-0-0-0",
    "blobUpload" : "cloud-0-1-0-0-0",
    "distinctCount" : "cloud-1-1-0-0-1-0-0-1-1",
    "kalmanFilter" : "cloud-0-0-1-0-0-0-0-1-1",
    "plt" : "cloud-0-1-0-1-1-1-0-1-1",
    "senMLParse" : "cloud-1-0-0-1-1-0-0-1-1",
    "sink" : "cloud-1-0-1-1-1-0-0-1-1",
    "slidingLinearReg" : "cloud",
    "source" : "cloud-0-1-1-1-0",
    "zip" : "cloud-1-0-1-1-1"
  },
  "appLoopLatency" : 51.79429196840668,
  "latencyPerTupleType" : {
    "average_TUPLE" : 1.5721077230303024,
    "sink_TUPLE" : 1.8328493006624218,
    "slidingLinearReg_TUPLE" : 0.911760115333612,
    "acc_TUPLE" : 1.7739427411790718,
    "blobUpload_TUPLE" : 1.465099748745559,
    "kalmanFilter_TUPLE" : 9.05761419238729,
    "plt_TUPLE" : 1.451768793329763,
    "zip_TUPLE" : 2.9202823200302426,
    "senMLParse_TUPLE" : 0.1128432655555704,
    "distinctCount_TUPLE" : 3.285829295757567,
    "TUPLE" : 0.09365388888889459
  },
  "tuplesProcessedPerModule" : {
    "acc" : 9866,
    "zip" : 9789,
    "average" : 4800,
    "distinctCount" : 4800,
    "blobUpload" : 9789,
    "sink" : 9789,
    "kalmanFilter" : 4682,
    "plt" : 9789,
    "slidingLinearReg" : 4682,
    "source" : 4800,
    "senMLParse" : 4800
  },
  "recsInPerModule" : {
    "acc" : 4.935490966601013,
    "zip" : 4.96190461412245,
    "average" : 2.4103368700694157,
    "distinctCount" : 2.4058668416233084,
    "blobUpload" : 4.938332502315639,
    "sink" : 4.91562001347503,
    "kalmanFilter" : 2.406590586097339,
    "plt" : 4.98530081464077,
    "slidingLinearReg" : 2.3437722163165464,
    "source" : 2.4263244066499485,
    "senMLParse" : 2.4178899165151164
  },
  "recsOutPerModule" : {
    "acc" : 4.933490816967536,
    "zip" : 4.949319105148628,
    "average" : 2.4080174153407174,
    "distinctCount" : 2.4013583033101185,
    "blobUpload" : 4.931967195995082,
    "sink" : 4.907800395567948,
    "kalmanFilter" : 2.3478859529027956,
    "plt" : 4.978813931625116,
    "slidingLinearReg" : 2.3436240998529296,
    "source" : 2.4263231290789795,
    "senMLParse" : 2.4177427557173186
  },
  "remainingDataPerDevice" : {
    "acc" : 154000,
    "zip" : 0,
    "average" : 6000,
    "distinctCount" : 206000,
    "blobUpload" : 0,
    "sink" : 0,
    "kalmanFilter" : 0,
    "plt" : 0,
    "slidingLinearReg" : 12000,
    "source" : 0,
    "senMLParse" : 0
  },
  "executionTime" : 1541.0,
  "networkUsage" : 545487.35,
  "tuplesSentBySensors" : 4800
}