{
  "placement" : {
    "acc" : "cloud-0-0-0-1-0-0-1",
    "average" : "cloud-1-1-1-0-0-1-1-0",
    "blobUpload" : "cloud-0-1-0-0-1-0-1-0-1",
    "distinctCount" : "cloud-1-0-1-0-1-0-0-0-0",
    "kalmanFilter" : "cloud-0-1-0-0-0-1-1",
    "plt" : "cloud-1-1-0-0-0-0-1-0-0",
    "senMLParse" : "cloud-0-0-0-0-1-1-0",
    "sink" : "cloud-1-0-0-0-0-1-0-1-1",
    "slidingLinearReg" : "cloud-1-0-1-0-1-0-1-0",
    "source" : "cloud-0-0-1-1-1-1-1-0-1",
    "zip" : "cloud-1-0-1-1-0-0-0"
  },
  "appLoopLatency" : 60.98213088239513,
  "latencyPerTupleType" : {
    "average_TUPLE" : 15.171149773210605,
    "sink_TUPLE" : 4.384625731872444,
    "slidingLinearReg_TUPLE" : 2.6130704833157266,
    "acc_TUPLE" : 0.25513555168985075,
    "blobUpload_TUPLE" : 18.54877977647023,
    "kalmanFilter_TUPLE" : 1.8264579977777522,
    "plt_TUPLE" : 1.1946753720097913,
    "zip_TUPLE" : 1.333164661877224,
    "senMLParse_TUPLE" : 0.19491525333334625,
    "distinctCount_TUPLE" : 3.001924800403966,
    "TUPLE" : 0.09225249999999824
  },
  "tuplesProcessedPerModule" : {
    "acc" : 9787,
    "zip" : 9757,
    "average" : 4671,
    "distinctCount" : 4800,
    "blobUpload" : 9689,
    "sink" : 9586,
    "kalmanFilter" : 4800,
    "plt" : 9757,
    "slidingLinearReg" : 4745,
    "source" : 4800,
    "senMLParse" : 4800
  },
  "recsInPerModule" : {
    "acc" : 4.894403369707519,
    "zip" : 4.930267535908045,
    "average" : 2.4086183775751833,
    "distinctCount" : 2.4072896089534193,
    "blobUpload" : 4.909861438390398,
    "sink" : 4.802540937136453,
    "kalmanFilter" : 2.411886113839994,
    "plt" : 4.952100346686336,
    "slidingLinearReg" : 2.4005675515827694,
    "source" : 2.423751553347024,
    "senMLParse" : 2.418377197335097
  },
  "recsOutPerModule" : {
    "acc" : 4.8941458697152145,
    "zip" : 4.929707058886251,
    "average" : 2.34433158254344,
    "distinctCount" : 2.403174455546334,
    "blobUpload" : 4.851230784767444,
    "sink" : 4.798657943187624,
    "kalmanFilter" : 2.409242997920434,
    "plt" : 4.951534895013096,
    "slidingLinearReg" : 2.3730611646950446,
    "source" : 2.4237502784840683,
    "senMLParse" : 2.4182045962508627
  },
  "remainingDataPerDevice" : {
    "acc" : 60000,
    "zip" : 0,
    "average" : 2000,
    "distinctCount" : 250000,
    "blobUpload" : 515000,
    "sink" : 0,
    "kalmanFilter" : 0,
    "plt" : 0,
    "slidingLinearReg" : 182000,
    "source" : 0,
    "senMLParse" : 0
  },
  "executionTime" : 1762.0,
  "networkUsage" : 688909.39,
  "tuplesSentBySensors" : 4800
}