{
  "placement" : {
    "acc" : "cloud-0-1-0-0-0-0-1-1-1",
    "average" : "cloud-0-0-1-0-0-1-0-1-1",
    "blobUpload" : "cloud-0-0-0-1-1-0-1-1-0",
    "distinctCount" : "cloud-1-0-0-1-1-1-1-1",
    "kalmanFilter" : "cloud-0-0-0-0-1-1-1-1-0",
    "plt" : "cloud-0-1-0-1-1-1-1-1-1",
    "senMLParse" : "cloud-1-0-1-0-1-1-1-1-0",
    "sink" : "cloud-0-1-0-0-0-1-1-1-1",
    "slidingLinearReg" : "cloud-0-1-0-0-0-1-0-1",
    "source" : "cloud-1-1-0-1-1-0-0-0",
    "zip" : "cloud-0-1-1-0-1-1-1-1"
  },
  "appLoopLatency" : 58.82990381106458,
  "latencyPerTupleType" : {
    "average_TUPLE" : 2.950969069084601,
    "sink_TUPLE" : 2.1824178445362157,
    "slidingLinearReg_TUPLE" : 5.673154857224589,
    "acc_TUPLE" : 1.2177286013751383,
    "blobUpload_TUPLE" : 1.7765156848692054,
    "kalmanFilter_TUPLE" : 6.4242447308578425,
    "plt_TUPLE" : 3.4563692229638985,
    "zip_TUPLE" : 3.163880610526935,
    "senMLParse_TUPLE" : 5.353750883333393,
    "distinctCount_TUPLE" : 2.051936795905475,
    "TUPLE" : 0.09716722222222478
  },
  "tuplesProcessedPerModule" : {
    "acc" : 9792,
    "zip" : 9790,
    "average" : 4694,
    "distinctCount" : 4694,
    "blobUpload" : 9684,
    "sink" : 9573,
    "kalmanFilter" : 4694,
    "plt" : 9790,
    "slidingLinearReg" : 4653,
    "source" : 4800,
    "senMLParse" : 4800
  },
  "recsInPerModule" : {
    "acc" : 4.897560995534807,
    "zip" : 4.9205461919762765,
    "average" : 2.347468084549193,
    "distinctCount" : 2.3489951889463394,
    "blobUpload" : 4.871139077313915,
    "sink" : 4.848669134763423,
    "kalmanFilter" : 2.3480551919356913,
    "plt" : 4.948944376680016,
    "slidingLinearReg" : 2.326804180201973,
    "source" : 2.423262104572847,
    "senMLParse" : 2.412417718568417
  },
  "recsOutPerModule" : {
    "acc" : 4.897265024771713,
    "zip" : 4.910389964140824,
    "average" : 2.347172850912065,
    "distinctCount" : 2.3487552163568117,
    "blobUpload" : 4.865235069831067,
    "sink" : 4.837844769836725,
    "kalmanFilter" : 2.347546328219772,
    "plt" : 4.937670584261767,
    "slidingLinearReg" : 2.3266029996842144,
    "source" : 2.4232570071884068,
    "senMLParse" : 2.405621937867391
  },
  "remainingDataPerDevice" : {
    "acc" : 4000,
    "zip" : 212000,
    "average" : 8000,
    "distinctCount" : 84000,
    "blobUpload" : 0,
    "sink" : 0,
    "kalmanFilter" : 82000,
    "plt" : 0,
    "slidingLinearReg" : 6000,
    "source" : 0,
    "senMLParse" : 636000
  },
  "executionTime" : 1788.0,
  "networkUsage" : 601612.24,
  "tuplesSentBySensors" : 4800
}