{
  "placement" : {
    "acc" : "cloud-1-0-1-1-0-1-1-0",
    "average" : "cloud-1-1-0-0-0-0-1-1-1",
    "blobUpload" : "cloud-0-0-0-0-1-1-0-0",
    "distinctCount" : "cloud-1-0-1-0-0-1-1-0",
    "kalmanFilter" : "cloud-0-0-0-0-0-0-0-0",
    "plt" : "cloud-0-1-1-1-0-0-0-0",
    "senMLParse" : "cloud-1-0-0-1-1-0-0-0-1",
    "sink" : "cloud-0-0-1-0-0-1",
    "slidingLinearReg" : "cloud-0-1-0-1-0",
    "source" : "cloud-0-1-0-0-1-1-0-0",
    "zip" : "cloud-0-0-0-1-1-1-0-0-1"
  },
  "appLoopLatency" : 51.0096414721016,
  "latencyPerTupleType" : {
    "average_TUPLE" : 1.626252566222577,
    "sink_TUPLE" : 2.395212949810375,
    "acc_TUPLE" : 1.7427399408463968,
    "slidingLinearReg_TUPLE" : 5.411509440817384,
    "blobUpload_TUPLE" : 3.772848642133074,
    "kalmanFilter_TUPLE" : 8.515242390951705,
    "plt_TUPLE" : 3.9289042031385883,
    "zip_TUPLE" : 3.845245237855898,
    "senMLParse_TUPLE" : 0.2087680377777877,
    "distinctCount_TUPLE" : 3.160975493720004,
    "TUPLE" : 0.0903336111111091
  },
  "tuplesProcessedPerModule" : {
    "acc" : 9822,
    "zip" : 9781,
    "average" : 4729,
    "distinctCount" : 4724,
    "blobUpload" : 9672,
    "sink" : 9672,
    "kalmanFilter" : 4686,
    "plt" : 9782,
    "slidingLinearReg" : 4651,
    "source" : 4800,
    "senMLParse" : 4800
  },
  "recsInPerModule" : {
    "acc" : 4.912743150081284,
    "zip" : 4.914242091108212,
    "average" : 2.3886182192843726,
    "distinctCount" : 2.4015084825375927,
    "blobUpload" : 4.890577263377392,
    "sink" : 4.864365200337116,
    "kalmanFilter" : 2.382117873743217,
    "plt" : 4.892465223616845,
    "slidingLinearReg" : 2.3303865703155946,
    "source" : 2.4225283019439274,
    "senMLParse" : 2.4101200432482353
  },
  "recsOutPerModule" : {
    "acc" : 4.911243085659957,
    "zip" : 4.903823140287259,
    "average" : 2.3647352882052575,
    "distinctCount" : 2.3639318170975856,
    "blobUpload" : 4.874663532402819,
    "sink" : 4.856361176951584,
    "kalmanFilter" : 2.343233146425795,
    "plt" : 4.8921185947393075,
    "slidingLinearReg" : 2.3301924218295773,
    "source" : 2.4225270283674765,
    "senMLParse" : 2.409948618746539
  },
  "remainingDataPerDevice" : {
    "acc" : 80000,
    "zip" : 0,
    "average" : 20000,
    "distinctCount" : 60000,
    "blobUpload" : 0,
    "sink" : 0,
    "kalmanFilter" : 70000,
    "plt" : 2000,
    "slidingLinearReg" : 2000,
    "source" : 0,
    "senMLParse" : 118000
  },
  "executionTime" : 1741.0,
  "networkUsage" : 491697.58,
  "tuplesSentBySensors" : 4800
}