{
  "placement" : {
    "acc" : "cloud-1-1-1-1-0-1-0-0",
    "average" : "cloud-0-0-1-1-1-1-0-1-1",
    "blobUpload" : "cloud-1-0-1-0-0-0-0-0-0",
    "distinctCount" : "cloud-1-1-1-1-0-1-1-0",
    "kalmanFilter" : "cloud-1-1-1-0-0-1-0-1-0",
    "plt" : "cloud-1-0-1-0-0-0-1",
    "senMLParse" : "cloud-0-0-1-1-0",
    "sink" : "cloud-1-1-1-1-0-1-1-0-0",
    "slidingLinearReg" : "cloud-0-1-1-0-1-1-1-0",
    "source" : "cloud-1-0-0-0-0-0-0",
    "zip" : "cloud-0-0-0-1-1-0-0-1-0"
  },
  "appLoopLatency" : 80.72798521390617,
  "latencyPerTupleType" : {
    "average_TUPLE" : 0.38515089222225884,
    "sink_TUPLE" : 3.7233784105836722,
    "acc_TUPLE" : 1.0672163930348282,
    "slidingLinearReg_TUPLE" : 31.224869072355236,
    "blobUpload_TUPLE" : 4.717826064355152,
    "kalmanFilter_TUPLE" : 27.422134767767755,
    "plt_TUPLE" : 4.409039102165901,
    "zip_TUPLE" : 10.916650406599917,
    "senMLParse_TUPLE" : 0.43277003000001857,
    "distinctCount_TUPLE" : 3.598477034141422,
    "TUPLE" : 0.09553777777778907
  },
  "tuplesProcessedPerModule" : {
    "acc" : 9752,
    "zip" : 9527,
    "average" : 4800,
    "distinctCount" : 4800,
    "blobUpload" : 9527,
    "sink" : 9527,
    "kalmanFilter" : 4662,
    "plt" : 9714,
    "slidingLinearReg" : 4531,
    "source" : 4800,
    "senMLParse" : 4800
  },
  "recsInPerModule" : {
    "acc" : 4.926316267780431,
    "zip" : 4.8589682386106645,
    "average" : 2.4133855090755407,
    "distinctCount" : 2.4091459848487538,
    "blobUpload" : 4.816594512580081,
    "sink" : 4.78692646734529,
    "kalmanFilter" : 2.407937430434139,
    "plt" : 4.859139065725564,
    "slidingLinearReg" : 2.330488133780448,
    "source" : 2.424241199878182,
    "senMLParse" : 2.4172798234939337
  },
  "recsOutPerModule" : {
    "acc" : 4.879118147232126,
    "zip" : 4.838124182070792,
    "average" : 2.412708204793808,
    "distinctCount" : 2.403769903122807,
    "blobUpload" : 4.806732136542734,
    "sink" : 4.780743491556714,
    "kalmanFilter" : 2.3413005464863406,
    "plt" : 4.857264936535371,
    "slidingLinearReg" : 2.3049198707693246,
    "source" : 2.4242386491233154,
    "senMLParse" : 2.4170313083813375
  },
  "remainingDataPerDevice" : {
    "acc" : 68000,
    "zip" : 0,
    "average" : 0,
    "distinctCount" : 0,
    "blobUpload" : 0,
    "sink" : 0,
    "kalmanFilter" : 8000,
    "plt" : 74000,
    "slidingLinearReg" : 0,
    "source" : 0,
    "senMLParse" : 0
  },
  "executionTime" : 2283.0,
  "networkUsage" : 613300.95,
  "tuplesSentBySensors" : 4800
}