{
  "placement" : {
    "acc" : "cloud-1-0-0-0-1-0-0-0-0",
    "average" : "cloud-0-0-0-1-1-0-1-1-1",
    "blobUpload" : "cloud-1-1-0-0-0-1-1-0-0",
    "distinctCount" : "cloud-1-1-0-0-1-0-0-0-0",
    "kalmanFilter" : "cloud-0-0-0-1-0-0-1",
    "plt" : "cloud-1-1-1-0-1-0-0-0",
    "senMLParse" : "cloud-0-1-1-0-1-0-0-0-1",
    "sink" : "cloud-1-0-1-1-1-0-0-1",
    "slidingLinearReg" : "cloud-1-1-1-1-1-0-0-0-1",
    "source" : "cloud-0-1-1-1-1-0-1-0-1",
    "zip" : "cloud-1-0-0"
  },
  "appLoopLatency" : 54.8394769034962,
  "latencyPerTupleType" : {
    "average_TUPLE" : 0.2593636068687011,
    "sink_TUPLE" : 3.7397068361763126,
    "slidingLinearReg_TUPLE" : 1.1730639456561376,
    "acc_TUPLE" : 0.1816202051010837,
    "blobUpload_TUPLE" : 16.606256203008265,
    "kalmanFilter_TUPLE" : 2.189975835151506,
    "plt_TUPLE" : 1.3284405058303497,
    "zip_TUPLE" : 1.9077165842137487,
    "senMLParse_TUPLE" : 0.21071531515145903,
    "distinctCount_TUPLE" : 0.436486857373769,
    "TUPLE" : 0.09327131313130595
  },
  "tuplesProcessedPerModule" : {
    "acc" : 9816,
    "zip" : 9765,
    "average" : 4800,
    "distinctCount" : 4800,
    "blobUpload" : 9765,
    "sink" : 9561,
    "kalmanFilter" : 4800,
    "plt" : 9766,
    "slidingLinearReg" : 4689,
    "source" : 4800,
    "senMLParse" : 4800
  },
  "recsInPerModule" : {
    "acc" : 4.9112430500516835,
    "zip" : 4.959017387864381,
    "average" : 2.406202499938674,
    "distinctCount" : 2.4048763947930505,
    "blobUpload" : 4.938847584551924,
    "sink" : 4.851946136851763,
    "kalmanFilter" : 2.4064437638176965,
    "plt" : 4.883354062037003,
    "slidingLinearReg" : 2.348616241237936,
    "source" : 2.4235068042478014,
    "senMLParse" : 2.415576970151861
  },
  "recsOutPerModule" : {
    "acc" : 4.908631510987889,
    "zip" : 4.952373614629555,
    "average" : 2.4060316322501603,
    "distinctCount" : 2.404693166382557,
    "blobUpload" : 4.889389419423296,
    "sink" : 4.8126861953065125,
    "kalmanFilter" : 2.4032609339651008,
    "plt" : 4.883017405367571,
    "slidingLinearReg" : 2.3446160455988694,
    "source" : 2.4235044867842546,
    "senMLParse" : 2.415404768529896
  },
  "remainingDataPerDevice" : {
    "acc" : 100000,
    "zip" : 0,
    "average" : 24000,
    "distinctCount" : 194000,
    "blobUpload" : 415000,
    "sink" : 0,
    "kalmanFilter" : 206000,
    "plt" : 2000,
    "slidingLinearReg" : 76000,
    "source" : 0,
    "senMLParse" : 0
  },
  "executionTime" : 1724.0,
  "networkUsage" : 593726.3,
  "tuplesSentBySensors" : 4800
}