{
  "placement" : {
    "acc" : "cloud-0-1-1-0-0-1-0-0",
    "average" : "cloud-1-0-1-0",
    "blobUpload" : "cloud-1-0-0-1-0-0-0-0-1",
    "distinctCount" : "cloud-1-0-0-1-0-0-0-1-1",
    "kalmanFilter" : "cloud-0-0-1-1-0-1-1-0-1",
    "plt" : "cloud-1-1-1-1-1-1-1",
    "senMLParse" : "cloud-0-0-0-1-1-0-1",
    "sink" : "cloud-0-0-1-1-0-1-0-1",
    "slidingLinearReg" : "cloud-0-0-0-1-1-0-0",
    "source" : "cloud-0-0-0-0-1-1-1-1",
    "zip" : "cloud-1-0-0-0-0-1-1-1-1"
  },
  "appLoopLatency" : 51.43180468347484,
  "latencyPerTupleType" : {
    "average_TUPLE" : 1.526377724240396,
    "sink_TUPLE" : 3.2275655195471598,
    "slidingLinearReg_TUPLE" : 2.770017366726314,
    "acc_TUPLE" : 0.5502910361085632,
    "blobUpload_TUPLE" : 2.3515806714780276,
    "kalmanFilter_TUPLE" : 3.179944681879363,
    "plt_TUPLE" : 8.213126708546335,
    "zip_TUPLE" : 2.3157281008103543,
    "senMLParse_TUPLE" : 3.278941712916676,
    "distinctCount_TUPLE" : 13.101012093769228,
    "TUPLE" : 0.09095361111111383
  },
  "tuplesProcessedPerModule" : {
    "acc" : 9812,
    "zip" : 9736,
    "average" : 4800,
    "distinctCount" : 4710,
    "blobUpload" : 9736,
    "sink" : 9572,
    "kalmanFilter" : 4800,
    "plt" : 9737,
    "slidingLinearReg" : 4726,
    "source" : 4800,
    "senMLParse" : 4800
  },
  "recsInPerModule" : {
    "acc" : 4.907224056741908,
    "zip" : 4.895554817545574,
    "average" : 2.4061831582344197,
    "distinctCount" : 2.404134331108274,
    "blobUpload" : 4.8751971711856585,
    "sink" : 4.823696504717742,
    "kalmanFilter" : 2.4078729875940477,
    "plt" : 4.873367365924773,
    "slidingLinearReg" : 2.3694161415568704,
    "source" : 2.4233844482332265,
    "senMLParse" : 2.41813353237698
  },
  "recsOutPerModule" : {
    "acc" : 4.906850838530604,
    "zip" : 4.888419039242034,
    "average" : 2.402686637181501,
    "distinctCount" : 2.359061987645477,
    "blobUpload" : 4.868120573352259,
    "sink" : 4.81586974976526,
    "kalmanFilter" : 2.4010003894903043,
    "plt" : 4.872869429847595,
    "slidingLinearReg" : 2.3681955479181878,
    "source" : 2.4233831737564264,
    "senMLParse" : 2.4133261349255886
  },
  "remainingDataPerDevice" : {
    "acc" : 150000,
    "zip" : 0,
    "average" : 16000,
    "distinctCount" : 68000,
    "blobUpload" : 820000,
    "sink" : 0,
    "kalmanFilter" : 148000,
    "plt" : 2000,
    "slidingLinearReg" : 62000,
    "source" : 0,
    "senMLParse" : 0
  },
  "executionTime" : 1719.0,
  "networkUsage" : 558822.44,
  "tuplesSentBySensors" : 4800
}