{
  "placement" : {
    "acc" : "cloud-0-1-1-1-0-1-1",
    "average" : "cloud-0-1-0-1-0-1-0-1-0",
    "blobUpload" : "cloud-1-1-1-0-1-0-0-1-1",
    "distinctCount" : "cloud-1-0-1-1-0-0",
    "kalmanFilter" : "cloud-1-1-1-0-0-1-0",
    "plt" : "cloud-0-1-1-1-0-1-1",
    "senMLParse" : "cloud-1-1-0-1-1-0-0-0-0",
    "sink" : "cloud-1-0-0-1-1-1-1",
    "slidingLinearReg" : "cloud-1-0-1-1-1-0-0",
    "source" : "cloud-1-1-0-1-0-1-1-1",
    "zip" : "cloud-1-1-1-0-0-0-0"
  },
  "appLoopLatency" : 138.77536178173366,
  "latencyPerTupleType" : {
    "average_TUPLE" : 3.1531977782237486,
    "sink_TUPLE" : 7.729585913123165,
    "slidingLinearReg_TUPLE" : 33.256955955272005,
    "acc_TUPLE" : 0.672132649420974,
    "blobUpload_TUPLE" : 71.86215012672896,
    "kalmanFilter_TUPLE" : 8.485354984210817,
    "plt_TUPLE" : 5.022285481783918,
    "zip_TUPLE" : 41.38884457723454,
    "senMLParse_TUPLE" : 0.3389771131312426,
    "distinctCount_TUPLE" : 4.7266000710295675,
    "TUPLE" : 0.09647909090909074
  },
  "tuplesProcessedPerModule" : {
    "acc" : 9806,
    "zip" : 9524,
    "average" : 4711,
    "distinctCount" : 4698,
    "blobUpload" : 9035,
    "sink" : 9035,
    "kalmanFilter" : 4681,
    "plt" : 9661,
    "slidingLinearReg" : 4663,
    "source" : 4800,
    "senMLParse" : 4800
  },
  "recsInPerModule" : {
    "acc" : 4.903487845554011,
    "zip" : 4.82690894789623,
    "average" : 2.4034040530643046,
    "distinctCount" : 2.406416335105663,
    "blobUpload" : 4.7966017127966545,
    "sink" : 4.6302067867401675,
    "kalmanFilter" : 2.4076233675614898,
    "plt" : 4.900742554901642,
    "slidingLinearReg" : 2.3421382448985373,
    "source" : 2.4226505715184117,
    "senMLParse" : 2.4163042632502147
  },
  "recsOutPerModule" : {
    "acc" : 4.903242678641516,
    "zip" : 4.764377740674028,
    "average" : 2.3596281612093373,
    "distinctCount" : 2.356185173728266,
    "blobUpload" : 4.64978190756699,
    "sink" : 4.611691228615207,
    "kalmanFilter" : 2.3501343652547573,
    "plt" : 4.835373677236348,
    "slidingLinearReg" : 2.333599038497943,
    "source" : 2.422645939870234,
    "senMLParse" : 2.4161066209755444
  },
  "remainingDataPerDevice" : {
    "acc" : 10000,
    "zip" : 348000,
    "average" : 16000,
    "distinctCount" : 24000,
    "blobUpload" : 0,
    "sink" : 0,
    "kalmanFilter" : 0,
    "plt" : 24000,
    "slidingLinearReg" : 22000,
    "source" : 0,
    "senMLParse" : 0
  },
  "executionTime" : 5390.0,
  "networkUsage" : 515578.79,
  "tuplesSentBySensors" : 4800
}