{
  "placement" : {
    "acc" : "cloud-0-0-1-0-0-1-0-0-1",
    "average" : "cloud-1-0-1-1-0-0-1-0-1",
    "blobUpload" : "cloud-1-1-0-0-0-1-1-1-0",
    "distinctCount" : "cloud-1-1-0-0-0-0-1-0-1",
    "kalmanFilter" : "cloud-1-1-0-0-0-0-0-1",
    "plt" : "cloud-0-1-0-0-0-0-1-1",
    "senMLParse" : "cloud-0-1-0-0-0-1-0-1",
    "sink" : "cloud-0-0-1-1-0-0-0-0-1",
    "slidingLinearReg" : "cloud-0-1-1-0-1-1-0-1-0",
    "source" : "cloud-1-1-1-1-1-0-1-1",
    "zip" : "cloud-0-1-0-1-1-1-0"
  },
  "appLoopLatency" : 84.51526256155438,
  "latencyPerTupleType" : {
    "average_TUPLE" : 0.31757915272728304,
    "sink_TUPLE" : 30.58254072208947,
    "slidingLinearReg_TUPLE" : 4.00432802235396,
    "acc_TUPLE" : 0.3985660061513606,
    "blobUpload_TUPLE" : 16.353862505962017,
    "kalmanFilter_TUPLE" : 28.807903432288118,
    "plt_TUPLE" : 13.612102314479078,
    "zip_TUPLE" : 2.129075022818061,
    "senMLParse_TUPLE" : 0.35358560808073536,
    "distinctCount_TUPLE" : 0.8241781888888572,
    "TUPLE" : 0.09767808080808232
  },
  "tuplesProcessedPerModule" : {
    "acc" : 9739,
    "zip" : 9610,
    "average" : 4800,
    "distinctCount" : 4800,
    "blobUpload" : 9517,
    "sink" : 9297,
    "kalmanFilter" : 4659,
    "plt" : 9610,
    "slidingLinearReg" : 4652,
    "source" : 4800,
    "senMLParse" : 4800
  },
  "recsInPerModule" : {
    "acc" : 4.872302104938916,
    "zip" : 4.837012036839514,
    "average" : 2.4031633958707292,
    "distinctCount" : 2.4038855072639866,
    "blobUpload" : 4.818649853176695,
    "sink" : 4.750106869231202,
    "kalmanFilter" : 2.40496949804568,
    "plt" : 4.878683504870561,
    "slidingLinearReg" : 2.3280578988785603,
    "source" : 2.423751553347024,
    "senMLParse" : 2.4146025590334594
  },
  "recsOutPerModule" : {
    "acc" : 4.872045667557158,
    "zip" : 4.836109367566711,
    "average" : 2.4027674191570747,
    "distinctCount" : 2.4024179104483485,
    "blobUpload" : 4.772517144836656,
    "sink" : 4.679606948592809,
    "kalmanFilter" : 2.3382673228046533,
    "plt" : 4.847748771589136,
    "slidingLinearReg" : 2.3278989277512814,
    "source" : 2.4237469174881574,
    "senMLParse" : 2.414405195032126
  },
  "remainingDataPerDevice" : {
    "acc" : 6000,
    "zip" : 0,
    "average" : 16000,
    "distinctCount" : 296000,
    "blobUpload" : 365000,
    "sink" : 0,
    "kalmanFilter" : 14000,
    "plt" : 0,
    "slidingLinearReg" : 4000,
    "source" : 0,
    "senMLParse" : 0
  },
  "executionTime" : 2442.0,
  "networkUsage" : 622685.82,
  "tuplesSentBySensors" : 4800
}