{
  "placement" : {
    "acc" : "cloud-1-1-0-0-1-0-1",
    "average" : "cloud-1-0-1-1-0-1-1",
    "blobUpload" : "cloud-0-0-1-0-1-0-1-1-0",
    "distinctCount" : "cloud-1-1-1-0-0-1-1-1-1",
    "kalmanFilter" : "cloud-1-0-1-1-0-1",
    "plt" : "cloud-0-0-0-1-0-1-0",
    "senMLParse" : "cloud-1-0-0-1-1-1-1",
    "sink" : "cloud-0-1-1-0-1-0-1",
    "slidingLinearReg" : "cloud-0-0-1-0-0-1-1-0",
    "source" : "cloud-0-1-0-1-1-1-0-0",
    "zip" : "cloud-1-0-0-0-1-0-1-1"
  },
  "appLoopLatency" : 87.68663875734579,
  "latencyPerTupleType" : {
    "average_TUPLE" : 1.6464187188889001,
    "sink_TUPLE" : 56.40715688545698,
    "slidingLinearReg_TUPLE" : 3.266094427383664,
    "acc_TUPLE" : 0.6623583722973606,
    "blobUpload_TUPLE" : 23.735552750706034,
    "kalmanFilter_TUPLE" : 28.788426741535936,
    "plt_TUPLE" : 2.4466851457279706,
    "zip_TUPLE" : 2.3017942556761413,
    "senMLParse_TUPLE" : 0.11564942000001868,
    "distinctCount_TUPLE" : 2.3239930276174303,
    "TUPLE" : 0.09213944444444643
  },
  "tuplesProcessedPerModule" : {
    "acc" : 9770,
    "zip" : 9625,
    "average" : 4800,
    "distinctCount" : 4739,
    "blobUpload" : 9593,
    "sink" : 9112,
    "kalmanFilter" : 4657,
    "plt" : 9737,
    "slidingLinearReg" : 4657,
    "source" : 4800,
    "senMLParse" : 4800
  },
  "recsInPerModule" : {
    "acc" : 4.885974491732959,
    "zip" : 4.838563681716427,
    "average" : 2.4059861836489014,
    "distinctCount" : 2.4032155875700543,
    "blobUpload" : 4.815601114725342,
    "sink" : 4.729688696465014,
    "kalmanFilter" : 2.4059861812369143,
    "plt" : 4.8690706798347865,
    "slidingLinearReg" : 2.3303630734266263,
    "source" : 2.423139773264792,
    "senMLParse" : 2.4133905965637448
  },
  "recsOutPerModule" : {
    "acc" : 4.885602908234024,
    "zip" : 4.8359263516368465,
    "average" : 2.4034562600312466,
    "distinctCount" : 2.3726747299389124,
    "blobUpload" : 4.799592005196934,
    "sink" : 4.570207229789735,
    "kalmanFilter" : 2.3397295265985183,
    "plt" : 4.8687257713342875,
    "slidingLinearReg" : 2.3301614503580734,
    "source" : 2.4231372248272116,
    "senMLParse" : 2.413243982926824
  },
  "remainingDataPerDevice" : {
    "acc" : 66000,
    "zip" : 0,
    "average" : 14000,
    "distinctCount" : 140000,
    "blobUpload" : 815000,
    "sink" : 0,
    "kalmanFilter" : 0,
    "plt" : 224000,
    "slidingLinearReg" : 14000,
    "source" : 0,
    "senMLParse" : 0
  },
  "executionTime" : 3687.0,
  "networkUsage" : 625420.23,
  "tuplesSentBySensors" : 4800
}