{
  "placement" : {
    "acc" : "cloud-0-0-1-0-1-1-1-1-1",
    "average" : "cloud-1-1-0-0-0-0-1-0",
    "blobUpload" : "cloud-1-0-1-1-0-1-0-1",
    "distinctCount" : "cloud-0-0-0-0-0-1-1-0",
    "kalmanFilter" : "cloud-1-0-1-0-0-0-0-0-0",
    "plt" : "cloud-1-1-1-0-0-0-1-1-1",
    "senMLParse" : "cloud-0-1-0-1-1-1-0-1-0",
    "sink" : "cloud-1-1-0-1-0-0-1-0-0",
    "slidingLinearReg" : "cloud-0-1-1-0-0-0-1-1",
    "source" : "cloud-0-0-1-1-0-0-0",
    "zip" : "cloud-1-0-1-1-1-1-0"
  },
  "appLoopLatency" : 74.65442551973327,
  "latencyPerTupleType" : {
    "average_TUPLE" : 5.538022307265982,
    "sink_TUPLE" : 8.122399793312526,
    "acc_TUPLE" : 1.6501473886096278,
    "slidingLinearReg_TUPLE" : 24.551143773306805,
    "blobUpload_TUPLE" : 4.055392027886773,
    "kalmanFilter_TUPLE" : 4.2054657421745345,
    "plt_TUPLE" : 3.2805858412542857,
    "zip_TUPLE" : 19.869182837435446,
    "senMLParse_TUPLE" : 3.9301588877777287,
    "distinctCount_TUPLE" : 12.934753405415979,
    "TUPLE" : 0.0922588888888987
  },
  "tuplesProcessedPerModule" : {
    "acc" : 9751,
    "zip" : 9599,
    "average" : 4719,
    "distinctCount" : 4712,
    "blobUpload" : 9518,
    "sink" : 9437,
    "kalmanFilter" : 4719,
    "plt" : 9719,
    "slidingLinearReg" : 4667,
    "source" : 4800,
    "senMLParse" : 4800
  },
  "recsInPerModule" : {
    "acc" : 4.878424272642145,
    "zip" : 4.891519719362636,
    "average" : 2.4023716066356586,
    "distinctCount" : 2.403935660761158,
    "blobUpload" : 4.800196774999408,
    "sink" : 4.792690486999547,
    "kalmanFilter" : 2.4029729194481417,
    "plt" : 4.916187906023642,
    "slidingLinearReg" : 2.3423501245416287,
    "source" : 2.424241199878182,
    "senMLParse" : 2.4176463497346696
  },
  "recsOutPerModule" : {
    "acc" : 4.877926019026329,
    "zip" : 4.806931350064544,
    "average" : 2.3639751461992717,
    "distinctCount" : 2.359869179954199,
    "blobUpload" : 4.775276316862466,
    "sink" : 4.773005372346532,
    "kalmanFilter" : 2.365826930368429,
    "plt" : 4.908321976822404,
    "slidingLinearReg" : 2.333848860810403,
    "source" : 2.424239924500078,
    "senMLParse" : 2.412398774188381
  },
  "remainingDataPerDevice" : {
    "acc" : 64000,
    "zip" : 0,
    "average" : 12000,
    "distinctCount" : 64000,
    "blobUpload" : 405000,
    "sink" : 0,
    "kalmanFilter" : 70000,
    "plt" : 0,
    "slidingLinearReg" : 196000,
    "source" : 0,
    "senMLParse" : 0
  },
  "executionTime" : 2326.0,
  "networkUsage" : 632287.24,
  "tuplesSentBySensors" : 4800
}