{
  "placement" : {
    "acc" : "cloud-1-1-1-0-0-1-1-0",
    "average" : "cloud-0-0-1-1-1-0-1-1-0",
    "blobUpload" : "cloud-1-1-0-0-1-1-0-1",
    "distinctCount" : "cloud-1-0-0-0-0-1-1-1-0",
    "kalmanFilter" : "cloud-1-0-0-1-1-0-0-1",
    "plt" : "cloud-1-0-1-0-0-1-0-0",
    "senMLParse" : "cloud-0-0-1-0-1-0-0-0",
    "sink" : "cloud-0-1-0-1-0-0-0-0-0",
    "slidingLinearReg" : "cloud-0-0-1-0-0-0-0-0-0",
    "source" : "cloud-1-0-1-0-0-0-0-0",
    "zip" : "cloud-0-0-1-0-0-0-0-1-1"
  },
  "appLoopLatency" : 63.23516421428535,
  "latencyPerTupleType" : {
    "average_TUPLE" : 16.708510222817182,
    "sink_TUPLE" : 5.979259788377802,
    "acc_TUPLE" : 2.88958290498167,
    "slidingLinearReg_TUPLE" : 7.154451607875949,
    "blobUpload_TUPLE" : 4.376198557118729,
    "kalmanFilter_TUPLE" : 9.653038581631545,
    "plt_TUPLE" : 4.311313273087361,
    "zip_TUPLE" : 5.7716849524211025,
    "senMLParse_TUPLE" : 0.12049633555557515,
    "distinctCount_TUPLE" : 5.616937590191902,
    "TUPLE" : 0.0934816666666631
  },
  "tuplesProcessedPerModule" : {
    "acc" : 9751,
    "zip" : 9621,
    "average" : 4669,
    "distinctCount" : 4690,
    "blobUpload" : 9621,
    "sink" : 9482,
    "kalmanFilter" : 4674,
    "plt" : 9747,
    "slidingLinearReg" : 4652,
    "source" : 4800,
    "senMLParse" : 4800
  },
  "recsInPerModule" : {
    "acc" : 4.876805642384208,
    "zip" : 4.883520656265929,
    "average" : 2.405973614044762,
    "distinctCount" : 2.401880249704752,
    "blobUpload" : 4.831172383978022,
    "sink" : 4.7828821867957485,
    "kalmanFilter" : 2.401399595919609,
    "plt" : 4.9125030956236655,
    "slidingLinearReg" : 2.326246302482684,
    "source" : 2.4241187696991213,
    "senMLParse" : 2.4133905965637448
  },
  "recsOutPerModule" : {
    "acc" : 4.876498239101913,
    "zip" : 4.850176128852518,
    "average" : 2.3418757346990904,
    "distinctCount" : 2.346993763574427,
    "blobUpload" : 4.818191675887515,
    "sink" : 4.782389671717975,
    "kalmanFilter" : 2.3391040188019283,
    "plt" : 4.900468221485129,
    "slidingLinearReg" : 2.3260528848035786,
    "source" : 2.4241162192018875,
    "senMLParse" : 2.413231344654207
  },
  "remainingDataPerDevice" : {
    "acc" : 8000,
    "zip" : 0,
    "average" : 0,
    "distinctCount" : 74000,
    "blobUpload" : 695000,
    "sink" : 0,
    "kalmanFilter" : 44000,
    "plt" : 0,
    "slidingLinearReg" : 4000,
    "source" : 0,
    "senMLParse" : 0
  },
  "executionTime" : 2169.0,
  "networkUsage" : 666098.3,
  "tuplesSentBySensors" : 4800
}