{
  "placement" : {
    "acc" : "cloud-1-1-0-0-0-1",
    "average" : "cloud-0-0-0-0-0-1",
    "blobUpload" : "cloud-1-1-1-1-1-0-0",
    "distinctCount" : "cloud-0-0-1-1-1-1-1-1-1",
    "kalmanFilter" : "cloud-1-1-0-0-1-0-0-0-0",
    "plt" : "cloud-0-1-0-0-1-0-1-0",
    "senMLParse" : "cloud-1-0-1-1-1-0-0-0-0",
    "sink" : "cloud-1-1-0-1-0-0-1-1-1",
    "slidingLinearReg" : "cloud-0-0-1-0-1-0",
    "source" : "cloud-0-0-0-1-1-0-1",
    "zip" : "cloud-1-0-0-0-0-0-1-0-1"
  },
  "appLoopLatency" : 53.942082001356795,
  "latencyPerTupleType" : {
    "average_TUPLE" : 15.491698808740752,
    "sink_TUPLE" : 3.8791796806576024,
    "acc_TUPLE" : 0.9549754013146238,
    "slidingLinearReg_TUPLE" : 2.913784866436396,
    "blobUpload_TUPLE" : 1.730640769096512,
    "kalmanFilter_TUPLE" : 1.3905909646465509,
    "plt_TUPLE" : 2.128207214902664,
    "zip_TUPLE" : 1.7815654913788042,
    "senMLParse_TUPLE" : 0.12047358686863623,
    "distinctCount_TUPLE" : 2.405615530303166,
    "TUPLE" : 0.0940088888888923
  },
  "tuplesProcessedPerModule" : {
    "acc" : 9824,
    "zip" : 9782,
    "average" : 4670,
    "distinctCount" : 4800,
    "blobUpload" : 9782,
    "sink" : 9782,
    "kalmanFilter" : 4800,
    "plt" : 9782,
    "slidingLinearReg" : 4686,
    "source" : 4800,
    "senMLParse" : 4800
  },
  "recsInPerModule" : {
    "acc" : 4.913242947580652,
    "zip" : 4.954255753173217,
    "average" : 2.406323611360988,
    "distinctCount" : 2.4047563530163503,
    "blobUpload" : 4.933050063557591,
    "sink" : 4.912267140704067,
    "kalmanFilter" : 2.4060823450385294,
    "plt" : 4.972866863919114,
    "slidingLinearReg" : 2.3562729861853207,
    "source" : 2.4236291726184436,
    "senMLParse" : 2.414600833683864
  },
  "recsOutPerModule" : {
    "acc" : 4.9122965799060125,
    "zip" : 4.948024903318322,
    "average" : 2.343082433566056,
    "distinctCount" : 2.4012184728465775,
    "blobUpload" : 4.926872406076756,
    "sink" : 4.903940366634642,
    "kalmanFilter" : 2.4038531456769303,
    "plt" : 4.972135368603269,
    "slidingLinearReg" : 2.3432714892689965,
    "source" : 2.4236227989607624,
    "senMLParse" : 2.4144333714844697
  },
  "remainingDataPerDevice" : {
    "acc" : 84000,
    "zip" : 0,
    "average" : 0,
    "distinctCount" : 218000,
    "blobUpload" : 0,
    "sink" : 0,
    "kalmanFilter" : 176000,
    "plt" : 0,
    "slidingLinearReg" : 72000,
    "source" : 0,
    "senMLParse" : 0
  },
  "executionTime" : 1555.0,
  "networkUsage" : 545000.68,
  "tuplesSentBySensors" : 4800
}