{
  "placement" : {
    "acc" : "cloud-0-0-0-1-0-0-0-1",
    "average" : "cloud-0-0-1-0-0-1-1-1-0",
    "blobUpload" : "cloud-0-1-1-0-0-1-1-0",
    "distinctCount" : "cloud-1-1-1-0-1-1-1-0",
    "kalmanFilter" : "cloud-0-0-1-0-1-1-0-1",
    "plt" : "cloud-1-0-1-0-0-1-1-0-1",
    "senMLParse" : "cloud-1-1-1-1-0-0-0-0-1",
    "sink" : "cloud-1-1-0-0-1-0-0-1-0",
    "slidingLinearReg" : "cloud-0-0-0-1-1-1-0-1-1",
    "source" : "cloud-0-1-0-1-1-1-1-1",
    "zip" : "cloud-0-0-1-1-1-0-0-0-0"
  },
  "appLoopLatency" : 62.1559774328668,
  "latencyPerTupleType" : {
    "average_TUPLE" : 1.623431015090858,
    "sink_TUPLE" : 4.531297038821233,
    "slidingLinearReg_TUPLE" : 2.9172202186584015,
    "acc_TUPLE" : 0.5234941331307672,
    "blobUpload_TUPLE" : 18.943538028476684,
    "kalmanFilter_TUPLE" : 7.8224709822303184,
    "plt_TUPLE" : 1.0717869138172538,
    "zip_TUPLE" : 2.688281624037364,
    "senMLParse_TUPLE" : 0.16564800585860948,
    "distinctCount_TUPLE" : 0.40897459030319167,
    "TUPLE" : 0.09172972222221679
  },
  "tuplesProcessedPerModule" : {
    "acc" : 9772,
    "zip" : 9771,
    "average" : 4739,
    "distinctCount" : 4800,
    "blobUpload" : 9664,
    "sink" : 9543,
    "kalmanFilter" : 4693,
    "plt" : 9771,
    "slidingLinearReg" : 4653,
    "source" : 4800,
    "senMLParse" : 4800
  },
  "recsInPerModule" : {
    "acc" : 4.891265238594751,
    "zip" : 4.9283926508278615,
    "average" : 2.3974075089127957,
    "distinctCount" : 2.402835296446294,
    "blobUpload" : 4.901793063688634,
    "sink" : 4.788067224084232,
    "kalmanFilter" : 2.398667832371392,
    "plt" : 4.9519445116529335,
    "slidingLinearReg" : 2.3267363974227053,
    "source" : 2.423751553347024,
    "senMLParse" : 2.4125427589392823
  },
  "recsOutPerModule" : {
    "acc" : 4.8909949239344455,
    "zip" : 4.917087397566234,
    "average" : 2.3699029759141674,
    "distinctCount" : 2.40265237891604,
    "blobUpload" : 4.848115157665734,
    "sink" : 4.782702996288211,
    "kalmanFilter" : 2.3466643345389055,
    "plt" : 4.946106018924474,
    "slidingLinearReg" : 2.326577640839348,
    "source" : 2.4237502784840683,
    "senMLParse" : 2.4123755820797315
  },
  "remainingDataPerDevice" : {
    "acc" : 2000,
    "zip" : 0,
    "average" : 22000,
    "distinctCount" : 298000,
    "blobUpload" : 605000,
    "sink" : 0,
    "kalmanFilter" : 80000,
    "plt" : 0,
    "slidingLinearReg" : 6000,
    "source" : 0,
    "senMLParse" : 18000
  },
  "executionTime" : 1839.0,
  "networkUsage" : 667631.38,
  "tuplesSentBySensors" : 4800
}