{
  "placement" : {
    "acc" : "cloud-1-1-1-0-0-1-0-1-0",
    "average" : "cloud-1-1-0-0-1-1-0-0",
    "blobUpload" : "cloud-0-1-1-1-0-0",
    "distinctCount" : "cloud-1-0-1-0-0-1-0-0",
    "kalmanFilter" : "cloud-0-1-0-0-0-1-0-0",
    "plt" : "cloud-0-1-1-0-1-0-1-0",
    "senMLParse" : "cloud-1-1-0-1-1-0-1-0-1",
    "sink" : "cloud-1-1-0-1-0",
    "slidingLinearReg" : "cloud-1-1-0-1-0-0-1-0-1",
    "source" : "cloud-0-1-1-0-1-0-0-1-1",
    "zip" : "cloud-1-0-1-0-0-0-1-0-0"
  },
  "appLoopLatency" : 84.87470359226784,
  "latencyPerTupleType" : {
    "average_TUPLE" : 1.3716665969697028,
    "sink_TUPLE" : 26.666103143336105,
    "acc_TUPLE" : 1.7296356142454639,
    "slidingLinearReg_TUPLE" : 28.659536696088832,
    "blobUpload_TUPLE" : 11.32554788302699,
    "kalmanFilter_TUPLE" : 29.450166170317633,
    "plt_TUPLE" : 10.72583820833863,
    "zip_TUPLE" : 3.1121791175957148,
    "senMLParse_TUPLE" : 0.1114049722222338,
    "distinctCount_TUPLE" : 2.9170112313130794,
    "TUPLE" : 0.09364638888888652
  },
  "tuplesProcessedPerModule" : {
    "acc" : 9658,
    "zip" : 9461,
    "average" : 4800,
    "distinctCount" : 4800,
    "blobUpload" : 9461,
    "sink" : 9299,
    "kalmanFilter" : 4656,
    "plt" : 9611,
    "slidingLinearReg" : 4532,
    "source" : 4800,
    "senMLParse" : 4800
  },
  "recsInPerModule" : {
    "acc" : 4.831155998429786,
    "zip" : 4.808626459527745,
    "average" : 2.4076770184204204,
    "distinctCount" : 2.405625690994837,
    "blobUpload" : 4.773854619040205,
    "sink" : 4.743358794101502,
    "kalmanFilter" : 2.40442066504577,
    "plt" : 4.834002392748037,
    "slidingLinearReg" : 2.3283480362256723,
    "source" : 2.4228951476981737,
    "senMLParse" : 2.4131491991087146
  },
  "recsOutPerModule" : {
    "acc" : 4.829156078726895,
    "zip" : 4.784961284758663,
    "average" : 2.405636656160841,
    "distinctCount" : 2.401402444952083,
    "blobUpload" : 4.753377673031612,
    "sink" : 4.66214796356751,
    "kalmanFilter" : 2.3380524512535468,
    "plt" : 4.828194431829847,
    "slidingLinearReg" : 2.3019872636572805,
    "source" : 2.4228938737359758,
    "senMLParse" : 2.4130026147992587
  },
  "remainingDataPerDevice" : {
    "acc" : 94000,
    "zip" : 0,
    "average" : 20000,
    "distinctCount" : 210000,
    "blobUpload" : 0,
    "sink" : 0,
    "kalmanFilter" : 0,
    "plt" : 0,
    "slidingLinearReg" : 0,
    "source" : 0,
    "senMLParse" : 0
  },
  "executionTime" : 2242.0,
  "networkUsage" : 525538.85,
  "tuplesSentBySensors" : 4800
}