{
  "placement" : {
    "acc" : "cloud-1-0-1-1-1-1-1-1-1",
    "average" : "cloud-1-0-1-0-0-1-1-0",
    "blobUpload" : "cloud-1-1-1-0-1-0-1",
    "distinctCount" : "cloud-1-1-1-0-1-0-0-1-1",
    "kalmanFilter" : "cloud-0-0-0-1-1-0-0-0-1",
    "plt" : "cloud-0-0-1-1-0-1-0-1-1",
    "senMLParse" : "cloud-1-0-1-0-0-1-0-1",
    "sink" : "cloud-0-1-0-1-0-1-0-1-1",
    "slidingLinearReg" : "cloud-0-1-1-1-0-1-0-1",
    "source" : "cloud-1-1-0-1-0-0-1-0-1",
    "zip" : "cloud-1-1-1-0-0-0-0-1-1"
  },
  "appLoopLatency" : 64.26055339441285,
  "latencyPerTupleType" : {
    "average_TUPLE" : 3.8854318488888233,
    "sink_TUPLE" : 15.607942681690433,
    "acc_TUPLE" : 1.9845259022903272,
    "slidingLinearReg_TUPLE" : 3.500340943085736,
    "blobUpload_TUPLE" : 8.417135749907263,
    "kalmanFilter_TUPLE" : 9.953035014821092,
    "plt_TUPLE" : 5.892799822976039,
    "zip_TUPLE" : 11.15531188739821,
    "senMLParse_TUPLE" : 0.10921256666659251,
    "distinctCount_TUPLE" : 18.46371553020561,
    "TUPLE" : 0.09741027777777665
  },
  "tuplesProcessedPerModule" : {
    "acc" : 9784,
    "zip" : 9527,
    "average" : 4800,
    "distinctCount" : 4668,
    "blobUpload" : 9527,
    "sink" : 9527,
    "kalmanFilter" : 4678,
    "plt" : 9769,
    "slidingLinearReg" : 4662,
    "source" : 4800,
    "senMLParse" : 4800
  },
  "recsInPerModule" : {
    "acc" : 4.8931187977492705,
    "zip" : 4.899940085369405,
    "average" : 2.4109182220846916,
    "distinctCount" : 2.4033133403537983,
    "blobUpload" : 4.815802339811179,
    "sink" : 4.791239842769577,
    "kalmanFilter" : 2.4023510756947277,
    "plt" : 4.886365271326594,
    "slidingLinearReg" : 2.3317137761824283,
    "source" : 2.4225283019439274,
    "senMLParse" : 2.413016508812475
  },
  "recsOutPerModule" : {
    "acc" : 4.892642397497401,
    "zip" : 4.826048381970452,
    "average" : 2.4059635588178034,
    "distinctCount" : 2.340669725509155,
    "blobUpload" : 4.814240811805883,
    "sink" : 4.7848579726132305,
    "kalmanFilter" : 2.3416551278164675,
    "plt" : 4.886069958536901,
    "slidingLinearReg" : 2.331213730337225,
    "source" : 2.422515566239672,
    "senMLParse" : 2.412857306267186
  },
  "remainingDataPerDevice" : {
    "acc" : 30000,
    "zip" : 0,
    "average" : 0,
    "distinctCount" : 32000,
    "blobUpload" : 0,
    "sink" : 0,
    "kalmanFilter" : 30000,
    "plt" : 2000,
    "slidingLinearReg" : 24000,
    "source" : 0,
    "senMLParse" : 0
  },
  "executionTime" : 3781.0,
  "networkUsage" : 625611.64,
  "tuplesSentBySensors" : 4800
}