{
  "placement" : {
    "acc" : "cloud-0-0-1-1-1-1-1-1-1",
    "average" : "cloud-1-0-1-0-1-0-0",
    "blobUpload" : "cloud-0-1-1-0-1-1-1-1-1",
    "distinctCount" : "cloud-0-0-0-0-0-1-0-0-1",
    "kalmanFilter" : "cloud-1-0-0-1-1-1-0-0",
    "plt" : "cloud-0-1-1-0-0-1",
    "senMLParse" : "cloud-1-1-0-0-1-0-1-0-0",
    "sink" : "cloud-1-1-0-0-0-1",
    "slidingLinearReg" : "cloud-0-1-0-1-0-0-0",
    "source" : "cloud-1-1-1-1-1-1-1-1",
    "zip" : "cloud-1-0-0-0-0-0-0"
  },
  "appLoopLatency" : 60.15876194122988,
  "latencyPerTupleType" : {
    "average_TUPLE" : 1.7548342911914272,
    "sink_TUPLE" : 11.023029785571522,
    "acc_TUPLE" : 0.8306140966383389,
    "slidingLinearReg_TUPLE" : 5.467001498073313,
    "blobUpload_TUPLE" : 3.3427666614584766,
    "kalmanFilter_TUPLE" : 3.4202131173124224,
    "plt_TUPLE" : 3.041228391589842,
    "zip_TUPLE" : 1.7136437251467447,
    "senMLParse_TUPLE" : 5.609807798989842,
    "distinctCount_TUPLE" : 3.900996259887079,
    "TUPLE" : 0.0969987878787897
  },
  "tuplesProcessedPerModule" : {
    "acc" : 9772,
    "zip" : 9756,
    "average" : 4691,
    "distinctCount" : 4691,
    "blobUpload" : 9647,
    "sink" : 9538,
    "kalmanFilter" : 4691,
    "plt" : 9756,
    "slidingLinearReg" : 4656,
    "source" : 4800,
    "senMLParse" : 4800
  },
  "recsInPerModule" : {
    "acc" : 4.887099665177639,
    "zip" : 4.909115978728112,
    "average" : 2.349610543787909,
    "distinctCount" : 2.3487869805801362,
    "blobUpload" : 4.881431070403517,
    "sink" : 4.831882860369498,
    "kalmanFilter" : 2.3497282125577668,
    "plt" : 4.936766736489646,
    "slidingLinearReg" : 2.329243984884134,
    "source" : 2.4241187696991213,
    "senMLParse" : 2.4150885156092996
  },
  "recsOutPerModule" : {
    "acc" : 4.886785840699145,
    "zip" : 4.903266488457164,
    "average" : 2.3494438331966303,
    "distinctCount" : 2.3485580316144117,
    "blobUpload" : 4.852055208790187,
    "sink" : 4.7995940156278545,
    "kalmanFilter" : 2.349512452333774,
    "plt" : 4.92622527117087,
    "slidingLinearReg" : 2.329091203896219,
    "source" : 2.4241141324354154,
    "senMLParse" : 2.4080889197274744
  },
  "remainingDataPerDevice" : {
    "acc" : 32000,
    "zip" : 0,
    "average" : 6000,
    "distinctCount" : 54000,
    "blobUpload" : 0,
    "sink" : 0,
    "kalmanFilter" : 66000,
    "plt" : 0,
    "slidingLinearReg" : 12000,
    "source" : 0,
    "senMLParse" : 654000
  },
  "executionTime" : 1867.0,
  "networkUsage" : 649145.58,
  "tuplesSentBySensors" : 4800
}