{
  "placement" : {
    "acc" : "cloud-0-0-1-0-0-1-0-1-0",
    "average" : "cloud-0-1-0-0-1-1-0-0-1",
    "blobUpload" : "cloud-0-1-1-0-1-0-0-1",
    "distinctCount" : "cloud-0-1-1-1-0-1-1-0",
    "kalmanFilter" : "cloud-0-0-0-0-1-1-1-1",
    "plt" : "cloud-0-0-1-1-1-0-0-1-1",
    "senMLParse" : "cloud-1-1-1-0-1-0-0-0-0",
    "sink" : "cloud-0-0-0-0-1-1-1-1-1",
    "slidingLinearReg" : "cloud-1-1-1-1-1",
    "source" : "cloud-1-1-1-1-1-1-0-1",
    "zip" : "cloud-0-0-1-0-1-1-1-1"
  },
  "appLoopLatency" : 82.06664840511444,
  "latencyPerTupleType" : {
    "average_TUPLE" : 3.4207819910422486,
    "sink_TUPLE" : 3.434409616614882,
    "acc_TUPLE" : 2.19369653406946,
    "slidingLinearReg_TUPLE" : 6.0185820776780155,
    "blobUpload_TUPLE" : 2.67700836214782,
    "kalmanFilter_TUPLE" : 3.4207819910422486,
    "plt_TUPLE" : 1.8996870614035166,
    "zip_TUPLE" : 24.706908134511533,
    "senMLParse_TUPLE" : 5.615123422222164,
    "distinctCount_TUPLE" : 33.21573480068661,
    "TUPLE" : 0.09836305555555643
  },
  "tuplesProcessedPerModule" : {
    "acc" : 9789,
    "zip" : 9543,
    "average" : 4691,
    "distinctCount" : 4691,
    "blobUpload" : 9543,
    "sink" : 9543,
    "kalmanFilter" : 4691,
    "plt" : 9652,
    "slidingLinearReg" : 4686,
    "source" : 4800,
    "senMLParse" : 4800
  },
  "recsInPerModule" : {
    "acc" : 4.8969868951645195,
    "zip" : 4.8708192885518296,
    "average" : 2.351259309750714,
    "distinctCount" : 2.4003660018070603,
    "blobUpload" : 4.796447712324063,
    "sink" : 4.777108820185712,
    "kalmanFilter" : 2.35232042958877,
    "plt" : 4.8853443274038435,
    "slidingLinearReg" : 2.3447037887574487,
    "source" : 2.4239963518854903,
    "senMLParse" : 2.4171479464910215
  },
  "recsOutPerModule" : {
    "acc" : 4.896073022580879,
    "zip" : 4.815813669431522,
    "average" : 2.3510432682666895,
    "distinctCount" : 2.3506787411566634,
    "blobUpload" : 4.794148545322766,
    "sink" : 4.774318038039125,
    "kalmanFilter" : 2.3521041930713085,
    "plt" : 4.886107429392922,
    "slidingLinearReg" : 2.343203663061181,
    "source" : 2.423983600740948,
    "senMLParse" : 2.4101364252451334
  },
  "remainingDataPerDevice" : {
    "acc" : 44000,
    "zip" : 0,
    "average" : 2000,
    "distinctCount" : 26000,
    "blobUpload" : 0,
    "sink" : 0,
    "kalmanFilter" : 4000,
    "plt" : 0,
    "slidingLinearReg" : 68000,
    "source" : 0,
    "senMLParse" : 436000
  },
  "executionTime" : 2790.0,
  "networkUsage" : 567789.12,
  "tuplesSentBySensors" : 4800
}