{
  "placement" : {
    "acc" : "cloud-1-1-0-1-1-0-1-1-1",
    "average" : "cloud-0-1-1-1-0-0-0-0-1",
    "blobUpload" : "cloud-0-1-1-0-1-1-0",
    "distinctCount" : "cloud-0-1-0-0-0-0-1-0-0",
    "kalmanFilter" : "cloud-1-1-1-0-1-0-0-1-0",
    "plt" : "cloud-0-0-1-0-0-1-0-1-1",
    "senMLParse" : "cloud-0-0-1-1-1-0-0-0-0",
    "sink" : "cloud-0-1-0-0-1-1-0-1-0",
    "slidingLinearReg" : "cloud-1-0-0-0-0-0-1",
    "source" : "cloud-0-1-0-0-1-1-0-1-1",
    "zip" : "cloud-0-1-0-0-1-1-0-0-0"
  },
  "appLoopLatency" : 59.61949630093274,
  "latencyPerTupleType" : {
    "average_TUPLE" : 14.065855055009255,
    "sink_TUPLE" : 2.453635849720606,
    "acc_TUPLE" : 1.2664745790936607,
    "slidingLinearReg_TUPLE" : 5.944208133018818,
    "blobUpload_TUPLE" : 1.0180075300327183,
    "kalmanFilter_TUPLE" : 8.471893385774287,
    "plt_TUPLE" : 1.897540251601821,
    "zip_TUPLE" : 1.9626969171716497,
    "senMLParse_TUPLE" : 0.21222721111113368,
    "distinctCount_TUPLE" : 0.397425995555578,
    "TUPLE" : 0.09141000000000113
  },
  "tuplesProcessedPerModule" : {
    "acc" : 9828,
    "zip" : 9753,
    "average" : 4678,
    "distinctCount" : 4800,
    "blobUpload" : 9644,
    "sink" : 9644,
    "kalmanFilter" : 4691,
    "plt" : 9753,
    "slidingLinearReg" : 4666,
    "source" : 4800,
    "senMLParse" : 4800
  },
  "recsInPerModule" : {
    "acc" : 4.919735459863432,
    "zip" : 4.897441125113715,
    "average" : 2.4075298402847185,
    "distinctCount" : 2.4070469156824816,
    "blobUpload" : 4.857497860032563,
    "sink" : 4.840077275567653,
    "kalmanFilter" : 2.4039126557157178,
    "plt" : 4.927207946283121,
    "slidingLinearReg" : 2.335127741022539,
    "source" : 2.4226505715184117,
    "senMLParse" : 2.4144831761248984
  },
  "recsOutPerModule" : {
    "acc" : 4.9147347319548045,
    "zip" : 4.886052715037416,
    "average" : 2.346782318364606,
    "distinctCount" : 2.406863356389796,
    "blobUpload" : 4.856896471652555,
    "sink" : 4.839029488196419,
    "kalmanFilter" : 2.349767564237606,
    "plt" : 4.916703996636256,
    "slidingLinearReg" : 2.333127633941642,
    "source" : 2.422648024109722,
    "senMLParse" : 2.4143111304108236
  },
  "remainingDataPerDevice" : {
    "acc" : 150000,
    "zip" : 218000,
    "average" : 0,
    "distinctCount" : 132000,
    "blobUpload" : 0,
    "sink" : 0,
    "kalmanFilter" : 42000,
    "plt" : 0,
    "slidingLinearReg" : 32000,
    "source" : 0,
    "senMLParse" : 0
  },
  "executionTime" : 1456.0,
  "networkUsage" : 599539.88,
  "tuplesSentBySensors" : 4800
}