{
  "placement" : {
    "acc" : "cloud-0-1-0-0-0-1-0-1-1",
    "average" : "cloud-1-1-1-0-1-1-0-1-1",
    "blobUpload" : "cloud-1-0-0-0-0",
    "distinctCount" : "cloud-0-0-1-0-0-0-1-0-0",
    "kalmanFilter" : "cloud-1-1-0-0-0-1",
    "plt" : "cloud-1-0-0-0-0-0-1-1-1",
    "senMLParse" : "cloud-1-1-1-1-0-1-1-1",
    "sink" : "cloud-1-0-1-0-1-1-1-0",
    "slidingLinearReg" : "cloud-1-0-0-0-0-1-1-0-1",
    "source" : "cloud-1-1-0-1-0-1-1-1-1",
    "zip" : "cloud-1-0-0-1-1-0-1-1"
  },
  "appLoopLatency" : 69.23705436243425,
  "latencyPerTupleType" : {
    "average_TUPLE" : 0.33141438000001455,
    "sink_TUPLE" : 3.0751742791537704,
    "slidingLinearReg_TUPLE" : 3.9754469148764042,
    "acc_TUPLE" : 2.3653925237263307,
    "blobUpload_TUPLE" : 6.285293855278633,
    "kalmanFilter_TUPLE" : 28.358938757114192,
    "plt_TUPLE" : 1.9157019668155044,
    "zip_TUPLE" : 13.787858219219784,
    "senMLParse_TUPLE" : 0.10759397555557243,
    "distinctCount_TUPLE" : 5.320863756923776,
    "TUPLE" : 0.09625750000000222
  },
  "tuplesProcessedPerModule" : {
    "acc" : 9757,
    "zip" : 9623,
    "average" : 4800,
    "distinctCount" : 4694,
    "blobUpload" : 9623,
    "sink" : 9505,
    "kalmanFilter" : 4662,
    "plt" : 9749,
    "slidingLinearReg" : 4660,
    "source" : 4800,
    "senMLParse" : 4800
  },
  "recsInPerModule" : {
    "acc" : 4.879092135159935,
    "zip" : 4.849769552962243,
    "average" : 2.4038048049445084,
    "distinctCount" : 2.4013995935168087,
    "blobUpload" : 4.835806461044264,
    "sink" : 4.796360375408943,
    "kalmanFilter" : 2.405129720997614,
    "plt" : 4.884966916434654,
    "slidingLinearReg" : 2.3314887260791357,
    "source" : 2.422161567259642,
    "senMLParse" : 2.4122990053633115
  },
  "recsOutPerModule" : {
    "acc" : 4.878784632767696,
    "zip" : 4.847743773756715,
    "average" : 2.4036092020915407,
    "distinctCount" : 2.348368699925075,
    "blobUpload" : 4.8236460263139795,
    "sink" : 4.7922141348191065,
    "kalmanFilter" : 2.3383646742803257,
    "plt" : 4.878305952266093,
    "slidingLinearReg" : 2.3312445179844037,
    "source" : 2.4221590208792207,
    "senMLParse" : 2.412139897477654
  },
  "remainingDataPerDevice" : {
    "acc" : 16000,
    "zip" : 0,
    "average" : 28000,
    "distinctCount" : 74000,
    "blobUpload" : 590000,
    "sink" : 0,
    "kalmanFilter" : 4000,
    "plt" : 252000,
    "slidingLinearReg" : 18000,
    "source" : 0,
    "senMLParse" : 0
  },
  "executionTime" : 2133.0,
  "networkUsage" : 522927.81,
  "tuplesSentBySensors" : 4800
}