{
  "placement" : {
    "acc" : "cloud-1-0-1-0-1-1-1-1",
    "average" : "cloud-1-0-1-1-0-1-0-0-1",
    "blobUpload" : "cloud-0-1-0-0-0-1-1-0",
    "distinctCount" : "cloud-0-1-1-0-1-1-1-0-0",
    "kalmanFilter" : "cloud-0-1-1-1-0-0",
    "plt" : "cloud-0-0-1-1-0-1-0-0-1",
    "senMLParse" : "cloud-0-0-1-0-0-0-1-0-0",
    "sink" : "cloud-1-1-0-0-0-0-1-0-1",
    "slidingLinearReg" : "cloud-1-1-1-1-1-1-0-1-0",
    "source" : "cloud-0-0-0-1-0",
    "zip" : "cloud-0-1-0-0-0-1-0-1"
  },
  "appLoopLatency" : 75.20374882717675,
  "latencyPerTupleType" : {
    "average_TUPLE" : 1.120113049696959,
    "sink_TUPLE" : 2.8390523977593967,
    "slidingLinearReg_TUPLE" : 29.347588217079917,
    "acc_TUPLE" : 0.7105890732184109,
    "blobUpload_TUPLE" : 3.243048938673651,
    "kalmanFilter_TUPLE" : 28.827024264909575,
    "plt_TUPLE" : 16.855548199821897,
    "zip_TUPLE" : 3.2706219425822205,
    "senMLParse_TUPLE" : 0.167863886868642,
    "distinctCount_TUPLE" : 2.921119306868659,
    "TUPLE" : 0.09394393939394222
  },
  "tuplesProcessedPerModule" : {
    "acc" : 9670,
    "zip" : 9595,
    "average" : 4800,
    "distinctCount" : 4800,
    "blobUpload" : 9468,
    "sink" : 9468,
    "kalmanFilter" : 4663,
    "plt" : 9618,
    "slidingLinearReg" : 4536,
    "source" : 4800,
    "senMLParse" : 4800
  },
  "recsInPerModule" : {
    "acc" : 4.835375767674081,
    "zip" : 4.811500568653835,
    "average" : 2.4075300635518726,
    "distinctCount" : 2.408738206562516,
    "blobUpload" : 4.771915931816327,
    "sink" : 4.745149394548912,
    "kalmanFilter" : 2.41394709155371,
    "plt" : 4.864263300863796,
    "slidingLinearReg" : 2.3395077243508062,
    "source" : 2.424486097340086,
    "senMLParse" : 2.4191074423718057
  },
  "recsOutPerModule" : {
    "acc" : 4.83508362533536,
    "zip" : 4.798526788907722,
    "average" : 2.4055995458094053,
    "distinctCount" : 2.4044070847043537,
    "blobUpload" : 4.7649713985664155,
    "sink" : 4.740766232675027,
    "kalmanFilter" : 2.3333146472605426,
    "plt" : 4.81555437094098,
    "slidingLinearReg" : 2.315540661786513,
    "source" : 2.4244837780032755,
    "senMLParse" : 2.4189347370394714
  },
  "remainingDataPerDevice" : {
    "acc" : 104000,
    "zip" : 254000,
    "average" : 18000,
    "distinctCount" : 218000,
    "blobUpload" : 0,
    "sink" : 0,
    "kalmanFilter" : 8000,
    "plt" : 46000,
    "slidingLinearReg" : 0,
    "source" : 0,
    "senMLParse" : 0
  },
  "executionTime" : 1851.0,
  "networkUsage" : 585220.9,
  "tuplesSentBySensors" : 4800
}