{
  "placement" : {
    "acc" : "cloud-0-1-1-1-1-0-0-0",
    "average" : "cloud-0-0-1-1-1-0-1-0-1",
    "blobUpload" : "cloud-0-1-1-0-1-1-1-1",
    "distinctCount" : "cloud-0-0-0-0-0-1",
    "kalmanFilter" : "cloud-0-0-1-1-0-0-0-1-1",
    "plt" : "cloud-0-0-0-0-1-0-0-1-1",
    "senMLParse" : "cloud-0-1-1-0-1-0-0-0-0",
    "sink" : "cloud-1-0-0-1-0",
    "slidingLinearReg" : "cloud-0-1-1-1-0-1",
    "source" : "cloud-1-1-0-1-1-1-0-1-1",
    "zip" : "cloud-0-0-0-0-0-1-0-0-1"
  },
  "appLoopLatency" : 79.5553128227614,
  "latencyPerTupleType" : {
    "average_TUPLE" : 3.8436598587726416,
    "sink_TUPLE" : 7.8582415521789,
    "acc_TUPLE" : 7.234579027181253,
    "slidingLinearReg_TUPLE" : 6.282149048365324,
    "blobUpload_TUPLE" : 18.44979884853086,
    "kalmanFilter_TUPLE" : 9.950079884494826,
    "plt_TUPLE" : 17.033595076263296,
    "zip_TUPLE" : 8.605372446402177,
    "senMLParse_TUPLE" : 0.10723980555557418,
    "distinctCount_TUPLE" : 18.72121606812343,
    "TUPLE" : 0.09691027777777889
  },
  "tuplesProcessedPerModule" : {
    "acc" : 9791,
    "zip" : 9524,
    "average" : 4704,
    "distinctCount" : 4668,
    "blobUpload" : 9524,
    "sink" : 9514,
    "kalmanFilter" : 4678,
    "plt" : 9524,
    "slidingLinearReg" : 4674,
    "source" : 4800,
    "senMLParse" : 4800
  },
  "recsInPerModule" : {
    "acc" : 4.89608237419889,
    "zip" : 4.845310621710945,
    "average" : 2.4024813453982494,
    "distinctCount" : 2.403443712033538,
    "blobUpload" : 4.825232639799353,
    "sink" : 4.779929217579547,
    "kalmanFilter" : 2.4027218635953544,
    "plt" : 4.934517253880276,
    "slidingLinearReg" : 2.3380509439625947,
    "source" : 2.421917139150745,
    "senMLParse" : 2.410239802772862
  },
  "recsOutPerModule" : {
    "acc" : 4.895773801750332,
    "zip" : 4.844130678149929,
    "average" : 2.3547975941261923,
    "distinctCount" : 2.338676175412039,
    "blobUpload" : 4.7768300437434,
    "sink" : 4.760754545954086,
    "kalmanFilter" : 2.3420166091215324,
    "plt" : 4.8596502118735625,
    "slidingLinearReg" : 2.3377789663527433,
    "source" : 2.421914593284224,
    "senMLParse" : 2.4100809663997693
  },
  "remainingDataPerDevice" : {
    "acc" : 46000,
    "zip" : 0,
    "average" : 4000,
    "distinctCount" : 2000,
    "blobUpload" : 50000,
    "sink" : 0,
    "kalmanFilter" : 8000,
    "plt" : 0,
    "slidingLinearReg" : 42000,
    "source" : 0,
    "senMLParse" : 0
  },
  "executionTime" : 4288.0,
  "networkUsage" : 507688.44,
  "tuplesSentBySensors" : 4800
}