{
  "placement" : {
    "acc" : "cloud-0-0-1-0-1-0-0-1-1",
    "average" : "cloud-1-1-0-0-1-1-1-1",
    "blobUpload" : "cloud-1-0-1-1-1-1-0-0",
    "distinctCount" : "cloud-0-0-1-0-1-1",
    "kalmanFilter" : "cloud-0-0-0-1-1-1-1",
    "plt" : "cloud-1-0-0-1-1-1-1-1-0",
    "senMLParse" : "cloud-1-0-1-1-0-1-0-0",
    "sink" : "cloud-0-1-1-1-0-0-0-1-0",
    "slidingLinearReg" : "cloud-0-0-0-1-0-1",
    "source" : "cloud-1-1-0-1-0-0-0-0-1",
    "zip" : "cloud-0-1-1-0-0"
  },
  "appLoopLatency" : 61.54747508671234,
  "latencyPerTupleType" : {
    "average_TUPLE" : 14.858646301026916,
    "sink_TUPLE" : 12.250037249653888,
    "acc_TUPLE" : 0.4115541124427154,
    "slidingLinearReg_TUPLE" : 2.357550250566726,
    "blobUpload_TUPLE" : 1.6685324468402012,
    "kalmanFilter_TUPLE" : 3.8815849044443937,
    "plt_TUPLE" : 3.1729610712551306,
    "zip_TUPLE" : 14.67652337532614,
    "senMLParse_TUPLE" : 0.1077328677777954,
    "distinctCount_TUPLE" : 0.7492024588888756,
    "TUPLE" : 0.09627138888889275
  },
  "tuplesProcessedPerModule" : {
    "acc" : 9933,
    "zip" : 9742,
    "average" : 4674,
    "distinctCount" : 4800,
    "blobUpload" : 9641,
    "sink" : 9536,
    "kalmanFilter" : 4800,
    "plt" : 9754,
    "slidingLinearReg" : 4704,
    "source" : 4800,
    "senMLParse" : 4800
  },
  "recsInPerModule" : {
    "acc" : 4.968222597487315,
    "zip" : 4.921035269840215,
    "average" : 2.4060942181948017,
    "distinctCount" : 2.40585301716111,
    "blobUpload" : 4.876351137916145,
    "sink" : 4.847408451737192,
    "kalmanFilter" : 2.4063354603589477,
    "plt" : 4.940614201752701,
    "slidingLinearReg" : 2.355623026342679,
    "source" : 2.424731044286197,
    "senMLParse" : 2.4164279843630863
  },
  "recsOutPerModule" : {
    "acc" : 4.96714870815372,
    "zip" : 4.890308773756686,
    "average" : 2.3445012287507616,
    "distinctCount" : 2.4050418473561144,
    "blobUpload" : 4.860851694664362,
    "sink" : 4.795868247069981,
    "kalmanFilter" : 2.401399595919609,
    "plt" : 4.9392268253233285,
    "slidingLinearReg" : 2.355247080622218,
    "source" : 2.4247284925004116,
    "senMLParse" : 2.4162683313595887
  },
  "remainingDataPerDevice" : {
    "acc" : 358000,
    "zip" : 0,
    "average" : 2000,
    "distinctCount" : 0,
    "blobUpload" : 0,
    "sink" : 0,
    "kalmanFilter" : 192000,
    "plt" : 0,
    "slidingLinearReg" : 46000,
    "source" : 0,
    "senMLParse" : 0
  },
  "executionTime" : 1717.0,
  "networkUsage" : 526558.74,
  "tuplesSentBySensors" : 4800
}