{
  "placement" : {
    "acc" : "cloud-0-1-0-1-1-0",
    "average" : "cloud-1-0-0-1-0-1",
    "blobUpload" : "cloud-1-1-1-0",
    "distinctCount" : "cloud-0-0-0-1-1-1-1-1-0",
    "kalmanFilter" : "cloud-0-1-0-1-0-1-0-0-0",
    "plt" : "cloud-0-1-1-1-0-1-0-0",
    "senMLParse" : "cloud-0-0-1-1-1",
    "sink" : "cloud-0-1-0-1-1-0-0-1-0",
    "slidingLinearReg" : "cloud-0-0-0-0-0-0-0-1-1",
    "source" : "cloud-0-0-1-0-0-1-1-1-1",
    "zip" : "cloud-1-0-0-0-0-0-1-1-1"
  },
  "appLoopLatency" : 49.960906820938746,
  "latencyPerTupleType" : {
    "average_TUPLE" : 1.1313140896969742,
    "sink_TUPLE" : 4.159326610643075,
    "acc_TUPLE" : 0.44192061532129834,
    "slidingLinearReg_TUPLE" : 31.84609158002899,
    "blobUpload_TUPLE" : 3.7114581676952385,
    "kalmanFilter_TUPLE" : 8.122435449898939,
    "plt_TUPLE" : 3.8924396773293832,
    "zip_TUPLE" : 1.9873241910688004,
    "senMLParse_TUPLE" : 0.18703443333334774,
    "distinctCount_TUPLE" : 3.582979704444446,
    "TUPLE" : 0.09179444444444723
  },
  "tuplesProcessedPerModule" : {
    "acc" : 9816,
    "zip" : 9622,
    "average" : 4800,
    "distinctCount" : 4800,
    "blobUpload" : 9619,
    "sink" : 9619,
    "kalmanFilter" : 4800,
    "plt" : 9698,
    "slidingLinearReg" : 4677,
    "source" : 4800,
    "senMLParse" : 4800
  },
  "recsInPerModule" : {
    "acc" : 4.909224742342965,
    "zip" : 4.8131951018565475,
    "average" : 2.412854775166916,
    "distinctCount" : 2.4118848490047973,
    "blobUpload" : 4.890583775415525,
    "sink" : 4.863075492991801,
    "kalmanFilter" : 2.411036809718143,
    "plt" : 4.85137653352543,
    "slidingLinearReg" : 2.346620682092354,
    "source" : 2.4216727603689217,
    "senMLParse" : 2.417401563827799
  },
  "recsOutPerModule" : {
    "acc" : 4.908966445814651,
    "zip" : 4.8129041895552005,
    "average" : 2.411264366511095,
    "distinctCount" : 2.4069136438225334,
    "blobUpload" : 4.878863138126838,
    "sink" : 4.849943442964897,
    "kalmanFilter" : 2.400957578403696,
    "plt" : 4.849967293974348,
    "slidingLinearReg" : 2.3404052562423883,
    "source" : 2.4216702150161464,
    "senMLParse" : 2.4172291019736476
  },
  "remainingDataPerDevice" : {
    "acc" : 228000,
    "zip" : 6000,
    "average" : 0,
    "distinctCount" : 154000,
    "blobUpload" : 0,
    "sink" : 0,
    "kalmanFilter" : 218000,
    "plt" : 152000,
    "slidingLinearReg" : 44000,
    "source" : 0,
    "senMLParse" : 0
  },
  "executionTime" : 1748.0,
  "networkUsage" : 465082.15,
  "tuplesSentBySensors" : 4800
}