{
  "placement" : {
    "acc" : "cloud-0-0-1-0-1-0-1-0-0",
    "average" : "cloud-0-0-0-0-0-0-1",
    "blobUpload" : "cloud-1-0-0-1-1-1-1-0",
    "distinctCount" : "cloud-0-0-1-0-1-1-0-1-1",
    "kalmanFilter" : "cloud-0-1-1-0-1-0-0-0-0",
    "plt" : "cloud-0-0-1-1-0-0-0-1",
    "senMLParse" : "cloud-1-1-0-0-0-1-0-1-0",
    "sink" : "cloud-1-0-1-0-1-0-0-0",
    "slidingLinearReg" : "cloud-1-1-0-0-1-1-1-1",
    "source" : "cloud-1-1-0-1-0-1-1-0",
    "zip" : "cloud-1-1-0-0-1-0-0-1"
  },
  "appLoopLatency" : 67.35939333123487,
  "latencyPerTupleType" : {
    "average_TUPLE" : 15.287184653544477,
    "sink_TUPLE" : 5.218534570944744,
    "acc_TUPLE" : 0.4756989974474776,
    "slidingLinearReg_TUPLE" : 16.71024540840813,
    "blobUpload_TUPLE" : 2.404441867756453,
    "kalmanFilter_TUPLE" : 3.1867402600000103,
    "plt_TUPLE" : 2.0191333423114357,
    "zip_TUPLE" : 8.212500480607325,
    "senMLParse_TUPLE" : 0.3390053577777881,
    "distinctCount_TUPLE" : 0.8758409888888802,
    "TUPLE" : 0.09652833333333868
  },
  "tuplesProcessedPerModule" : {
    "acc" : 9856,
    "zip" : 9654,
    "average" : 4674,
    "distinctCount" : 4800,
    "blobUpload" : 9654,
    "sink" : 9625,
    "kalmanFilter" : 4800,
    "plt" : 9757,
    "slidingLinearReg" : 4662,
    "source" : 4800,
    "senMLParse" : 4800
  },
  "recsInPerModule" : {
    "acc" : 4.929476347356807,
    "zip" : 4.8867543119472945,
    "average" : 2.4084685594048976,
    "distinctCount" : 2.4052100636179476,
    "blobUpload" : 4.84399812133013,
    "sink" : 4.835162106588623,
    "kalmanFilter" : 2.4067778677493097,
    "plt" : 4.880065315792383,
    "slidingLinearReg" : 2.337115677293285,
    "source" : 2.422283799816411,
    "senMLParse" : 2.4161821781858395
  },
  "recsOutPerModule" : {
    "acc" : 4.929159778083263,
    "zip" : 4.863767160552321,
    "average" : 2.347562856136734,
    "distinctCount" : 2.4037095024553516,
    "blobUpload" : 4.841086920945825,
    "sink" : 4.8248206861918135,
    "kalmanFilter" : 2.4021907781716187,
    "plt" : 4.880205331149984,
    "slidingLinearReg" : 2.331115382635316,
    "source" : 2.4222787065469062,
    "senMLParse" : 2.4159845558818107
  },
  "remainingDataPerDevice" : {
    "acc" : 192000,
    "zip" : 0,
    "average" : 0,
    "distinctCount" : 88000,
    "blobUpload" : 145000,
    "sink" : 0,
    "kalmanFilter" : 252000,
    "plt" : 14000,
    "slidingLinearReg" : 24000,
    "source" : 0,
    "senMLParse" : 0
  },
  "executionTime" : 1596.0,
  "networkUsage" : 614439.28,
  "tuplesSentBySensors" : 4800
}