{
  "placement" : {
    "acc" : "cloud-1-0-0-1-1-0-1-0-1",
    "average" : "cloud-1-0-1-0-1-0-0-0-1",
    "blobUpload" : "cloud-1-0-1-0-1-1-1-1",
    "distinctCount" : "cloud-0-1-1-1-1-1-0",
    "kalmanFilter" : "cloud-0-0-0-0-1-0",
    "plt" : "cloud-0-0-0-0-1-0-0-1-0",
    "senMLParse" : "cloud-0-1-1-1-1-0-0-0-1",
    "sink" : "cloud-0-1-1-1-0-1-0",
    "slidingLinearReg" : "cloud-0-0-0-0-1-1-0-0-0",
    "source" : "cloud-1-0-0-0-0-1-1-0-1",
    "zip" : "cloud-1-0-1-0-1-1-0-0"
  },
  "appLoopLatency" : 62.275460383598514,
  "latencyPerTupleType" : {
    "average_TUPLE" : 3.242230051124939,
    "sink_TUPLE" : 9.643362496384063,
    "slidingLinearReg_TUPLE" : 2.858486493821773,
    "acc_TUPLE" : 0.48368022079962114,
    "blobUpload_TUPLE" : 4.592840916146907,
    "kalmanFilter_TUPLE" : 6.472530326653977,
    "plt_TUPLE" : 1.6990583590101151,
    "zip_TUPLE" : 1.8742906868676894,
    "senMLParse_TUPLE" : 5.186999166666723,
    "distinctCount_TUPLE" : 32.89787625586262,
    "TUPLE" : 0.09619750000000143
  },
  "tuplesProcessedPerModule" : {
    "acc" : 9766,
    "zip" : 9620,
    "average" : 4694,
    "distinctCount" : 4694,
    "blobUpload" : 9620,
    "sink" : 9514,
    "kalmanFilter" : 4694,
    "plt" : 9620,
    "slidingLinearReg" : 4694,
    "source" : 4800,
    "senMLParse" : 4800
  },
  "recsInPerModule" : {
    "acc" : 4.884231280109078,
    "zip" : 4.843689218379622,
    "average" : 2.3502890644378747,
    "distinctCount" : 2.4032079495681242,
    "blobUpload" : 4.832475884400907,
    "sink" : 4.788953475147311,
    "kalmanFilter" : 2.4003237350626256,
    "plt" : 4.874635489661995,
    "slidingLinearReg" : 2.3515253147036654,
    "source" : 2.423262104572847,
    "senMLParse" : 2.41375467986667
  },
  "recsOutPerModule" : {
    "acc" : 4.883974297927726,
    "zip" : 4.838066173817072,
    "average" : 2.350024316205749,
    "distinctCount" : 2.3547779624965353,
    "blobUpload" : 4.821536368324742,
    "sink" : 4.7877996059431815,
    "kalmanFilter" : 2.353647689017403,
    "plt" : 4.868940406685675,
    "slidingLinearReg" : 2.3512786906082024,
    "source" : 2.423259555877946,
    "senMLParse" : 2.4069513752596525
  },
  "remainingDataPerDevice" : {
    "acc" : 292000,
    "zip" : 0,
    "average" : 8000,
    "distinctCount" : 26000,
    "blobUpload" : 530000,
    "sink" : 0,
    "kalmanFilter" : 0,
    "plt" : 0,
    "slidingLinearReg" : 72000,
    "source" : 0,
    "senMLParse" : 212000
  },
  "executionTime" : 2299.0,
  "networkUsage" : 558185.78,
  "tuplesSentBySensors" : 4800
}