{
  "placement" : {
    "acc" : "cloud-0-0-0-0-0-1-1",
    "average" : "cloud-0-0-1-0-0-0",
    "blobUpload" : "cloud-1-1-0-1-1-1-1-0-0",
    "distinctCount" : "cloud-1-1-1-0-0-0-1-1-1",
    "kalmanFilter" : "cloud-0-1-0-0-0-1-1-0-1",
    "plt" : "cloud-1-1-0-0-0-0",
    "senMLParse" : "cloud-1-0-1-1-0-0-0-0",
    "sink" : "cloud-0-0-0-1-0-1-0-0-0",
    "slidingLinearReg" : "cloud-0-0-0-1-0-0-1-1-1",
    "source" : "cloud-0-1-0-0-1-0",
    "zip" : "cloud-1-0-1-1-1-0-0-1-0"
  },
  "appLoopLatency" : 79.39656291845019,
  "latencyPerTupleType" : {
    "average_TUPLE" : 13.31508171160972,
    "sink_TUPLE" : 5.0772525296027196,
    "slidingLinearReg_TUPLE" : 30.26737808693924,
    "acc_TUPLE" : 2.133532456765213,
    "blobUpload_TUPLE" : 5.54133065672384,
    "kalmanFilter_TUPLE" : 29.243548211196853,
    "plt_TUPLE" : 4.180120210742034,
    "zip_TUPLE" : 1.7725357938858093,
    "senMLParse_TUPLE" : 0.20846304777779415,
    "distinctCount_TUPLE" : 2.7022373640143544,
    "TUPLE" : 0.08965999999999946
  },
  "tuplesProcessedPerModule" : {
    "acc" : 9667,
    "zip" : 9645,
    "average" : 4680,
    "distinctCount" : 4729,
    "blobUpload" : 9488,
    "sink" : 9488,
    "kalmanFilter" : 4656,
    "plt" : 9645,
    "slidingLinearReg" : 4532,
    "source" : 4800,
    "senMLParse" : 4800
  },
  "recsInPerModule" : {
    "acc" : 4.833890438640686,
    "zip" : 4.852476574774369,
    "average" : 2.404395575534418,
    "distinctCount" : 2.404154714927324,
    "blobUpload" : 4.829696559792003,
    "sink" : 4.760465861513903,
    "kalmanFilter" : 2.4048774295127378,
    "plt" : 4.87196309536398,
    "slidingLinearReg" : 2.3281151899013377,
    "source" : 2.4253436282433287,
    "senMLParse" : 2.4156995806436035
  },
  "recsOutPerModule" : {
    "acc" : 4.833522859816808,
    "zip" : 4.851317224954185,
    "average" : 2.3450773827369518,
    "distinctCount" : 2.3688552807884053,
    "blobUpload" : 4.783989722109025,
    "sink" : 4.750420594448055,
    "kalmanFilter" : 2.3358238366853743,
    "plt" : 4.869872171375036,
    "slidingLinearReg" : 2.305275756678659,
    "source" : 2.425342351705,
    "senMLParse" : 2.4155273615405077
  },
  "remainingDataPerDevice" : {
    "acc" : 44000,
    "zip" : 0,
    "average" : 0,
    "distinctCount" : 122000,
    "blobUpload" : 0,
    "sink" : 0,
    "kalmanFilter" : 0,
    "plt" : 0,
    "slidingLinearReg" : 0,
    "source" : 0,
    "senMLParse" : 0
  },
  "executionTime" : 1820.0,
  "networkUsage" : 691879.94,
  "tuplesSentBySensors" : 4800
}