{
  "placement" : {
    "acc" : "cloud-0-1-1-1-1-1-0-1-1",
    "average" : "cloud-0-1-0-1-1-1-1-1-0",
    "blobUpload" : "cloud-1-1-1-0-1-0",
    "distinctCount" : "cloud-1-0-1-0-0-0-1-0",
    "kalmanFilter" : "cloud-0-0-1-0-0-1-1-1-0",
    "plt" : "cloud-0-1-1-1-0-0-1-0-0",
    "senMLParse" : "cloud-0-1-0-0-1-0-0-0-1",
    "sink" : "cloud-1-0-1-1-1-0-0-0-1",
    "slidingLinearReg" : "cloud-1-1-0-0-1-1-1",
    "source" : "cloud-1-1-1-1-1-0-0-0-0",
    "zip" : "cloud-1-1-0-1-0-1-1-0"
  },
  "appLoopLatency" : 62.41065724426273,
  "latencyPerTupleType" : {
    "average_TUPLE" : 2.9844308661616563,
    "sink_TUPLE" : 7.4054654414779,
    "acc_TUPLE" : 1.1344809466001984,
    "slidingLinearReg_TUPLE" : 33.38208384407698,
    "blobUpload_TUPLE" : 3.168390157353606,
    "kalmanFilter_TUPLE" : 10.678968770004325,
    "plt_TUPLE" : 2.499634023768729,
    "zip_TUPLE" : 7.969913346691732,
    "senMLParse_TUPLE" : 0.10624693111112728,
    "distinctCount_TUPLE" : 19.280907155517614,
    "TUPLE" : 0.09771722222222923
  },
  "tuplesProcessedPerModule" : {
    "acc" : 9663,
    "zip" : 9643,
    "average" : 4800,
    "distinctCount" : 4664,
    "blobUpload" : 9643,
    "sink" : 9518,
    "kalmanFilter" : 4674,
    "plt" : 9646,
    "slidingLinearReg" : 4654,
    "source" : 4800,
    "senMLParse" : 4800
  },
  "recsInPerModule" : {
    "acc" : 4.83361218460201,
    "zip" : 4.8730826422106,
    "average" : 2.407298409805114,
    "distinctCount" : 2.405488802052011,
    "blobUpload" : 4.843931891865035,
    "sink" : 4.8218786646520675,
    "kalmanFilter" : 2.4047657248344456,
    "plt" : 4.827080832383525,
    "slidingLinearReg" : 2.327806777969575,
    "source" : 2.4233844482332265,
    "senMLParse" : 2.4136307780799
  },
  "recsOutPerModule" : {
    "acc" : 4.833324622592933,
    "zip" : 4.860045268618224,
    "average" : 2.4034339160944733,
    "distinctCount" : 2.3374919296919625,
    "blobUpload" : 4.837360947190143,
    "sink" : 4.760032699876398,
    "kalmanFilter" : 2.3435607931674607,
    "plt" : 4.826788967139446,
    "slidingLinearReg" : 2.3273746004453884,
    "source" : 2.4233793503340686,
    "senMLParse" : 2.4134714944722147
  },
  "remainingDataPerDevice" : {
    "acc" : 34000,
    "zip" : 0,
    "average" : 20000,
    "distinctCount" : 6000,
    "blobUpload" : 0,
    "sink" : 0,
    "kalmanFilter" : 38000,
    "plt" : 6000,
    "slidingLinearReg" : 260000,
    "source" : 0,
    "senMLParse" : 0
  },
  "executionTime" : 2301.0,
  "networkUsage" : 546911.29,
  "tuplesSentBySensors" : 4800
}