{
  "placement" : {
    "acc" : "cloud-0-0-1-1-0-0-0-0-0",
    "average" : "cloud-0-1-1-0-0-0-0",
    "blobUpload" : "cloud-1-0-0-0-0-1-1-0-0",
    "distinctCount" : "cloud-0-0-0-1-0-0-1-1",
    "kalmanFilter" : "cloud-1-0-0-1-1-0-0-1-1",
    "plt" : "cloud-0-0-0-0-1-0-0",
    "senMLParse" : "cloud-1-0-1-1-0-0-1-0",
    "sink" : "cloud-0-1-1-1-1-1",
    "slidingLinearReg" : "cloud-0-1-0-1-0-0-1-0",
    "source" : "cloud-0-0-0-1-0-1-1-1-1",
    "zip" : "cloud-1-1-1-1-1-1-0-0-0"
  },
  "appLoopLatency" : 61.106201162074996,
  "latencyPerTupleType" : {
    "average_TUPLE" : 0.18843115794594711,
    "sink_TUPLE" : 17.06015822250853,
    "acc_TUPLE" : 0.4169568865326639,
    "slidingLinearReg_TUPLE" : 4.351699128888833,
    "blobUpload_TUPLE" : 1.5204983444247897,
    "kalmanFilter_TUPLE" : 1.1991298867368532,
    "plt_TUPLE" : 1.8068439478117844,
    "zip_TUPLE" : 1.103292669151062,
    "senMLParse_TUPLE" : 0.16912714444439342,
    "distinctCount_TUPLE" : 2.0344994016544136,
    "TUPLE" : 0.0950708333333312
  },
  "tuplesProcessedPerModule" : {
    "acc" : 9778,
    "zip" : 9770,
    "average" : 4797,
    "distinctCount" : 4733,
    "blobUpload" : 9770,
    "sink" : 9569,
    "kalmanFilter" : 4750,
    "plt" : 9770,
    "slidingLinearReg" : 4650,
    "source" : 4800,
    "senMLParse" : 4800
  },
  "recsInPerModule" : {
    "acc" : 4.889911741973968,
    "zip" : 4.93235453461891,
    "average" : 2.3990875083162573,
    "distinctCount" : 2.3931184462009356,
    "blobUpload" : 4.909201823340473,
    "sink" : 4.890178069372541,
    "kalmanFilter" : 2.3972659355024795,
    "plt" : 4.962628096931919,
    "slidingLinearReg" : 2.3832123911471976,
    "source" : 2.4227728534358706,
    "senMLParse" : 2.4109623888126093
  },
  "recsOutPerModule" : {
    "acc" : 4.889616272566146,
    "zip" : 4.928270031818896,
    "average" : 2.398587490077759,
    "distinctCount" : 2.366735477162933,
    "blobUpload" : 4.905155560521954,
    "sink" : 4.791137188698757,
    "kalmanFilter" : 2.37526354459545,
    "plt" : 4.954616679822639,
    "slidingLinearReg" : 2.376518409273277,
    "source" : 2.4227664842812824,
    "senMLParse" : 2.4107908444672863
  },
  "remainingDataPerDevice" : {
    "acc" : 16000,
    "zip" : 0,
    "average" : 28000,
    "distinctCount" : 154000,
    "blobUpload" : 0,
    "sink" : 0,
    "kalmanFilter" : 200000,
    "plt" : 0,
    "slidingLinearReg" : 0,
    "source" : 0,
    "senMLParse" : 44000
  },
  "executionTime" : 1620.0,
  "networkUsage" : 603580.18,
  "tuplesSentBySensors" : 4800
}