{
  "placement" : {
    "acc" : "cloud-1-1-1-0-1-0-1-1-1",
    "average" : "cloud-1-1-0-0-0-0-0-1-0",
    "blobUpload" : "cloud-0-0-1-0-1-1-0-0",
    "distinctCount" : "cloud-0-0-0-0-0-0-1-1-1",
    "kalmanFilter" : "cloud-1-0-1-1-0-1-0-0",
    "plt" : "cloud-0-1-0-1-1-1-0-0-1",
    "senMLParse" : "cloud-1-1-1-1-1-1-1-1-0",
    "sink" : "cloud-1-1-1-1-0-1-0-1",
    "slidingLinearReg" : "cloud-1-0-1-1-1-0-1-0",
    "source" : "cloud-0-1-0-0-1-1-1-1",
    "zip" : "cloud-0-0-0-1-1-1-1"
  },
  "appLoopLatency" : 66.32958168181783,
  "latencyPerTupleType" : {
    "average_TUPLE" : 1.7230422884848204,
    "sink_TUPLE" : 18.413946147351442,
    "slidingLinearReg_TUPLE" : 2.2056439271877846,
    "acc_TUPLE" : 0.2176985987696128,
    "blobUpload_TUPLE" : 17.357377366683533,
    "kalmanFilter_TUPLE" : 1.7230422884848204,
    "plt_TUPLE" : 0.8636223332369185,
    "zip_TUPLE" : 1.1346379317246706,
    "senMLParse_TUPLE" : 0.11505574747469122,
    "distinctCount_TUPLE" : 2.4554530125252567,
    "TUPLE" : 0.09134181818181586
  },
  "tuplesProcessedPerModule" : {
    "acc" : 9763,
    "zip" : 9744,
    "average" : 4800,
    "distinctCount" : 4800,
    "blobUpload" : 9592,
    "sink" : 9528,
    "kalmanFilter" : 4800,
    "plt" : 9744,
    "slidingLinearReg" : 4712,
    "source" : 4800,
    "senMLParse" : 4800
  },
  "recsInPerModule" : {
    "acc" : 4.881930102258222,
    "zip" : 4.935602844678584,
    "average" : 2.405383560780884,
    "distinctCount" : 2.4044196307190995,
    "blobUpload" : 4.9188987676386065,
    "sink" : 4.787862375280639,
    "kalmanFilter" : 2.404540081531711,
    "plt" : 4.956199266381573,
    "slidingLinearReg" : 2.368472494867655,
    "source" : 2.423139773264792,
    "senMLParse" : 2.4136335309612686
  },
  "recsOutPerModule" : {
    "acc" : 4.881647857125442,
    "zip" : 4.932594241408624,
    "average" : 2.4026043346756687,
    "distinctCount" : 2.400655322123804,
    "blobUpload" : 4.817846060007908,
    "sink" : 4.77107746438289,
    "kalmanFilter" : 2.4017628031035665,
    "plt" : 4.953165508449374,
    "slidingLinearReg" : 2.3564701028249284,
    "source" : 2.423137456503134,
    "senMLParse" : 2.4134868878071982
  },
  "remainingDataPerDevice" : {
    "acc" : 38000,
    "zip" : 0,
    "average" : 18000,
    "distinctCount" : 272000,
    "blobUpload" : 320000,
    "sink" : 0,
    "kalmanFilter" : 128000,
    "plt" : 0,
    "slidingLinearReg" : 124000,
    "source" : 0,
    "senMLParse" : 0
  },
  "executionTime" : 1946.0,
  "networkUsage" : 657685.72,
  "tuplesSentBySensors" : 4800
}