{
  "placement" : {
    "acc" : "cloud-1-0-1-0-0-0-0-1",
    "average" : "cloud-1-0-1-0-0",
    "blobUpload" : "cloud-0-1-1-0",
    "distinctCount" : "cloud-0-1-1-1-1-1-0-1-0",
    "kalmanFilter" : "cloud-1-1-0-1-1-0-0-0-0",
    "plt" : "cloud-0-0-0-1-0-0-1-0",
    "senMLParse" : "cloud-1-1-0-1-1-1-0-1-1",
    "sink" : "cloud-1-1-1-1",
    "slidingLinearReg" : "cloud-0-0-0-1-0-0-1-1",
    "source" : "cloud-1-1-1-0-1-1",
    "zip" : "cloud-1-0-0-0-0-0-0-0-0"
  },
  "appLoopLatency" : 56.67983696401527,
  "latencyPerTupleType" : {
    "average_TUPLE" : 3.7309584608080755,
    "sink_TUPLE" : 5.484246356513982,
    "acc_TUPLE" : 0.99304985031611,
    "slidingLinearReg_TUPLE" : 6.252634039041454,
    "blobUpload_TUPLE" : 4.157394538391865,
    "kalmanFilter_TUPLE" : 11.048688035181687,
    "plt_TUPLE" : 4.813537988473257,
    "zip_TUPLE" : 4.131541187223222,
    "senMLParse_TUPLE" : 0.13121244000001886,
    "distinctCount_TUPLE" : 6.037481652368704,
    "TUPLE" : 0.09711277777777956
  },
  "tuplesProcessedPerModule" : {
    "acc" : 9816,
    "zip" : 9766,
    "average" : 4800,
    "distinctCount" : 4686,
    "blobUpload" : 9637,
    "sink" : 9637,
    "kalmanFilter" : 4671,
    "plt" : 9772,
    "slidingLinearReg" : 4671,
    "source" : 4800,
    "senMLParse" : 4800
  },
  "recsInPerModule" : {
    "acc" : 4.908979305781404,
    "zip" : 4.9017181436547705,
    "average" : 2.4077814305058483,
    "distinctCount" : 2.4057299252351743,
    "blobUpload" : 4.859900650039943,
    "sink" : 4.838062907743882,
    "kalmanFilter" : 2.4111680079942253,
    "plt" : 4.886716380950765,
    "slidingLinearReg" : 2.3383047819715705,
    "source" : 2.424731044286197,
    "senMLParse" : 2.4164254500236417
  },
  "recsOutPerModule" : {
    "acc" : 4.9086315416707835,
    "zip" : 4.888285166631713,
    "average" : 2.403231537019834,
    "distinctCount" : 2.349224262047316,
    "blobUpload" : 4.848043133314942,
    "sink" : 4.823443023008741,
    "kalmanFilter" : 2.3493600442952602,
    "plt" : 4.886773318698206,
    "slidingLinearReg" : 2.337877429622266,
    "source" : 2.424725940719997,
    "senMLParse" : 2.41626579735502
  },
  "remainingDataPerDevice" : {
    "acc" : 86000,
    "zip" : 258000,
    "average" : 0,
    "distinctCount" : 14000,
    "blobUpload" : 0,
    "sink" : 0,
    "kalmanFilter" : 0,
    "plt" : 12000,
    "slidingLinearReg" : 42000,
    "source" : 0,
    "senMLParse" : 0
  },
  "executionTime" : 1982.0,
  "networkUsage" : 543469.48,
  "tuplesSentBySensors" : 4800
}