{
  "placement" : {
    "acc" : "cloud-0-0-0-1-1-1-0-1-1",
    "average" : "cloud-0-1-1-0-0-1-1-1",
    "blobUpload" : "cloud-1-1-1-1-1-1-0-1",
    "distinctCount" : "cloud-0-1-0-0-1-1-0-0-0",
    "kalmanFilter" : "cloud-0-1-0-1-0-0-0-0-0",
    "plt" : "cloud-0-0-1-0-1-1-1",
    "senMLParse" : "cloud-0-1-0-1-1-1-0-0",
    "sink" : "cloud-0-1-1-0-0-1",
    "slidingLinearReg" : "cloud-1-0-0-1-1-1-0",
    "source" : "cloud-1-0-1-0-0-1-1-1-1",
    "zip" : "cloud-1-1-0-1-1-0-1-0-0"
  },
  "appLoopLatency" : 58.800063711647816,
  "latencyPerTupleType" : {
    "average_TUPLE" : 2.3809179723232288,
    "sink_TUPLE" : 4.878652503317379,
    "slidingLinearReg_TUPLE" : 5.506866396197323,
    "acc_TUPLE" : 0.4705856863614321,
    "blobUpload_TUPLE" : 14.747629130002558,
    "kalmanFilter_TUPLE" : 10.893943661674534,
    "plt_TUPLE" : 1.9231228813259067,
    "zip_TUPLE" : 4.35866270190088,
    "senMLParse_TUPLE" : 0.43696466888891183,
    "distinctCount_TUPLE" : 4.529413207375936,
    "TUPLE" : 0.09348166666667326
  },
  "tuplesProcessedPerModule" : {
    "acc" : 9813,
    "zip" : 9779,
    "average" : 4800,
    "distinctCount" : 4700,
    "blobUpload" : 9653,
    "sink" : 9549,
    "kalmanFilter" : 4674,
    "plt" : 9779,
    "slidingLinearReg" : 4670,
    "source" : 4800,
    "senMLParse" : 4800
  },
  "recsInPerModule" : {
    "acc" : 4.906988190121301,
    "zip" : 4.921888238226772,
    "average" : 2.4066094200584383,
    "distinctCount" : 2.4063681157251384,
    "blobUpload" : 4.89393059159543,
    "sink" : 4.828371235561465,
    "kalmanFilter" : 2.4080582315497727,
    "plt" : 4.944930887241387,
    "slidingLinearReg" : 2.336050046903921,
    "source" : 2.4238739464354158,
    "senMLParse" : 2.4142402951842388
  },
  "recsOutPerModule" : {
    "acc" : 4.906678936358563,
    "zip" : 4.908670566235743,
    "average" : 2.4028838201247433,
    "distinctCount" : 2.3565972864444604,
    "blobUpload" : 4.830874108923337,
    "sink" : 4.826855993109087,
    "kalmanFilter" : 2.345795555156018,
    "plt" : 4.9435351715376274,
    "slidingLinearReg" : 2.3353911527357054,
    "source" : 2.423871396453329,
    "senMLParse" : 2.4139924046208363
  },
  "remainingDataPerDevice" : {
    "acc" : 68000,
    "zip" : 0,
    "average" : 20000,
    "distinctCount" : 44000,
    "blobUpload" : 520000,
    "sink" : 0,
    "kalmanFilter" : 8000,
    "plt" : 0,
    "slidingLinearReg" : 40000,
    "source" : 0,
    "senMLParse" : 0
  },
  "executionTime" : 1886.0,
  "networkUsage" : 578262.92,
  "tuplesSentBySensors" : 4800
}