{
  "placement" : {
    "acc" : "cloud-1-1-1-1-0-1-0",
    "average" : "cloud-0-0-1-0-1-0-0-0-0",
    "blobUpload" : "cloud-0-0-1-0-1-0-1-0-1",
    "distinctCount" : "cloud-0-0-0-1",
    "kalmanFilter" : "cloud-1-1-1-1-1-1-1",
    "plt" : "cloud-0-0-0-1-1-1-1-1-0",
    "senMLParse" : "cloud-1-0-0-1-1-0-0-1",
    "sink" : "cloud-1-1-1-0-1-0-0-1",
    "slidingLinearReg" : "cloud-1-0-1-1-0-1-0-1-1",
    "source" : "cloud-1-0-1-1-1-0-0-0",
    "zip" : "cloud-0-1-0-1-1-1-0-1"
  },
  "appLoopLatency" : 84.96463407254942,
  "latencyPerTupleType" : {
    "average_TUPLE" : 0.3863089555557951,
    "sink_TUPLE" : 10.392427084080019,
    "acc_TUPLE" : 2.625201576658903,
    "slidingLinearReg_TUPLE" : 7.1762784427081945,
    "blobUpload_TUPLE" : 23.073928366534762,
    "kalmanFilter_TUPLE" : 28.634183784029418,
    "plt_TUPLE" : 4.326062268394498,
    "zip_TUPLE" : 2.5760960165220395,
    "senMLParse_TUPLE" : 0.24899591434346713,
    "distinctCount_TUPLE" : 18.769759208689504,
    "TUPLE" : 0.09438444444444581
  },
  "tuplesProcessedPerModule" : {
    "acc" : 9723,
    "zip" : 9585,
    "average" : 4800,
    "distinctCount" : 4662,
    "blobUpload" : 9454,
    "sink" : 9273,
    "kalmanFilter" : 4660,
    "plt" : 9585,
    "slidingLinearReg" : 4660,
    "source" : 4800,
    "senMLParse" : 4800
  },
  "recsInPerModule" : {
    "acc" : 4.867676874228974,
    "zip" : 4.818590635099353,
    "average" : 2.4032899533217207,
    "distinctCount" : 2.4069052120643484,
    "blobUpload" : 4.798688225434604,
    "sink" : 4.7166905740330956,
    "kalmanFilter" : 2.406543216110901,
    "plt" : 4.83804824084434,
    "slidingLinearReg" : 2.3320976512913827,
    "source" : 2.4239963518854903,
    "senMLParse" : 2.4154526564782346
  },
  "recsOutPerModule" : {
    "acc" : 4.867306285886025,
    "zip" : 4.817742940174487,
    "average" : 2.402893934903874,
    "distinctCount" : 2.3418167986942473,
    "blobUpload" : 4.750174281542692,
    "sink" : 4.6767739625557825,
    "kalmanFilter" : 2.340648734017275,
    "plt" : 4.836583475637704,
    "slidingLinearReg" : 2.3319035930908854,
    "source" : 2.4239912514115747,
    "senMLParse" : 2.4152620586421842
  },
  "remainingDataPerDevice" : {
    "acc" : 276000,
    "zip" : 0,
    "average" : 12000,
    "distinctCount" : 0,
    "blobUpload" : 205000,
    "sink" : 0,
    "kalmanFilter" : 0,
    "plt" : 0,
    "slidingLinearReg" : 20000,
    "source" : 0,
    "senMLParse" : 0
  },
  "executionTime" : 2137.0,
  "networkUsage" : 697301.18,
  "tuplesSentBySensors" : 4800
}