{
  "placement" : {
    "acc" : "cloud-0-1-0-0-1-1-0-0-0",
    "average" : "cloud-1-0-0-1-0-0-0-1",
    "blobUpload" : "cloud-1-0-1-1-1-1-1-0-1",
    "distinctCount" : "cloud-1-0-1-1-0-0-1-0-0",
    "kalmanFilter" : "cloud-0-1-0",
    "plt" : "cloud-1-0-0-0-0-1-1-0-0",
    "senMLParse" : "cloud-1-1-1-1-1-1-0",
    "sink" : "cloud-1-0-1-1-0-0-0-1-0",
    "slidingLinearReg" : "cloud-1-1-0-1-1-1-0-0-0",
    "source" : "cloud-1-0-1-0-1-1-1-0",
    "zip" : "cloud-1-1-1-0-1-0-1-1-0"
  },
  "appLoopLatency" : 66.15999446584878,
  "latencyPerTupleType" : {
    "average_TUPLE" : 16.707539194045864,
    "sink_TUPLE" : 8.489093403266025,
    "slidingLinearReg_TUPLE" : 6.601103578729309,
    "acc_TUPLE" : 0.9544742148195895,
    "blobUpload_TUPLE" : 4.536172942730448,
    "kalmanFilter_TUPLE" : 11.316322655246351,
    "plt_TUPLE" : 1.8064680693816861,
    "zip_TUPLE" : 16.32092279659146,
    "senMLParse_TUPLE" : 0.1204268977777968,
    "distinctCount_TUPLE" : 5.616724373987264,
    "TUPLE" : 0.09484972222222451
  },
  "tuplesProcessedPerModule" : {
    "acc" : 9764,
    "zip" : 9630,
    "average" : 4669,
    "distinctCount" : 4690,
    "blobUpload" : 9513,
    "sink" : 9513,
    "kalmanFilter" : 4670,
    "plt" : 9760,
    "slidingLinearReg" : 4670,
    "source" : 4800,
    "senMLParse" : 4800
  },
  "recsInPerModule" : {
    "acc" : 4.882586543439602,
    "zip" : 4.901522971729961,
    "average" : 2.407421662294102,
    "distinctCount" : 2.4041659967394815,
    "blobUpload" : 4.816942467775793,
    "sink" : 4.793873668826533,
    "kalmanFilter" : 2.408508840444954,
    "plt" : 4.924812999772948,
    "slidingLinearReg" : 2.337102215847573,
    "source" : 2.4233844482332265,
    "senMLParse" : 2.4147261059398044
  },
  "recsOutPerModule" : {
    "acc" : 4.882086534576986,
    "zip" : 4.837753538854375,
    "average" : 2.3432861484846357,
    "distinctCount" : 2.349227427120114,
    "blobUpload" : 4.807683348640053,
    "sink" : 4.7857192392334635,
    "kalmanFilter" : 2.345671627792883,
    "plt" : 4.923529408053959,
    "slidingLinearReg" : 2.3368999894673452,
    "source" : 2.423381899280966,
    "senMLParse" : 2.414566677735356
  },
  "remainingDataPerDevice" : {
    "acc" : 8000,
    "zip" : 0,
    "average" : 2000,
    "distinctCount" : 76000,
    "blobUpload" : 0,
    "sink" : 0,
    "kalmanFilter" : 0,
    "plt" : 0,
    "slidingLinearReg" : 40000,
    "source" : 0,
    "senMLParse" : 0
  },
  "executionTime" : 2143.0,
  "networkUsage" : 625869.72,
  "tuplesSentBySensors" : 4800
}