{
  "placement" : {
    "acc" : "cloud-1-1-1-1-1-0-0-0",
    "average" : "cloud-0-0-1-1-0-1-1-0-0",
    "blobUpload" : "cloud-0-0-0-1-1-1-0-1-1",
    "distinctCount" : "cloud-1-0-0-0-1-1-0",
    "kalmanFilter" : "cloud-1-1-0-0-0-1-0-0-0",
    "plt" : "cloud-0-1-0-1-0",
    "senMLParse" : "cloud-0-1-1-1-0-0-0",
    "sink" : "cloud-1-1-0-0-0-0-0-0",
    "slidingLinearReg" : "cloud-1-0-0-1-1-0-0-1-1",
    "source" : "cloud-1-1-1-0-0-1-0-1",
    "zip" : "cloud-0-1-0-1-0-0-0-0"
  },
  "appLoopLatency" : 55.407134150537125,
  "latencyPerTupleType" : {
    "average_TUPLE" : 0.47371853353537335,
    "sink_TUPLE" : 4.683988098445673,
    "acc_TUPLE" : 0.6647727756156007,
    "slidingLinearReg_TUPLE" : 4.149073567756426,
    "blobUpload_TUPLE" : 1.5774672636495388,
    "kalmanFilter_TUPLE" : 10.114728722264347,
    "plt_TUPLE" : 3.0119588283192207,
    "zip_TUPLE" : 1.548949588961208,
    "senMLParse_TUPLE" : 0.13080547676759552,
    "distinctCount_TUPLE" : 1.0376899684848417,
    "TUPLE" : 0.09638929292929174
  },
  "tuplesProcessedPerModule" : {
    "acc" : 9867,
    "zip" : 9744,
    "average" : 4800,
    "distinctCount" : 4800,
    "blobUpload" : 9744,
    "sink" : 9615,
    "kalmanFilter" : 4671,
    "plt" : 9747,
    "slidingLinearReg" : 4671,
    "source" : 4800,
    "senMLParse" : 4800
  },
  "recsInPerModule" : {
    "acc" : 4.93374419813596,
    "zip" : 4.919900486434653,
    "average" : 2.40838593131982,
    "distinctCount" : 2.4081442706207876,
    "blobUpload" : 4.8942305207765395,
    "sink" : 4.86982603277866,
    "kalmanFilter" : 2.4072988592718936,
    "plt" : 4.874858474447508,
    "slidingLinearReg" : 2.335965921250807,
    "source" : 2.4226505715184117,
    "senMLParse" : 2.4143596540751613
  },
  "recsOutPerModule" : {
    "acc" : 4.933720836559039,
    "zip" : 4.912985689697349,
    "average" : 2.4081895822343315,
    "distinctCount" : 2.4069857515669075,
    "blobUpload" : 4.887387642602656,
    "sink" : 4.860092652803578,
    "kalmanFilter" : 2.3458204264097984,
    "plt" : 4.874337661426234,
    "slidingLinearReg" : 2.3356787701281077,
    "source" : 2.422645939870234,
    "senMLParse" : 2.4142002742541724
  },
  "remainingDataPerDevice" : {
    "acc" : 240000,
    "zip" : 0,
    "average" : 26000,
    "distinctCount" : 66000,
    "blobUpload" : 645000,
    "sink" : 0,
    "kalmanFilter" : 0,
    "plt" : 6000,
    "slidingLinearReg" : 42000,
    "source" : 0,
    "senMLParse" : 0
  },
  "executionTime" : 1785.0,
  "networkUsage" : 567230.56,
  "tuplesSentBySensors" : 4800
}