{
  "placement" : {
    "acc" : "cloud-1-0-1-0-1-1-0-0-1",
    "average" : "cloud-0-1-0-1-0-0-1-1-0",
    "blobUpload" : "cloud-1-0-0-1-1-0-0",
    "distinctCount" : "cloud-0-1-1-0-0-1-0-1",
    "kalmanFilter" : "cloud-0-0-0-1-0-0-0-1-1",
    "plt" : "cloud-1-0-0-1-1-0-0-0-0",
    "senMLParse" : "cloud-1-1-0-0-0-0-1-0-0",
    "sink" : "cloud-1-0-0-0-1-0-0-1-0",
    "slidingLinearReg" : "cloud-1-0-1-0-0-0-0-0-1",
    "source" : "cloud-1-0-1-0-0-0-0-0-1",
    "zip" : "cloud-0-0-0-1-0-1-0-0-0"
  },
  "appLoopLatency" : 62.93514574530993,
  "latencyPerTupleType" : {
    "average_TUPLE" : 0.41109428000002624,
    "sink_TUPLE" : 2.4383557662681676,
    "acc_TUPLE" : 2.434519779640068,
    "slidingLinearReg_TUPLE" : 7.867243606990043,
    "blobUpload_TUPLE" : 3.8645436947643472,
    "kalmanFilter_TUPLE" : 9.654026760921184,
    "plt_TUPLE" : 3.8562502701079784,
    "zip_TUPLE" : 3.856471790187595,
    "senMLParse_TUPLE" : 0.12114911333335089,
    "distinctCount_TUPLE" : 5.617905518407967,
    "TUPLE" : 0.09368999999999983
  },
  "tuplesProcessedPerModule" : {
    "acc" : 9762,
    "zip" : 9633,
    "average" : 4800,
    "distinctCount" : 4690,
    "blobUpload" : 9633,
    "sink" : 9523,
    "kalmanFilter" : 4674,
    "plt" : 9759,
    "slidingLinearReg" : 4653,
    "source" : 4800,
    "senMLParse" : 4800
  },
  "recsInPerModule" : {
    "acc" : 4.881816259612691,
    "zip" : 4.886325753124843,
    "average" : 2.403681922511527,
    "distinctCount" : 2.403802292198944,
    "blobUpload" : 4.835601321951283,
    "sink" : 4.80063225340037,
    "kalmanFilter" : 2.4030802283856647,
    "plt" : 4.924420739045148,
    "slidingLinearReg" : 2.326861498787452,
    "source" : 2.4241187696991213,
    "senMLParse" : 2.41508806079873
  },
  "recsOutPerModule" : {
    "acc" : 4.881508571427875,
    "zip" : 4.856323083192956,
    "average" : 2.403436195332189,
    "distinctCount" : 2.3488744607892302,
    "blobUpload" : 4.824259712800192,
    "sink" : 4.800138212124086,
    "kalmanFilter" : 2.3407440147849745,
    "plt" : 4.911162436827859,
    "slidingLinearReg" : 2.326660308358222,
    "source" : 2.4241136687100204,
    "senMLParse" : 2.4149285847973636
  },
  "remainingDataPerDevice" : {
    "acc" : 6000,
    "zip" : 0,
    "average" : 20000,
    "distinctCount" : 74000,
    "blobUpload" : 550000,
    "sink" : 0,
    "kalmanFilter" : 42000,
    "plt" : 0,
    "slidingLinearReg" : 6000,
    "source" : 0,
    "senMLParse" : 0
  },
  "executionTime" : 2206.0,
  "networkUsage" : 634309.7,
  "tuplesSentBySensors" : 4800
}