{
  "placement" : {
    "acc" : "cloud-0-0-0-1-0-0-1-1",
    "average" : "cloud-1-0-1-0-1-0-0-1",
    "blobUpload" : "cloud-1-1-1-0-1-1-0",
    "distinctCount" : "cloud-0-0-1-0-1-1-1",
    "kalmanFilter" : "cloud-0-1-1-0-1-0-0-1-0",
    "plt" : "cloud-1-0-0-1-0-1-1-0-1",
    "senMLParse" : "cloud-1-1-0-1-1-0-0-0",
    "sink" : "cloud-0-0-1-1-1-1-1-1-1",
    "slidingLinearReg" : "cloud-0-0-1-1-0-1-1-0-1",
    "source" : "cloud-1-0-0-0-0-0-0-1-0",
    "zip" : "cloud-0-0-0-1-0-0-1-1"
  },
  "appLoopLatency" : 59.095460516571634,
  "latencyPerTupleType" : {
    "average_TUPLE" : 0.38553283666670113,
    "sink_TUPLE" : 3.267364443506112,
    "acc_TUPLE" : 1.0431908055805095,
    "slidingLinearReg_TUPLE" : 6.3719295709286,
    "blobUpload_TUPLE" : 2.8596089746321858,
    "kalmanFilter_TUPLE" : 9.032025156020804,
    "plt_TUPLE" : 3.3629282030615357,
    "zip_TUPLE" : 5.1125230249461735,
    "senMLParse_TUPLE" : 0.4329575300000281,
    "distinctCount_TUPLE" : 0.8377450099999851,
    "TUPLE" : 0.09581555555556212
  },
  "tuplesProcessedPerModule" : {
    "acc" : 9794,
    "zip" : 9766,
    "average" : 4800,
    "distinctCount" : 4800,
    "blobUpload" : 9647,
    "sink" : 9576,
    "kalmanFilter" : 4681,
    "plt" : 9766,
    "slidingLinearReg" : 4669,
    "source" : 4800,
    "senMLParse" : 4800
  },
  "recsInPerModule" : {
    "acc" : 4.898007714770318,
    "zip" : 4.90922760587029,
    "average" : 2.4040756777783914,
    "distinctCount" : 2.403714503489413,
    "blobUpload" : 4.855411108482671,
    "sink" : 4.8290192463689054,
    "kalmanFilter" : 2.403955273486948,
    "plt" : 4.940916421040703,
    "slidingLinearReg" : 2.3361813338110853,
    "source" : 2.4238739464354158,
    "senMLParse" : 2.414845058154204
  },
  "recsOutPerModule" : {
    "acc" : 4.897007718092248,
    "zip" : 4.89788331464983,
    "average" : 2.403403588203063,
    "distinctCount" : 2.40215319343593,
    "blobUpload" : 4.84794874212306,
    "sink" : 4.8328633446642355,
    "kalmanFilter" : 2.346952941832926,
    "plt" : 4.9283040793263115,
    "slidingLinearReg" : 2.334681222042147,
    "source" : 2.4238688464766076,
    "senMLParse" : 2.4145970433893202
  },
  "remainingDataPerDevice" : {
    "acc" : 56000,
    "zip" : 238000,
    "average" : 38000,
    "distinctCount" : 246000,
    "blobUpload" : 0,
    "sink" : 0,
    "kalmanFilter" : 18000,
    "plt" : 0,
    "slidingLinearReg" : 36000,
    "source" : 0,
    "senMLParse" : 0
  },
  "executionTime" : 1778.0,
  "networkUsage" : 636557.05,
  "tuplesSentBySensors" : 4800
}