{
  "placement" : {
    "acc" : "cloud-0-0-1-0-1-0-1-1",
    "average" : "cloud-1-1-0-1-0-0-0-1-1",
    "blobUpload" : "cloud-1-0-1-0-0-1-1-0-1",
    "distinctCount" : "cloud-1-1-0-1-1-1-1-1-1",
    "kalmanFilter" : "cloud-1-1-0-0-1-1-0-0",
    "plt" : "cloud-1-0-0-1-0-0-1",
    "senMLParse" : "cloud-1-0-1-1-1-0",
    "sink" : "cloud-1-1-1-1-1-0-1-1-1",
    "slidingLinearReg" : "cloud-0-0-0-1-0-0-0",
    "source" : "cloud-1-0-1-1-1-0-1-0-1",
    "zip" : "cloud-1-1-1-1-1-0-0-0-1"
  },
  "appLoopLatency" : 54.09305559943217,
  "latencyPerTupleType" : {
    "average_TUPLE" : 1.742887955550955,
    "sink_TUPLE" : 2.557005849137823,
    "slidingLinearReg_TUPLE" : 2.9494069877792186,
    "acc_TUPLE" : 0.490156120784389,
    "blobUpload_TUPLE" : 1.8166141337426827,
    "kalmanFilter_TUPLE" : 6.068126276830532,
    "plt_TUPLE" : 14.450325978914897,
    "zip_TUPLE" : 1.6897202111520317,
    "senMLParse_TUPLE" : 5.495569146666813,
    "distinctCount_TUPLE" : 3.7955120961488915,
    "TUPLE" : 0.0941622222222208
  },
  "tuplesProcessedPerModule" : {
    "acc" : 9795,
    "zip" : 9631,
    "average" : 4800,
    "distinctCount" : 4692,
    "blobUpload" : 9631,
    "sink" : 9631,
    "kalmanFilter" : 4692,
    "plt" : 9740,
    "slidingLinearReg" : 4692,
    "source" : 4800,
    "senMLParse" : 4800
  },
  "recsInPerModule" : {
    "acc" : 4.898128709218052,
    "zip" : 4.872949886295123,
    "average" : 2.4052500308422777,
    "distinctCount" : 2.405008955642515,
    "blobUpload" : 4.851715347777308,
    "sink" : 4.829695305172951,
    "kalmanFilter" : 2.4057322056874906,
    "plt" : 4.871701448492782,
    "slidingLinearReg" : 2.347844827023491,
    "source" : 2.4227728534358706,
    "senMLParse" : 2.420815278701407
  },
  "recsOutPerModule" : {
    "acc" : 4.897845516174333,
    "zip" : 4.867162742248935,
    "average" : 2.402421011145151,
    "distinctCount" : 2.357500801315206,
    "blobUpload" : 4.845978500676611,
    "sink" : 4.822651616143424,
    "kalmanFilter" : 2.3581107459924744,
    "plt" : 4.871201325153444,
    "slidingLinearReg" : 2.3475988695048864,
    "source" : 2.4227703057700163,
    "senMLParse" : 2.4138457178572628
  },
  "remainingDataPerDevice" : {
    "acc" : 108000,
    "zip" : 0,
    "average" : 18000,
    "distinctCount" : 0,
    "blobUpload" : 0,
    "sink" : 0,
    "kalmanFilter" : 0,
    "plt" : 218000,
    "slidingLinearReg" : 70000,
    "source" : 0,
    "senMLParse" : 0
  },
  "executionTime" : 1913.0,
  "networkUsage" : 567155.2,
  "tuplesSentBySensors" : 4800
}