{
  "placement" : {
    "acc" : "cloud-0-1-1-1-1-1-0-0-0",
    "average" : "cloud-0-1-1-0-0-1-0-0-1",
    "blobUpload" : "cloud-1-0-1-1-1-0-0-0",
    "distinctCount" : "cloud-0-1-0-0-0-0-0-1",
    "kalmanFilter" : "cloud-0-1-1-1-0-0-1-0-0",
    "plt" : "cloud-1-0-0-1-1-0-0-1-1",
    "senMLParse" : "cloud-1-0-1-0-1-1-1-0-0",
    "sink" : "cloud-1-1-1-1-0-1-1-1-1",
    "slidingLinearReg" : "cloud-1-1-1-0-1-0-1",
    "source" : "cloud-1-0-1-0-0-1-0-1",
    "zip" : "cloud-0-0-0-1-1-1-0-1"
  },
  "appLoopLatency" : 57.14781632812474,
  "latencyPerTupleType" : {
    "average_TUPLE" : 32.979724668092736,
    "sink_TUPLE" : 3.9730038905891725,
    "acc_TUPLE" : 2.1432181806826462,
    "slidingLinearReg_TUPLE" : 6.1213497454156265,
    "blobUpload_TUPLE" : 3.459425551392035,
    "kalmanFilter_TUPLE" : 3.482023262255534,
    "plt_TUPLE" : 1.7503149806956009,
    "zip_TUPLE" : 3.4156144419198156,
    "senMLParse_TUPLE" : 5.609062168888927,
    "distinctCount_TUPLE" : 4.331740763321733,
    "TUPLE" : 0.09348166666666308
  },
  "tuplesProcessedPerModule" : {
    "acc" : 9822,
    "zip" : 9771,
    "average" : 4690,
    "distinctCount" : 4690,
    "blobUpload" : 9661,
    "sink" : 9551,
    "kalmanFilter" : 4690,
    "plt" : 9774,
    "slidingLinearReg" : 4690,
    "source" : 4800,
    "senMLParse" : 4800
  },
  "recsInPerModule" : {
    "acc" : 4.911743031817279,
    "zip" : 4.91300766667042,
    "average" : 2.4005535550469075,
    "distinctCount" : 2.403077320138487,
    "blobUpload" : 4.870166383840631,
    "sink" : 4.838254890813352,
    "kalmanFilter" : 2.403197658155197,
    "plt" : 4.889610238969909,
    "slidingLinearReg" : 2.3467293441614294,
    "source" : 2.4241187696991218,
    "senMLParse" : 2.41959498859377
  },
  "recsOutPerModule" : {
    "acc" : 4.911503933810246,
    "zip" : 4.901465444136569,
    "average" : 2.352010590338408,
    "distinctCount" : 2.3554139558027285,
    "blobUpload" : 4.8586955109003425,
    "sink" : 4.816243719654505,
    "kalmanFilter" : 2.355569250191176,
    "plt" : 4.889314685097719,
    "slidingLinearReg" : 2.345841668637514,
    "source" : 2.4241162192018875,
    "senMLParse" : 2.4125061296095027
  },
  "remainingDataPerDevice" : {
    "acc" : 96000,
    "zip" : 220000,
    "average" : 0,
    "distinctCount" : 0,
    "blobUpload" : 0,
    "sink" : 0,
    "kalmanFilter" : 0,
    "plt" : 6000,
    "slidingLinearReg" : 76000,
    "source" : 0,
    "senMLParse" : 0
  },
  "executionTime" : 1843.0,
  "networkUsage" : 670491.63,
  "tuplesSentBySensors" : 4800
}