{
  "placement" : {
    "acc" : "cloud-1-0-1-0-0-1-1-0-1",
    "average" : "cloud-1-1-1-1-1-1-0",
    "blobUpload" : "cloud-0-1-1-1-1-0-0-1-1",
    "distinctCount" : "cloud-1-1-0-0-1-1-1-0-1",
    "kalmanFilter" : "cloud-0-0-1-0-0-0-0-0-0",
    "plt" : "cloud-0-1-0-0-0-1-0",
    "senMLParse" : "cloud-0-0-1-1-1-1-1-1-1",
    "sink" : "cloud-1-0-0-0-0-1-0-0-1",
    "slidingLinearReg" : "cloud-0-1-1-1-0-0-1-0-1",
    "source" : "cloud-1-0-1-1-1-1-0-1-1",
    "zip" : "cloud-1-0-1-1-0-0-1-0"
  },
  "appLoopLatency" : 58.10037905587109,
  "latencyPerTupleType" : {
    "average_TUPLE" : 0.35555123030326574,
    "sink_TUPLE" : 2.620845194115289,
    "slidingLinearReg_TUPLE" : 3.957955789471813,
    "acc_TUPLE" : 0.6028276893208696,
    "blobUpload_TUPLE" : 3.7745181344796594,
    "kalmanFilter_TUPLE" : 9.587607708017329,
    "plt_TUPLE" : 3.775031126856278,
    "zip_TUPLE" : 4.113020460385655,
    "senMLParse_TUPLE" : 0.24920098686860784,
    "distinctCount_TUPLE" : 18.77551715748217,
    "TUPLE" : 0.09575250000000315
  },
  "tuplesProcessedPerModule" : {
    "acc" : 9779,
    "zip" : 9771,
    "average" : 4800,
    "distinctCount" : 4662,
    "blobUpload" : 9652,
    "sink" : 9526,
    "kalmanFilter" : 4674,
    "plt" : 9771,
    "slidingLinearReg" : 4674,
    "source" : 4800,
    "senMLParse" : 4800
  },
  "recsInPerModule" : {
    "acc" : 4.890386552170079,
    "zip" : 4.920928754899739,
    "average" : 2.4030417945159654,
    "distinctCount" : 2.401839304703107,
    "blobUpload" : 4.887554345136414,
    "sink" : 4.786453082134143,
    "kalmanFilter" : 2.407018384387548,
    "plt" : 4.886119176370413,
    "slidingLinearReg" : 2.3378874819247604,
    "source" : 2.423262104572847,
    "senMLParse" : 2.4127739228413145
  },
  "recsOutPerModule" : {
    "acc" : 4.890129264352895,
    "zip" : 4.908424505568846,
    "average" : 2.4027961981924326,
    "distinctCount" : 2.3368792378074748,
    "blobUpload" : 4.828483277976058,
    "sink" : 4.785023029123856,
    "kalmanFilter" : 2.3442193481214013,
    "plt" : 4.941840927012209,
    "slidingLinearReg" : 2.3376426670242427,
    "source" : 2.4232493611519557,
    "senMLParse" : 2.41258374749968
  },
  "remainingDataPerDevice" : {
    "acc" : 14000,
    "zip" : 0,
    "average" : 32000,
    "distinctCount" : 18000,
    "blobUpload" : 630000,
    "sink" : 0,
    "kalmanFilter" : 0,
    "plt" : 0,
    "slidingLinearReg" : 42000,
    "source" : 0,
    "senMLParse" : 0
  },
  "executionTime" : 2018.0,
  "networkUsage" : 633226.42,
  "tuplesSentBySensors" : 4800
}