{
  "placement" : {
    "acc" : "cloud-1-1-0-0-0-0-1",
    "average" : "cloud-0-1-0-0-1-0-1-1-1",
    "blobUpload" : "cloud-0-1-1-0-1-0-1-1-0",
    "distinctCount" : "cloud-1-1-0-0-0-1-0",
    "kalmanFilter" : "cloud-1-0-0-1-0-1-0-0",
    "plt" : "cloud-0-1-1-0-0-0-0",
    "senMLParse" : "cloud-1-1-1-1-0-0-0-0",
    "sink" : "cloud-0-0-1-1-1-1-0-0-1",
    "slidingLinearReg" : "cloud-0-0-1-1-0-0-0",
    "source" : "cloud-0-0-0-0-1-0",
    "zip" : "cloud-0-0-0-1-0-0-0-1-1"
  },
  "appLoopLatency" : 56.86641082185469,
  "latencyPerTupleType" : {
    "average_TUPLE" : 0.8789656637023112,
    "sink_TUPLE" : 2.12784430805926,
    "acc_TUPLE" : 0.3041606005369516,
    "slidingLinearReg_TUPLE" : 1.4894946492462375,
    "blobUpload_TUPLE" : 3.052541913598721,
    "kalmanFilter_TUPLE" : 1.6849028339660932,
    "plt_TUPLE" : 0.929584557356162,
    "zip_TUPLE" : 3.431287401328446,
    "senMLParse_TUPLE" : 3.3205833622222585,
    "distinctCount_TUPLE" : 12.748087714485123,
    "TUPLE" : 0.09265500000000948
  },
  "tuplesProcessedPerModule" : {
    "acc" : 9804,
    "zip" : 9768,
    "average" : 4726,
    "distinctCount" : 4712,
    "blobUpload" : 9768,
    "sink" : 9620,
    "kalmanFilter" : 4726,
    "plt" : 9781,
    "slidingLinearReg" : 4688,
    "source" : 4800,
    "senMLParse" : 4800
  },
  "recsInPerModule" : {
    "acc" : 4.9038567247957,
    "zip" : 4.939094238389956,
    "average" : 2.3664276475904993,
    "distinctCount" : 2.4006461453130936,
    "blobUpload" : 4.902877129991963,
    "sink" : 4.847108991680699,
    "kalmanFilter" : 2.3676131476234303,
    "plt" : 4.892418591712955,
    "slidingLinearReg" : 2.347616154765202,
    "source" : 2.4236291726184436,
    "senMLParse" : 2.413147935374772
  },
  "recsOutPerModule" : {
    "acc" : 4.9035986773702955,
    "zip" : 4.924884891194865,
    "average" : 2.3663954850740394,
    "distinctCount" : 2.356639461745588,
    "blobUpload" : 4.888875110371445,
    "sink" : 4.845974627577367,
    "kalmanFilter" : 2.367148676013538,
    "plt" : 4.892071934007035,
    "slidingLinearReg" : 2.3446361531288167,
    "source" : 2.423626623151348,
    "senMLParse" : 2.408360321207943
  },
  "remainingDataPerDevice" : {
    "acc" : 46000,
    "zip" : 0,
    "average" : 2000,
    "distinctCount" : 58000,
    "blobUpload" : 740000,
    "sink" : 0,
    "kalmanFilter" : 62000,
    "plt" : 26000,
    "slidingLinearReg" : 76000,
    "source" : 0,
    "senMLParse" : 296000
  },
  "executionTime" : 1752.0,
  "networkUsage" : 613803.02,
  "tuplesSentBySensors" : 4800
}