{
  "placement" : {
    "acc" : "cloud-0-0-1-1-1-1-0-1-0",
    "average" : "cloud-1-0-1-0-1-1-0-1-1",
    "blobUpload" : "cloud-0-1-1-1-1-0-0-0",
    "distinctCount" : "cloud-1-0-1-1-0-0-1-0-1",
    "kalmanFilter" : "cloud-0-0-0-1-0-1-1",
    "plt" : "cloud-1-0",
    "senMLParse" : "cloud-0-0-1-1-1-0-1-0",
    "sink" : "cloud-1-1-0-1-0-1-1-1",
    "slidingLinearReg" : "cloud-1-1-0-1-1-0-0-1",
    "source" : "cloud-0-0-0-0-0-0-1-0-1",
    "zip" : "cloud-0-1-1-0-0-0-0"
  },
  "appLoopLatency" : 49.48958039535964,
  "latencyPerTupleType" : {
    "average_TUPLE" : 14.759790463967697,
    "sink_TUPLE" : 4.441213111949524,
    "slidingLinearReg_TUPLE" : 4.996405372186882,
    "acc_TUPLE" : 0.28377340553837166,
    "blobUpload_TUPLE" : 17.13100342951464,
    "kalmanFilter_TUPLE" : 7.647384845656594,
    "plt_TUPLE" : 3.7448848434245368,
    "zip_TUPLE" : 1.250773543201655,
    "senMLParse_TUPLE" : 0.11227013535348705,
    "distinctCount_TUPLE" : 0.2694138812121342,
    "TUPLE" : 0.0925586868686873
  },
  "tuplesProcessedPerModule" : {
    "acc" : 9773,
    "zip" : 9756,
    "average" : 4673,
    "distinctCount" : 4800,
    "blobUpload" : 9648,
    "sink" : 9648,
    "kalmanFilter" : 4800,
    "plt" : 9756,
    "slidingLinearReg" : 4695,
    "source" : 4800,
    "senMLParse" : 4800
  },
  "recsInPerModule" : {
    "acc" : 4.888741824058698,
    "zip" : 4.9304289479286085,
    "average" : 2.40658955472932,
    "distinctCount" : 2.405865808463786,
    "blobUpload" : 4.9129242185495565,
    "sink" : 4.839527982777914,
    "kalmanFilter" : 2.4122739607667762,
    "plt" : 4.9521851416431915,
    "slidingLinearReg" : 2.350998548831909,
    "source" : 2.4228951476981737,
    "senMLParse" : 2.417036604641407
  },
  "recsOutPerModule" : {
    "acc" : 4.8869305476887135,
    "zip" : 4.924580373714509,
    "average" : 2.344177938176628,
    "distinctCount" : 2.405682429260449,
    "blobUpload" : 4.8585381271696235,
    "sink" : 4.8384808674044315,
    "kalmanFilter" : 2.402548758593467,
    "plt" : 4.941672610604814,
    "slidingLinearReg" : 2.350724780635854,
    "source" : 2.422892831404264,
    "senMLParse" : 2.4168895476929015
  },
  "remainingDataPerDevice" : {
    "acc" : 34000,
    "zip" : 0,
    "average" : 2000,
    "distinctCount" : 278000,
    "blobUpload" : 0,
    "sink" : 0,
    "kalmanFilter" : 210000,
    "plt" : 0,
    "slidingLinearReg" : 74000,
    "source" : 0,
    "senMLParse" : 0
  },
  "executionTime" : 1966.0,
  "networkUsage" : 563987.32,
  "tuplesSentBySensors" : 4800
}