{
  "placement" : {
    "acc" : "cloud-0-0-1-1-0-1-0-1-1",
    "average" : "cloud-0-0-1-1-1-0-0-1-0",
    "blobUpload" : "cloud-1-1-1-0-1-1-1-0-0",
    "distinctCount" : "cloud-1-0-0-1-0-1-1-0-0",
    "kalmanFilter" : "cloud-1-1-0-0-0-1-1",
    "plt" : "cloud-0-1-1-0-1-1-0-1",
    "senMLParse" : "cloud-0-0-0-0-1-0-0-1-1",
    "sink" : "cloud-1-0-1-1-0-0-1",
    "slidingLinearReg" : "cloud-1-0-0-0-0-1-0",
    "source" : "cloud-0-0-0-1-0-0-1-0-0",
    "zip" : "cloud-0-1-0-0-1-1-1-1-1"
  },
  "appLoopLatency" : 84.02986705127923,
  "latencyPerTupleType" : {
    "average_TUPLE" : 0.8221522288888625,
    "sink_TUPLE" : 3.108372959426277,
    "acc_TUPLE" : 0.13819506150861047,
    "slidingLinearReg_TUPLE" : 0.5724685076603515,
    "blobUpload_TUPLE" : 2.119772017744412,
    "kalmanFilter_TUPLE" : 1.1085316383291237,
    "plt_TUPLE" : 19.40456697636059,
    "zip_TUPLE" : 10.30785674267141,
    "senMLParse_TUPLE" : 0.1675486900000165,
    "distinctCount_TUPLE" : 0.269380688888906,
    "TUPLE" : 0.09299388888889241
  },
  "tuplesProcessedPerModule" : {
    "acc" : 9770,
    "zip" : 9610,
    "average" : 4800,
    "distinctCount" : 4800,
    "blobUpload" : 9522,
    "sink" : 9522,
    "kalmanFilter" : 4764,
    "plt" : 9756,
    "slidingLinearReg" : 4656,
    "source" : 4800,
    "senMLParse" : 4800
  },
  "recsInPerModule" : {
    "acc" : 4.885624766235333,
    "zip" : 4.892061625430872,
    "average" : 2.403432441812886,
    "distinctCount" : 2.401148083944379,
    "blobUpload" : 4.792594271535404,
    "sink" : 4.767508531531916,
    "kalmanFilter" : 2.4003075768130726,
    "plt" : 4.881988617357927,
    "slidingLinearReg" : 2.328390531436243,
    "source" : 2.421794943594882,
    "senMLParse" : 2.411936623498028
  },
  "recsOutPerModule" : {
    "acc" : 4.885229056584494,
    "zip" : 4.82112095706282,
    "average" : 2.402127606075778,
    "distinctCount" : 2.4009654231946556,
    "blobUpload" : 4.791498981482453,
    "sink" : 4.766213431606928,
    "kalmanFilter" : 2.3823052771348063,
    "plt" : 4.881489891135548,
    "slidingLinearReg" : 2.32823165148257,
    "source" : 2.4217936707893992,
    "senMLParse" : 2.411764940492502
  },
  "remainingDataPerDevice" : {
    "acc" : 28000,
    "zip" : 176000,
    "average" : 16000,
    "distinctCount" : 282000,
    "blobUpload" : 0,
    "sink" : 0,
    "kalmanFilter" : 216000,
    "plt" : 2000,
    "slidingLinearReg" : 12000,
    "source" : 0,
    "senMLParse" : 0
  },
  "executionTime" : 2116.0,
  "networkUsage" : 729481.02,
  "tuplesSentBySensors" : 4800
}