{
  "placement" : {
    "acc" : "cloud-0-0-1-1-1-0-1",
    "average" : "cloud-0-0-0-1-1-0-0-0",
    "blobUpload" : "cloud-0-1-1-1-1-1-0-0-0",
    "distinctCount" : "cloud-1-1-0-1-1-0-1-1",
    "kalmanFilter" : "cloud-1-0-0-0-0-0-1-1-0",
    "plt" : "cloud-0-0-0-0-0-1-1-0-1",
    "senMLParse" : "cloud-1-1-1-1-0-0-0",
    "sink" : "cloud-0-0-0-1-1-1-1-1-0",
    "slidingLinearReg" : "cloud-1-0-0-0-1-0-0-1-1",
    "source" : "cloud-0-0-1-1-1-0-0-0-0",
    "zip" : "cloud-0-1-1-0-0-0-0-1-1"
  },
  "appLoopLatency" : 60.383731314048944,
  "latencyPerTupleType" : {
    "average_TUPLE" : 1.9334893292930664,
    "sink_TUPLE" : 6.744744426680868,
    "slidingLinearReg_TUPLE" : 2.646087935515026,
    "acc_TUPLE" : 0.26139717780820615,
    "blobUpload_TUPLE" : 11.395809241126827,
    "kalmanFilter_TUPLE" : 1.9334893292930664,
    "plt_TUPLE" : 19.974056402228317,
    "zip_TUPLE" : 2.830892150412199,
    "senMLParse_TUPLE" : 0.12109784434345745,
    "distinctCount_TUPLE" : 3.9829447595960756,
    "TUPLE" : 0.09248166666667144
  },
  "tuplesProcessedPerModule" : {
    "acc" : 9798,
    "zip" : 9683,
    "average" : 4800,
    "distinctCount" : 4800,
    "blobUpload" : 9549,
    "sink" : 9549,
    "kalmanFilter" : 4800,
    "plt" : 9743,
    "slidingLinearReg" : 4703,
    "source" : 4800,
    "senMLParse" : 4800
  },
  "recsInPerModule" : {
    "acc" : 4.901742463465522,
    "zip" : 4.874707573966437,
    "average" : 2.403796745733521,
    "distinctCount" : 2.4064479779450796,
    "blobUpload" : 4.841854254670073,
    "sink" : 4.786808327905193,
    "kalmanFilter" : 2.4043987722706865,
    "plt" : 4.879601654120922,
    "slidingLinearReg" : 2.3667816099140717,
    "source" : 2.4233844482332265,
    "senMLParse" : 2.41375467986667
  },
  "recsOutPerModule" : {
    "acc" : 4.899242359395468,
    "zip" : 4.8574055993268335,
    "average" : 2.4011713202386407,
    "distinctCount" : 2.4012488503612492,
    "blobUpload" : 4.803667033262845,
    "sink" : 4.783945549338328,
    "kalmanFilter" : 2.401772032263534,
    "plt" : 4.879102750713861,
    "slidingLinearReg" : 2.3517798296409205,
    "source" : 2.423381899280966,
    "senMLParse" : 2.4135873350109285
  },
  "remainingDataPerDevice" : {
    "acc" : 110000,
    "zip" : 0,
    "average" : 16000,
    "distinctCount" : 194000,
    "blobUpload" : 0,
    "sink" : 0,
    "kalmanFilter" : 134000,
    "plt" : 4000,
    "slidingLinearReg" : 104000,
    "source" : 0,
    "senMLParse" : 0
  },
  "executionTime" : 2383.0,
  "networkUsage" : 561086.97,
  "tuplesSentBySensors" : 4800
}