{
  "placement" : {
    "acc" : "cloud-0-0-1-1-1-1-0-1-1",
    "average" : "cloud-1-0-1-0-1-0-1-0",
    "blobUpload" : "cloud-1-1-0-0-1-1-1-0",
    "distinctCount" : "cloud-1-0-0-0-1-1-0-0-1",
    "kalmanFilter" : "cloud-0-0-1-0-0-0-1",
    "plt" : "cloud-0-1-1-0-0-0-1-1-1",
    "senMLParse" : "cloud-0-1-1-0-1-1-0-0-0",
    "sink" : "cloud-1-1-1-0-1-0-0-1-1",
    "slidingLinearReg" : "cloud-1-0-0-0-0-1-0-0-0",
    "source" : "cloud-0-1-0-0-1-0-0",
    "zip" : "cloud-1-1-1-1-1-1-1-1-0"
  },
  "appLoopLatency" : 80.83121788591845,
  "latencyPerTupleType" : {
    "average_TUPLE" : 1.2643106842424483,
    "sink_TUPLE" : 19.330408231211734,
    "slidingLinearReg_TUPLE" : 6.031965496699896,
    "acc_TUPLE" : 0.4179956042837487,
    "blobUpload_TUPLE" : 1.974991060873489,
    "kalmanFilter_TUPLE" : 28.342814810197897,
    "plt_TUPLE" : 16.61006582660048,
    "zip_TUPLE" : 2.363692420490548,
    "senMLParse_TUPLE" : 0.21280575555550227,
    "distinctCount_TUPLE" : 3.184132475555573,
    "TUPLE" : 0.09169472222222784
  },
  "tuplesProcessedPerModule" : {
    "acc" : 9794,
    "zip" : 9654,
    "average" : 4800,
    "distinctCount" : 4800,
    "blobUpload" : 9550,
    "sink" : 9460,
    "kalmanFilter" : 4661,
    "plt" : 9654,
    "slidingLinearReg" : 4658,
    "source" : 4800,
    "senMLParse" : 4800
  },
  "recsInPerModule" : {
    "acc" : 4.898563843799004,
    "zip" : 4.840159455595538,
    "average" : 2.4066810814562634,
    "distinctCount" : 2.405716111389331,
    "blobUpload" : 4.8203563440811585,
    "sink" : 4.776378334476423,
    "kalmanFilter" : 2.4083716322541555,
    "plt" : 4.885457707770369,
    "slidingLinearReg" : 2.3313313227745605,
    "source" : 2.424853536320517,
    "senMLParse" : 2.4178848362258467
  },
  "recsOutPerModule" : {
    "acc" : 4.897461753100173,
    "zip" : 4.838905996968553,
    "average" : 2.4046424061269303,
    "distinctCount" : 2.4008328184941865,
    "blobUpload" : 4.7953263243805155,
    "sink" : 4.731366303315112,
    "kalmanFilter" : 2.340210693742738,
    "plt" : 4.863814240198673,
    "slidingLinearReg" : 2.3310599774100904,
    "source" : 2.4248471562215568,
    "senMLParse" : 2.417712305412188
  },
  "remainingDataPerDevice" : {
    "acc" : 52000,
    "zip" : 40000,
    "average" : 12000,
    "distinctCount" : 254000,
    "blobUpload" : 0,
    "sink" : 0,
    "kalmanFilter" : 6000,
    "plt" : 0,
    "slidingLinearReg" : 16000,
    "source" : 0,
    "senMLParse" : 0
  },
  "executionTime" : 3006.0,
  "networkUsage" : 700640.12,
  "tuplesSentBySensors" : 4800
}