{
  "placement" : {
    "acc" : "cloud-1-0-1-1-1-1",
    "average" : "cloud-1-1-0-0",
    "blobUpload" : "cloud-0-1-0-0-1-0",
    "distinctCount" : "cloud-1-1-1-1-1-1",
    "kalmanFilter" : "cloud-1-1-0-1-0",
    "plt" : "cloud-0-0-0-1",
    "senMLParse" : "cloud-1-1-0-1-1",
    "sink" : "cloud-1-0-1-1",
    "slidingLinearReg" : "cloud-0-0-0-0-1-0",
    "source" : "cloud-0-1-0-0-0-1",
    "zip" : "cloud-1-1-1-1"
  },
  "appLoopLatency" : 32.68190391524571,
  "latencyPerTupleType" : {
    "average_TUPLE" : 0.5486057187500214,
    "sink_TUPLE" : 2.4334741887256643,
    "slidingLinearReg_TUPLE" : 2.0179929488631436,
    "acc_TUPLE" : 0.18281673695471864,
    "blobUpload_TUPLE" : 7.852507252615182,
    "kalmanFilter_TUPLE" : 2.777371202178046,
    "plt_TUPLE" : 5.1793252906949965,
    "zip_TUPLE" : 11.86070565835904,
    "senMLParse_TUPLE" : 0.14239611979164254,
    "distinctCount_TUPLE" : 0.7634445615530319,
    "TUPLE" : 0.10123763020833737
  },
  "tuplesProcessedPerModule" : {
    "acc" : 4291,
    "zip" : 4188,
    "average" : 2048,
    "distinctCount" : 2048,
    "blobUpload" : 4169,
    "sink" : 4159,
    "kalmanFilter" : 2048,
    "plt" : 4191,
    "slidingLinearReg" : 2048,
    "source" : 2048,
    "senMLParse" : 2048
  },
  "recsInPerModule" : {
    "acc" : 2.1473231277650333,
    "zip" : 2.095883030658072,
    "average" : 1.032854610242307,
    "distinctCount" : 1.0317099138494752,
    "blobUpload" : 2.0860882079009246,
    "sink" : 2.0818040182078836,
    "kalmanFilter" : 1.033584374502906,
    "plt" : 2.129003943787073,
    "slidingLinearReg" : 1.0293085526543881,
    "source" : 1.0362264357150013,
    "senMLParse" : 1.0338148173285562
  },
  "recsOutPerModule" : {
    "acc" : 2.1469918519268947,
    "zip" : 2.0947013629223608,
    "average" : 1.0326072453750568,
    "distinctCount" : 1.031264390808651,
    "blobUpload" : 2.084588186165951,
    "sink" : 2.0816504842631263,
    "kalmanFilter" : 1.0319540924704536,
    "plt" : 2.099663178205191,
    "slidingLinearReg" : 1.0277503261868306,
    "source" : 1.036168547554027,
    "senMLParse" : 1.0337408921858253
  },
  "remainingDataPerDevice" : {
    "acc" : 80000,
    "zip" : 32000,
    "average" : 0,
    "distinctCount" : 0,
    "blobUpload" : 50000,
    "sink" : 0,
    "kalmanFilter" : 0,
    "plt" : 0,
    "slidingLinearReg" : 0,
    "source" : 0,
    "senMLParse" : 0
  },
  "executionTime" : 749.0,
  "networkUsage" : 134439.68,
  "tuplesSentBySensors" : 2048
}