{
  "placement" : {
    "acc" : "cloud-0-1-1-1-0-1",
    "average" : "cloud-0-0-0-1-0-1",
    "blobUpload" : "cloud-0-0-0-1-1",
    "distinctCount" : "cloud-0",
    "kalmanFilter" : "cloud-0-0",
    "plt" : "cloud-1-0-1-0-1-1",
    "senMLParse" : "cloud-0-1-1-1-0",
    "sink" : "cloud-1-1-1-1-0-1",
    "slidingLinearReg" : "cloud-1-0-0-1-0-0",
    "source" : "cloud-0-0-0-0-1",
    "zip" : "cloud-0-1-1-0-1-1"
  },
  "appLoopLatency" : 40.27144573118272,
  "latencyPerTupleType" : {
    "average_TUPLE" : 0.1391453229166703,
    "sink_TUPLE" : 1.7179283796529978,
    "acc_TUPLE" : 0.21733349147068048,
    "slidingLinearReg_TUPLE" : 12.374485871309028,
    "blobUpload_TUPLE" : 0.674984739450913,
    "kalmanFilter_TUPLE" : 0.6244920658144278,
    "plt_TUPLE" : 2.932767518262137,
    "zip_TUPLE" : 0.6165691533651256,
    "senMLParse_TUPLE" : 0.12042281960223816,
    "distinctCount_TUPLE" : 1.4664283309659212,
    "TUPLE" : 0.0920996685606092
  },
  "tuplesProcessedPerModule" : {
    "acc" : 4228,
    "zip" : 4176,
    "average" : 2048,
    "distinctCount" : 2048,
    "blobUpload" : 4153,
    "sink" : 4153,
    "kalmanFilter" : 2048,
    "plt" : 4228,
    "slidingLinearReg" : 2034,
    "source" : 2048,
    "senMLParse" : 2048
  },
  "recsInPerModule" : {
    "acc" : 2.1220653775112575,
    "zip" : 2.089093879974028,
    "average" : 1.0306338607649155,
    "distinctCount" : 1.0321401574795108,
    "blobUpload" : 2.0776139794139032,
    "sink" : 2.1003651258219813,
    "kalmanFilter" : 1.0321401585198557,
    "plt" : 2.1154768469523804,
    "slidingLinearReg" : 1.030305474373702,
    "source" : 1.0362264357150013,
    "senMLParse" : 1.0337660927512489
  },
  "recsOutPerModule" : {
    "acc" : 2.1219533280560614,
    "zip" : 2.088902296947812,
    "average" : 1.030560389828366,
    "distinctCount" : 1.0313572419537027,
    "blobUpload" : 2.105903477369575,
    "sink" : 2.0994847108515735,
    "kalmanFilter" : 1.0319147996467515,
    "plt" : 2.114158982064704,
    "slidingLinearReg" : 1.0181403219736374,
    "source" : 1.0361720226470679,
    "senMLParse" : 1.033703044233272
  },
  "remainingDataPerDevice" : {
    "acc" : 0,
    "zip" : 42000,
    "average" : 0,
    "distinctCount" : 0,
    "blobUpload" : 0,
    "sink" : 0,
    "kalmanFilter" : 0,
    "plt" : 104000,
    "slidingLinearReg" : 88000,
    "source" : 0,
    "senMLParse" : 0
  },
  "executionTime" : 711.0,
  "networkUsage" : 170013.43,
  "tuplesSentBySensors" : 2048
}