{
  "placement" : {
    "acc" : "cloud-0-1-0",
    "average" : "cloud-1-1-0-0-1",
    "blobUpload" : "cloud-0-0-0",
    "distinctCount" : "cloud-1-1-0-0-1",
    "kalmanFilter" : "cloud-0-0-0-0-0-0",
    "plt" : "cloud-0-1-1-1-1",
    "senMLParse" : "cloud-1-1-0-1",
    "sink" : "cloud-1-1-1-0-1",
    "slidingLinearReg" : "cloud-1-1-0-1-0-0",
    "source" : "cloud-1-0-1-0",
    "zip" : "cloud-0-0-0-1-0-1"
  },
  "appLoopLatency" : 29.158118404328636,
  "latencyPerTupleType" : {
    "average_TUPLE" : 4.110258710937615,
    "sink_TUPLE" : 1.3942877781913794,
    "acc_TUPLE" : 0.9639158555404935,
    "slidingLinearReg_TUPLE" : 1.935407780303049,
    "blobUpload_TUPLE" : 1.3157547587317973,
    "kalmanFilter_TUPLE" : 4.120749813683838,
    "plt_TUPLE" : 1.7567975123144806,
    "zip_TUPLE" : 1.2185763293530254,
    "senMLParse_TUPLE" : 0.15837514654357496,
    "distinctCount_TUPLE" : 5.0248717090437065,
    "TUPLE" : 0.09035026041668617
  },
  "tuplesProcessedPerModule" : {
    "acc" : 4267,
    "zip" : 4195,
    "average" : 2048,
    "distinctCount" : 2048,
    "blobUpload" : 4194,
    "sink" : 4188,
    "kalmanFilter" : 2048,
    "plt" : 4267,
    "slidingLinearReg" : 2048,
    "source" : 2048,
    "senMLParse" : 2048
  },
  "recsInPerModule" : {
    "acc" : 2.139159943820226,
    "zip" : 2.0992429628345977,
    "average" : 1.0334852623937958,
    "distinctCount" : 1.0334852415326286,
    "blobUpload" : 2.09922982243259,
    "sink" : 2.0944577285993686,
    "kalmanFilter" : 1.0322350960081925,
    "plt" : 2.135324969073251,
    "slidingLinearReg" : 1.0276167510428955,
    "source" : 1.0361215864397586,
    "senMLParse" : 1.034601474575889
  },
  "recsOutPerModule" : {
    "acc" : 2.1388572521475093,
    "zip" : 2.099116035855628,
    "average" : 1.0312156582495786,
    "distinctCount" : 1.0312156582495786,
    "blobUpload" : 2.0989934345777104,
    "sink" : 2.094298439844099,
    "kalmanFilter" : 1.0304087233355523,
    "plt" : 2.1349065255866018,
    "slidingLinearReg" : 1.02616587795874,
    "source" : 1.0360669858452238,
    "senMLParse" : 1.0345294163705223
  },
  "remainingDataPerDevice" : {
    "acc" : 0,
    "zip" : 2000,
    "average" : 0,
    "distinctCount" : 0,
    "blobUpload" : 30000,
    "sink" : 0,
    "kalmanFilter" : 0,
    "plt" : 144000,
    "slidingLinearReg" : 82000,
    "source" : 0,
    "senMLParse" : 0
  },
  "executionTime" : 751.0,
  "networkUsage" : 125869.4,
  "tuplesSentBySensors" : 2048
}