{
  "placement" : {
    "acc" : "cloud-0-0-0-0-0",
    "average" : "cloud-1-0-1-0-1-1",
    "blobUpload" : "cloud-0-1-1-0-0",
    "distinctCount" : "cloud-0-0-1-0-1-1",
    "kalmanFilter" : "cloud-0-0-0-1-1-1",
    "plt" : "cloud-0-0-1",
    "senMLParse" : "cloud-0-1-0-0-1-1",
    "sink" : "cloud-1-0-0",
    "slidingLinearReg" : "cloud-0-1",
    "source" : "cloud-0-0-1-1",
    "zip" : "cloud-0-0-0-0-1-0"
  },
  "appLoopLatency" : 27.832549899907637,
  "latencyPerTupleType" : {
    "average_TUPLE" : 4.719733269412883,
    "sink_TUPLE" : 5.376218874083819,
    "slidingLinearReg_TUPLE" : 5.2371197892988235,
    "acc_TUPLE" : 0.26985165402542305,
    "blobUpload_TUPLE" : 4.191040252358831,
    "kalmanFilter_TUPLE" : 2.998398297822008,
    "plt_TUPLE" : 0.8322469441925182,
    "zip_TUPLE" : 1.0658613754432626,
    "senMLParse_TUPLE" : 0.1393436529355947,
    "distinctCount_TUPLE" : 0.8655651657197552,
    "TUPLE" : 0.09986914062499805
  },
  "tuplesProcessedPerModule" : {
    "acc" : 4291,
    "zip" : 4245,
    "average" : 2048,
    "distinctCount" : 2048,
    "blobUpload" : 4188,
    "sink" : 4161,
    "kalmanFilter" : 2048,
    "plt" : 4250,
    "slidingLinearReg" : 2048,
    "source" : 2048,
    "senMLParse" : 2048
  },
  "recsInPerModule" : {
    "acc" : 2.147290771367069,
    "zip" : 2.125225373710806,
    "average" : 1.0324399980043406,
    "distinctCount" : 1.032908617094608,
    "blobUpload" : 2.111660499472727,
    "sink" : 2.0843032881715158,
    "kalmanFilter" : 1.0329086275135555,
    "plt" : 2.129046879405059,
    "slidingLinearReg" : 1.0298923819575518,
    "source" : 1.036436197939071,
    "senMLParse" : 1.0349118901889491
  },
  "recsOutPerModule" : {
    "acc" : 2.146724547789637,
    "zip" : 2.1267614626414026,
    "average" : 1.0298463249276681,
    "distinctCount" : 1.0324620584049526,
    "blobUpload" : 2.0946552139588346,
    "sink" : 2.081846843339577,
    "kalmanFilter" : 1.0312411349391084,
    "plt" : 2.1287382708266773,
    "slidingLinearReg" : 1.0259846419175764,
    "source" : 1.036378286339901,
    "senMLParse" : 1.0348397887387801
  },
  "remainingDataPerDevice" : {
    "acc" : 82000,
    "zip" : 46000,
    "average" : 0,
    "distinctCount" : 0,
    "blobUpload" : 100000,
    "sink" : 0,
    "kalmanFilter" : 0,
    "plt" : 0,
    "slidingLinearReg" : 0,
    "source" : 0,
    "senMLParse" : 0
  },
  "executionTime" : 622.0,
  "networkUsage" : 129854.78,
  "tuplesSentBySensors" : 2048
}