{
  "placement" : {
    "acc" : "cloud-1-1-1-1-1-0",
    "average" : "cloud-0-0-0-1-1-0",
    "blobUpload" : "cloud-0-0-1-0-1-0",
    "distinctCount" : "cloud-1-0-0-0-0",
    "kalmanFilter" : "cloud-0-1-0-0-1-0",
    "plt" : "cloud-1-1-1-1-1-0",
    "senMLParse" : "cloud-1-1-1-1-1",
    "sink" : "cloud-0-1-0-0-1-1",
    "slidingLinearReg" : "cloud-0-1-0-1-1-1",
    "source" : "cloud-1-1-1-0-1",
    "zip" : "cloud-1-0-0"
  },
  "appLoopLatency" : 36.28734169742696,
  "latencyPerTupleType" : {
    "average_TUPLE" : 0.419943242187523,
    "sink_TUPLE" : 2.318203361698192,
    "slidingLinearReg_TUPLE" : 2.8207305154174573,
    "acc_TUPLE" : 1.0349007590894619,
    "blobUpload_TUPLE" : 4.986843382361466,
    "kalmanFilter_TUPLE" : 10.611981851743282,
    "plt_TUPLE" : 10.384243852636367,
    "zip_TUPLE" : 5.322245713936529,
    "senMLParse_TUPLE" : 0.1317705598958264,
    "distinctCount_TUPLE" : 0.19963392187499707,
    "TUPLE" : 0.0902005208333452
  },
  "tuplesProcessedPerModule" : {
    "acc" : 4253,
    "zip" : 4188,
    "average" : 2048,
    "distinctCount" : 2048,
    "blobUpload" : 4188,
    "sink" : 4188,
    "kalmanFilter" : 2046,
    "plt" : 4253,
    "slidingLinearReg" : 2046,
    "source" : 2048,
    "senMLParse" : 2048
  },
  "recsInPerModule" : {
    "acc" : 2.1373739738055497,
    "zip" : 2.1265031312758644,
    "average" : 1.0317770579217997,
    "distinctCount" : 1.0326614845166457,
    "blobUpload" : 2.100200277016352,
    "sink" : 2.09640670559768,
    "kalmanFilter" : 1.032297125480798,
    "plt" : 2.137159165041043,
    "slidingLinearReg" : 1.0250367748935105,
    "source" : 1.035754781009679,
    "senMLParse" : 1.034707105497539
  },
  "recsOutPerModule" : {
    "acc" : 2.1372665640258877,
    "zip" : 2.103576006633156,
    "average" : 1.0316817688480535,
    "distinctCount" : 1.032582301083672,
    "blobUpload" : 2.099875587638443,
    "sink" : 2.096202408933672,
    "kalmanFilter" : 1.026116867095028,
    "plt" : 2.129805719377675,
    "slidingLinearReg" : 1.0232524212871117,
    "source" : 1.0357013102489716,
    "senMLParse" : 1.0346439421476867
  },
  "remainingDataPerDevice" : {
    "acc" : 0,
    "zip" : 0,
    "average" : 0,
    "distinctCount" : 0,
    "blobUpload" : 0,
    "sink" : 0,
    "kalmanFilter" : 0,
    "plt" : 0,
    "slidingLinearReg" : 102000,
    "source" : 0,
    "senMLParse" : 0
  },
  "executionTime" : 634.0,
  "networkUsage" : 113867.8,
  "tuplesSentBySensors" : 2048
}