{
  "placement" : {
    "acc" : "cloud-1-1-1-0-0",
    "average" : "cloud-0-0-1-0-0",
    "blobUpload" : "cloud-0-1-1-0-0-0",
    "distinctCount" : "cloud-0-0-0-0-0-0",
    "kalmanFilter" : "cloud-1",
    "plt" : "cloud-0-1-0-1-0",
    "senMLParse" : "cloud-0-1-1-1-1-0",
    "sink" : "cloud-1-1-0-1-0-1",
    "slidingLinearReg" : "cloud-1-1-0-1",
    "source" : "cloud-1-1-1-1-1",
    "zip" : "cloud-1-0-1-1-1"
  },
  "appLoopLatency" : 38.97568916003753,
  "latencyPerTupleType" : {
    "average_TUPLE" : 0.6145717526045027,
    "sink_TUPLE" : 3.2447424212212086,
    "slidingLinearReg_TUPLE" : 1.4778372024699957,
    "acc_TUPLE" : 0.6141310169374559,
    "blobUpload_TUPLE" : 0.8156910186948296,
    "kalmanFilter_TUPLE" : 12.878110334897489,
    "plt_TUPLE" : 0.8096382018603859,
    "zip_TUPLE" : 0.44855845341238526,
    "senMLParse_TUPLE" : 0.9148992864583397,
    "distinctCount_TUPLE" : 0.8011764921878092,
    "TUPLE" : 0.09020052083333105
  },
  "tuplesProcessedPerModule" : {
    "acc" : 4267,
    "zip" : 4199,
    "average" : 2048,
    "distinctCount" : 2048,
    "blobUpload" : 4182,
    "sink" : 4182,
    "kalmanFilter" : 2025,
    "plt" : 4241,
    "slidingLinearReg" : 1997,
    "source" : 2048,
    "senMLParse" : 2048
  },
  "recsInPerModule" : {
    "acc" : 2.1372758500834754,
    "zip" : 2.100514909884482,
    "average" : 1.0287795394773982,
    "distinctCount" : 1.0289862766195441,
    "blobUpload" : 2.12007588401687,
    "sink" : 2.1129436051174038,
    "kalmanFilter" : 1.029503545275169,
    "plt" : 2.122209542794271,
    "slidingLinearReg" : 1.0030618430949132,
    "source" : 1.0356500271554718,
    "senMLParse" : 1.032099876309062
  },
  "recsOutPerModule" : {
    "acc" : 2.1364442833611927,
    "zip" : 2.0995149048857566,
    "average" : 1.0282328932769285,
    "distinctCount" : 1.0283156930576896,
    "blobUpload" : 2.1189390205490706,
    "sink" : 2.1096448911881787,
    "kalmanFilter" : 1.0128502684376575,
    "plt" : 2.1216167806109736,
    "slidingLinearReg" : 1.0029446799370976,
    "source" : 1.0355965672097578,
    "senMLParse" : 1.0319936936356935
  },
  "remainingDataPerDevice" : {
    "acc" : 52000,
    "zip" : 34000,
    "average" : 0,
    "distinctCount" : 0,
    "blobUpload" : 0,
    "sink" : 0,
    "kalmanFilter" : 56000,
    "plt" : 80000,
    "slidingLinearReg" : 0,
    "source" : 0,
    "senMLParse" : 0
  },
  "executionTime" : 615.0,
  "networkUsage" : 174089.3,
  "tuplesSentBySensors" : 2048
}