{
  "placement" : {
    "acc" : "cloud-1-1-1-1-0-1",
    "average" : "cloud-1",
    "blobUpload" : "cloud-0-0-0-1-0-1",
    "distinctCount" : "cloud",
    "kalmanFilter" : "cloud-1-0-0-0-0-1",
    "plt" : "cloud-1-0-1-0-0-0",
    "senMLParse" : "cloud-1-1-0-1-1-0",
    "sink" : "cloud-0-0-0-0-0-1",
    "slidingLinearReg" : "cloud-0-0-0-0-0-0",
    "source" : "cloud-0-1-1-1",
    "zip" : "cloud-1-1-1-0-1-0"
  },
  "appLoopLatency" : 37.371387475846724,
  "latencyPerTupleType" : {
    "average_TUPLE" : 3.482332763020814,
    "sink_TUPLE" : 1.0339635272612957,
    "acc_TUPLE" : 0.20562701473735134,
    "slidingLinearReg_TUPLE" : 1.4937389604636644,
    "blobUpload_TUPLE" : 0.3466796733353839,
    "kalmanFilter_TUPLE" : 2.150877796875024,
    "plt_TUPLE" : 0.3102366415983151,
    "zip_TUPLE" : 0.6866340254509296,
    "senMLParse_TUPLE" : 0.12349944270832686,
    "distinctCount_TUPLE" : 0.11601993749999626,
    "TUPLE" : 0.09252148437500993
  },
  "tuplesProcessedPerModule" : {
    "acc" : 4259,
    "zip" : 4222,
    "average" : 2048,
    "distinctCount" : 2048,
    "blobUpload" : 4164,
    "sink" : 4156,
    "kalmanFilter" : 2048,
    "plt" : 4247,
    "slidingLinearReg" : 2048,
    "source" : 2048,
    "senMLParse" : 2048
  },
  "recsInPerModule" : {
    "acc" : 2.133507006002275,
    "zip" : 2.112584501221699,
    "average" : 1.032557357476804,
    "distinctCount" : 1.0321410488195242,
    "blobUpload" : 2.0824338981794397,
    "sink" : 2.1152000048587847,
    "kalmanFilter" : 1.0313613791445475,
    "plt" : 2.1237787760512234,
    "slidingLinearReg" : 1.0274287415320522,
    "source" : 1.0361215864397586,
    "senMLParse" : 1.0336104665339243
  },
  "recsOutPerModule" : {
    "acc" : 2.1333667403726877,
    "zip" : 2.1122145862218558,
    "average" : 1.0303949268108648,
    "distinctCount" : 1.0320825326285499,
    "blobUpload" : 2.0822863721560636,
    "sink" : 2.113243871207176,
    "kalmanFilter" : 1.0300127366020417,
    "plt" : 2.1236283326298317,
    "slidingLinearReg" : 1.0261385560390324,
    "source" : 1.0360680778007194,
    "senMLParse" : 1.0335474369969622
  },
  "remainingDataPerDevice" : {
    "acc" : 24000,
    "zip" : 116000,
    "average" : 0,
    "distinctCount" : 0,
    "blobUpload" : 40000,
    "sink" : 0,
    "kalmanFilter" : 0,
    "plt" : 50000,
    "slidingLinearReg" : 66000,
    "source" : 0,
    "senMLParse" : 0
  },
  "executionTime" : 547.0,
  "networkUsage" : 156435.3,
  "tuplesSentBySensors" : 2048
}