{
  "placement" : {
    "acc" : "cloud-0-1-1-1-0-0",
    "average" : "cloud-1-1",
    "blobUpload" : "cloud-1",
    "distinctCount" : "cloud-1-0-0-1-0-0",
    "kalmanFilter" : "cloud-1-0-1-0-0",
    "plt" : "cloud-0-1-0-1-1-0",
    "senMLParse" : "cloud-0-1-0-1",
    "sink" : "cloud-1-0-0-0",
    "slidingLinearReg" : "cloud-1-0-0-0-1-0",
    "source" : "cloud-1-0-0-0-0-1",
    "zip" : "cloud-1-0-0-1-1"
  },
  "appLoopLatency" : 30.11684015502822,
  "latencyPerTupleType" : {
    "average_TUPLE" : 0.5098542211174231,
    "sink_TUPLE" : 3.6374002899766484,
    "acc_TUPLE" : 0.201539280593524,
    "slidingLinearReg_TUPLE" : 0.32810195123104496,
    "blobUpload_TUPLE" : 3.304202996856171,
    "kalmanFilter_TUPLE" : 0.5098542211174231,
    "plt_TUPLE" : 0.9149642588827047,
    "zip_TUPLE" : 1.0149350142420284,
    "senMLParse_TUPLE" : 0.1688081960226988,
    "distinctCount_TUPLE" : 6.559038125000037,
    "TUPLE" : 0.09543678977272378
  },
  "tuplesProcessedPerModule" : {
    "acc" : 4272,
    "zip" : 4200,
    "average" : 2048,
    "distinctCount" : 2048,
    "blobUpload" : 4193,
    "sink" : 4190,
    "kalmanFilter" : 2048,
    "plt" : 4220,
    "slidingLinearReg" : 2048,
    "source" : 2048,
    "senMLParse" : 2048
  },
  "recsInPerModule" : {
    "acc" : 2.1602177104721494,
    "zip" : 2.1003607778569853,
    "average" : 1.0317133611791263,
    "distinctCount" : 1.0306749205411607,
    "blobUpload" : 2.0970710358347566,
    "sink" : 2.0957244135360624,
    "kalmanFilter" : 1.0307786713565097,
    "plt" : 2.1106532071291553,
    "slidingLinearReg" : 1.0284063035400377,
    "source" : 1.0354405830015845,
    "senMLParse" : 1.0330360709115145
  },
  "recsOutPerModule" : {
    "acc" : 2.137695032675907,
    "zip" : 2.1001682293620076,
    "average" : 1.031618083869813,
    "distinctCount" : 1.0273916888613561,
    "blobUpload" : 2.0965710188972664,
    "sink" : 2.0952243599895257,
    "kalmanFilter" : 1.0306835665956777,
    "plt" : 2.1103877277237686,
    "slidingLinearReg" : 1.028317014397103,
    "source" : 1.0353862524316846,
    "senMLParse" : 1.0329622570947217
  },
  "remainingDataPerDevice" : {
    "acc" : 104000,
    "zip" : 12000,
    "average" : 0,
    "distinctCount" : 0,
    "blobUpload" : 10000,
    "sink" : 0,
    "kalmanFilter" : 0,
    "plt" : 40000,
    "slidingLinearReg" : 0,
    "source" : 0,
    "senMLParse" : 0
  },
  "executionTime" : 604.0,
  "networkUsage" : 115067.12,
  "tuplesSentBySensors" : 2048
}