{
  "placement" : {
    "acc" : "cloud-1-0-1",
    "average" : "cloud-0-1-1-0-0",
    "blobUpload" : "cloud-1-0-1",
    "distinctCount" : "cloud-1-0-1-0",
    "kalmanFilter" : "cloud-1-1-0-0-0",
    "plt" : "cloud-1-0-1-0",
    "senMLParse" : "cloud-1-0-0-1-1",
    "sink" : "cloud-0-1-1-1-1-0",
    "slidingLinearReg" : "cloud-1-1-1-1",
    "source" : "cloud-0-1-0-0",
    "zip" : "cloud-0-0-0"
  },
  "appLoopLatency" : 21.415688298507355,
  "latencyPerTupleType" : {
    "average_TUPLE" : 4.682156005208329,
    "sink_TUPLE" : 4.181776170887714,
    "acc_TUPLE" : 0.29266803870489405,
    "slidingLinearReg_TUPLE" : 4.714446621826172,
    "blobUpload_TUPLE" : 1.502703757380042,
    "kalmanFilter_TUPLE" : 14.011999175074203,
    "plt_TUPLE" : 5.138233604621417,
    "zip_TUPLE" : 0.46414254965198964,
    "senMLParse_TUPLE" : 0.14202203385417242,
    "distinctCount_TUPLE" : 2.183705306315068,
    "TUPLE" : 0.09773828125000367
  },
  "tuplesProcessedPerModule" : {
    "acc" : 4263,
    "zip" : 4263,
    "average" : 2048,
    "distinctCount" : 2048,
    "blobUpload" : 4257,
    "sink" : 4225,
    "kalmanFilter" : 2022,
    "plt" : 4263,
    "slidingLinearReg" : 2022,
    "source" : 2048,
    "senMLParse" : 2048
  },
  "recsInPerModule" : {
    "acc" : 2.1395835653038393,
    "zip" : 2.1357302253733534,
    "average" : 1.0323892766487357,
    "distinctCount" : 1.033691975383193,
    "blobUpload" : 2.133779274748712,
    "sink" : 2.115097645893283,
    "kalmanFilter" : 1.0334833234151093,
    "plt" : 2.1385694664119064,
    "slidingLinearReg" : 1.0141192053722425,
    "source" : 1.0365411109007887,
    "senMLParse" : 1.0348105793710694
  },
  "recsOutPerModule" : {
    "acc" : 2.139428088831065,
    "zip" : 2.135489506012835,
    "average" : 1.0297958580878803,
    "distinctCount" : 1.0320158662401466,
    "blobUpload" : 2.1307760774270057,
    "sink" : 2.1145782755481433,
    "kalmanFilter" : 1.01523972009059,
    "plt" : 2.1381940414127087,
    "slidingLinearReg" : 1.011294694139208,
    "source" : 1.0364864660830302,
    "senMLParse" : 1.0347365117566616
  },
  "remainingDataPerDevice" : {
    "acc" : 0,
    "zip" : 0,
    "average" : 0,
    "distinctCount" : 0,
    "blobUpload" : 160000,
    "sink" : 0,
    "kalmanFilter" : 0,
    "plt" : 0,
    "slidingLinearReg" : 60000,
    "source" : 0,
    "senMLParse" : 0
  },
  "executionTime" : 615.0,
  "networkUsage" : 101306.06,
  "tuplesSentBySensors" : 2048
}