{
  "placement" : {
    "annotate" : "cloud-0-0-1",
    "azureTableInsert" : "cloud-1-1-1-1",
    "bloomFilter" : "cloud-0-0-0-1",
    "csvToSenML" : "cloud-0-1-0-1",
    "interpolation" : "cloud-1-1-0-1",
    "join" : "cloud-0-0-0",
    "mqttPublish" : "cloud-1-1-0-1",
    "rangeFilter" : "cloud-0-0-1-1",
    "senMLParse" : "cloud-0-1-0",
    "sink" : "cloud-0-1",
    "source" : "cloud-0-0-0"
  },
  "appLoopLatency" : 19.388576083916114,
  "latencyPerTupleType" : {
    "rangeFilter_TUPLE" : 0.4821513115529652,
    "join_TUPLE" : 3.3268648953248245,
    "bloomFilter_TUPLE" : 0.3421193483677838,
    "sink_TUPLE" : 0.3947802987421278,
    "interpolation_TUPLE" : 1.0289052771939493,
    "mqttPublish_TUPLE" : 1.2980950888420173,
    "csvToSenML_TUPLE" : 0.31641143774479197,
    "senMLParse_TUPLE" : 0.20629473011363086,
    "annotate_TUPLE" : 0.1959112239961991,
    "azureTableInsert_TUPLE" : 0.2197945452347947,
    "TUPLE" : 0.10322182765151905
  },
  "tuplesProcessedPerModule" : {
    "bloomFilter" : 1423,
    "interpolation" : 692,
    "azureTableInsert" : 689,
    "sink" : 1378,
    "rangeFilter" : 2048,
    "annotate" : 689,
    "source" : 2048,
    "join" : 689,
    "senMLParse" : 2048,
    "mqttPublish" : 689,
    "csvToSenML" : 689
  },
  "recsInPerModule" : {
    "bloomFilter" : 0.7181718201262737,
    "interpolation" : 0.34862810342996264,
    "azureTableInsert" : 0.34589153506195275,
    "sink" : 0.6893958591975289,
    "rangeFilter" : 1.0347118810870743,
    "annotate" : 0.34643140605617123,
    "source" : 1.0372225125905037,
    "join" : 0.348019895397652,
    "senMLParse" : 1.0361165564320507,
    "mqttPublish" : 0.34519195282923454,
    "csvToSenML" : 0.34596100761917153
  },
  "recsOutPerModule" : {
    "bloomFilter" : 0.7180257702502449,
    "interpolation" : 0.3485282378843571,
    "azureTableInsert" : 0.34585156530585875,
    "sink" : 0.6892715753504766,
    "rangeFilter" : 1.0343330131296418,
    "annotate" : 0.34639584656410133,
    "source" : 1.0371660052758824,
    "join" : 0.34651856493580274,
    "senMLParse" : 1.0360204641671338,
    "mqttPublish" : 0.3451296326697784,
    "csvToSenML" : 0.34590252059940313
  },
  "remainingDataPerDevice" : {
    "bloomFilter" : 0,
    "interpolation" : 0,
    "azureTableInsert" : 0,
    "sink" : 0,
    "rangeFilter" : 0,
    "annotate" : 0,
    "source" : 0,
    "join" : 0,
    "senMLParse" : 0,
    "mqttPublish" : 0,
    "csvToSenML" : 0
  },
  "executionTime" : 311.0,
  "networkUsage" : 53356.05,
  "tuplesSentBySensors" : 2048
}