{
  "placement" : {
    "annotate" : "cloud-1-1-0-1",
    "azureTableInsert" : "cloud",
    "bloomFilter" : "cloud-1-0",
    "csvToSenML" : "cloud-1-1-1-0",
    "interpolation" : "cloud-1-1-1-1",
    "join" : "cloud-1-1-0-0",
    "mqttPublish" : "cloud-0-0-0-0",
    "rangeFilter" : "cloud-1-1",
    "senMLParse" : "cloud-0-1-1-0",
    "sink" : "cloud-0-1-0-1",
    "source" : "cloud-1-0-0"
  },
  "appLoopLatency" : 21.411204342165263,
  "latencyPerTupleType" : {
    "rangeFilter_TUPLE" : 0.24266361979159734,
    "join_TUPLE" : 0.732588231982022,
    "bloomFilter_TUPLE" : 0.5253879184397205,
    "sink_TUPLE" : 0.23483301039367094,
    "interpolation_TUPLE" : 0.24086045045048318,
    "mqttPublish_TUPLE" : 0.18125957933257836,
    "csvToSenML_TUPLE" : 1.23384697072103,
    "senMLParse_TUPLE" : 0.12018546874993374,
    "annotate_TUPLE" : 0.8003419031532687,
    "azureTableInsert_TUPLE" : 0.13928243243268465,
    "TUPLE" : 0.10958398437498802
  },
  "tuplesProcessedPerModule" : {
    "bloomFilter" : 1410,
    "interpolation" : 740,
    "azureTableInsert" : 740,
    "sink" : 1461,
    "rangeFilter" : 2048,
    "annotate" : 740,
    "source" : 2048,
    "join" : 740,
    "senMLParse" : 2048,
    "mqttPublish" : 729,
    "csvToSenML" : 740
  },
  "recsInPerModule" : {
    "bloomFilter" : 0.7109542818050647,
    "interpolation" : 0.3725191714516514,
    "azureTableInsert" : 0.37081635467692936,
    "sink" : 0.730569841868074,
    "rangeFilter" : 1.0334214240997326,
    "annotate" : 0.37143931745007003,
    "source" : 1.0371174616550127,
    "join" : 0.37189316897321484,
    "senMLParse" : 1.0350623042815783,
    "mqttPublish" : 0.36469925100445755,
    "csvToSenML" : 0.37068633749226676
  },
  "recsOutPerModule" : {
    "bloomFilter" : 0.7106944791949915,
    "interpolation" : 0.3724359745987121,
    "azureTableInsert" : 0.370785000666435,
    "sink" : 0.7305056397802455,
    "rangeFilter" : 1.0333258310693703,
    "annotate" : 0.37120718680656833,
    "source" : 1.037054003692648,
    "join" : 0.3716818607295357,
    "senMLParse" : 1.0349882006291475,
    "mqttPublish" : 0.3646658050326792,
    "csvToSenML" : 0.3704020291150385
  },
  "remainingDataPerDevice" : {
    "bloomFilter" : 0,
    "interpolation" : 0,
    "azureTableInsert" : 0,
    "sink" : 0,
    "rangeFilter" : 0,
    "annotate" : 0,
    "source" : 0,
    "join" : 0,
    "senMLParse" : 0,
    "mqttPublish" : 40000,
    "csvToSenML" : 55000
  },
  "executionTime" : 267.0,
  "networkUsage" : 56777.06,
  "tuplesSentBySensors" : 2048
}