{
  "placement" : {
    "annotate" : "cloud-0-1-0",
    "azureTableInsert" : "cloud-1-1-0-0",
    "bloomFilter" : "cloud-0-0-1-1",
    "csvToSenML" : "cloud-0-1",
    "interpolation" : "cloud-1-0-1-0",
    "join" : "cloud-0-1",
    "mqttPublish" : "cloud-1",
    "rangeFilter" : "cloud-1-0-1",
    "senMLParse" : "cloud-1",
    "sink" : "cloud-1-0-0-0",
    "source" : "cloud-0-1-1"
  },
  "appLoopLatency" : 24.15321636237347,
  "latencyPerTupleType" : {
    "rangeFilter_TUPLE" : 5.106054458333264,
    "join_TUPLE" : 3.7084072519959954,
    "bloomFilter_TUPLE" : 1.2393015164516907,
    "sink_TUPLE" : 0.3683718216013454,
    "interpolation_TUPLE" : 0.9100006740023739,
    "mqttPublish_TUPLE" : 0.3939039257172445,
    "csvToSenML_TUPLE" : 2.120046499017547,
    "senMLParse_TUPLE" : 0.21285088802081698,
    "annotate_TUPLE" : 0.6871277385992415,
    "azureTableInsert_TUPLE" : 0.8472383262816998,
    "TUPLE" : 0.08875195312499085
  },
  "tuplesProcessedPerModule" : {
    "bloomFilter" : 1469,
    "interpolation" : 725,
    "azureTableInsert" : 709,
    "sink" : 1418,
    "rangeFilter" : 2048,
    "annotate" : 709,
    "source" : 2048,
    "join" : 725,
    "senMLParse" : 2048,
    "mqttPublish" : 709,
    "csvToSenML" : 709
  },
  "recsInPerModule" : {
    "bloomFilter" : 0.7393533402738098,
    "interpolation" : 0.3639686490160529,
    "azureTableInsert" : 0.36485416944506716,
    "sink" : 0.7278830627428773,
    "rangeFilter" : 1.0351958284434684,
    "annotate" : 0.36571205412847374,
    "source" : 1.037064944166611,
    "join" : 0.3633102370986749,
    "senMLParse" : 1.036118899169617,
    "mqttPublish" : 0.3649419029660919,
    "csvToSenML" : 0.3654183074504502
  },
  "recsOutPerModule" : {
    "bloomFilter" : 0.7387739087048332,
    "interpolation" : 0.3637843596453648,
    "azureTableInsert" : 0.36472786945595553,
    "sink" : 0.7277678769958326,
    "rangeFilter" : 1.032534079246708,
    "annotate" : 0.3656067608096394,
    "source" : 1.037010791077074,
    "join" : 0.3626106514121985,
    "senMLParse" : 1.036033725197467,
    "mqttPublish" : 0.36488008090182755,
    "csvToSenML" : 0.3651299488144988
  },
  "remainingDataPerDevice" : {
    "bloomFilter" : 0,
    "interpolation" : 0,
    "azureTableInsert" : 0,
    "sink" : 0,
    "rangeFilter" : 0,
    "annotate" : 0,
    "source" : 0,
    "join" : 80000,
    "senMLParse" : 0,
    "mqttPublish" : 0,
    "csvToSenML" : 0
  },
  "executionTime" : 358.0,
  "networkUsage" : 54168.71,
  "tuplesSentBySensors" : 2048
}