{
  "placement" : {
    "annotate" : "cloud-1-1-0",
    "azureTableInsert" : "cloud-1",
    "bloomFilter" : "cloud-1-1-1",
    "csvToSenML" : "cloud-1-1-1",
    "interpolation" : "cloud-0-0-1",
    "join" : "cloud-1-0-0",
    "mqttPublish" : "cloud-0-0-1",
    "rangeFilter" : "cloud-1",
    "senMLParse" : "cloud-0-1-1",
    "sink" : "cloud-1-0",
    "source" : "cloud-1-1"
  },
  "appLoopLatency" : 16.4925159222221,
  "latencyPerTupleType" : {
    "rangeFilter_TUPLE" : 6.092481932587474,
    "join_TUPLE" : 4.541134776536681,
    "bloomFilter_TUPLE" : 9.47580489098147,
    "sink_TUPLE" : 1.1852136347769873,
    "interpolation_TUPLE" : 1.6778595850962992,
    "mqttPublish_TUPLE" : 0.45902044713938006,
    "csvToSenML_TUPLE" : 1.1086233020153446,
    "senMLParse_TUPLE" : 0.23224889607011628,
    "annotate_TUPLE" : 0.49517632681602924,
    "azureTableInsert_TUPLE" : 2.5831843480200884,
    "TUPLE" : 0.09604687500000375
  },
  "tuplesProcessedPerModule" : {
    "bloomFilter" : 1450,
    "interpolation" : 735,
    "azureTableInsert" : 716,
    "sink" : 1432,
    "rangeFilter" : 2048,
    "annotate" : 716,
    "source" : 2048,
    "join" : 716,
    "senMLParse" : 2048,
    "mqttPublish" : 716,
    "csvToSenML" : 716
  },
  "recsInPerModule" : {
    "bloomFilter" : 0.7306151636963286,
    "interpolation" : 0.36778334666239365,
    "azureTableInsert" : 0.36045924968924664,
    "sink" : 0.7196059219805288,
    "rangeFilter" : 1.035709057060296,
    "annotate" : 0.3607536205986786,
    "source" : 1.0380631606691655,
    "join" : 0.36121487736428115,
    "senMLParse" : 1.0367450514625682,
    "mqttPublish" : 0.3600778154685022,
    "csvToSenML" : 0.36047739827994285
  },
  "recsOutPerModule" : {
    "bloomFilter" : 0.7262858635749045,
    "interpolation" : 0.36756639888454284,
    "azureTableInsert" : 0.36041747915427447,
    "sink" : 0.7195509305683304,
    "rangeFilter" : 1.0325563854041722,
    "annotate" : 0.3607316587603004,
    "source" : 1.0380061631615938,
    "join" : 0.3611539547149427,
    "senMLParse" : 1.0366528178105514,
    "mqttPublish" : 0.36005627875391255,
    "csvToSenML" : 0.3604403487026754
  },
  "remainingDataPerDevice" : {
    "bloomFilter" : 0,
    "interpolation" : 95000,
    "azureTableInsert" : 0,
    "sink" : 0,
    "rangeFilter" : 0,
    "annotate" : 0,
    "source" : 0,
    "join" : 0,
    "senMLParse" : 0,
    "mqttPublish" : 0,
    "csvToSenML" : 0
  },
  "executionTime" : 360.0,
  "networkUsage" : 35536.4,
  "tuplesSentBySensors" : 2048
}