{
  "placement" : {
    "annotate" : "cloud-0",
    "azureTableInsert" : "cloud-1-0-1",
    "bloomFilter" : "cloud-0-0",
    "csvToSenML" : "cloud-1",
    "interpolation" : "cloud-1-0-0",
    "join" : "cloud-0-0-1",
    "mqttPublish" : "cloud",
    "rangeFilter" : "cloud-1-1-0",
    "senMLParse" : "cloud-0-0-0",
    "sink" : "cloud-1",
    "source" : "cloud-0-1-1"
  },
  "appLoopLatency" : 13.694912196969742,
  "latencyPerTupleType" : {
    "rangeFilter_TUPLE" : 0.275807161458299,
    "join_TUPLE" : 0.7065617331170364,
    "bloomFilter_TUPLE" : 0.5258957496236341,
    "sink_TUPLE" : 0.7134920764639018,
    "interpolation_TUPLE" : 1.4761740642857684,
    "mqttPublish_TUPLE" : 0.11886921428586762,
    "csvToSenML_TUPLE" : 1.723511941406662,
    "senMLParse_TUPLE" : 0.14521907196967354,
    "annotate_TUPLE" : 0.3992634112555582,
    "azureTableInsert_TUPLE" : 1.1074813746756194,
    "TUPLE" : 0.10286505681814095
  },
  "tuplesProcessedPerModule" : {
    "bloomFilter" : 1429,
    "interpolation" : 700,
    "azureTableInsert" : 700,
    "sink" : 1400,
    "rangeFilter" : 2048,
    "annotate" : 700,
    "source" : 2048,
    "join" : 700,
    "senMLParse" : 2048,
    "mqttPublish" : 700,
    "csvToSenML" : 700
  },
  "recsInPerModule" : {
    "bloomFilter" : 0.7214723868137635,
    "interpolation" : 0.35311682187626753,
    "azureTableInsert" : 0.3521900826897524,
    "sink" : 0.703760064735262,
    "rangeFilter" : 1.0350922540444694,
    "annotate" : 0.3524930634028786,
    "source" : 1.0374841819123144,
    "join" : 0.35267534318724075,
    "senMLParse" : 1.0364291198607576,
    "mqttPublish" : 0.3520008916014962,
    "csvToSenML" : 0.35234963306437306
  },
  "recsOutPerModule" : {
    "bloomFilter" : 0.7212994065043874,
    "interpolation" : 0.35295991395026755,
    "azureTableInsert" : 0.35205705067741566,
    "sink" : 0.7036325831688565,
    "rangeFilter" : 1.0349854547973623,
    "annotate" : 0.35243834213356273,
    "source" : 1.0374266507897696,
    "join" : 0.3525818811233867,
    "senMLParse" : 1.0363493575991638,
    "mqttPublish" : 0.3519809794842204,
    "csvToSenML" : 0.3520540458618464
  },
  "remainingDataPerDevice" : {
    "bloomFilter" : 0,
    "interpolation" : 0,
    "azureTableInsert" : 0,
    "sink" : 0,
    "rangeFilter" : 0,
    "annotate" : 0,
    "source" : 0,
    "join" : 0,
    "senMLParse" : 0,
    "mqttPublish" : 0,
    "csvToSenML" : 0
  },
  "executionTime" : 349.0,
  "networkUsage" : 29894.66,
  "tuplesSentBySensors" : 2048
}