{
  "placement" : {
    "acc" : "cloud-1-0-1",
    "average" : "cloud-0-1-1-0",
    "blobUpload" : "cloud-1-1-1-1",
    "distinctCount" : "cloud-1-1-1-1",
    "kalmanFilter" : "cloud-0-0-0",
    "plt" : "cloud-0-1-1-1",
    "senMLParse" : "cloud-0-1-1",
    "sink" : "cloud-0-1-1-1",
    "slidingLinearReg" : "cloud-1-1",
    "source" : "cloud-0-0-1",
    "zip" : "cloud-1-1-1-1"
  },
  "appLoopLatency" : 22.078106137511128,
  "latencyPerTupleType" : {
    "average_TUPLE" : 0.21319231250001142,
    "sink_TUPLE" : 0.619653822358357,
    "slidingLinearReg_TUPLE" : 0.8258196354163656,
    "acc_TUPLE" : 0.47525426705647766,
    "blobUpload_TUPLE" : 0.7685748520474962,
    "kalmanFilter_TUPLE" : 2.034714367897686,
    "plt_TUPLE" : 0.7535663633189694,
    "zip_TUPLE" : 0.7936470182799187,
    "senMLParse_TUPLE" : 0.11661637239583487,
    "distinctCount_TUPLE" : 0.24067008593751696,
    "TUPLE" : 0.08783072916666948
  },
  "tuplesProcessedPerModule" : {
    "acc" : 4291,
    "zip" : 4291,
    "average" : 2048,
    "distinctCount" : 2048,
    "blobUpload" : 4291,
    "sink" : 4252,
    "kalmanFilter" : 2048,
    "plt" : 4291,
    "slidingLinearReg" : 2048,
    "source" : 2048,
    "senMLParse" : 2048
  },
  "recsInPerModule" : {
    "acc" : 2.160918144923282,
    "zip" : 2.1499819495610164,
    "average" : 1.0358928839424582,
    "distinctCount" : 1.0345846312909193,
    "blobUpload" : 2.149048749712218,
    "sink" : 2.1297695450534686,
    "kalmanFilter" : 1.0354215317148714,
    "plt" : 2.1554539088650553,
    "slidingLinearReg" : 1.0331103415332734,
    "source" : 1.0373275848096342,
    "senMLParse" : 1.03643350903674
  },
  "recsOutPerModule" : {
    "acc" : 2.1599029467788626,
    "zip" : 2.1491563852713584,
    "average" : 1.0358077471238123,
    "distinctCount" : 1.0344915445355007,
    "blobUpload" : 2.148223901802048,
    "sink" : 2.128004893603828,
    "kalmanFilter" : 1.0341018123163639,
    "plt" : 2.1546241377203725,
    "slidingLinearReg" : 1.0324506386294348,
    "source" : 1.0372734042883887,
    "senMLParse" : 1.03636467180364
  },
  "remainingDataPerDevice" : {
    "acc" : 0,
    "zip" : 0,
    "average" : 0,
    "distinctCount" : 0,
    "blobUpload" : 160000,
    "sink" : 0,
    "kalmanFilter" : 0,
    "plt" : 0,
    "slidingLinearReg" : 0,
    "source" : 0,
    "senMLParse" : 0
  },
  "executionTime" : 594.0,
  "networkUsage" : 108257.88,
  "tuplesSentBySensors" : 2048
}