{
  "placement" : {
    "acc" : "cloud-0-0-0-1",
    "average" : "cloud-0-0-1-1",
    "blobUpload" : "cloud",
    "distinctCount" : "cloud-0-1-1-0",
    "kalmanFilter" : "cloud-1-1",
    "plt" : "cloud-1-0-0-1",
    "senMLParse" : "cloud-1-1",
    "sink" : "cloud-1-1-1",
    "slidingLinearReg" : "cloud-0-0",
    "source" : "cloud-0-1",
    "zip" : "cloud-1-0-1-0"
  },
  "appLoopLatency" : 17.96512984630439,
  "latencyPerTupleType" : {
    "average_TUPLE" : 0.7519265572917323,
    "sink_TUPLE" : 2.5116687130039197,
    "slidingLinearReg_TUPLE" : 7.536861572916663,
    "acc_TUPLE" : 0.32682899413049105,
    "blobUpload_TUPLE" : 0.3563544186037008,
    "kalmanFilter_TUPLE" : 2.5194318229167587,
    "plt_TUPLE" : 6.040562245611986,
    "zip_TUPLE" : 2.0388126986344655,
    "senMLParse_TUPLE" : 0.26481174479156755,
    "distinctCount_TUPLE" : 0.38615839062501567,
    "TUPLE" : 0.11366666666665345
  },
  "tuplesProcessedPerModule" : {
    "acc" : 4306,
    "zip" : 4257,
    "average" : 2048,
    "distinctCount" : 2048,
    "blobUpload" : 4257,
    "sink" : 4191,
    "kalmanFilter" : 2048,
    "plt" : 4306,
    "slidingLinearReg" : 2048,
    "source" : 2048,
    "senMLParse" : 2048
  },
  "recsInPerModule" : {
    "acc" : 2.1646713142456973,
    "zip" : 2.134126992756909,
    "average" : 1.0352279787900833,
    "distinctCount" : 1.0349140992190689,
    "blobUpload" : 2.1290024700019266,
    "sink" : 2.1040303552836552,
    "kalmanFilter" : 1.0364329529700869,
    "plt" : 2.160256795671646,
    "slidingLinearReg" : 1.0345611746369858,
    "source" : 1.0374326783188728,
    "senMLParse" : 1.0365815850039684
  },
  "recsOutPerModule" : {
    "acc" : 2.164057725269259,
    "zip" : 2.1313489142867885,
    "average" : 1.0348487328611267,
    "distinctCount" : 1.0348073367303905,
    "blobUpload" : 2.128544724852763,
    "sink" : 2.103674715152706,
    "kalmanFilter" : 1.035398083161327,
    "plt" : 2.154631368204055,
    "slidingLinearReg" : 1.0298621979090896,
    "source" : 1.0373691817775905,
    "senMLParse" : 1.0364854064676714
  },
  "remainingDataPerDevice" : {
    "acc" : 0,
    "zip" : 0,
    "average" : 0,
    "distinctCount" : 0,
    "blobUpload" : 330000,
    "sink" : 0,
    "kalmanFilter" : 0,
    "plt" : 98000,
    "slidingLinearReg" : 0,
    "source" : 0,
    "senMLParse" : 0
  },
  "executionTime" : 680.0,
  "networkUsage" : 74055.43,
  "tuplesSentBySensors" : 2048
}