{
  "placement" : {
    "acc" : "cloud-1-1-0-1-1-0-1-1-0-1",
    "average" : "cloud-0-0-1-0-0-1-1-1-0-1",
    "blobUpload" : "cloud-1-1-1-1-1-0-1-0-0-0",
    "distinctCount" : "cloud-1-0-1-0-1-0-0-0-1-1",
    "kalmanFilter" : "cloud-1-1-1-1-0-0-1-0-1-1",
    "plt" : "cloud-0-0-0-1-1-1-0-1-0-0",
    "senMLParse" : "cloud-1-0-0-0-1-1-1-1-1-0",
    "sink" : "cloud-1-0-0-0-0-1-1",
    "slidingLinearReg" : "cloud-1-1-0-1-1-0-1-1-1-1",
    "source" : "cloud-0-1-0-0-1-1-0-0-0-1",
    "zip" : "cloud-1-0-1-1-1-1-1-1"
  },
  "appLoopLatency" : 69.12631580416061,
  "latencyPerTupleType" : {
    "average_TUPLE" : 0.25120901608857543,
    "sink_TUPLE" : 1.831263321156716,
    "slidingLinearReg_TUPLE" : 5.752493458584362,
    "acc_TUPLE" : 1.8048522426497229,
    "blobUpload_TUPLE" : 2.9165631260983447,
    "kalmanFilter_TUPLE" : 8.220579877078269,
    "plt_TUPLE" : 2.6239272694086444,
    "zip_TUPLE" : 1.4724995625519135,
    "senMLParse_TUPLE" : 0.18204290101003776,
    "distinctCount_TUPLE" : 4.099248364864142,
    "TUPLE" : 0.09861797979798356
  },
  "tuplesProcessedPerModule" : {
    "acc" : 9774,
    "zip" : 9774,
    "average" : 4690,
    "distinctCount" : 4690,
    "blobUpload" : 9662,
    "sink" : 9575,
    "kalmanFilter" : 4679,
    "plt" : 9774,
    "slidingLinearReg" : 4650,
    "source" : 4800,
    "senMLParse" : 4800
  },
  "recsInPerModule" : {
    "acc" : 4.970667646644785,
    "zip" : 4.9029369471459505,
    "average" : 2.3476158959277433,
    "distinctCount" : 2.3626165183401446,
    "blobUpload" : 4.8488667261949745,
    "sink" : 4.803944921611855,
    "kalmanFilter" : 2.3696171716450953,
    "plt" : 4.936228124663075,
    "slidingLinearReg" : 2.3753467003974422,
    "source" : 2.4205736658730883,
    "senMLParse" : 2.4074596353297344
  },
  "recsOutPerModule" : {
    "acc" : 4.963053544890418,
    "zip" : 4.896959550224711,
    "average" : 2.3451160539307194,
    "distinctCount" : 2.345116007026078,
    "blobUpload" : 4.8398192253618255,
    "sink" : 4.8036411522765885,
    "kalmanFilter" : 2.3404349511031795,
    "plt" : 4.925426254347081,
    "slidingLinearReg" : 2.366251803251867,
    "source" : 2.420449294219372,
    "senMLParse" : 2.4073160280004724
  },
  "remainingDataPerDevice" : {
    "acc" : 0,
    "zip" : 224000,
    "average" : 8000,
    "distinctCount" : 80000,
    "blobUpload" : 435000,
    "sink" : 0,
    "kalmanFilter" : 58000,
    "plt" : 0,
    "slidingLinearReg" : 0,
    "source" : 0,
    "senMLParse" : 482000
  },
  "executionTime" : 2669.0,
  "networkUsage" : 685410.18,
  "tuplesSentBySensors" : 4800
}