{
  "placement" : {
    "acc" : "cloud-1-0-0-0-1-0-1-1",
    "average" : "cloud-1-0-1-0-0-1-1-1",
    "blobUpload" : "cloud-1-0-1-1-1-0",
    "distinctCount" : "cloud-0-1-0-1-0-0-1-1-0-1",
    "kalmanFilter" : "cloud-0-0-1-1-0-0-0-1-0",
    "plt" : "cloud-0-1-1-1-1-0-1-1",
    "senMLParse" : "cloud-1-1-1-1-0-1-1-1-0-1",
    "sink" : "cloud-1-1-0-0-1-0-0-0-1",
    "slidingLinearReg" : "cloud-0-1-0-0-1-0-1",
    "source" : "cloud-1-0-1-0-1-1-0-0-0-1",
    "zip" : "cloud-1-0-1-1-0-0"
  },
  "appLoopLatency" : 66.63286599398715,
  "latencyPerTupleType" : {
    "average_TUPLE" : 1.5777581558586233,
    "sink_TUPLE" : 11.543349402681553,
    "slidingLinearReg_TUPLE" : 6.499873052380421,
    "acc_TUPLE" : 0.5574577125018791,
    "blobUpload_TUPLE" : 21.42220448703535,
    "kalmanFilter_TUPLE" : 10.467002814245056,
    "plt_TUPLE" : 7.078333451967031,
    "zip_TUPLE" : 3.7058337498372156,
    "senMLParse_TUPLE" : 0.2510470277777951,
    "distinctCount_TUPLE" : 19.383419788691086,
    "TUPLE" : 0.09587611111112539
  },
  "tuplesProcessedPerModule" : {
    "acc" : 9788,
    "zip" : 9786,
    "average" : 4800,
    "distinctCount" : 4663,
    "blobUpload" : 9554,
    "sink" : 9554,
    "kalmanFilter" : 4680,
    "plt" : 9786,
    "slidingLinearReg" : 4653,
    "source" : 4800,
    "senMLParse" : 4800
  },
  "recsInPerModule" : {
    "acc" : 4.894742234674767,
    "zip" : 4.912602007250457,
    "average" : 2.4029499111721657,
    "distinctCount" : 2.3961185353849164,
    "blobUpload" : 4.897031476080208,
    "sink" : 4.819047902432957,
    "kalmanFilter" : 2.400066289230892,
    "plt" : 4.946353380844046,
    "slidingLinearReg" : 2.3267242304858593,
    "source" : 2.4227728534358706,
    "senMLParse" : 2.412662759361729
  },
  "recsOutPerModule" : {
    "acc" : 4.895927818497842,
    "zip" : 4.900465766300533,
    "average" : 2.401145017634926,
    "distinctCount" : 2.332665158665592,
    "blobUpload" : 4.831968374305536,
    "sink" : 4.809157481682823,
    "kalmanFilter" : 2.3400646390205075,
    "plt" : 4.924231780665538,
    "slidingLinearReg" : 2.3265307749084596,
    "source" : 2.4227703057700163,
    "senMLParse" : 2.4124909729708053
  },
  "remainingDataPerDevice" : {
    "acc" : 4000,
    "zip" : 0,
    "average" : 20000,
    "distinctCount" : 26000,
    "blobUpload" : 0,
    "sink" : 0,
    "kalmanFilter" : 54000,
    "plt" : 0,
    "slidingLinearReg" : 6000,
    "source" : 0,
    "senMLParse" : 16000
  },
  "executionTime" : 4802.0,
  "networkUsage" : 501306.24,
  "tuplesSentBySensors" : 4800
}