{
  "placement" : {
    "acc" : "cloud-0-0-1-0-0-0-0-0",
    "average" : "cloud-1-0-0-0-1-0-1-1",
    "blobUpload" : "cloud-1-1-0-0-0-0-0-0-1-1",
    "distinctCount" : "cloud-0-0-0-1-0-0-0-0-0",
    "kalmanFilter" : "cloud-1-0-0-1-1-1-1-1-1-0",
    "plt" : "cloud-0-0-0-1-0-1-1-0-0",
    "senMLParse" : "cloud-0-0-0-0-1-0-0-0",
    "sink" : "cloud-1-0-0-0-1-0-0-0-1-0",
    "slidingLinearReg" : "cloud-0-1-0-0-0-0-1-1-1-1",
    "source" : "cloud-0-1-0-1-1-1-1-0-1-0",
    "zip" : "cloud-1-0-0-0-0-1"
  },
  "appLoopLatency" : 60.09577110606309,
  "latencyPerTupleType" : {
    "average_TUPLE" : 0.22251862111113344,
    "sink_TUPLE" : 8.849158358247474,
    "acc_TUPLE" : 2.009248457608849,
    "slidingLinearReg_TUPLE" : 7.826251386916831,
    "blobUpload_TUPLE" : 2.9802154049051386,
    "kalmanFilter_TUPLE" : 29.919208548503903,
    "plt_TUPLE" : 11.140847957502933,
    "zip_TUPLE" : 6.186327063199529,
    "senMLParse_TUPLE" : 0.2032076133333609,
    "distinctCount_TUPLE" : 0.4383318700000286,
    "TUPLE" : 0.09830611111110117
  },
  "tuplesProcessedPerModule" : {
    "acc" : 9864,
    "zip" : 9623,
    "average" : 4800,
    "distinctCount" : 4800,
    "blobUpload" : 9622,
    "sink" : 9606,
    "kalmanFilter" : 4656,
    "plt" : 9624,
    "slidingLinearReg" : 4653,
    "source" : 4800,
    "senMLParse" : 4800
  },
  "recsInPerModule" : {
    "acc" : 4.955274606910649,
    "zip" : 4.814830284496247,
    "average" : 2.404661583765652,
    "distinctCount" : 2.4067112569376126,
    "blobUpload" : 4.82780006309746,
    "sink" : 4.82948390573169,
    "kalmanFilter" : 2.4039389988870012,
    "plt" : 4.87624957105456,
    "slidingLinearReg" : 2.3271618066135615,
    "source" : 2.422283799816411,
    "senMLParse" : 2.41351320957551
  },
  "recsOutPerModule" : {
    "acc" : 4.934904478743928,
    "zip" : 4.814489022148815,
    "average" : 2.4045160287549447,
    "distinctCount" : 2.406642166320736,
    "blobUpload" : 4.8267506152002095,
    "sink" : 4.80821613517497,
    "kalmanFilter" : 2.3330148100849946,
    "plt" : 4.822569496561882,
    "slidingLinearReg" : 2.32696056425142,
    "source" : 2.422160294068762,
    "senMLParse" : 2.413366581041166
  },
  "remainingDataPerDevice" : {
    "acc" : 228000,
    "zip" : 2000,
    "average" : 6000,
    "distinctCount" : 0,
    "blobUpload" : 80000,
    "sink" : 0,
    "kalmanFilter" : 6000,
    "plt" : 2000,
    "slidingLinearReg" : 6000,
    "source" : 0,
    "senMLParse" : 0
  },
  "executionTime" : 4066.0,
  "networkUsage" : 561783.1,
  "tuplesSentBySensors" : 4800
}