{
  "placement" : {
    "acc" : "cloud-1-0-0-0-0-1-1-0-0-0",
    "average" : "cloud-1-1-1-1-0-0-1-1-0-0",
    "blobUpload" : "cloud-1-1-0-1-1-1-0-1-0-0",
    "distinctCount" : "cloud-1-1-1-0-1-1-1-1-1-0",
    "kalmanFilter" : "cloud-1-1-1-1-1-1-0-0-1",
    "plt" : "cloud-0-1-0-0-1-1-1-0-1-0",
    "senMLParse" : "cloud-0-1-1-1-1-1-0-0-1",
    "sink" : "cloud-0-1-1-0-0-1",
    "slidingLinearReg" : "cloud-1-1-0-1-0-0-0-1-1-1",
    "source" : "cloud-0-0-0-1-1-0-1-1-0-1",
    "zip" : "cloud-0-0-0-0-1-0-0-0-0-0"
  },
  "appLoopLatency" : 87.36738278985825,
  "latencyPerTupleType" : {
    "average_TUPLE" : 0.2633300825254006,
    "sink_TUPLE" : 5.780205319597158,
    "acc_TUPLE" : 0.5592763728838636,
    "slidingLinearReg_TUPLE" : 6.361584565706756,
    "blobUpload_TUPLE" : 5.115828069778247,
    "kalmanFilter_TUPLE" : 28.17610324615571,
    "plt_TUPLE" : 17.166355931866903,
    "zip_TUPLE" : 2.074292340653192,
    "senMLParse_TUPLE" : 0.17177938767678433,
    "distinctCount_TUPLE" : 4.613244491571309,
    "TUPLE" : 0.09644444444444876
  },
  "tuplesProcessedPerModule" : {
    "acc" : 9802,
    "zip" : 9672,
    "average" : 4800,
    "distinctCount" : 4706,
    "blobUpload" : 9555,
    "sink" : 9469,
    "kalmanFilter" : 4662,
    "plt" : 9672,
    "slidingLinearReg" : 4653,
    "source" : 4800,
    "senMLParse" : 4800
  },
  "recsInPerModule" : {
    "acc" : 4.901553462436845,
    "zip" : 4.846948744575734,
    "average" : 2.4010540108152396,
    "distinctCount" : 2.4027366170201785,
    "blobUpload" : 4.793113644787144,
    "sink" : 4.7525261144119,
    "kalmanFilter" : 2.401294221671839,
    "plt" : 4.873222653666524,
    "slidingLinearReg" : 2.327628414982115,
    "source" : 2.421428430899243,
    "senMLParse" : 2.412056563627923
  },
  "recsOutPerModule" : {
    "acc" : 4.901295604749784,
    "zip" : 4.8456941061695105,
    "average" : 2.400908892199067,
    "distinctCount" : 2.3559860595662228,
    "blobUpload" : 4.785054300183988,
    "sink" : 4.737304070177297,
    "kalmanFilter" : 2.3367237575254025,
    "plt" : 4.869399377030204,
    "slidingLinearReg" : 2.327434809024845,
    "source" : 2.4213037400693445,
    "senMLParse" : 2.4119124073689218
  },
  "remainingDataPerDevice" : {
    "acc" : 260000,
    "zip" : 234000,
    "average" : 22000,
    "distinctCount" : 88000,
    "blobUpload" : 430000,
    "sink" : 0,
    "kalmanFilter" : 18000,
    "plt" : 0,
    "slidingLinearReg" : 6000,
    "source" : 0,
    "senMLParse" : 0
  },
  "executionTime" : 3825.0,
  "networkUsage" : 706329.09,
  "tuplesSentBySensors" : 4800
}