{
  "placement" : {
    "acc" : "cloud-1-0-0-0-1-0-1-0-0-0",
    "average" : "cloud-0-1-1-0-0-1-0-1-0",
    "blobUpload" : "cloud-0-1-0-0-0-0-1-1-0",
    "distinctCount" : "cloud-1-1-1-1-0-1-0-0-0-1",
    "kalmanFilter" : "cloud-0-1-1-0-0-0-1-1-1",
    "plt" : "cloud-0-0-0-1-0-1-0-0-1",
    "senMLParse" : "cloud-0-0-0-1-0",
    "sink" : "cloud-0-1-1-1-0-1-1",
    "slidingLinearReg" : "cloud-0-0-1-0-0-0-1",
    "source" : "cloud-0-0-0-0-0-1-1-1-0",
    "zip" : "cloud-1-0-1-0-1-1-1-0"
  },
  "appLoopLatency" : 51.46725507338988,
  "latencyPerTupleType" : {
    "average_TUPLE" : 2.36283901234719,
    "sink_TUPLE" : 13.833569106743074,
    "slidingLinearReg_TUPLE" : 4.585735719840743,
    "acc_TUPLE" : 0.6510996203083332,
    "blobUpload_TUPLE" : 9.179355403044422,
    "kalmanFilter_TUPLE" : 4.778094325873494,
    "plt_TUPLE" : 1.3323599155618537,
    "zip_TUPLE" : 3.0964974408941135,
    "senMLParse_TUPLE" : 4.6598195444444235,
    "distinctCount_TUPLE" : 1.6576479331316918,
    "TUPLE" : 0.09745138888888465
  },
  "tuplesProcessedPerModule" : {
    "acc" : 9809,
    "zip" : 9753,
    "average" : 4706,
    "distinctCount" : 4706,
    "blobUpload" : 9659,
    "sink" : 9559,
    "kalmanFilter" : 4706,
    "plt" : 9753,
    "slidingLinearReg" : 4706,
    "source" : 4800,
    "senMLParse" : 4800
  },
  "recsInPerModule" : {
    "acc" : 4.904977206049875,
    "zip" : 4.920202055586034,
    "average" : 2.400831111711499,
    "distinctCount" : 2.400951152805542,
    "blobUpload" : 4.89202601627707,
    "sink" : 4.832260827732613,
    "kalmanFilter" : 2.40395731439907,
    "plt" : 4.877258762889768,
    "slidingLinearReg" : 2.356731051622768,
    "source" : 2.421550589470997,
    "senMLParse" : 2.415208309100184
  },
  "recsOutPerModule" : {
    "acc" : 4.904639050307026,
    "zip" : 4.910252256528837,
    "average" : 2.3594649461071535,
    "distinctCount" : 2.359625216070525,
    "blobUpload" : 4.844876827607425,
    "sink" : 4.8007236278299255,
    "kalmanFilter" : 2.362409896693494,
    "plt" : 4.939389596778536,
    "slidingLinearReg" : 2.3557528471133975,
    "source" : 2.421422068811308,
    "senMLParse" : 2.409152313425148
  },
  "remainingDataPerDevice" : {
    "acc" : 110000,
    "zip" : 0,
    "average" : 4000,
    "distinctCount" : 32000,
    "blobUpload" : 0,
    "sink" : 0,
    "kalmanFilter" : 0,
    "plt" : 0,
    "slidingLinearReg" : 84000,
    "source" : 0,
    "senMLParse" : 0
  },
  "executionTime" : 3261.0,
  "networkUsage" : 543305.57,
  "tuplesSentBySensors" : 4800
}