{
  "placement" : {
    "acc" : "cloud-1-1-0-0-1-1-0-0",
    "average" : "cloud-1-0-0-1-1-1-1-1",
    "blobUpload" : "cloud-1-0-0-0-0-0-0-0",
    "distinctCount" : "cloud-0-1-0-0-0-1-1-0",
    "kalmanFilter" : "cloud-0-1-0-1-1-1-0-0-0-0",
    "plt" : "cloud-0-1-0-0-1-0-1-1-1-1",
    "senMLParse" : "cloud-0-0-0-0-1-1-1-0-1-0",
    "sink" : "cloud-1-1-1-0-1-1-1-0-0-0",
    "slidingLinearReg" : "cloud-0-0-0-1-0-0-1-0",
    "source" : "cloud-1-1-0-0-1-0-0-0",
    "zip" : "cloud-0-1-1-0-0-1-0-0-0"
  },
  "appLoopLatency" : 62.89884618453157,
  "latencyPerTupleType" : {
    "average_TUPLE" : 1.3495474160612309,
    "sink_TUPLE" : 11.316671212103717,
    "slidingLinearReg_TUPLE" : 2.3043798484189315,
    "acc_TUPLE" : 0.6483482603637005,
    "blobUpload_TUPLE" : 6.598323375033219,
    "kalmanFilter_TUPLE" : 4.673838259729611,
    "plt_TUPLE" : 6.536987054480227,
    "zip_TUPLE" : 2.355725263574321,
    "senMLParse_TUPLE" : 5.398123955555534,
    "distinctCount_TUPLE" : 3.23436345516022,
    "TUPLE" : 0.09651499999999677
  },
  "tuplesProcessedPerModule" : {
    "acc" : 9809,
    "zip" : 9791,
    "average" : 4706,
    "distinctCount" : 4706,
    "blobUpload" : 9603,
    "sink" : 9603,
    "kalmanFilter" : 4706,
    "plt" : 9791,
    "slidingLinearReg" : 4673,
    "source" : 4800,
    "senMLParse" : 4800
  },
  "recsInPerModule" : {
    "acc" : 4.904913152279616,
    "zip" : 4.909630879214219,
    "average" : 2.3578317808823956,
    "distinctCount" : 2.357713605877997,
    "blobUpload" : 4.862475307767389,
    "sink" : 4.827270101749091,
    "kalmanFilter" : 2.357595513584913,
    "plt" : 4.953079395325822,
    "slidingLinearReg" : 2.3369908465085967,
    "source" : 2.423506804247802,
    "senMLParse" : 2.4144793752690217
  },
  "recsOutPerModule" : {
    "acc" : 4.9046858016112544,
    "zip" : 4.900635340577991,
    "average" : 2.3574921954847676,
    "distinctCount" : 2.3570419793308623,
    "blobUpload" : 4.842608624031608,
    "sink" : 4.810027298456693,
    "kalmanFilter" : 2.356672469660396,
    "plt" : 4.928417570471297,
    "slidingLinearReg" : 2.3366609672634424,
    "source" : 2.4235004312337116,
    "senMLParse" : 2.4084270299812736
  },
  "remainingDataPerDevice" : {
    "acc" : 36000,
    "zip" : 188000,
    "average" : 4000,
    "distinctCount" : 80000,
    "blobUpload" : 0,
    "sink" : 0,
    "kalmanFilter" : 66000,
    "plt" : 0,
    "slidingLinearReg" : 46000,
    "source" : 0,
    "senMLParse" : 564000
  },
  "executionTime" : 3468.0,
  "networkUsage" : 629516.58,
  "tuplesSentBySensors" : 4800
}