{
  "placement" : {
    "acc" : "cloud-0-0-0-1-0-0-0-1",
    "average" : "cloud-0-0-0-0-1-0",
    "blobUpload" : "cloud-0-0-0-1-1-0-0-1-1-1",
    "distinctCount" : "cloud-1-0-1-0-0-0-1-1",
    "kalmanFilter" : "cloud-1-0-0-0-1-0-1-0",
    "plt" : "cloud-0-1-0-0-0-1-1-1",
    "senMLParse" : "cloud-1-1-0-1-0-1-0-1-1",
    "sink" : "cloud-1-0-0-1-1-1-1-1",
    "slidingLinearReg" : "cloud-0-1-1-0-0-0-1-1-1-1",
    "source" : "cloud-1-0-0-1-0-1-0-0-0-1",
    "zip" : "cloud-0-1-0-0-1-0-0-0-1-1"
  },
  "appLoopLatency" : 77.27354799219265,
  "latencyPerTupleType" : {
    "average_TUPLE" : 0.2339771484848768,
    "sink_TUPLE" : 2.6979326295624624,
    "acc_TUPLE" : 0.8819247165993522,
    "slidingLinearReg_TUPLE" : 3.7933437852054954,
    "blobUpload_TUPLE" : 4.943527905448928,
    "kalmanFilter_TUPLE" : 29.80187051890462,
    "plt_TUPLE" : 1.6713538183405345,
    "zip_TUPLE" : 14.33181081341466,
    "senMLParse_TUPLE" : 0.10342727676761235,
    "distinctCount_TUPLE" : 4.9878614913801504,
    "TUPLE" : 0.09626969696969241
  },
  "tuplesProcessedPerModule" : {
    "acc" : 9744,
    "zip" : 9606,
    "average" : 4800,
    "distinctCount" : 4709,
    "blobUpload" : 9496,
    "sink" : 9496,
    "kalmanFilter" : 4659,
    "plt" : 9728,
    "slidingLinearReg" : 4651,
    "source" : 4800,
    "senMLParse" : 4800
  },
  "recsInPerModule" : {
    "acc" : 4.872698438935916,
    "zip" : 4.837161909533369,
    "average" : 2.402373857352069,
    "distinctCount" : 2.402133401606138,
    "blobUpload" : 4.809140312099273,
    "sink" : 4.760457189257056,
    "kalmanFilter" : 2.402133404010407,
    "plt" : 4.873880769079746,
    "slidingLinearReg" : 2.3281521460177403,
    "source" : 2.420695738213859,
    "senMLParse" : 2.41072422854531
  },
  "recsOutPerModule" : {
    "acc" : 4.872353264436674,
    "zip" : 4.832609253676313,
    "average" : 2.4022035329658715,
    "distinctCount" : 2.3565929629434184,
    "blobUpload" : 4.783239104131255,
    "sink" : 4.759224497213626,
    "kalmanFilter" : 2.337328872540595,
    "plt" : 4.867438633808723,
    "slidingLinearReg" : 2.327993127838912,
    "source" : 2.420693426123321,
    "senMLParse" : 2.4105779386836725
  },
  "remainingDataPerDevice" : {
    "acc" : 32000,
    "zip" : 0,
    "average" : 24000,
    "distinctCount" : 102000,
    "blobUpload" : 0,
    "sink" : 0,
    "kalmanFilter" : 16000,
    "plt" : 244000,
    "slidingLinearReg" : 2000,
    "source" : 0,
    "senMLParse" : 0
  },
  "executionTime" : 2929.0,
  "networkUsage" : 645562.32,
  "tuplesSentBySensors" : 4800
}