{
  "placement" : {
    "acc" : "cloud-0-1-0-1-0-1-1-0",
    "average" : "cloud-1-1-1-0-0-1-1-1",
    "blobUpload" : "cloud-0-1-1-0-0-0-0-0-1",
    "distinctCount" : "cloud-0-0-1-1-1-1-1-1-0-0",
    "kalmanFilter" : "cloud-1-0-0-1-1-1-0-0-0-1",
    "plt" : "cloud-1-0-1-1-0-1-0-0-0-1",
    "senMLParse" : "cloud-1-0-1-0-0-0-1-0-0",
    "sink" : "cloud-0-1-1-1-0-0-1-1-1",
    "slidingLinearReg" : "cloud-1-1-0-0-1-0-0-1-0-0",
    "source" : "cloud-1-0-0-0-1-0-0-1-0-0",
    "zip" : "cloud-0-1-1-1-0-1-0-1-1-1"
  },
  "appLoopLatency" : 62.18675540196099,
  "latencyPerTupleType" : {
    "average_TUPLE" : 0.2462058777777991,
    "sink_TUPLE" : 28.321149180085637,
    "slidingLinearReg_TUPLE" : 22.62624414038042,
    "acc_TUPLE" : 0.7558693837689514,
    "blobUpload_TUPLE" : 3.007959486413717,
    "kalmanFilter_TUPLE" : 2.7269368926410635,
    "plt_TUPLE" : 1.4149043288969725,
    "zip_TUPLE" : 11.601674854814346,
    "senMLParse_TUPLE" : 0.24653392222224127,
    "distinctCount_TUPLE" : 19.225200755717466,
    "TUPLE" : 0.09687638888888118
  },
  "tuplesProcessedPerModule" : {
    "acc" : 9768,
    "zip" : 9544,
    "average" : 4800,
    "distinctCount" : 4664,
    "blobUpload" : 9544,
    "sink" : 9390,
    "kalmanFilter" : 4738,
    "plt" : 9768,
    "slidingLinearReg" : 4654,
    "source" : 4800,
    "senMLParse" : 4800
  },
  "recsInPerModule" : {
    "acc" : 4.9153886491027245,
    "zip" : 4.867136900484359,
    "average" : 2.4028308749715217,
    "distinctCount" : 2.4001875496550524,
    "blobUpload" : 4.794943788044762,
    "sink" : 4.7797948276659445,
    "kalmanFilter" : 2.4019891847245987,
    "plt" : 4.893605233191989,
    "slidingLinearReg" : 2.327890447559217,
    "source" : 2.4220393470383756,
    "senMLParse" : 2.4127852984268072
  },
  "recsOutPerModule" : {
    "acc" : 4.913544530295999,
    "zip" : 4.807988593953853,
    "average" : 2.4026604857778513,
    "distinctCount" : 2.3351512790618525,
    "blobUpload" : 4.7929973043838885,
    "sink" : 4.702669240361146,
    "kalmanFilter" : 2.370963498207358,
    "plt" : 4.890195779841638,
    "slidingLinearReg" : 2.32739036368219,
    "source" : 2.422038073975981,
    "senMLParse" : 2.4126134945860107
  },
  "remainingDataPerDevice" : {
    "acc" : 0,
    "zip" : 0,
    "average" : 40000,
    "distinctCount" : 28000,
    "blobUpload" : 0,
    "sink" : 0,
    "kalmanFilter" : 166000,
    "plt" : 124000,
    "slidingLinearReg" : 8000,
    "source" : 0,
    "senMLParse" : 0
  },
  "executionTime" : 4026.0,
  "networkUsage" : 587971.44,
  "tuplesSentBySensors" : 4800
}