{
  "placement" : {
    "acc" : "cloud-0-1-0-1-0-1-0-0",
    "average" : "cloud-0-1-0-1-1-0-0-0-0-0",
    "blobUpload" : "cloud-1-0-1-1-1-0-0-1-1",
    "distinctCount" : "cloud-0-0-1-0-1-0-1-0-0",
    "kalmanFilter" : "cloud-0-1-0-1-0-0-1-1",
    "plt" : "cloud-1-0-1-0-0-1-0-0-0",
    "senMLParse" : "cloud-1-1-0-0-1-0-0-1-1-1",
    "sink" : "cloud-0-0-1-1-0-1-1-0-1-1",
    "slidingLinearReg" : "cloud-1-0-0-0-0-1-0-0-0",
    "source" : "cloud-0-0-0-0-0-1-0-1",
    "zip" : "cloud-1-0-1-1-1-0-1-0"
  },
  "appLoopLatency" : 84.27057792975427,
  "latencyPerTupleType" : {
    "average_TUPLE" : 14.567376424974961,
    "sink_TUPLE" : 3.0243093670272496,
    "acc_TUPLE" : 2.231802409966326,
    "slidingLinearReg_TUPLE" : 31.933204618388498,
    "blobUpload_TUPLE" : 25.3365328591515,
    "kalmanFilter_TUPLE" : 9.809536819463869,
    "plt_TUPLE" : 2.194680053132049,
    "zip_TUPLE" : 9.440270092652424,
    "senMLParse_TUPLE" : 0.16719590949497504,
    "distinctCount_TUPLE" : 3.6553007334028553,
    "TUPLE" : 0.0964511111111088
  },
  "tuplesProcessedPerModule" : {
    "acc" : 9654,
    "zip" : 9648,
    "average" : 4676,
    "distinctCount" : 4716,
    "blobUpload" : 9401,
    "sink" : 9401,
    "kalmanFilter" : 4681,
    "plt" : 9648,
    "slidingLinearReg" : 4652,
    "source" : 4800,
    "senMLParse" : 4800
  },
  "recsInPerModule" : {
    "acc" : 4.827607423353946,
    "zip" : 4.869784895665277,
    "average" : 2.4008150748445467,
    "distinctCount" : 2.4015357321960997,
    "blobUpload" : 4.84969143218198,
    "sink" : 4.7528440140259045,
    "kalmanFilter" : 2.4006949753151345,
    "plt" : 4.885979492958751,
    "slidingLinearReg" : 2.3275423236181068,
    "source" : 2.421550589470997,
    "senMLParse" : 2.410846346885963
  },
  "recsOutPerModule" : {
    "acc" : 4.827303164403043,
    "zip" : 4.85677186737162,
    "average" : 2.338794018744396,
    "distinctCount" : 2.359508856882668,
    "blobUpload" : 4.773844625039161,
    "sink" : 4.750977505074414,
    "kalmanFilter" : 2.342135836864806,
    "plt" : 4.885319748013883,
    "slidingLinearReg" : 2.3270420996070134,
    "source" : 2.4214271584789815,
    "senMLParse" : 2.4107023352432577
  },
  "remainingDataPerDevice" : {
    "acc" : 12000,
    "zip" : 0,
    "average" : 4000,
    "distinctCount" : 124000,
    "blobUpload" : 0,
    "sink" : 0,
    "kalmanFilter" : 56000,
    "plt" : 0,
    "slidingLinearReg" : 242000,
    "source" : 0,
    "senMLParse" : 0
  },
  "executionTime" : 4534.0,
  "networkUsage" : 632156.58,
  "tuplesSentBySensors" : 4800
}