{
  "placement" : {
    "acc" : "cloud-0-1-1-1-1-1-1-0-0-1",
    "average" : "cloud-1-0-0-1-1-0-1-1",
    "blobUpload" : "cloud-1-1-0-0-1-1-0-0-1-0",
    "distinctCount" : "cloud-0-1-1-1-1-0-1-1-0",
    "kalmanFilter" : "cloud-1-1-0-1-0-0-0-1-0",
    "plt" : "cloud-0-0-1-0-1-1-0-0",
    "senMLParse" : "cloud-1-0-0-0-1-1-1-0",
    "sink" : "cloud-0-0-0-0-1-1-0-0-0-1",
    "slidingLinearReg" : "cloud-0-1-1-0-0",
    "source" : "cloud-0-1-1-1-1",
    "zip" : "cloud-1-0-1-1-1-1-0-1"
  },
  "appLoopLatency" : 77.31665929912025,
  "latencyPerTupleType" : {
    "average_TUPLE" : 0.26687755454567014,
    "sink_TUPLE" : 6.725950134469022,
    "acc_TUPLE" : 0.999309708986601,
    "slidingLinearReg_TUPLE" : 3.377593136918331,
    "blobUpload_TUPLE" : 21.907634927805113,
    "kalmanFilter_TUPLE" : 8.639406560606387,
    "plt_TUPLE" : 3.1925537465267038,
    "zip_TUPLE" : 14.92120831201132,
    "senMLParse_TUPLE" : 0.2387587474746822,
    "distinctCount_TUPLE" : 3.869658895959798,
    "TUPLE" : 0.0980074999999975
  },
  "tuplesProcessedPerModule" : {
    "acc" : 9961,
    "zip" : 9642,
    "average" : 4800,
    "distinctCount" : 4800,
    "blobUpload" : 9642,
    "sink" : 9546,
    "kalmanFilter" : 4800,
    "plt" : 9813,
    "slidingLinearReg" : 4684,
    "source" : 4800,
    "senMLParse" : 4800
  },
  "recsInPerModule" : {
    "acc" : 4.980943546381549,
    "zip" : 4.948308681378816,
    "average" : 2.4143349049876224,
    "distinctCount" : 2.4126359240354054,
    "blobUpload" : 4.8850525451795725,
    "sink" : 4.788134676041599,
    "kalmanFilter" : 2.4128785065147755,
    "plt" : 4.9108002058904185,
    "slidingLinearReg" : 2.3484435164568076,
    "source" : 2.4262017659716104,
    "senMLParse" : 2.4200791384701117
  },
  "recsOutPerModule" : {
    "acc" : 4.980564782206124,
    "zip" : 4.9029424157173,
    "average" : 2.4141881765981457,
    "distinctCount" : 2.4074729411873594,
    "blobUpload" : 4.8360495249750635,
    "sink" : 4.78301025970016,
    "kalmanFilter" : 2.4021462317631546,
    "plt" : 4.907842019135107,
    "slidingLinearReg" : 2.348197013241457,
    "source" : 2.4260727511405964,
    "senMLParse" : 2.419934021708865
  },
  "remainingDataPerDevice" : {
    "acc" : 282000,
    "zip" : 0,
    "average" : 0,
    "distinctCount" : 0,
    "blobUpload" : 480000,
    "sink" : 0,
    "kalmanFilter" : 232000,
    "plt" : 110000,
    "slidingLinearReg" : 0,
    "source" : 0,
    "senMLParse" : 0
  },
  "executionTime" : 3147.0,
  "networkUsage" : 584733.98,
  "tuplesSentBySensors" : 4800
}