{
  "placement" : {
    "acc" : "cloud-0-1-1-1-1-1-1-1-1-1",
    "average" : "cloud-1-0-1-1-0-0-1-0-1-1",
    "blobUpload" : "cloud-1-0-0-0-0-1-0-0-1",
    "distinctCount" : "cloud-1-0-1-1-1-1-0-0-1-1",
    "kalmanFilter" : "cloud-0-0-0-1-1-0-1-0-0-1",
    "plt" : "cloud-1-0-1-1-1-1-0-0-1-0",
    "senMLParse" : "cloud-0-0-1-1-1-0-0",
    "sink" : "cloud-0-0-1-0-1-0-0-0-0-0",
    "slidingLinearReg" : "cloud-1-0-1-1-0-1-1-0-1-0",
    "source" : "cloud-1-1-0-1-1-1-1",
    "zip" : "cloud-0-0-1-1-0-0-0-1-0-0"
  },
  "appLoopLatency" : 80.18651033975874,
  "latencyPerTupleType" : {
    "average_TUPLE" : 6.592475476186974,
    "sink_TUPLE" : 32.514141949693006,
    "acc_TUPLE" : 0.4251034981053624,
    "slidingLinearReg_TUPLE" : 6.156939398332391,
    "blobUpload_TUPLE" : 7.440699275733842,
    "kalmanFilter_TUPLE" : 31.06126108971875,
    "plt_TUPLE" : 2.2376388223560157,
    "zip_TUPLE" : 5.95929975918231,
    "senMLParse_TUPLE" : 5.567423343333293,
    "distinctCount_TUPLE" : 28.94312812748351,
    "TUPLE" : 0.09302166666667748
  },
  "tuplesProcessedPerModule" : {
    "acc" : 9680,
    "zip" : 9564,
    "average" : 4704,
    "distinctCount" : 4704,
    "blobUpload" : 9402,
    "sink" : 9241,
    "kalmanFilter" : 4674,
    "plt" : 9564,
    "slidingLinearReg" : 4554,
    "source" : 4800,
    "senMLParse" : 4800
  },
  "recsInPerModule" : {
    "acc" : 4.840914947851299,
    "zip" : 4.8166907844162425,
    "average" : 2.356357422684088,
    "distinctCount" : 2.355885325489828,
    "blobUpload" : 4.795065643724874,
    "sink" : 4.747053431662982,
    "kalmanFilter" : 2.3575383520827136,
    "plt" : 4.83850020678905,
    "slidingLinearReg" : 2.330629953156148,
    "source" : 2.422161567259642,
    "senMLParse" : 2.413027886685544
  },
  "recsOutPerModule" : {
    "acc" : 4.840660260815527,
    "zip" : 4.815345934433775,
    "average" : 2.3550106135795077,
    "distinctCount" : 2.3539253926864685,
    "blobUpload" : 4.764863959652718,
    "sink" : 4.642325789861839,
    "kalmanFilter" : 2.3425036649250424,
    "plt" : 4.8376436165680445,
    "slidingLinearReg" : 2.322186235118507,
    "source" : 2.422160294068762,
    "senMLParse" : 2.406857085090854
  },
  "remainingDataPerDevice" : {
    "acc" : 232000,
    "zip" : 0,
    "average" : 12000,
    "distinctCount" : 78000,
    "blobUpload" : 0,
    "sink" : 0,
    "kalmanFilter" : 28000,
    "plt" : 0,
    "slidingLinearReg" : 0,
    "source" : 0,
    "senMLParse" : 576000
  },
  "executionTime" : 5112.0,
  "networkUsage" : 626972.94,
  "tuplesSentBySensors" : 4800
}