{
  "placement" : {
    "acc" : "cloud-1-0-0-1-1-1-1-1-1",
    "average" : "cloud-1-0-1-1-0-0-0-0-0-0",
    "blobUpload" : "cloud-1-1-0-1",
    "distinctCount" : "cloud-1-1-0-0-1-0-0-0-1-0",
    "kalmanFilter" : "cloud-0-0-1-0-0-0-0-1-1",
    "plt" : "cloud-0-1-0-0-1-1-1",
    "senMLParse" : "cloud-0-0-1-1-0-0-0-0-1-0",
    "sink" : "cloud-0-1-1-0-0-0-0-1-1-0",
    "slidingLinearReg" : "cloud-0-0-0-1-1-0-1-1-0",
    "source" : "cloud-0-1-1-0-0-1-1",
    "zip" : "cloud-1-1-0-1-0-0-0-0"
  },
  "appLoopLatency" : 50.84244687878734,
  "latencyPerTupleType" : {
    "average_TUPLE" : 14.447384716180672,
    "sink_TUPLE" : 29.718591655344472,
    "slidingLinearReg_TUPLE" : 3.3220626768385366,
    "acc_TUPLE" : 0.6309068223436397,
    "blobUpload_TUPLE" : 3.2741406637530375,
    "kalmanFilter_TUPLE" : 2.759484098990096,
    "plt_TUPLE" : 17.104340970473324,
    "zip_TUPLE" : 3.255107800700732,
    "senMLParse_TUPLE" : 0.2070582565655966,
    "distinctCount_TUPLE" : 3.8067031598242163,
    "TUPLE" : 0.09459272727272544
  },
  "tuplesProcessedPerModule" : {
    "acc" : 9816,
    "zip" : 9769,
    "average" : 4677,
    "distinctCount" : 4712,
    "blobUpload" : 9688,
    "sink" : 9546,
    "kalmanFilter" : 4800,
    "plt" : 9769,
    "slidingLinearReg" : 4701,
    "source" : 4800,
    "senMLParse" : 4800
  },
  "recsInPerModule" : {
    "acc" : 4.908487989604708,
    "zip" : 4.895048716879596,
    "average" : 2.4050242660476595,
    "distinctCount" : 2.4050242178464796,
    "blobUpload" : 4.862055500569341,
    "sink" : 4.835666978871958,
    "kalmanFilter" : 2.4080405940326113,
    "plt" : 4.961178924195065,
    "slidingLinearReg" : 2.3612292223729403,
    "source" : 2.4239963518854903,
    "senMLParse" : 2.415576970151861
  },
  "recsOutPerModule" : {
    "acc" : 4.908126351160874,
    "zip" : 4.887290085413665,
    "average" : 2.343884121121435,
    "distinctCount" : 2.3612612008548965,
    "blobUpload" : 4.848723427639049,
    "sink" : 4.787166781246925,
    "kalmanFilter" : 2.404201086954839,
    "plt" : 4.911294978777487,
    "slidingLinearReg" : 2.351199676020087,
    "source" : 2.423871628269661,
    "senMLParse" : 2.4154323928050836
  },
  "remainingDataPerDevice" : {
    "acc" : 94000,
    "zip" : 162000,
    "average" : 2000,
    "distinctCount" : 38000,
    "blobUpload" : 710000,
    "sink" : 0,
    "kalmanFilter" : 156000,
    "plt" : 0,
    "slidingLinearReg" : 102000,
    "source" : 0,
    "senMLParse" : 0
  },
  "executionTime" : 3838.0,
  "networkUsage" : 518932.72,
  "tuplesSentBySensors" : 4800
}