{
  "placement" : {
    "acc" : "cloud-1-1-0-0-0-1-1-0-0-0",
    "average" : "cloud-1-1-1-0-1-1-0-1-0-0",
    "blobUpload" : "cloud-1-1-0-1-1-0-1-0-1",
    "distinctCount" : "cloud-0-1-1-1-0-0-1-1",
    "kalmanFilter" : "cloud-0-0-1-0-0-1-1-0-1-1",
    "plt" : "cloud-1-1-0-0-1-1-0-0-1",
    "senMLParse" : "cloud-1-1-0-0-0-1-0-0-1-0",
    "sink" : "cloud-1-0-0-0-1-0-1-1-0-1",
    "slidingLinearReg" : "cloud-0-0-0-0-1-1-1-1-0-0",
    "source" : "cloud-0-0-1-1-0-0-0-1-1-0",
    "zip" : "cloud-0-1-0-1-1-1-1-0-0-0"
  },
  "appLoopLatency" : 92.41559652160404,
  "latencyPerTupleType" : {
    "average_TUPLE" : 2.8280547778250287,
    "sink_TUPLE" : 3.662933675894158,
    "slidingLinearReg_TUPLE" : 35.39766565872797,
    "acc_TUPLE" : 2.929421100882647,
    "blobUpload_TUPLE" : 5.717959052459015,
    "kalmanFilter_TUPLE" : 10.177351942806695,
    "plt_TUPLE" : 2.353342222502576,
    "zip_TUPLE" : 20.570626928534427,
    "senMLParse_TUPLE" : 0.21222531919186652,
    "distinctCount_TUPLE" : 19.176775551147706,
    "TUPLE" : 0.09672888888888034
  },
  "tuplesProcessedPerModule" : {
    "acc" : 9659,
    "zip" : 9372,
    "average" : 4726,
    "distinctCount" : 4663,
    "blobUpload" : 9372,
    "sink" : 9372,
    "kalmanFilter" : 4671,
    "plt" : 9659,
    "slidingLinearReg" : 4527,
    "source" : 4800,
    "senMLParse" : 4800
  },
  "recsInPerModule" : {
    "acc" : 4.901981749388022,
    "zip" : 4.846070122192003,
    "average" : 2.40056992803596,
    "distinctCount" : 2.3951181930950347,
    "blobUpload" : 4.735912889264149,
    "sink" : 4.714471651196459,
    "kalmanFilter" : 2.3671168349691833,
    "plt" : 4.876305586371402,
    "slidingLinearReg" : 2.3606155573839156,
    "source" : 2.421306284651793,
    "senMLParse" : 2.408784580427798
  },
  "recsOutPerModule" : {
    "acc" : 4.894100934767275,
    "zip" : 4.757550480954224,
    "average" : 2.363561141645406,
    "distinctCount" : 2.3334822173054293,
    "blobUpload" : 4.734477417265151,
    "sink" : 4.713493586412514,
    "kalmanFilter" : 2.3360828000967615,
    "plt" : 4.8700156502600285,
    "slidingLinearReg" : 2.321274932335746,
    "source" : 2.4211777899224316,
    "senMLParse" : 2.4086408149912097
  },
  "remainingDataPerDevice" : {
    "acc" : 0,
    "zip" : 0,
    "average" : 12000,
    "distinctCount" : 26000,
    "blobUpload" : 0,
    "sink" : 0,
    "kalmanFilter" : 42000,
    "plt" : 0,
    "slidingLinearReg" : 0,
    "source" : 0,
    "senMLParse" : 152000
  },
  "executionTime" : 4502.0,
  "networkUsage" : 702784.82,
  "tuplesSentBySensors" : 4800
}