{
  "placement" : {
    "acc" : "cloud-0-0-1-1-0-1-1-1-0-1",
    "average" : "cloud-1-1-1-1-1-0-1-1-1-1",
    "blobUpload" : "cloud-0-1-1-0-0-0-0-0-0-1",
    "distinctCount" : "cloud-1-1-0-1-1-0-0-1-1",
    "kalmanFilter" : "cloud-1-1-1-0-1-1-0-1-0-0",
    "plt" : "cloud-0-0-1-0-0-0-0-0-1-1",
    "senMLParse" : "cloud-1-1-0-0-1-1-0-0",
    "sink" : "cloud-1-1-1-0-1-0-1-1-0",
    "slidingLinearReg" : "cloud-1-0-0-0-1-0-1-1-0-1",
    "source" : "cloud-0-1-1-0-0-0-0-1-0-1",
    "zip" : "cloud-0-0-0-0-0-1-0-0-0"
  },
  "appLoopLatency" : 61.98093450244411,
  "latencyPerTupleType" : {
    "average_TUPLE" : 0.27705898363655673,
    "sink_TUPLE" : 17.359159754803056,
    "slidingLinearReg_TUPLE" : 3.61692181458059,
    "acc_TUPLE" : 0.6197422131433068,
    "blobUpload_TUPLE" : 1.3548996179351669,
    "kalmanFilter_TUPLE" : 9.83428854988367,
    "plt_TUPLE" : 2.8531776357764635,
    "zip_TUPLE" : 1.3614957403477101,
    "senMLParse_TUPLE" : 0.20816588000002925,
    "distinctCount_TUPLE" : 0.5536846894951395,
    "TUPLE" : 0.09550055555555703
  },
  "tuplesProcessedPerModule" : {
    "acc" : 9768,
    "zip" : 9756,
    "average" : 4800,
    "distinctCount" : 4800,
    "blobUpload" : 9636,
    "sink" : 9531,
    "kalmanFilter" : 4680,
    "plt" : 9756,
    "slidingLinearReg" : 4662,
    "source" : 4800,
    "senMLParse" : 4800
  },
  "recsInPerModule" : {
    "acc" : 4.884422248127471,
    "zip" : 4.911773296140724,
    "average" : 2.4027366651297064,
    "distinctCount" : 2.405144504007263,
    "blobUpload" : 4.883742638575848,
    "sink" : 4.863493825231954,
    "kalmanFilter" : 2.4046625646928117,
    "plt" : 4.939877440231702,
    "slidingLinearReg" : 2.3332321000130736,
    "source" : 2.4226505715184117,
    "senMLParse" : 2.41217777840382
  },
  "recsOutPerModule" : {
    "acc" : 4.884152578891501,
    "zip" : 4.905352186824767,
    "average" : 2.4025913430506898,
    "distinctCount" : 2.404898477714327,
    "blobUpload" : 4.8829636923948465,
    "sink" : 4.786340419007136,
    "kalmanFilter" : 2.346451520941185,
    "plt" : 4.9271538205501,
    "slidingLinearReg" : 2.3314075491324036,
    "source" : 2.4225257547923635,
    "senMLParse" : 2.4120336076561153
  },
  "remainingDataPerDevice" : {
    "acc" : 24000,
    "zip" : 0,
    "average" : 40000,
    "distinctCount" : 276000,
    "blobUpload" : 0,
    "sink" : 0,
    "kalmanFilter" : 28000,
    "plt" : 0,
    "slidingLinearReg" : 24000,
    "source" : 0,
    "senMLParse" : 0
  },
  "executionTime" : 3182.0,
  "networkUsage" : 616448.34,
  "tuplesSentBySensors" : 4800
}