{
  "placement" : {
    "acc" : "cloud-0-1-0-0-1-1-1-0-0-0",
    "average" : "cloud-1-0-1-0-1-0-1-0-0-0",
    "blobUpload" : "cloud-1-0-0-1-0-0-1-1-1",
    "distinctCount" : "cloud-0-1-1-1-0-0-0-1-1",
    "kalmanFilter" : "cloud-1-1-0-0",
    "plt" : "cloud-0-0-0-0-1-1-1-1-1-0",
    "senMLParse" : "cloud-0-1-0-0-0-1-1-0-1",
    "sink" : "cloud-1-1-0-0-0-0-0-0-0",
    "slidingLinearReg" : "cloud-1-0-0-0-0-0",
    "source" : "cloud-0-1-1-0-1-0-0",
    "zip" : "cloud-1-1-0-0-1-0-1-1-1"
  },
  "appLoopLatency" : 61.17234625396902,
  "latencyPerTupleType" : {
    "average_TUPLE" : 0.32337987333336554,
    "sink_TUPLE" : 36.64323608470876,
    "slidingLinearReg_TUPLE" : 3.601362833618019,
    "acc_TUPLE" : 0.890485358229552,
    "blobUpload_TUPLE" : 3.9487075874825512,
    "kalmanFilter_TUPLE" : 9.895117702065564,
    "plt_TUPLE" : 14.950896166786473,
    "zip_TUPLE" : 1.9428105218087446,
    "senMLParse_TUPLE" : 0.12313003333325805,
    "distinctCount_TUPLE" : 5.013303515555559,
    "TUPLE" : 0.0963547222222179
  },
  "tuplesProcessedPerModule" : {
    "acc" : 9825,
    "zip" : 9640,
    "average" : 4800,
    "distinctCount" : 4800,
    "blobUpload" : 9640,
    "sink" : 9531,
    "kalmanFilter" : 4680,
    "plt" : 9640,
    "slidingLinearReg" : 4680,
    "source" : 4800,
    "senMLParse" : 4800
  },
  "recsInPerModule" : {
    "acc" : 4.912899243481755,
    "zip" : 4.877484625085016,
    "average" : 2.4022621718510377,
    "distinctCount" : 2.4090137634364024,
    "blobUpload" : 4.853489981266676,
    "sink" : 4.822088285261679,
    "kalmanFilter" : 2.4080469294874707,
    "plt" : 4.958264021807853,
    "slidingLinearReg" : 2.345393209403789,
    "source" : 2.424486097340086,
    "senMLParse" : 2.416789176619128
  },
  "recsOutPerModule" : {
    "acc" : 4.912630329551894,
    "zip" : 4.871640827544008,
    "average" : 2.4021169071611292,
    "distinctCount" : 2.4026755161397264,
    "blobUpload" : 4.843178442590446,
    "sink" : 4.7723112260989495,
    "kalmanFilter" : 2.3492784647246774,
    "plt" : 4.897307680505268,
    "slidingLinearReg" : 2.345061450875503,
    "source" : 2.424357264903268,
    "senMLParse" : 2.4166548237993557
  },
  "remainingDataPerDevice" : {
    "acc" : 130000,
    "zip" : 0,
    "average" : 18000,
    "distinctCount" : 198000,
    "blobUpload" : 0,
    "sink" : 0,
    "kalmanFilter" : 0,
    "plt" : 0,
    "slidingLinearReg" : 32000,
    "source" : 0,
    "senMLParse" : 0
  },
  "executionTime" : 3700.0,
  "networkUsage" : 652263.84,
  "tuplesSentBySensors" : 4800
}