{
  "placement" : {
    "acc" : "cloud-1-1-0-0-0-1-0-1-1-0",
    "average" : "cloud-1-0-0-1-0-0-0-1-0-1",
    "blobUpload" : "cloud-1-0-0-0-1",
    "distinctCount" : "cloud-1-1-1-0-0-0-1-0-1-1",
    "kalmanFilter" : "cloud-1-0-0-0-1-0-0-0-1-1",
    "plt" : "cloud-1-1-0-0-1-0-0-0-1-0",
    "senMLParse" : "cloud-0-1-1-1-1-1-0-0",
    "sink" : "cloud-1-1-0-0-0-1-1-0-0-1",
    "slidingLinearReg" : "cloud-0-0-0-0-1-1-1-0-0-0",
    "source" : "cloud-0-1-1-0-0-1-0-0-1-0",
    "zip" : "cloud-0-1-1-1-0-1-0-0"
  },
  "appLoopLatency" : 52.4081294424239,
  "latencyPerTupleType" : {
    "average_TUPLE" : 2.482267807272769,
    "sink_TUPLE" : 18.02809367131049,
    "acc_TUPLE" : 0.750275433714145,
    "slidingLinearReg_TUPLE" : 2.9074226059828066,
    "blobUpload_TUPLE" : 1.5498832232777422,
    "kalmanFilter_TUPLE" : 2.482267807272769,
    "plt_TUPLE" : 1.2554134169678863,
    "zip_TUPLE" : 1.2864122969212013,
    "senMLParse_TUPLE" : 0.30970983838377625,
    "distinctCount_TUPLE" : 0.5045571872727606,
    "TUPLE" : 0.09459272727272075
  },
  "tuplesProcessedPerModule" : {
    "acc" : 9876,
    "zip" : 9797,
    "average" : 4800,
    "distinctCount" : 4800,
    "blobUpload" : 9797,
    "sink" : 9709,
    "kalmanFilter" : 4800,
    "plt" : 9802,
    "slidingLinearReg" : 4677,
    "source" : 4800,
    "senMLParse" : 4800
  },
  "recsInPerModule" : {
    "acc" : 4.942991790610728,
    "zip" : 4.957415754963711,
    "average" : 2.4047810241840293,
    "distinctCount" : 2.406227631999312,
    "blobUpload" : 4.9369537421009255,
    "sink" : 4.9123016874466305,
    "kalmanFilter" : 2.4063482640303446,
    "plt" : 4.90578611369827,
    "slidingLinearReg" : 2.34661613520584,
    "source" : 2.421550589470997,
    "senMLParse" : 2.4139976875714177
  },
  "recsOutPerModule" : {
    "acc" : 4.938600759007594,
    "zip" : 4.950428366827282,
    "average" : 2.4011020246647967,
    "distinctCount" : 2.405855766799463,
    "blobUpload" : 4.929356761464297,
    "sink" : 4.8681785703078635,
    "kalmanFilter" : 2.402664471278644,
    "plt" : 4.905354616108912,
    "slidingLinearReg" : 2.3386157486171704,
    "source" : 2.421426117408853,
    "senMLParse" : 2.413851000165824
  },
  "remainingDataPerDevice" : {
    "acc" : 148000,
    "zip" : 0,
    "average" : 22000,
    "distinctCount" : 126000,
    "blobUpload" : 0,
    "sink" : 0,
    "kalmanFilter" : 214000,
    "plt" : 10000,
    "slidingLinearReg" : 54000,
    "source" : 0,
    "senMLParse" : 0
  },
  "executionTime" : 2796.0,
  "networkUsage" : 550426.46,
  "tuplesSentBySensors" : 4800
}