{
  "placement" : {
    "acc" : "cloud-0-1-1-0-1-0-1-0-1-1",
    "average" : "cloud-1-1-1-0-1-1-1-0-0",
    "blobUpload" : "cloud-0-1-0-0-0-1-0-0-0",
    "distinctCount" : "cloud-1-1-1-0-0-0-0-1",
    "kalmanFilter" : "cloud-0-1-0-1-0-1-1-0-0-1",
    "plt" : "cloud-0-1-1-0-0-1-0-1",
    "senMLParse" : "cloud-0-0-1-0-0-0-0-0-1-0",
    "sink" : "cloud-0-1-1-1-0-1-0-1-1-1",
    "slidingLinearReg" : "cloud-0-0-1-1-1-0-1-1-0-1",
    "source" : "cloud-0-1-1-0-0-0-0-0-1-0",
    "zip" : "cloud-0-1-1-1-1-1-1-1"
  },
  "appLoopLatency" : 52.837382463817036,
  "latencyPerTupleType" : {
    "average_TUPLE" : 15.672916351031207,
    "sink_TUPLE" : 18.489090688779605,
    "acc_TUPLE" : 1.0910259301375578,
    "slidingLinearReg_TUPLE" : 6.4955420255098915,
    "blobUpload_TUPLE" : 2.1233209921186136,
    "kalmanFilter_TUPLE" : 9.729679149074112,
    "plt_TUPLE" : 4.110016128030399,
    "zip_TUPLE" : 4.205027703147905,
    "senMLParse_TUPLE" : 0.3113047755555795,
    "distinctCount_TUPLE" : 18.702071413701916,
    "TUPLE" : 0.09550055555555606
  },
  "tuplesProcessedPerModule" : {
    "acc" : 9738,
    "zip" : 9721,
    "average" : 4671,
    "distinctCount" : 4666,
    "blobUpload" : 9601,
    "sink" : 9476,
    "kalmanFilter" : 4680,
    "plt" : 9724,
    "slidingLinearReg" : 4666,
    "source" : 4800,
    "senMLParse" : 4800
  },
  "recsInPerModule" : {
    "acc" : 4.873871223492952,
    "zip" : 4.885583595980095,
    "average" : 2.4100935692760768,
    "distinctCount" : 2.4100935644356176,
    "blobUpload" : 4.825482189220775,
    "sink" : 4.8030203493058865,
    "kalmanFilter" : 2.407796540104171,
    "plt" : 4.862572397304534,
    "slidingLinearReg" : 2.333698928243391,
    "source" : 2.423262104572847,
    "senMLParse" : 2.416792984750634
  },
  "recsOutPerModule" : {
    "acc" : 4.873525670058944,
    "zip" : 4.87309307973471,
    "average" : 2.34664538934338,
    "distinctCount" : 2.3442512261410475,
    "blobUpload" : 4.818932682955198,
    "sink" : 4.776121387855221,
    "kalmanFilter" : 2.3497502835145054,
    "plt" : 4.862227948944774,
    "slidingLinearReg" : 2.3331954612403,
    "source" : 2.4231372248272116,
    "senMLParse" : 2.4166459574442962
  },
  "remainingDataPerDevice" : {
    "acc" : 28000,
    "zip" : 240000,
    "average" : 0,
    "distinctCount" : 0,
    "blobUpload" : 0,
    "sink" : 0,
    "kalmanFilter" : 28000,
    "plt" : 6000,
    "slidingLinearReg" : 32000,
    "source" : 0,
    "senMLParse" : 0
  },
  "executionTime" : 3621.0,
  "networkUsage" : 551599.09,
  "tuplesSentBySensors" : 4800
}