{
  "placement" : {
    "acc" : "cloud-0-1-1-0-0-0-1-1-1-0",
    "average" : "cloud-0-1-0-1-0-1-1",
    "blobUpload" : "cloud-1-0-0-1-1-0-1",
    "distinctCount" : "cloud-0-1-0-0-0-0-1-0-0",
    "kalmanFilter" : "cloud-0-1-0-1-0-0-1-1-1-0",
    "plt" : "cloud-1-1-0-0-0-0-1-0",
    "senMLParse" : "cloud-1-0-1-1-0-0-0",
    "sink" : "cloud-0-1-0-1-0-0-0-1-1-0",
    "slidingLinearReg" : "cloud-1-1-1-0-0-1-0-1-0-0",
    "source" : "cloud-1-0-1-0-1-1-0-1-0-1",
    "zip" : "cloud-0-0-1-1-0-1-0-1"
  },
  "appLoopLatency" : 90.92861901752302,
  "latencyPerTupleType" : {
    "average_TUPLE" : 2.4613134909092493,
    "sink_TUPLE" : 8.85670180775656,
    "acc_TUPLE" : 2.3357192126823727,
    "slidingLinearReg_TUPLE" : 33.417859766360245,
    "blobUpload_TUPLE" : 4.601416443054193,
    "kalmanFilter_TUPLE" : 9.435455109584197,
    "plt_TUPLE" : 18.105294616963373,
    "zip_TUPLE" : 10.834468738881494,
    "senMLParse_TUPLE" : 0.21284955454538979,
    "distinctCount_TUPLE" : 3.661922019192085,
    "TUPLE" : 0.09673027777777345
  },
  "tuplesProcessedPerModule" : {
    "acc" : 9686,
    "zip" : 9487,
    "average" : 4800,
    "distinctCount" : 4800,
    "blobUpload" : 9411,
    "sink" : 9411,
    "kalmanFilter" : 4683,
    "plt" : 9637,
    "slidingLinearReg" : 4651,
    "source" : 4800,
    "senMLParse" : 4800
  },
  "recsInPerModule" : {
    "acc" : 4.8442395355344345,
    "zip" : 4.83007816720168,
    "average" : 2.405358932695398,
    "distinctCount" : 2.4048768351590084,
    "blobUpload" : 4.747244360217965,
    "sink" : 4.740301281040316,
    "kalmanFilter" : 2.4030708937617815,
    "plt" : 4.89758919552581,
    "slidingLinearReg" : 2.326231494574724,
    "source" : 2.421306284651793,
    "senMLParse" : 2.414236495093004
  },
  "recsOutPerModule" : {
    "acc" : 4.843534653572736,
    "zip" : 4.759632794105702,
    "average" : 2.402329251851968,
    "distinctCount" : 2.4004288402493246,
    "blobUpload" : 4.761165997236924,
    "sink" : 4.73498110443107,
    "kalmanFilter" : 2.3444961111512175,
    "plt" : 4.848310307534244,
    "slidingLinearReg" : 2.325731444812347,
    "source" : 2.4212999232056984,
    "senMLParse" : 2.4140690834247143
  },
  "remainingDataPerDevice" : {
    "acc" : 98000,
    "zip" : 0,
    "average" : 24000,
    "distinctCount" : 216000,
    "blobUpload" : 0,
    "sink" : 0,
    "kalmanFilter" : 62000,
    "plt" : 0,
    "slidingLinearReg" : 236000,
    "source" : 0,
    "senMLParse" : 0
  },
  "executionTime" : 3717.0,
  "networkUsage" : 657272.3,
  "tuplesSentBySensors" : 4800
}