{
  "placement" : {
    "acc" : "cloud-1-1-1-0-1",
    "average" : "cloud-1-1-1-1-0-0-1-0-1-0",
    "blobUpload" : "cloud-0-0-0-0-1-0-1-0-0",
    "distinctCount" : "cloud-1-0-1-1-0-0-1",
    "kalmanFilter" : "cloud-0-0-0-1-1-0-0-1-0-1",
    "plt" : "cloud-1-0-1-0-1-1-1-0-1-1",
    "senMLParse" : "cloud-1-1-0-1-0-0-1-1-1",
    "sink" : "cloud-0-1-0-0-1-0-1-1-1-1",
    "slidingLinearReg" : "cloud-0-0-0-1-0-0-1-1-1-1",
    "source" : "cloud-0-1-0-0-0-0-1-0-0-0",
    "zip" : "cloud-1-0-1-0-0-1-0-0-1"
  },
  "appLoopLatency" : 88.59889328571643,
  "latencyPerTupleType" : {
    "average_TUPLE" : 15.303272754780341,
    "sink_TUPLE" : 34.23742883945182,
    "acc_TUPLE" : 0.4511579334761149,
    "slidingLinearReg_TUPLE" : 33.85188097403687,
    "blobUpload_TUPLE" : 13.609061105306665,
    "kalmanFilter_TUPLE" : 8.217096515364892,
    "plt_TUPLE" : 1.9059592837721682,
    "zip_TUPLE" : 22.876921488967245,
    "senMLParse_TUPLE" : 0.1175399555554934,
    "distinctCount_TUPLE" : 4.153714350519853,
    "TUPLE" : 0.0988824999999878
  },
  "tuplesProcessedPerModule" : {
    "acc" : 9723,
    "zip" : 9653,
    "average" : 4672,
    "distinctCount" : 4713,
    "blobUpload" : 9493,
    "sink" : 9175,
    "kalmanFilter" : 4688,
    "plt" : 9688,
    "slidingLinearReg" : 4652,
    "source" : 4800,
    "senMLParse" : 4800
  },
  "recsInPerModule" : {
    "acc" : 4.864378130930619,
    "zip" : 4.90062515954493,
    "average" : 2.4043077597442095,
    "distinctCount" : 2.4053921242278236,
    "blobUpload" : 4.769693191196308,
    "sink" : 4.758970418448485,
    "kalmanFilter" : 2.401060507608182,
    "plt" : 4.844456745878325,
    "slidingLinearReg" : 2.3298264735710847,
    "source" : 2.4216727603689217,
    "senMLParse" : 2.4114468811236933
  },
  "recsOutPerModule" : {
    "acc" : 4.864046064645681,
    "zip" : 4.848383114156768,
    "average" : 2.341865731204836,
    "distinctCount" : 2.3617943919761943,
    "blobUpload" : 4.747835884339281,
    "sink" : 4.665911490233972,
    "kalmanFilter" : 2.3450357624306575,
    "plt" : 4.844113588812193,
    "slidingLinearReg" : 2.32679500302907,
    "source" : 2.4215442267411253,
    "senMLParse" : 2.4113131216029275
  },
  "remainingDataPerDevice" : {
    "acc" : 70000,
    "zip" : 320000,
    "average" : 0,
    "distinctCount" : 0,
    "blobUpload" : 435000,
    "sink" : 0,
    "kalmanFilter" : 58000,
    "plt" : 58000,
    "slidingLinearReg" : 228000,
    "source" : 0,
    "senMLParse" : 0
  },
  "executionTime" : 3766.0,
  "networkUsage" : 557529.57,
  "tuplesSentBySensors" : 4800
}