{
  "placement" : {
    "acc" : "cloud-0-0-1-0-0-0-1",
    "average" : "cloud-0-0-0-1-0-1-0-0-0-1",
    "blobUpload" : "cloud-1-1-1-0-1-1-0-1-1-1",
    "distinctCount" : "cloud-0-1-0-1-1-1-0-0-1",
    "kalmanFilter" : "cloud-0-1-1-1-0-1-0-1-0-1",
    "plt" : "cloud-0-1-0-1-1-1-0",
    "senMLParse" : "cloud-1-1-1-1-0-0-0-1-1",
    "sink" : "cloud-0-1-1-0-1-0-0-1-0",
    "slidingLinearReg" : "cloud-0-1-0-1-1-1-0-1-1",
    "source" : "cloud-1-0-0-1-1-1-1-1",
    "zip" : "cloud-1-1-0-1-1-0-0-0-1-0"
  },
  "appLoopLatency" : 94.10814368277917,
  "latencyPerTupleType" : {
    "average_TUPLE" : 2.621517213030404,
    "sink_TUPLE" : 5.261614334275956,
    "acc_TUPLE" : 2.344647017243464,
    "slidingLinearReg_TUPLE" : 3.688954154979286,
    "blobUpload_TUPLE" : 14.801311193774826,
    "kalmanFilter_TUPLE" : 10.772242916600332,
    "plt_TUPLE" : 27.328290781223323,
    "zip_TUPLE" : 12.397411201977274,
    "senMLParse_TUPLE" : 0.18798728505052809,
    "distinctCount_TUPLE" : 19.42491919813231,
    "TUPLE" : 0.096820833333331
  },
  "tuplesProcessedPerModule" : {
    "acc" : 9815,
    "zip" : 9557,
    "average" : 4800,
    "distinctCount" : 4666,
    "blobUpload" : 9557,
    "sink" : 9243,
    "kalmanFilter" : 4677,
    "plt" : 9557,
    "slidingLinearReg" : 4671,
    "source" : 4800,
    "senMLParse" : 4800
  },
  "recsInPerModule" : {
    "acc" : 4.90798828961995,
    "zip" : 4.856931436152786,
    "average" : 2.40343691363941,
    "distinctCount" : 2.4045204492064878,
    "blobUpload" : 4.833044661979468,
    "sink" : 4.750906490552991,
    "kalmanFilter" : 2.405122886549222,
    "plt" : 4.899593855246521,
    "slidingLinearReg" : 2.336667106218712,
    "source" : 2.4228951476981737,
    "senMLParse" : 2.414970350285797
  },
  "recsOutPerModule" : {
    "acc" : 4.907717315767625,
    "zip" : 4.8489841131041524,
    "average" : 2.4002620274590853,
    "distinctCount" : 2.337394323586712,
    "blobUpload" : 4.784651993202287,
    "sink" : 4.744989143684554,
    "kalmanFilter" : 2.3443139443493886,
    "plt" : 4.876510704107424,
    "slidingLinearReg" : 2.3363371771696637,
    "source" : 2.4228938737359758,
    "senMLParse" : 2.414802836829358
  },
  "remainingDataPerDevice" : {
    "acc" : 32000,
    "zip" : 0,
    "average" : 26000,
    "distinctCount" : 6000,
    "blobUpload" : 375000,
    "sink" : 0,
    "kalmanFilter" : 12000,
    "plt" : 0,
    "slidingLinearReg" : 38000,
    "source" : 0,
    "senMLParse" : 0
  },
  "executionTime" : 5784.0,
  "networkUsage" : 607768.23,
  "tuplesSentBySensors" : 4800
}