{
  "placement" : {
    "acc" : "cloud-0-0-1-1-0-1-0-1-1-1",
    "average" : "cloud-0-0-0-0-1-1-0-0-1-0",
    "blobUpload" : "cloud-0-1-1-0-0-1-1-1-1-1",
    "distinctCount" : "cloud-1-0-1-0-0-0-0-0-1-0",
    "kalmanFilter" : "cloud-1-1-1-0-0-1-1-1",
    "plt" : "cloud-1-1-1-0-0-1-1-1-0",
    "senMLParse" : "cloud-0-1-0-1-0-0-1-0-1",
    "sink" : "cloud-1-0-1-0-0-1-0",
    "slidingLinearReg" : "cloud-1-0-1-1-1-1-0-1-1",
    "source" : "cloud-0-0-0-0-1-1-0-1-0-0",
    "zip" : "cloud-1-1-0-0-0"
  },
  "appLoopLatency" : 70.15029587032207,
  "latencyPerTupleType" : {
    "average_TUPLE" : 2.6088535707119727,
    "sink_TUPLE" : 3.384419803302893,
    "slidingLinearReg_TUPLE" : 28.490445598573825,
    "acc_TUPLE" : 0.8861009284124393,
    "blobUpload_TUPLE" : 5.87575192193996,
    "kalmanFilter_TUPLE" : 2.8603344779353383,
    "plt_TUPLE" : 3.642346526724509,
    "zip_TUPLE" : 6.773353185742662,
    "senMLParse_TUPLE" : 5.062006710000027,
    "distinctCount_TUPLE" : 1.821073351689909,
    "TUPLE" : 0.09784666666666637
  },
  "tuplesProcessedPerModule" : {
    "acc" : 9663,
    "zip" : 9662,
    "average" : 4688,
    "distinctCount" : 4684,
    "blobUpload" : 9662,
    "sink" : 9385,
    "kalmanFilter" : 4684,
    "plt" : 9662,
    "slidingLinearReg" : 4650,
    "source" : 4800,
    "senMLParse" : 4800
  },
  "recsInPerModule" : {
    "acc" : 4.832272609919685,
    "zip" : 4.88218987568903,
    "average" : 2.3445847388477232,
    "distinctCount" : 2.342584263355478,
    "blobUpload" : 4.852662563202981,
    "sink" : 4.769290617909989,
    "kalmanFilter" : 2.3424671342102883,
    "plt" : 4.898746245744287,
    "slidingLinearReg" : 2.3266681803461045,
    "source" : 2.421550589470997,
    "senMLParse" : 2.4091523188664126
  },
  "recsOutPerModule" : {
    "acc" : 4.832005800273824,
    "zip" : 4.8683116665134145,
    "average" : 2.3442898530944922,
    "distinctCount" : 2.342375593484883,
    "blobUpload" : 4.84017269741195,
    "sink" : 4.750035973152172,
    "kalmanFilter" : 2.3422035837499493,
    "plt" : 4.895301565617771,
    "slidingLinearReg" : 2.326167929178539,
    "source" : 2.4214271584789815,
    "senMLParse" : 2.402813343414156
  },
  "remainingDataPerDevice" : {
    "acc" : 2000,
    "zip" : 0,
    "average" : 2000,
    "distinctCount" : 66000,
    "blobUpload" : 665000,
    "sink" : 0,
    "kalmanFilter" : 66000,
    "plt" : 0,
    "slidingLinearReg" : 198000,
    "source" : 0,
    "senMLParse" : 688000
  },
  "executionTime" : 2900.0,
  "networkUsage" : 619415.7,
  "tuplesSentBySensors" : 4800
}