{
  "placement" : {
    "acc" : "cloud-0-0-1-0-1-1-0-0-1-1",
    "average" : "cloud-0-1-0-0-0-1-0-0-0-0",
    "blobUpload" : "cloud-1-1-1-0-1-0-0-0-1-0",
    "distinctCount" : "cloud-1-1-1-0-0-0-1-0-0-0",
    "kalmanFilter" : "cloud-0-1-1-1-1-1-0-0-1-0",
    "plt" : "cloud-1-0-1-0-1-0-1-0",
    "senMLParse" : "cloud-0-0-1-1-1-1-0-1-1-0",
    "sink" : "cloud-0-0-0-0-0-0-0-0-1-0",
    "slidingLinearReg" : "cloud-0-1-0-1-1-0-1-1-0-1",
    "source" : "cloud-1-1-1-0-0-0-0-0-0-0",
    "zip" : "cloud-0-0-1-0-0-1-0-1-1-1"
  },
  "appLoopLatency" : 71.76505681818205,
  "latencyPerTupleType" : {
    "average_TUPLE" : 3.546270168852268,
    "sink_TUPLE" : 3.202739402159024,
    "acc_TUPLE" : 1.0013249316865567,
    "slidingLinearReg_TUPLE" : 3.953605238707634,
    "blobUpload_TUPLE" : 5.413592085160327,
    "kalmanFilter_TUPLE" : 11.50822206743742,
    "plt_TUPLE" : 13.56662517258298,
    "zip_TUPLE" : 3.969663948518776,
    "senMLParse_TUPLE" : 0.11399911000002708,
    "distinctCount_TUPLE" : 6.305129967689349,
    "TUPLE" : 0.09530666666666625
  },
  "tuplesProcessedPerModule" : {
    "acc" : 9798,
    "zip" : 9651,
    "average" : 4728,
    "distinctCount" : 4694,
    "blobUpload" : 9541,
    "sink" : 9541,
    "kalmanFilter" : 4671,
    "plt" : 9776,
    "slidingLinearReg" : 4664,
    "source" : 4800,
    "senMLParse" : 4800
  },
  "recsInPerModule" : {
    "acc" : 4.900155768193292,
    "zip" : 4.855150393337232,
    "average" : 2.4026141340756864,
    "distinctCount" : 2.403456255217412,
    "blobUpload" : 4.81956016365773,
    "sink" : 4.792707033200045,
    "kalmanFilter" : 2.4046603192684555,
    "plt" : 4.933883312117789,
    "slidingLinearReg" : 2.3325941142478763,
    "source" : 2.4226505715184117,
    "senMLParse" : 2.413147935374772
  },
  "recsOutPerModule" : {
    "acc" : 4.899410907468547,
    "zip" : 4.843738279109169,
    "average" : 2.366574929172009,
    "distinctCount" : 2.3503799366426548,
    "blobUpload" : 4.817390322824558,
    "sink" : 4.791275494790808,
    "kalmanFilter" : 2.3415600497051288,
    "plt" : 4.907109631497722,
    "slidingLinearReg" : 2.3323924081128204,
    "source" : 2.422648024109722,
    "senMLParse" : 2.4130013512188397
  },
  "remainingDataPerDevice" : {
    "acc" : 36000,
    "zip" : 220000,
    "average" : 8000,
    "distinctCount" : 54000,
    "blobUpload" : 0,
    "sink" : 0,
    "kalmanFilter" : 14000,
    "plt" : 250000,
    "slidingLinearReg" : 28000,
    "source" : 0,
    "senMLParse" : 0
  },
  "executionTime" : 2961.0,
  "networkUsage" : 743957.79,
  "tuplesSentBySensors" : 4800
}