{
  "placement" : {
    "acc" : "cloud-1-1-1-0-0-0-0-0-0-0",
    "average" : "cloud-0-0-0-0-1-0-0-0-0",
    "blobUpload" : "cloud-1-0-0-0-1-0-0-0-0-1",
    "distinctCount" : "cloud-0-0-1-1-0-1-1-1-0-1",
    "kalmanFilter" : "cloud-0-1-0-1-0-1-1",
    "plt" : "cloud-1-1-1-1-0-0-0-1-0",
    "senMLParse" : "cloud-1-0-0-1-1-0-0-1-0-0",
    "sink" : "cloud-1-1-0-1-1-0-1-0-0",
    "slidingLinearReg" : "cloud-1-1-1-1-0-1-1-1-1",
    "source" : "cloud-1-1-0-1-0-1-1-1-1-1",
    "zip" : "cloud-1-1-1-0-1-0-1-1-1-1"
  },
  "appLoopLatency" : 59.61444266060557,
  "latencyPerTupleType" : {
    "average_TUPLE" : 2.3630931704174634,
    "sink_TUPLE" : 2.9167460929778777,
    "acc_TUPLE" : 0.7027630354593174,
    "slidingLinearReg_TUPLE" : 4.104789136327677,
    "blobUpload_TUPLE" : 1.3255365532837644,
    "kalmanFilter_TUPLE" : 5.097178836942425,
    "plt_TUPLE" : 6.637391212483711,
    "zip_TUPLE" : 2.56811209979856,
    "senMLParse_TUPLE" : 5.319638244444374,
    "distinctCount_TUPLE" : 3.2281073838371714,
    "TUPLE" : 0.0958963888888775
  },
  "tuplesProcessedPerModule" : {
    "acc" : 9778,
    "zip" : 9680,
    "average" : 4706,
    "distinctCount" : 4699,
    "blobUpload" : 9680,
    "sink" : 9586,
    "kalmanFilter" : 4706,
    "plt" : 9774,
    "slidingLinearReg" : 4653,
    "source" : 4800,
    "senMLParse" : 4800
  },
  "recsInPerModule" : {
    "acc" : 4.890441599484254,
    "zip" : 4.891531931109483,
    "average" : 2.3544110161800806,
    "distinctCount" : 2.3532336466856965,
    "blobUpload" : 4.856040804195243,
    "sink" : 4.82576170496271,
    "kalmanFilter" : 2.3539399223261364,
    "plt" : 4.9329915547708145,
    "slidingLinearReg" : 2.326800538864802,
    "source" : 2.420695738213859,
    "senMLParse" : 2.4107202156555307
  },
  "recsOutPerModule" : {
    "acc" : 4.89017154165635,
    "zip" : 4.874135334182319,
    "average" : 2.3539809785948447,
    "distinctCount" : 2.350132512706027,
    "blobUpload" : 4.851031737742894,
    "sink" : 4.8241389874854095,
    "kalmanFilter" : 2.3531356131663346,
    "plt" : 4.90848653180528,
    "slidingLinearReg" : 2.3266070705983957,
    "source" : 2.420689379975507,
    "senMLParse" : 2.4046866782265077
  },
  "remainingDataPerDevice" : {
    "acc" : 8000,
    "zip" : 0,
    "average" : 10000,
    "distinctCount" : 92000,
    "blobUpload" : 470000,
    "sink" : 0,
    "kalmanFilter" : 106000,
    "plt" : 0,
    "slidingLinearReg" : 6000,
    "source" : 0,
    "senMLParse" : 564000
  },
  "executionTime" : 3414.0,
  "networkUsage" : 614602.38,
  "tuplesSentBySensors" : 4800
}