{
  "placement" : {
    "acc" : "cloud-0-1-0-0-1-0-0-1-1-1",
    "average" : "cloud-1-0-1-0-0-1-1-0-1-0",
    "blobUpload" : "cloud-1-0-0-1-0-1-1-0-0",
    "distinctCount" : "cloud-1-0-0-1-1-0-0-0-0-0",
    "kalmanFilter" : "cloud-0-1-1-0-0-1-0-1-1-1",
    "plt" : "cloud-1-0-1-0-0-0-1-0",
    "senMLParse" : "cloud-0-0-0-1-0-0-1-0-0-1",
    "sink" : "cloud-0-1-1-1-0-0-1-1-1-1",
    "slidingLinearReg" : "cloud-1-0-1-1-0-1-1-0",
    "source" : "cloud-0-0-0-0-0-0-1-1",
    "zip" : "cloud-1-1-0-0-0-1-0-1-0-0"
  },
  "appLoopLatency" : 86.47758748579083,
  "latencyPerTupleType" : {
    "average_TUPLE" : 1.3508593651987701,
    "sink_TUPLE" : 44.86819519814743,
    "acc_TUPLE" : 2.696671277973414,
    "slidingLinearReg_TUPLE" : 13.952911235674057,
    "blobUpload_TUPLE" : 4.968471355337933,
    "kalmanFilter_TUPLE" : 23.18420935200926,
    "plt_TUPLE" : 5.620765396583087,
    "zip_TUPLE" : 6.432868245108121,
    "senMLParse_TUPLE" : 4.690576355555492,
    "distinctCount_TUPLE" : 1.6597755834555974,
    "TUPLE" : 0.09681474747474367
  },
  "tuplesProcessedPerModule" : {
    "acc" : 9642,
    "zip" : 9635,
    "average" : 4703,
    "distinctCount" : 4706,
    "blobUpload" : 9390,
    "sink" : 9074,
    "kalmanFilter" : 4662,
    "plt" : 9640,
    "slidingLinearReg" : 4556,
    "source" : 4800,
    "senMLParse" : 4800
  },
  "recsInPerModule" : {
    "acc" : 4.8244683781520035,
    "zip" : 4.8210429972818165,
    "average" : 2.3531140802184733,
    "distinctCount" : 2.3548802789563363,
    "blobUpload" : 4.744659024314856,
    "sink" : 4.7236055921402516,
    "kalmanFilter" : 2.351608424647614,
    "plt" : 4.830273220858596,
    "slidingLinearReg" : 2.343034061056519,
    "source" : 2.422161567259642,
    "senMLParse" : 2.4122992295158983
  },
  "recsOutPerModule" : {
    "acc" : 4.824101281539471,
    "zip" : 4.8189751594857695,
    "average" : 2.3517946404937105,
    "distinctCount" : 2.35467039854274,
    "blobUpload" : 4.744369353552,
    "sink" : 4.641077787575506,
    "kalmanFilter" : 2.33110754935537,
    "plt" : 4.829572906837803,
    "slidingLinearReg" : 2.3061162726728535,
    "source" : 2.4220370323804716,
    "senMLParse" : 2.4062577955076363
  },
  "remainingDataPerDevice" : {
    "acc" : 4000,
    "zip" : 490000,
    "average" : 6000,
    "distinctCount" : 108000,
    "blobUpload" : 0,
    "sink" : 0,
    "kalmanFilter" : 24000,
    "plt" : 10000,
    "slidingLinearReg" : 0,
    "source" : 0,
    "senMLParse" : 570000
  },
  "executionTime" : 5153.0,
  "networkUsage" : 752279.62,
  "tuplesSentBySensors" : 4800
}