{
  "placement" : {
    "acc" : "cloud-0-1-0-0-0-0-1-1",
    "average" : "cloud-0-1-0-0-1-0-0",
    "blobUpload" : "cloud-0-1-1-1-0-0-0-1-1-0",
    "distinctCount" : "cloud-0-1-0-0-0-1-0-0-1-0",
    "kalmanFilter" : "cloud-1-0-1-0-0-0-1-0-1-0",
    "plt" : "cloud-0-0-1-1-1-1-0-1-0-0",
    "senMLParse" : "cloud-0-0-1-0-0-0-1-0",
    "sink" : "cloud-0-1-0-0-1-0-0-1-0",
    "slidingLinearReg" : "cloud-1-1-1-0-1-0-1-0-1",
    "source" : "cloud-1-0-0-0-0-1-1-1-0",
    "zip" : "cloud-0-1-0-1-0-1-1-0-0"
  },
  "appLoopLatency" : 56.18259229277365,
  "latencyPerTupleType" : {
    "average_TUPLE" : 0.2400720587879108,
    "sink_TUPLE" : 6.542785770737417,
    "acc_TUPLE" : 3.026643618323222,
    "slidingLinearReg_TUPLE" : 1.257834249782757,
    "blobUpload_TUPLE" : 4.981386689680736,
    "kalmanFilter_TUPLE" : 2.9571853951515057,
    "plt_TUPLE" : 4.923031910916131,
    "zip_TUPLE" : 4.559344685707902,
    "senMLParse_TUPLE" : 0.10503665858578605,
    "distinctCount_TUPLE" : 20.139629347194305,
    "TUPLE" : 0.09575454545454114
  },
  "tuplesProcessedPerModule" : {
    "acc" : 9782,
    "zip" : 9757,
    "average" : 4800,
    "distinctCount" : 4661,
    "blobUpload" : 9573,
    "sink" : 9573,
    "kalmanFilter" : 4800,
    "plt" : 9768,
    "slidingLinearReg" : 4674,
    "source" : 4800,
    "senMLParse" : 4800
  },
  "recsInPerModule" : {
    "acc" : 4.90196659335834,
    "zip" : 4.913413474020617,
    "average" : 2.4071930053066937,
    "distinctCount" : 2.4075552161069087,
    "blobUpload" : 4.84058113107554,
    "sink" : 4.818671887534561,
    "kalmanFilter" : 2.404419633127947,
    "plt" : 4.884672569233875,
    "slidingLinearReg" : 2.3406158429296062,
    "source" : 2.4225283019439274,
    "senMLParse" : 2.414604859503422
  },
  "recsOutPerModule" : {
    "acc" : 4.901656994220109,
    "zip" : 4.895983059602142,
    "average" : 2.407021996919978,
    "distinctCount" : 2.3400931991996066,
    "blobUpload" : 4.835955442968689,
    "sink" : 4.813003832963756,
    "kalmanFilter" : 2.401041961444605,
    "plt" : 4.884326548459853,
    "slidingLinearReg" : 2.3371156743717454,
    "source" : 2.4225259863513755,
    "senMLParse" : 2.414458098300766
  },
  "remainingDataPerDevice" : {
    "acc" : 28000,
    "zip" : 368000,
    "average" : 0,
    "distinctCount" : 0,
    "blobUpload" : 0,
    "sink" : 0,
    "kalmanFilter" : 238000,
    "plt" : 22000,
    "slidingLinearReg" : 48000,
    "source" : 0,
    "senMLParse" : 0
  },
  "executionTime" : 3839.0,
  "networkUsage" : 587028.08,
  "tuplesSentBySensors" : 4800
}