{
  "placement" : {
    "acc" : "cloud-0-0-1-1-1-0-0-1-0",
    "average" : "cloud-0-0-1-1-0-0-0-1-0-1",
    "blobUpload" : "cloud-1-0-0-0-0-0-0-0-1-1",
    "distinctCount" : "cloud-0-1-1-1-0-0-1-0",
    "kalmanFilter" : "cloud-0-1-1-0-0-0-0-1-1-1",
    "plt" : "cloud-0-1-0-1-0-1-1-1-0",
    "senMLParse" : "cloud-1-1-0-1-1-1-1-1-0-0",
    "sink" : "cloud-0-0-1-1-0-0-0-1-1-0",
    "slidingLinearReg" : "cloud-0-0-0-1-0-1-1",
    "source" : "cloud-1-1-0-0-0-1-0-0-1-0",
    "zip" : "cloud-0-0-1-0-0-1-0-1-1-0"
  },
  "appLoopLatency" : 79.17195053929895,
  "latencyPerTupleType" : {
    "average_TUPLE" : 14.39874423191682,
    "sink_TUPLE" : 39.318489899427156,
    "acc_TUPLE" : 3.24935574462969,
    "slidingLinearReg_TUPLE" : 31.8030184519889,
    "blobUpload_TUPLE" : 2.4799988455849666,
    "kalmanFilter_TUPLE" : 9.86847977413881,
    "plt_TUPLE" : 4.200874730194479,
    "zip_TUPLE" : 18.02020464852538,
    "senMLParse_TUPLE" : 0.113747450504989,
    "distinctCount_TUPLE" : 18.60915208259038,
    "TUPLE" : 0.09465515151514534
  },
  "tuplesProcessedPerModule" : {
    "acc" : 9652,
    "zip" : 9520,
    "average" : 4672,
    "distinctCount" : 4670,
    "blobUpload" : 9461,
    "sink" : 9141,
    "kalmanFilter" : 4680,
    "plt" : 9635,
    "slidingLinearReg" : 4655,
    "source" : 4800,
    "senMLParse" : 4800
  },
  "recsInPerModule" : {
    "acc" : 4.8869981762637416,
    "zip" : 4.837383259563559,
    "average" : 2.3994514084662772,
    "distinctCount" : 2.402373852542569,
    "blobUpload" : 4.742436416489179,
    "sink" : 4.7109562261407785,
    "kalmanFilter" : 2.400091512762005,
    "plt" : 4.871276525549304,
    "slidingLinearReg" : 2.3305087598433487,
    "source" : 2.42106202912235,
    "senMLParse" : 2.4122992295158983
  },
  "recsOutPerModule" : {
    "acc" : 4.826991663969117,
    "zip" : 4.779651411202698,
    "average" : 2.338396547296611,
    "distinctCount" : 2.33932657162793,
    "blobUpload" : 4.73581921337327,
    "sink" : 4.591358121715972,
    "kalmanFilter" : 2.3421067144501677,
    "plt" : 4.860326689534075,
    "slidingLinearReg" : 2.328389366878218,
    "source" : 2.421059716332045,
    "senMLParse" : 2.4121527484462106
  },
  "remainingDataPerDevice" : {
    "acc" : 34000,
    "zip" : 118000,
    "average" : 2000,
    "distinctCount" : 8000,
    "blobUpload" : 645000,
    "sink" : 0,
    "kalmanFilter" : 40000,
    "plt" : 0,
    "slidingLinearReg" : 10000,
    "source" : 0,
    "senMLParse" : 4000
  },
  "executionTime" : 4139.0,
  "networkUsage" : 723915.63,
  "tuplesSentBySensors" : 4800
}