{
  "placement" : {
    "acc" : "cloud-1-0-0-1-0-0-0-0-1-1",
    "average" : "cloud-0-1-1-0-0-1-1-0",
    "blobUpload" : "cloud-1-0-0-1-0-1-1-1-0",
    "distinctCount" : "cloud-0-0-1-0-1-1-0-0-1",
    "kalmanFilter" : "cloud-1-0-0-0-1-0-0-0",
    "plt" : "cloud-0-0-0-1-0-0-1-0-1-1",
    "senMLParse" : "cloud-0-1-0-1-1-0-1-1-0-1",
    "sink" : "cloud-0-1-0-0-0-0-0-0-0",
    "slidingLinearReg" : "cloud-0-0-1-0-0-1-0-1-1",
    "source" : "cloud-0-1-0-1-0-0-1-0-0-0",
    "zip" : "cloud-0-1-1-0-1-0-0-1"
  },
  "appLoopLatency" : 73.24780427083569,
  "latencyPerTupleType" : {
    "average_TUPLE" : 1.7143885097341234,
    "sink_TUPLE" : 7.457853812632952,
    "acc_TUPLE" : 1.0881720567385185,
    "slidingLinearReg_TUPLE" : 7.0129443724692635,
    "blobUpload_TUPLE" : 3.2777679477749877,
    "kalmanFilter_TUPLE" : 29.86978031314001,
    "plt_TUPLE" : 4.114994793962984,
    "zip_TUPLE" : 4.789522878795807,
    "senMLParse_TUPLE" : 0.11560874111113198,
    "distinctCount_TUPLE" : 19.222001676247668,
    "TUPLE" : 0.0993616666666665
  },
  "tuplesProcessedPerModule" : {
    "acc" : 9744,
    "zip" : 9616,
    "average" : 4749,
    "distinctCount" : 4662,
    "blobUpload" : 9482,
    "sink" : 9482,
    "kalmanFilter" : 4655,
    "plt" : 9616,
    "slidingLinearReg" : 4651,
    "source" : 4800,
    "senMLParse" : 4800
  },
  "recsInPerModule" : {
    "acc" : 4.8722309603943135,
    "zip" : 4.825672098287796,
    "average" : 2.401544790684677,
    "distinctCount" : 2.4017851189838835,
    "blobUpload" : 4.784697005553841,
    "sink" : 4.759907206802382,
    "kalmanFilter" : 2.4005839366412745,
    "plt" : 4.844452645557709,
    "slidingLinearReg" : 2.3274528984248892,
    "source" : 2.420939919836627,
    "senMLParse" : 2.4118141706195693
  },
  "recsOutPerModule" : {
    "acc" : 4.872194922160626,
    "zip" : 4.823917001031624,
    "average" : 2.3760283772836526,
    "distinctCount" : 2.333209347234789,
    "blobUpload" : 4.783198535997001,
    "sink" : 4.756062313185562,
    "kalmanFilter" : 2.3301785349830615,
    "plt" : 4.842683863249746,
    "slidingLinearReg" : 2.327259238429313,
    "source" : 2.4208152793118596,
    "senMLParse" : 2.4116803703507816
  },
  "remainingDataPerDevice" : {
    "acc" : 256000,
    "zip" : 268000,
    "average" : 14000,
    "distinctCount" : 16000,
    "blobUpload" : 0,
    "sink" : 0,
    "kalmanFilter" : 8000,
    "plt" : 0,
    "slidingLinearReg" : 2000,
    "source" : 0,
    "senMLParse" : 0
  },
  "executionTime" : 2729.0,
  "networkUsage" : 693902.12,
  "tuplesSentBySensors" : 4800
}