{
  "placement" : {
    "acc" : "cloud-0-1-1-0-0-1-1-0",
    "average" : "cloud-1-1-0-0-1-0-1-1-1-1",
    "blobUpload" : "cloud-0-0-0-0-0",
    "distinctCount" : "cloud-1-0-0-0-0-0-0-1-0",
    "kalmanFilter" : "cloud-0-0-0-1-1-0-1-0",
    "plt" : "cloud-0-0-0-0-0-1-0-0",
    "senMLParse" : "cloud-1-1-0-1-1-1-0",
    "sink" : "cloud-0-0-0-0-1-1-1-1-1-0",
    "slidingLinearReg" : "cloud-1-0-0-1-1-1-1-0-1-0",
    "source" : "cloud-0-1-0-1-0-1-1-0-1",
    "zip" : "cloud-1-0-1-1-1-1-1-1-1"
  },
  "appLoopLatency" : 66.12191305634417,
  "latencyPerTupleType" : {
    "average_TUPLE" : 15.338416382973763,
    "sink_TUPLE" : 58.05842551032543,
    "acc_TUPLE" : 0.7199943485879895,
    "slidingLinearReg_TUPLE" : 3.166748889292829,
    "blobUpload_TUPLE" : 5.407170512879823,
    "kalmanFilter_TUPLE" : 2.2552473569257847,
    "plt_TUPLE" : 4.844479833543487,
    "zip_TUPLE" : 19.632979847881458,
    "senMLParse_TUPLE" : 0.1154193969696357,
    "distinctCount_TUPLE" : 19.030156050466022,
    "TUPLE" : 0.09928464646464219
  },
  "tuplesProcessedPerModule" : {
    "acc" : 9779,
    "zip" : 9584,
    "average" : 4673,
    "distinctCount" : 4662,
    "blobUpload" : 9584,
    "sink" : 9271,
    "kalmanFilter" : 4737,
    "plt" : 9767,
    "slidingLinearReg" : 4650,
    "source" : 4800,
    "senMLParse" : 4800
  },
  "recsInPerModule" : {
    "acc" : 4.891209304013824,
    "zip" : 4.913497433906265,
    "average" : 2.4051550679422213,
    "distinctCount" : 2.403830116747871,
    "blobUpload" : 4.815487735288752,
    "sink" : 4.798560985698121,
    "kalmanFilter" : 2.4014248619005683,
    "plt" : 4.952452236641527,
    "slidingLinearReg" : 2.384446094315567,
    "source" : 2.421794943594882,
    "senMLParse" : 2.4110875077373124
  },
  "recsOutPerModule" : {
    "acc" : 4.890895176535746,
    "zip" : 4.832000801802183,
    "average" : 2.34151867343625,
    "distinctCount" : 2.337426741971203,
    "blobUpload" : 4.8081998201271325,
    "sink" : 4.651932694200969,
    "kalmanFilter" : 2.3699061605881235,
    "plt" : 4.934856749653193,
    "slidingLinearReg" : 2.378720797852602,
    "source" : 2.4216704464116323,
    "senMLParse" : 2.4109537880803296
  },
  "remainingDataPerDevice" : {
    "acc" : 24000,
    "zip" : 0,
    "average" : 0,
    "distinctCount" : 6000,
    "blobUpload" : 0,
    "sink" : 0,
    "kalmanFilter" : 174000,
    "plt" : 0,
    "slidingLinearReg" : 0,
    "source" : 0,
    "senMLParse" : 0
  },
  "executionTime" : 5556.0,
  "networkUsage" : 523704.96,
  "tuplesSentBySensors" : 4800
}