{
  "placement" : {
    "acc" : "cloud-1-0-1-1-1-1-0-0-0",
    "average" : "cloud-0-1-0-1-0-0-1",
    "blobUpload" : "cloud-0-0-0-0-0-1-1-0-1",
    "distinctCount" : "cloud-1-0-1-1-0-1-0-1",
    "kalmanFilter" : "cloud-1-1-1-1-1-0-0-0-0-1",
    "plt" : "cloud-1-1-1-1-1-1-0-0-0-0",
    "senMLParse" : "cloud-0-0-0-0-1-0-1-0-1-0",
    "sink" : "cloud-1-0-0-0-1-1-0-0-0-1",
    "slidingLinearReg" : "cloud-0-1-0-1-1-0-1-0-0",
    "source" : "cloud-0-0-0-0-0-0-1-1-0-1",
    "zip" : "cloud-0-1-1-0-0-0-0-0-1-0"
  },
  "appLoopLatency" : 67.36657411025604,
  "latencyPerTupleType" : {
    "average_TUPLE" : 2.586860113052085,
    "sink_TUPLE" : 1.5748414572276297,
    "acc_TUPLE" : 0.541711169506793,
    "slidingLinearReg_TUPLE" : 6.8070426303013924,
    "blobUpload_TUPLE" : 1.2465951370906014,
    "kalmanFilter_TUPLE" : 8.841595519580693,
    "plt_TUPLE" : 2.6834978654873765,
    "zip_TUPLE" : 2.5049171444164373,
    "senMLParse_TUPLE" : 0.16989159656567412,
    "distinctCount_TUPLE" : 0.5842021639395724,
    "TUPLE" : 0.0968955555555555
  },
  "tuplesProcessedPerModule" : {
    "acc" : 9837,
    "zip" : 9669,
    "average" : 4731,
    "distinctCount" : 4800,
    "blobUpload" : 9669,
    "sink" : 9669,
    "kalmanFilter" : 4680,
    "plt" : 9786,
    "slidingLinearReg" : 4650,
    "source" : 4800,
    "senMLParse" : 4800
  },
  "recsInPerModule" : {
    "acc" : 4.9189892660376,
    "zip" : 4.893476986442163,
    "average" : 2.4009339113986217,
    "distinctCount" : 2.400933863361259,
    "blobUpload" : 4.872513790770358,
    "sink" : 4.848224553467558,
    "kalmanFilter" : 2.3886176865962656,
    "plt" : 4.9271703745843345,
    "slidingLinearReg" : 2.3725845079245533,
    "source" : 2.4208178228677513,
    "senMLParse" : 2.4109661786037133
  },
  "recsOutPerModule" : {
    "acc" : 4.918626853883138,
    "zip" : 4.891989097591062,
    "average" : 2.366420486422266,
    "distinctCount" : 2.4008407448002727,
    "blobUpload" : 4.872165965392368,
    "sink" : 4.847854867982763,
    "kalmanFilter" : 2.3412864895149372,
    "plt" : 4.9148592835808484,
    "slidingLinearReg" : 2.362181577080894,
    "source" : 2.4206931949145103,
    "senMLParse" : 2.4108221526448106
  },
  "remainingDataPerDevice" : {
    "acc" : 102000,
    "zip" : 0,
    "average" : 18000,
    "distinctCount" : 198000,
    "blobUpload" : 0,
    "sink" : 0,
    "kalmanFilter" : 60000,
    "plt" : 0,
    "slidingLinearReg" : 0,
    "source" : 0,
    "senMLParse" : 46000
  },
  "executionTime" : 2434.0,
  "networkUsage" : 713215.07,
  "tuplesSentBySensors" : 4800
}