{
  "placement" : {
    "acc" : "cloud-0-1-0-1-0-0-0-0-0-1",
    "average" : "cloud-0-0-0-0-0-0-1-1-0-1",
    "blobUpload" : "cloud-0-1-1-0-0-0-1-1-1-0",
    "distinctCount" : "cloud-0-0-1-1-0-0-0-0-0-0",
    "kalmanFilter" : "cloud-1-1-1-1-1-0-1-1-0-1",
    "plt" : "cloud-0-0-1-1-0-1-0-1-1-1",
    "senMLParse" : "cloud-1-0-0-1-1-0-0-1-1-1",
    "sink" : "cloud-0-1-0-1-0-0-0-0-1-0",
    "slidingLinearReg" : "cloud-0-1-0-0-0-0-0-1-0-1",
    "source" : "cloud-0-0-0-1-0-1-0-0-1",
    "zip" : "cloud-0-0-0-0-1-1-1-1-1-1"
  },
  "appLoopLatency" : 61.54924770465868,
  "latencyPerTupleType" : {
    "average_TUPLE" : 2.659021939169656,
    "sink_TUPLE" : 2.4841437742417973,
    "slidingLinearReg_TUPLE" : 3.5071268182517796,
    "acc_TUPLE" : 0.8725042887893423,
    "blobUpload_TUPLE" : 12.439216698809373,
    "kalmanFilter_TUPLE" : 9.066325079051893,
    "plt_TUPLE" : 3.3555359148319917,
    "zip_TUPLE" : 3.2515320634966574,
    "senMLParse_TUPLE" : 0.12385768000001912,
    "distinctCount_TUPLE" : 3.464739468345199,
    "TUPLE" : 0.09712500000000197
  },
  "tuplesProcessedPerModule" : {
    "acc" : 9771,
    "zip" : 9770,
    "average" : 4729,
    "distinctCount" : 4719,
    "blobUpload" : 9652,
    "sink" : 9548,
    "kalmanFilter" : 4682,
    "plt" : 9770,
    "slidingLinearReg" : 4653,
    "source" : 4800,
    "senMLParse" : 4800
  },
  "recsInPerModule" : {
    "acc" : 4.894653409801195,
    "zip" : 4.918438393352514,
    "average" : 2.4019065603696306,
    "distinctCount" : 2.4032293817384947,
    "blobUpload" : 4.8891074758262025,
    "sink" : 4.8110882386159854,
    "kalmanFilter" : 2.4043127807305815,
    "plt" : 4.944867664190757,
    "slidingLinearReg" : 2.3267624115068095,
    "source" : 2.4224060447105504,
    "senMLParse" : 2.412906586458855
  },
  "recsOutPerModule" : {
    "acc" : 4.894382692826723,
    "zip" : 4.906048153204946,
    "average" : 2.366378359164163,
    "distinctCount" : 2.3626748859216575,
    "blobUpload" : 4.830058432191238,
    "sink" : 4.808448284899349,
    "kalmanFilter" : 2.346630735169119,
    "plt" : 4.932344077684003,
    "slidingLinearReg" : 2.326561238211497,
    "source" : 2.422282526497027,
    "senMLParse" : 2.412772664958026
  },
  "remainingDataPerDevice" : {
    "acc" : 2000,
    "zip" : 0,
    "average" : 18000,
    "distinctCount" : 136000,
    "blobUpload" : 520000,
    "sink" : 0,
    "kalmanFilter" : 58000,
    "plt" : 0,
    "slidingLinearReg" : 6000,
    "source" : 0,
    "senMLParse" : 0
  },
  "executionTime" : 2426.0,
  "networkUsage" : 664429.14,
  "tuplesSentBySensors" : 4800
}