{
  "placement" : {
    "acc" : "cloud-0-0-1-1-0-0-1-1-1-0",
    "average" : "cloud-0-1-1-0-1-0-0-1-0-0",
    "blobUpload" : "cloud-1-0-1-0-0-1",
    "distinctCount" : "cloud-1-0-0-1-1-0-1-1-1-1",
    "kalmanFilter" : "cloud-1-1-1-1-0-1-0-1-0",
    "plt" : "cloud-1-0-1-1-1-1-1-1-1",
    "senMLParse" : "cloud-1-1-1-1-1-1-0-1-1-1",
    "sink" : "cloud-0-1-1-1-1-1-0-1-0",
    "slidingLinearReg" : "cloud-1-0-0-0-0-1-1-0-1-1",
    "source" : "cloud-0-1-1",
    "zip" : "cloud-1-0-0-1-0-1-0-0-0"
  },
  "appLoopLatency" : 74.84203239846825,
  "latencyPerTupleType" : {
    "average_TUPLE" : 0.33058673666669086,
    "sink_TUPLE" : 62.87764735807146,
    "slidingLinearReg_TUPLE" : 6.772476984647245,
    "acc_TUPLE" : 0.8966745999931413,
    "blobUpload_TUPLE" : 10.292345510117844,
    "kalmanFilter_TUPLE" : 10.650076237983122,
    "plt_TUPLE" : 18.33208679504976,
    "zip_TUPLE" : 4.017995930735032,
    "senMLParse_TUPLE" : 0.11767114777779829,
    "distinctCount_TUPLE" : 5.696213748888847,
    "TUPLE" : 0.0969172222222315
  },
  "tuplesProcessedPerModule" : {
    "acc" : 9783,
    "zip" : 9629,
    "average" : 4800,
    "distinctCount" : 4800,
    "blobUpload" : 9629,
    "sink" : 9205,
    "kalmanFilter" : 4674,
    "plt" : 9629,
    "slidingLinearReg" : 4674,
    "source" : 4800,
    "senMLParse" : 4800
  },
  "recsInPerModule" : {
    "acc" : 4.8922313580115775,
    "zip" : 4.853180550084965,
    "average" : 2.405156100491402,
    "distinctCount" : 2.4075688368639767,
    "blobUpload" : 4.829527115659256,
    "sink" : 4.794185600061183,
    "kalmanFilter" : 2.410712649133665,
    "plt" : 4.93270770033984,
    "slidingLinearReg" : 2.339194248806239,
    "source" : 2.4266924030877637,
    "senMLParse" : 2.418377197335097
  },
  "recsOutPerModule" : {
    "acc" : 4.8919172277290555,
    "zip" : 4.843135370624261,
    "average" : 2.405010485609809,
    "distinctCount" : 2.4008003089837335,
    "blobUpload" : 4.81861112033136,
    "sink" : 4.634096596366942,
    "kalmanFilter" : 2.3482434817635536,
    "plt" : 4.8716010317510525,
    "slidingLinearReg" : 2.338844422882315,
    "source" : 2.4265684473768196,
    "senMLParse" : 2.418242667901477
  },
  "remainingDataPerDevice" : {
    "acc" : 56000,
    "zip" : 0,
    "average" : 28000,
    "distinctCount" : 244000,
    "blobUpload" : 530000,
    "sink" : 0,
    "kalmanFilter" : 0,
    "plt" : 0,
    "slidingLinearReg" : 48000,
    "source" : 0,
    "senMLParse" : 0
  },
  "executionTime" : 5931.0,
  "networkUsage" : 610830.59,
  "tuplesSentBySensors" : 4800
}