{
  "placement" : {
    "acc" : "cloud-1-0-1-0-1-0",
    "average" : "cloud-1-1-1-1-0-0-0-1-0-1",
    "blobUpload" : "cloud-0-1-0-1-0-1-1-0-1-0",
    "distinctCount" : "cloud-1-1-0-0-1-0-0-1-1-1",
    "kalmanFilter" : "cloud-0-0-0-1-1-1-1-0-1",
    "plt" : "cloud-1-0-1-1-0-0-0-1-1",
    "senMLParse" : "cloud-0-1-0-1-1-1-1-1-1-1",
    "sink" : "cloud-0-1-1-0-0-0-1-1",
    "slidingLinearReg" : "cloud-1-0-1-1-1-1-1-0-1-1",
    "source" : "cloud-1-1-1-1-1-1-0-0-1-0",
    "zip" : "cloud-0-0-0-0-1-1-0-1-1-0"
  },
  "appLoopLatency" : 64.168840308802,
  "latencyPerTupleType" : {
    "average_TUPLE" : 15.729741605995917,
    "sink_TUPLE" : 13.116991806042872,
    "acc_TUPLE" : 0.9339678318400606,
    "slidingLinearReg_TUPLE" : 3.2839363676751248,
    "blobUpload_TUPLE" : 5.182629136248669,
    "kalmanFilter_TUPLE" : 9.048781506847764,
    "plt_TUPLE" : 1.7008114040077422,
    "zip_TUPLE" : 2.09150731665967,
    "senMLParse_TUPLE" : 0.19587678080801363,
    "distinctCount_TUPLE" : 3.7114836924542067,
    "TUPLE" : 0.09530919191918912
  },
  "tuplesProcessedPerModule" : {
    "acc" : 9737,
    "zip" : 9736,
    "average" : 4660,
    "distinctCount" : 4684,
    "blobUpload" : 9619,
    "sink" : 9505,
    "kalmanFilter" : 4671,
    "plt" : 9736,
    "slidingLinearReg" : 4650,
    "source" : 4800,
    "senMLParse" : 4800
  },
  "recsInPerModule" : {
    "acc" : 4.873692268917678,
    "zip" : 4.887577322262438,
    "average" : 2.3340911948880603,
    "distinctCount" : 2.3551160071267225,
    "blobUpload" : 4.838414510487037,
    "sink" : 4.811187500178416,
    "kalmanFilter" : 2.3511162568211095,
    "plt" : 4.917044538875804,
    "slidingLinearReg" : 2.3698137450585817,
    "source" : 2.4199634888008625,
    "senMLParse" : 2.40649404578342
  },
  "recsOutPerModule" : {
    "acc" : 4.873425238240098,
    "zip" : 4.881359190896761,
    "average" : 2.3300910385986207,
    "distinctCount" : 2.3421158586162365,
    "blobUpload" : 4.826639542032339,
    "sink" : 4.782360184355303,
    "kalmanFilter" : 2.336588674547146,
    "plt" : 4.910751251498467,
    "slidingLinearReg" : 2.3646844039942607,
    "source" : 2.4199611781089057,
    "senMLParse" : 2.4063277061337898
  },
  "remainingDataPerDevice" : {
    "acc" : 2000,
    "zip" : 234000,
    "average" : 2000,
    "distinctCount" : 66000,
    "blobUpload" : 0,
    "sink" : 0,
    "kalmanFilter" : 42000,
    "plt" : 0,
    "slidingLinearReg" : 0,
    "source" : 0,
    "senMLParse" : 640000
  },
  "executionTime" : 3155.0,
  "networkUsage" : 640251.75,
  "tuplesSentBySensors" : 4800
}