{
  "placement" : {
    "acc" : "cloud-0-0-1-0-0-0",
    "average" : "cloud-1-1-1-0-1-1-1-0-0-1",
    "blobUpload" : "cloud-0-1-0-1-1-0-1-0-0-1",
    "distinctCount" : "cloud-1-1-0-1-0-0-0-1-0",
    "kalmanFilter" : "cloud-1-1-1-1-1-0-1-0-0-1",
    "plt" : "cloud-0-0-0-1-0-1-0-1-1",
    "senMLParse" : "cloud-0-1-0-1-0-1-0-1-1-0",
    "sink" : "cloud-1-1-1-1-1-0-1-1-0",
    "slidingLinearReg" : "cloud-0-1-0-0-0-0-0-0-0",
    "source" : "cloud-0-1-0-1-0-1-0-1-1",
    "zip" : "cloud-0-1-0-1-1-0-0"
  },
  "appLoopLatency" : 76.5709700141911,
  "latencyPerTupleType" : {
    "average_TUPLE" : 2.243926827777806,
    "sink_TUPLE" : 26.495714050736595,
    "acc_TUPLE" : 0.7045940076600388,
    "slidingLinearReg_TUPLE" : 6.1422111903114125,
    "blobUpload_TUPLE" : 21.916155205989195,
    "kalmanFilter_TUPLE" : 8.141521437720236,
    "plt_TUPLE" : 11.535842590043217,
    "zip_TUPLE" : 1.5492388137001794,
    "senMLParse_TUPLE" : 0.20299930000002447,
    "distinctCount_TUPLE" : 3.1281488646464983,
    "TUPLE" : 0.09934777777777767
  },
  "tuplesProcessedPerModule" : {
    "acc" : 9836,
    "zip" : 9638,
    "average" : 4800,
    "distinctCount" : 4800,
    "blobUpload" : 9638,
    "sink" : 9451,
    "kalmanFilter" : 4689,
    "plt" : 9774,
    "slidingLinearReg" : 4666,
    "source" : 4800,
    "senMLParse" : 4800
  },
  "recsInPerModule" : {
    "acc" : 4.956549401803398,
    "zip" : 4.897910288991923,
    "average" : 2.411788921725865,
    "distinctCount" : 2.411425426308778,
    "blobUpload" : 4.891416057361285,
    "sink" : 4.821660942078237,
    "kalmanFilter" : 2.408279760743798,
    "plt" : 4.905911305471464,
    "slidingLinearReg" : 2.335615490930892,
    "source" : 2.4224060447105504,
    "senMLParse" : 2.4215480437642136
  },
  "recsOutPerModule" : {
    "acc" : 4.922453358731209,
    "zip" : 4.895640077807931,
    "average" : 2.408491233185784,
    "distinctCount" : 2.4070103459876617,
    "blobUpload" : 4.842265743167182,
    "sink" : 4.728122677829092,
    "kalmanFilter" : 2.352914211413915,
    "plt" : 4.887730646081429,
    "slidingLinearReg" : 2.33324178081848,
    "source" : 2.4222812531789812,
    "senMLParse" : 2.4214004373516484
  },
  "remainingDataPerDevice" : {
    "acc" : 50000,
    "zip" : 0,
    "average" : 0,
    "distinctCount" : 0,
    "blobUpload" : 0,
    "sink" : 0,
    "kalmanFilter" : 36000,
    "plt" : 272000,
    "slidingLinearReg" : 32000,
    "source" : 0,
    "senMLParse" : 0
  },
  "executionTime" : 3745.0,
  "networkUsage" : 580536.92,
  "tuplesSentBySensors" : 4800
}