{
  "placement" : {
    "acc" : "cloud-1-1-1-0-1-0-0-0-0",
    "average" : "cloud-1-0",
    "blobUpload" : "cloud-1-0-1-1-1-1-1-0-1-0",
    "distinctCount" : "cloud-0-0-1-0-1-0-1",
    "kalmanFilter" : "cloud-1-0-1-0",
    "plt" : "cloud-1-0-0-0-1-0-0-1-0",
    "senMLParse" : "cloud-1-1-0-1-1-1-0-1-1-0",
    "sink" : "cloud-0-1-0-1-0-1-1-0-1-0",
    "slidingLinearReg" : "cloud-0-1-1-0-1-1-0",
    "source" : "cloud-0-1-0-0-1-1-1-1-1-0",
    "zip" : "cloud-0-0-0-1-1-0-0-0-0"
  },
  "appLoopLatency" : 80.55532872885632,
  "latencyPerTupleType" : {
    "average_TUPLE" : 6.808447776542581,
    "sink_TUPLE" : 7.730370583058702,
    "slidingLinearReg_TUPLE" : 13.838041515906442,
    "acc_TUPLE" : 0.7512169707972629,
    "blobUpload_TUPLE" : 5.598881486945665,
    "kalmanFilter_TUPLE" : 25.54872811443378,
    "plt_TUPLE" : 6.765927462181908,
    "zip_TUPLE" : 5.287586387485305,
    "senMLParse_TUPLE" : 4.636888975555572,
    "distinctCount_TUPLE" : 1.650368961832522,
    "TUPLE" : 0.09833388888888946
  },
  "tuplesProcessedPerModule" : {
    "acc" : 9668,
    "zip" : 9664,
    "average" : 4690,
    "distinctCount" : 4699,
    "blobUpload" : 9513,
    "sink" : 9363,
    "kalmanFilter" : 4659,
    "plt" : 9664,
    "slidingLinearReg" : 4654,
    "source" : 4800,
    "senMLParse" : 4800
  },
  "recsInPerModule" : {
    "acc" : 4.837141577130815,
    "zip" : 4.8516327322406,
    "average" : 2.3550004074073145,
    "distinctCount" : 2.3498510201579292,
    "blobUpload" : 4.832235316507829,
    "sink" : 4.727086698567088,
    "kalmanFilter" : 2.354293495343639,
    "plt" : 4.874698098512896,
    "slidingLinearReg" : 2.328964511389556,
    "source" : 2.421428430899243,
    "senMLParse" : 2.408064557432815
  },
  "recsOutPerModule" : {
    "acc" : 4.8368491609118545,
    "zip" : 4.851084767798297,
    "average" : 2.3469937471315028,
    "distinctCount" : 2.3496111281869245,
    "blobUpload" : 4.770905349138408,
    "sink" : 4.726599493062236,
    "kalmanFilter" : 2.3336994448936728,
    "plt" : 4.874144911777591,
    "slidingLinearReg" : 2.328553536599953,
    "source" : 2.4213050123599005,
    "senMLParse" : 2.4020442892173812
  },
  "remainingDataPerDevice" : {
    "acc" : 8000,
    "zip" : 6000,
    "average" : 2000,
    "distinctCount" : 98000,
    "blobUpload" : 750000,
    "sink" : 0,
    "kalmanFilter" : 4000,
    "plt" : 0,
    "slidingLinearReg" : 196000,
    "source" : 0,
    "senMLParse" : 578000
  },
  "executionTime" : 3298.0,
  "networkUsage" : 694717.57,
  "tuplesSentBySensors" : 4800
}