{
  "placement" : {
    "acc" : "cloud-0-0-0-0-1-0-0-1-1-0",
    "average" : "cloud-1-1-1-1-0-0-1-1",
    "blobUpload" : "cloud-1-0-1-0-1-0-0-0-1-1",
    "distinctCount" : "cloud-1-0-0-0-0-0",
    "kalmanFilter" : "cloud-1-1-1-1-0-0-1-1",
    "plt" : "cloud-1-1-1-0-0-1",
    "senMLParse" : "cloud-0-1-0-1-1-0-0-1",
    "sink" : "cloud-0-0-0-0-1-1-0-1-0",
    "slidingLinearReg" : "cloud-1-1-1-1-1-0",
    "source" : "cloud-0-0-1-1-0-0-1",
    "zip" : "cloud-1-0-1-0-0-0-1-0-1-0"
  },
  "appLoopLatency" : 61.507435506238636,
  "latencyPerTupleType" : {
    "average_TUPLE" : 9.911155688220159,
    "sink_TUPLE" : 25.137559271173146,
    "slidingLinearReg_TUPLE" : 4.072396294589385,
    "acc_TUPLE" : 0.6521109005214577,
    "blobUpload_TUPLE" : 2.8286462520678484,
    "kalmanFilter_TUPLE" : 19.955159786806092,
    "plt_TUPLE" : 3.095446796457863,
    "zip_TUPLE" : 1.435291511620173,
    "senMLParse_TUPLE" : 0.21088352434346394,
    "distinctCount_TUPLE" : 0.6227591911113086,
    "TUPLE" : 0.09561777777777303
  },
  "tuplesProcessedPerModule" : {
    "acc" : 9912,
    "zip" : 9800,
    "average" : 4679,
    "distinctCount" : 4800,
    "blobUpload" : 9675,
    "sink" : 9489,
    "kalmanFilter" : 4661,
    "plt" : 9800,
    "slidingLinearReg" : 4661,
    "source" : 4800,
    "senMLParse" : 4800
  },
  "recsInPerModule" : {
    "acc" : 4.967225966447162,
    "zip" : 4.9184639631632034,
    "average" : 2.4070755968386592,
    "distinctCount" : 2.4090084369902,
    "blobUpload" : 4.88378982841009,
    "sink" : 4.858427159443934,
    "kalmanFilter" : 2.4070755726969386,
    "plt" : 4.950036462082249,
    "slidingLinearReg" : 2.337276863563277,
    "source" : 2.4239963518854903,
    "senMLParse" : 2.4165509062076684
  },
  "recsOutPerModule" : {
    "acc" : 4.957624071787896,
    "zip" : 4.91179777832553,
    "average" : 2.347197654516914,
    "distinctCount" : 2.4086986640845205,
    "blobUpload" : 4.882208464617623,
    "sink" : 4.765024982428437,
    "kalmanFilter" : 2.3407983182077725,
    "plt" : 4.936799570729983,
    "slidingLinearReg" : 2.3370742164524785,
    "source" : 2.4238726714437018,
    "senMLParse" : 2.41640621225665
  },
  "remainingDataPerDevice" : {
    "acc" : 224000,
    "zip" : 250000,
    "average" : 0,
    "distinctCount" : 42000,
    "blobUpload" : 0,
    "sink" : 0,
    "kalmanFilter" : 0,
    "plt" : 0,
    "slidingLinearReg" : 16000,
    "source" : 0,
    "senMLParse" : 0
  },
  "executionTime" : 3417.0,
  "networkUsage" : 665303.12,
  "tuplesSentBySensors" : 4800
}