{
  "placement" : {
    "acc" : "cloud-0-1-0-0-0-0-1-1-1-0",
    "average" : "cloud-1-1-1-0-1-0-0-1-0",
    "blobUpload" : "cloud-1-0-0-1-1-1-1",
    "distinctCount" : "cloud-0-0-0-0-1-0-1-1-0-0",
    "kalmanFilter" : "cloud-1-1-0-0-1-0-0-0-0-1",
    "plt" : "cloud-1-0-0-0-0-1-1",
    "senMLParse" : "cloud-0-1-1-1-1-1-1-0-0-1",
    "sink" : "cloud-1-1-1-1-1-0-1-0-0-1",
    "slidingLinearReg" : "cloud-0-0-0-0-0-0-1",
    "source" : "cloud-1-0-1-0-1-1-0-0-0",
    "zip" : "cloud-1-0-1-0-1-0-0-0-0-1"
  },
  "appLoopLatency" : 58.51157097828999,
  "latencyPerTupleType" : {
    "average_TUPLE" : 15.646657864499335,
    "sink_TUPLE" : 9.795891713020657,
    "slidingLinearReg_TUPLE" : 3.46902580040244,
    "acc_TUPLE" : 1.5020282436914614,
    "blobUpload_TUPLE" : 1.7730312790068412,
    "kalmanFilter_TUPLE" : 2.225672645562466,
    "plt_TUPLE" : 1.6108488141522783,
    "zip_TUPLE" : 3.645984857603331,
    "senMLParse_TUPLE" : 0.2509695707069954,
    "distinctCount_TUPLE" : 3.5951142630796,
    "TUPLE" : 0.09582434343435266
  },
  "tuplesProcessedPerModule" : {
    "acc" : 9735,
    "zip" : 9731,
    "average" : 4670,
    "distinctCount" : 4724,
    "blobUpload" : 9731,
    "sink" : 9522,
    "kalmanFilter" : 4747,
    "plt" : 9731,
    "slidingLinearReg" : 4653,
    "source" : 4800,
    "senMLParse" : 4800
  },
  "recsInPerModule" : {
    "acc" : 4.8683005755807,
    "zip" : 4.917414808731864,
    "average" : 2.403792495142363,
    "distinctCount" : 2.4024690443372387,
    "blobUpload" : 4.895174206940416,
    "sink" : 4.871453744105758,
    "kalmanFilter" : 2.4022285767505607,
    "plt" : 4.933026176223766,
    "slidingLinearReg" : 2.327583894340629,
    "source" : 2.4227728534358706,
    "senMLParse" : 2.4130268473664858
  },
  "recsOutPerModule" : {
    "acc" : 4.868164337291732,
    "zip" : 4.910493083921734,
    "average" : 2.3386897887594134,
    "distinctCount" : 2.3644299582358195,
    "blobUpload" : 4.891288572558545,
    "sink" : 4.810472528704784,
    "kalmanFilter" : 2.37570397668267,
    "plt" : 4.932619838673463,
    "slidingLinearReg" : 2.327502779428434,
    "source" : 2.422770537375782,
    "senMLParse" : 2.4128550091259147
  },
  "remainingDataPerDevice" : {
    "acc" : 8000,
    "zip" : 0,
    "average" : 0,
    "distinctCount" : 142000,
    "blobUpload" : 0,
    "sink" : 0,
    "kalmanFilter" : 184000,
    "plt" : 0,
    "slidingLinearReg" : 6000,
    "source" : 0,
    "senMLParse" : 0
  },
  "executionTime" : 3929.0,
  "networkUsage" : 633079.84,
  "tuplesSentBySensors" : 4800
}