{
  "placement" : {
    "acc" : "cloud-0-0-0-0-0-1-0-0-1-0",
    "average" : "cloud-1-1-0-1-1-0-1-1",
    "blobUpload" : "cloud-1-0-1-0-0-1-0-1-1",
    "distinctCount" : "cloud-1-0-0-1-1-1-1-1-1-0",
    "kalmanFilter" : "cloud-0-0-1-0-0-0-1-0-0-0",
    "plt" : "cloud-0-1-1-1-0-0-0-1-0",
    "senMLParse" : "cloud-1-1-0",
    "sink" : "cloud-1-1-1-0-1-1-0-1-1",
    "slidingLinearReg" : "cloud-1-1-0-0-1-0-0-1-0",
    "source" : "cloud-1-0-1-1-0-1-1-0-0-1",
    "zip" : "cloud-0-0-0-0-0-0-1-1"
  },
  "appLoopLatency" : 59.372057706467075,
  "latencyPerTupleType" : {
    "average_TUPLE" : 14.661949078767666,
    "sink_TUPLE" : 35.2814013816504,
    "acc_TUPLE" : 1.2168267506187203,
    "slidingLinearReg_TUPLE" : 21.682567857907653,
    "blobUpload_TUPLE" : 15.007516932576422,
    "kalmanFilter_TUPLE" : 2.1276378909092712,
    "plt_TUPLE" : 1.6781869459014773,
    "zip_TUPLE" : 3.018725579023765,
    "senMLParse_TUPLE" : 0.20912421111106247,
    "distinctCount_TUPLE" : 18.345325754330798,
    "TUPLE" : 0.0941992929292926
  },
  "tuplesProcessedPerModule" : {
    "acc" : 9779,
    "zip" : 9760,
    "average" : 4742,
    "distinctCount" : 4669,
    "blobUpload" : 9526,
    "sink" : 9470,
    "kalmanFilter" : 4800,
    "plt" : 9760,
    "slidingLinearReg" : 4663,
    "source" : 4800,
    "senMLParse" : 4800
  },
  "recsInPerModule" : {
    "acc" : 4.893901807746223,
    "zip" : 4.888048565302567,
    "average" : 2.412374446329996,
    "distinctCount" : 2.4099520201031996,
    "blobUpload" : 4.859686817733594,
    "sink" : 4.793532341716759,
    "kalmanFilter" : 2.4083801058177956,
    "plt" : 4.905255772820692,
    "slidingLinearReg" : 2.3625849277383044,
    "source" : 2.421794943594882,
    "senMLParse" : 2.4159417134746293
  },
  "recsOutPerModule" : {
    "acc" : 4.893605886224725,
    "zip" : 4.88289454370771,
    "average" : 2.3713072529754355,
    "distinctCount" : 2.345004638543505,
    "blobUpload" : 4.8080493159462705,
    "sink" : 4.741493413374682,
    "kalmanFilter" : 2.4055939548790124,
    "plt" : 4.902288910840159,
    "slidingLinearReg" : 2.3327818087835546,
    "source" : 2.4217926294040897,
    "senMLParse" : 2.4157740652393254
  },
  "remainingDataPerDevice" : {
    "acc" : 38000,
    "zip" : 106000,
    "average" : 16000,
    "distinctCount" : 4000,
    "blobUpload" : 0,
    "sink" : 0,
    "kalmanFilter" : 152000,
    "plt" : 0,
    "slidingLinearReg" : 26000,
    "source" : 0,
    "senMLParse" : 0
  },
  "executionTime" : 4306.0,
  "networkUsage" : 542896.7,
  "tuplesSentBySensors" : 4800
}