{
  "placement" : {
    "acc" : "cloud-1-0-0",
    "average" : "cloud-0-0-0-0-1-1-1-1",
    "blobUpload" : "cloud-0-0-1-1-1-0-1-1-1",
    "distinctCount" : "cloud-1-0-1-1-0-0-1-0-1",
    "kalmanFilter" : "cloud-0-0-1-1-0-0-1-0-0-0",
    "plt" : "cloud-0-1-1-0-0-0-1-0",
    "senMLParse" : "cloud-0-1-1-0-1-1-1-0-0-0",
    "sink" : "cloud-1-1-1-1-0-0-1-0-0-1",
    "slidingLinearReg" : "cloud-0-0-0-1-0-0-0-0-1",
    "source" : "cloud-1-0-0-1-0-0-0-1-1-1",
    "zip" : "cloud-0-1-0-1-1-0-1-0-0"
  },
  "appLoopLatency" : 60.64791533333302,
  "latencyPerTupleType" : {
    "average_TUPLE" : 1.6092174919855127,
    "sink_TUPLE" : 16.179933198405987,
    "acc_TUPLE" : 0.18175806966550245,
    "slidingLinearReg_TUPLE" : 2.168437619393923,
    "blobUpload_TUPLE" : 1.0691155687609468,
    "kalmanFilter_TUPLE" : 2.4433059745085406,
    "plt_TUPLE" : 1.5570935627900737,
    "zip_TUPLE" : 1.1431187805654321,
    "senMLParse_TUPLE" : 0.1773782343433871,
    "distinctCount_TUPLE" : 0.5024106082117362,
    "TUPLE" : 0.09774444444444068
  },
  "tuplesProcessedPerModule" : {
    "acc" : 9807,
    "zip" : 9758,
    "average" : 4764,
    "distinctCount" : 4790,
    "blobUpload" : 9758,
    "sink" : 9625,
    "kalmanFilter" : 4711,
    "plt" : 9761,
    "slidingLinearReg" : 4650,
    "source" : 4800,
    "senMLParse" : 4800
  },
  "recsInPerModule" : {
    "acc" : 4.90474262535582,
    "zip" : 4.938081782664685,
    "average" : 2.4009073363496,
    "distinctCount" : 2.399066919427253,
    "blobUpload" : 4.912290414777504,
    "sink" : 4.883131096871653,
    "kalmanFilter" : 2.3831178392193553,
    "plt" : 4.881106245264694,
    "slidingLinearReg" : 2.3805631703060883,
    "source" : 2.4205736658730883,
    "senMLParse" : 2.4089054665599554
  },
  "recsOutPerModule" : {
    "acc" : 4.903742624925725,
    "zip" : 4.931904644164884,
    "average" : 2.382900602841022,
    "distinctCount" : 2.3950668797023935,
    "blobUpload" : 4.906710245919582,
    "sink" : 4.816581539596973,
    "kalmanFilter" : 2.355616550017854,
    "plt" : 4.882477272800183,
    "slidingLinearReg" : 2.3758458145839567,
    "source" : 2.420567308275993,
    "senMLParse" : 2.408738793394466
  },
  "remainingDataPerDevice" : {
    "acc" : 90000,
    "zip" : 0,
    "average" : 6000,
    "distinctCount" : 200000,
    "blobUpload" : 0,
    "sink" : 0,
    "kalmanFilter" : 122000,
    "plt" : 6000,
    "slidingLinearReg" : 0,
    "source" : 0,
    "senMLParse" : 72000
  },
  "executionTime" : 2864.0,
  "networkUsage" : 615287.52,
  "tuplesSentBySensors" : 4800
}