{
  "placement" : {
    "acc" : "cloud-0-1-0-0-0-1-1-1-1",
    "average" : "cloud-1-1-0-1-0-0-0-1",
    "blobUpload" : "cloud-0-1-0-1-1-1-0-0-1-1",
    "distinctCount" : "cloud-0-0-1-0-0-0-0-0-1",
    "kalmanFilter" : "cloud-0-0-1-1-1-1-0-0-1-1",
    "plt" : "cloud-1-1-1-1-0-1-0-0-1-1",
    "senMLParse" : "cloud-1-1-0-0-0-1-0-0-1-1",
    "sink" : "cloud-0-1-1-0-1-1-1-1-1-1",
    "slidingLinearReg" : "cloud-0-1-0-0-1-1-1-0-0-1",
    "source" : "cloud-0-1-1-0-0-0-1-0-1-0",
    "zip" : "cloud-0-1-0-1-1-0-0-0-0-0"
  },
  "appLoopLatency" : 62.2218245571093,
  "latencyPerTupleType" : {
    "average_TUPLE" : 0.32136467777779126,
    "sink_TUPLE" : 21.587081946055886,
    "acc_TUPLE" : 0.4972818976708886,
    "slidingLinearReg_TUPLE" : 6.87128947860514,
    "blobUpload_TUPLE" : 1.9583877453848748,
    "kalmanFilter_TUPLE" : 8.799633748917747,
    "plt_TUPLE" : 4.531363147670262,
    "zip_TUPLE" : 14.656206487542317,
    "senMLParse_TUPLE" : 0.12347752222214754,
    "distinctCount_TUPLE" : 4.549970132426898,
    "TUPLE" : 0.09677138888888943
  },
  "tuplesProcessedPerModule" : {
    "acc" : 9818,
    "zip" : 9664,
    "average" : 4800,
    "distinctCount" : 4707,
    "blobUpload" : 9550,
    "sink" : 9550,
    "kalmanFilter" : 4683,
    "plt" : 9781,
    "slidingLinearReg" : 4651,
    "source" : 4800,
    "senMLParse" : 4800
  },
  "recsInPerModule" : {
    "acc" : 4.910243020202678,
    "zip" : 4.906694699524559,
    "average" : 2.4063568343475867,
    "distinctCount" : 2.403705749887899,
    "blobUpload" : 4.83780298007856,
    "sink" : 4.823569284464939,
    "kalmanFilter" : 2.4011806196906313,
    "plt" : 4.941087587574737,
    "slidingLinearReg" : 2.3260088253708795,
    "source" : 2.4236291726184436,
    "senMLParse" : 2.412901527089183
  },
  "recsOutPerModule" : {
    "acc" : 4.909271093222616,
    "zip" : 4.848001543292429,
    "average" : 2.406211074042531,
    "distinctCount" : 2.3571339509838207,
    "blobUpload" : 4.843139000006443,
    "sink" : 4.775330255473364,
    "kalmanFilter" : 2.3440773024456916,
    "plt" : 4.928700625211638,
    "slidingLinearReg" : 2.328101271079629,
    "source" : 2.4235004312337116,
    "senMLParse" : 2.4127676061499495
  },
  "remainingDataPerDevice" : {
    "acc" : 74000,
    "zip" : 0,
    "average" : 12000,
    "distinctCount" : 44000,
    "blobUpload" : 0,
    "sink" : 0,
    "kalmanFilter" : 62000,
    "plt" : 0,
    "slidingLinearReg" : 2000,
    "source" : 0,
    "senMLParse" : 0
  },
  "executionTime" : 3250.0,
  "networkUsage" : 614287.1,
  "tuplesSentBySensors" : 4800
}