{
  "placement" : {
    "acc" : "cloud-1-1-1-0-0-1-0-1-0-1",
    "average" : "cloud-0-0-0-0-0-1-0-0",
    "blobUpload" : "cloud-1-0-0-0-1-0-1-1-0",
    "distinctCount" : "cloud-1-1-0-0-0-1-1-1-0",
    "kalmanFilter" : "cloud-0-1-0-0-1-1-1-0-1",
    "plt" : "cloud-1-0-0-0-0-1",
    "senMLParse" : "cloud-0-0-0-0-0-0-1-0-0",
    "sink" : "cloud-0-1-0-0-0-0-0-0-0-1",
    "slidingLinearReg" : "cloud-0-1-1-1-1-0-1-0-1",
    "source" : "cloud-0-0-1-0-1-1-0-0-0-0",
    "zip" : "cloud-0-1-0-1-0-1-0-0-0"
  },
  "appLoopLatency" : 71.11145299770598,
  "latencyPerTupleType" : {
    "average_TUPLE" : 2.3130699565658728,
    "sink_TUPLE" : 8.517796913771303,
    "slidingLinearReg_TUPLE" : 34.245717494214645,
    "acc_TUPLE" : 0.9542245079572432,
    "blobUpload_TUPLE" : 7.93239031546484,
    "kalmanFilter_TUPLE" : 10.721885004994666,
    "plt_TUPLE" : 5.315503054347566,
    "zip_TUPLE" : 2.8718281478555956,
    "senMLParse_TUPLE" : 0.21133565454539174,
    "distinctCount_TUPLE" : 5.031995204598847,
    "TUPLE" : 0.09918694444444141
  },
  "tuplesProcessedPerModule" : {
    "acc" : 9775,
    "zip" : 9630,
    "average" : 4800,
    "distinctCount" : 4701,
    "blobUpload" : 9630,
    "sink" : 9459,
    "kalmanFilter" : 4672,
    "plt" : 9630,
    "slidingLinearReg" : 4672,
    "source" : 4800,
    "senMLParse" : 4800
  },
  "recsInPerModule" : {
    "acc" : 4.887804299736059,
    "zip" : 4.884986372418601,
    "average" : 2.4121510023522172,
    "distinctCount" : 2.404297425919013,
    "blobUpload" : 4.85429787933965,
    "sink" : 4.744882813458144,
    "kalmanFilter" : 2.407191251899347,
    "plt" : 4.916222211296226,
    "slidingLinearReg" : 2.3391566298843784,
    "source" : 2.4235068042478014,
    "senMLParse" : 2.4165458315436905
  },
  "recsOutPerModule" : {
    "acc" : 4.8875136226853195,
    "zip" : 4.8796335800606165,
    "average" : 2.409003442315356,
    "distinctCount" : 2.3547087915094336,
    "blobUpload" : 4.838256751594661,
    "sink" : 4.735736869019657,
    "kalmanFilter" : 2.344909430621183,
    "plt" : 4.905641187034091,
    "slidingLinearReg" : 2.3381859470497353,
    "source" : 2.4233780758626304,
    "senMLParse" : 2.416401138200357
  },
  "remainingDataPerDevice" : {
    "acc" : 290000,
    "zip" : 0,
    "average" : 12000,
    "distinctCount" : 94000,
    "blobUpload" : 855000,
    "sink" : 0,
    "kalmanFilter" : 0,
    "plt" : 0,
    "slidingLinearReg" : 36000,
    "source" : 0,
    "senMLParse" : 0
  },
  "executionTime" : 4421.0,
  "networkUsage" : 684906.12,
  "tuplesSentBySensors" : 4800
}