{
  "placement" : {
    "acc" : "cloud-0-1-0-1-1",
    "average" : "cloud-0-0-1-1-1-1-0-0-1",
    "blobUpload" : "cloud-0-1-1-1-1-0-0-1-1-1",
    "distinctCount" : "cloud-0-0-1-1-0-0-0-0-0-1",
    "kalmanFilter" : "cloud-0-0-0-1-0-0-1",
    "plt" : "cloud-1-0-1-0-0-0-0-0-0-1",
    "senMLParse" : "cloud-1-0-0-1-0-1",
    "sink" : "cloud-0-1-1-0-1-0-1-1-0",
    "slidingLinearReg" : "cloud-1-1-0-1-1-1-1-0-1-1",
    "source" : "cloud-0-1-0-0-1-1-1-1-1-1",
    "zip" : "cloud-0-1-0-1-0-1-1-0-0-1"
  },
  "appLoopLatency" : 61.210002026278104,
  "latencyPerTupleType" : {
    "average_TUPLE" : 2.27942857333332,
    "sink_TUPLE" : 8.994006118427691,
    "slidingLinearReg_TUPLE" : 5.697824686097488,
    "acc_TUPLE" : 2.223404482246761,
    "blobUpload_TUPLE" : 6.152367471365225,
    "kalmanFilter_TUPLE" : 8.212278159963558,
    "plt_TUPLE" : 1.8009241611691498,
    "zip_TUPLE" : 7.89390120395215,
    "senMLParse_TUPLE" : 0.11549761666669231,
    "distinctCount_TUPLE" : 18.635448595028972,
    "TUPLE" : 0.0983338888888897
  },
  "tuplesProcessedPerModule" : {
    "acc" : 9807,
    "zip" : 9795,
    "average" : 4800,
    "distinctCount" : 4667,
    "blobUpload" : 9571,
    "sink" : 9571,
    "kalmanFilter" : 4688,
    "plt" : 9795,
    "slidingLinearReg" : 4672,
    "source" : 4800,
    "senMLParse" : 4800
  },
  "recsInPerModule" : {
    "acc" : 4.904148763709766,
    "zip" : 4.927859314836431,
    "average" : 2.403590410245617,
    "distinctCount" : 2.402507659613815,
    "blobUpload" : 4.8336607496539585,
    "sink" : 4.815187391716553,
    "kalmanFilter" : 2.4047946039306867,
    "plt" : 4.955867881638376,
    "slidingLinearReg" : 2.337115635223121,
    "source" : 2.421550589470997,
    "senMLParse" : 2.4116942545939724
  },
  "recsOutPerModule" : {
    "acc" : 4.903775823087369,
    "zip" : 4.904582631571486,
    "average" : 2.4003150883615185,
    "distinctCount" : 2.3384094831099587,
    "blobUpload" : 4.831475796130067,
    "sink" : 4.81229723291942,
    "kalmanFilter" : 2.3486827298389708,
    "plt" : 4.949773884512832,
    "slidingLinearReg" : 2.336195675201253,
    "source" : 2.4214271584789815,
    "senMLParse" : 2.411560467629653
  },
  "remainingDataPerDevice" : {
    "acc" : 24000,
    "zip" : 448000,
    "average" : 12000,
    "distinctCount" : 16000,
    "blobUpload" : 0,
    "sink" : 0,
    "kalmanFilter" : 28000,
    "plt" : 0,
    "slidingLinearReg" : 44000,
    "source" : 0,
    "senMLParse" : 0
  },
  "executionTime" : 4046.0,
  "networkUsage" : 593384.22,
  "tuplesSentBySensors" : 4800
}