{
  "placement" : {
    "acc" : "cloud-0-1-0-0-0-0-0-0",
    "average" : "cloud-1-1-1-0-0-1-0-1-1-1",
    "blobUpload" : "cloud-1-0-0-0-1-1-0-0-1-0",
    "distinctCount" : "cloud-1-0-0-0-1-1",
    "kalmanFilter" : "cloud-1-1-0-1-0-1-0-1-1-1",
    "plt" : "cloud-0-1-1-0-1-1-0-1-0-1",
    "senMLParse" : "cloud-1-0-0-0-0-1-1-1-0-0",
    "sink" : "cloud-0-1-0-0-1-0-0-0-1-0",
    "slidingLinearReg" : "cloud-1-1-1-1-1-1-1-0-1",
    "source" : "cloud-1-1-0-1-0-0-0-1-0",
    "zip" : "cloud-1-0-0-1-0-1-1-0"
  },
  "appLoopLatency" : 55.67315841335193,
  "latencyPerTupleType" : {
    "average_TUPLE" : 0.3209122292931768,
    "sink_TUPLE" : 24.204229070911715,
    "acc_TUPLE" : 0.954501021406558,
    "slidingLinearReg_TUPLE" : 3.8585607874439285,
    "blobUpload_TUPLE" : 2.210404953826962,
    "kalmanFilter_TUPLE" : 11.067342924041709,
    "plt_TUPLE" : 1.9109045094663764,
    "zip_TUPLE" : 5.835507249703786,
    "senMLParse_TUPLE" : 0.21186738888881737,
    "distinctCount_TUPLE" : 5.3268604626265015,
    "TUPLE" : 0.09535373737373538
  },
  "tuplesProcessedPerModule" : {
    "acc" : 9803,
    "zip" : 9746,
    "average" : 4800,
    "distinctCount" : 4800,
    "blobUpload" : 9746,
    "sink" : 9494,
    "kalmanFilter" : 4674,
    "plt" : 9765,
    "slidingLinearReg" : 4671,
    "source" : 4800,
    "senMLParse" : 4800
  },
  "recsInPerModule" : {
    "acc" : 4.9028661991921485,
    "zip" : 4.907904253358016,
    "average" : 2.404037752419693,
    "distinctCount" : 2.4101940389362397,
    "blobUpload" : 4.880499956050655,
    "sink" : 4.842718247701416,
    "kalmanFilter" : 2.405483446578988,
    "plt" : 4.883128098048595,
    "slidingLinearReg" : 2.337223641033228,
    "source" : 2.423017454307191,
    "senMLParse" : 2.4148478138061793
  },
  "recsOutPerModule" : {
    "acc" : 4.902595459625378,
    "zip" : 4.894717100128008,
    "average" : 2.4038671920252757,
    "distinctCount" : 2.4041631317497125,
    "blobUpload" : 4.873849116159171,
    "sink" : 4.7850133985163215,
    "kalmanFilter" : 2.3453157617549203,
    "plt" : 4.8826804614285155,
    "slidingLinearReg" : 2.337049503940463,
    "source" : 2.4230151377794247,
    "senMLParse" : 2.4146803173481075
  },
  "remainingDataPerDevice" : {
    "acc" : 76000,
    "zip" : 0,
    "average" : 40000,
    "distinctCount" : 188000,
    "blobUpload" : 630000,
    "sink" : 0,
    "kalmanFilter" : 0,
    "plt" : 38000,
    "slidingLinearReg" : 42000,
    "source" : 0,
    "senMLParse" : 0
  },
  "executionTime" : 3861.0,
  "networkUsage" : 628897.34,
  "tuplesSentBySensors" : 4800
}