{
  "placement" : {
    "acc" : "cloud-1-0-0-1-0-1-1-0-1-0",
    "average" : "cloud-0-0-1-0-0-0-1-0-0-1",
    "blobUpload" : "cloud-1-1-1-1-0-0-0-0",
    "distinctCount" : "cloud-1-0-1-0-1-1-1-1-0-1",
    "kalmanFilter" : "cloud-1-0-1-1-0-1-1-1-0-0",
    "plt" : "cloud-0-0-1-0-1-0-0-0-1-0",
    "senMLParse" : "cloud-1-1-1-1-0-1-1-1",
    "sink" : "cloud-0-1-0-1-0-0-1-1-0-0",
    "slidingLinearReg" : "cloud-0-1-0-0-0-0-1-0-1-0",
    "source" : "cloud-0-1-0-1-1-1-1-1-1-0",
    "zip" : "cloud-0-0-0-1-1-0-1-1-1-0"
  },
  "appLoopLatency" : 72.41645077367414,
  "latencyPerTupleType" : {
    "average_TUPLE" : 0.22154120375935887,
    "sink_TUPLE" : 21.333911763041826,
    "acc_TUPLE" : 0.43511628052892354,
    "slidingLinearReg_TUPLE" : 2.6395408935353237,
    "blobUpload_TUPLE" : 4.9059608192928525,
    "kalmanFilter_TUPLE" : 2.242334274883952,
    "plt_TUPLE" : 4.768412039828032,
    "zip_TUPLE" : 4.448125479515817,
    "senMLParse_TUPLE" : 0.20334886060600263,
    "distinctCount_TUPLE" : 19.761201462901433,
    "TUPLE" : 0.09856747474747242
  },
  "tuplesProcessedPerModule" : {
    "acc" : 9740,
    "zip" : 9556,
    "average" : 4751,
    "distinctCount" : 4660,
    "blobUpload" : 9556,
    "sink" : 9459,
    "kalmanFilter" : 4707,
    "plt" : 9739,
    "slidingLinearReg" : 4650,
    "source" : 4800,
    "senMLParse" : 4800
  },
  "recsInPerModule" : {
    "acc" : 4.8735236389640475,
    "zip" : 4.885402013309897,
    "average" : 2.3811178498563024,
    "distinctCount" : 2.4002115327152884,
    "blobUpload" : 4.797159829027874,
    "sink" : 4.75210289307814,
    "kalmanFilter" : 2.3786176951928675,
    "plt" : 4.922031588925472,
    "slidingLinearReg" : 2.378700517335066,
    "source" : 2.4208178228677513,
    "senMLParse" : 2.408788586876035
  },
  "recsOutPerModule" : {
    "acc" : 4.8732670993269025,
    "zip" : 4.8194191693517405,
    "average" : 2.3756175847557843,
    "distinctCount" : 2.3324478912333864,
    "blobUpload" : 4.794612505916163,
    "sink" : 4.732092109925287,
    "kalmanFilter" : 2.3538518902652616,
    "plt" : 4.904601428515132,
    "slidingLinearReg" : 2.373508583289277,
    "source" : 2.420693426123321,
    "senMLParse" : 2.408642531833868
  },
  "remainingDataPerDevice" : {
    "acc" : 2000,
    "zip" : 0,
    "average" : 18000,
    "distinctCount" : 18000,
    "blobUpload" : 285000,
    "sink" : 0,
    "kalmanFilter" : 114000,
    "plt" : 0,
    "slidingLinearReg" : 0,
    "source" : 0,
    "senMLParse" : 162000
  },
  "executionTime" : 3193.0,
  "networkUsage" : 745421.84,
  "tuplesSentBySensors" : 4800
}