{
  "placement" : {
    "acc" : "cloud-0-0-0-1-1-0-1-1-1-0",
    "average" : "cloud-0-1-1-0-0-1-0-1-1-1",
    "blobUpload" : "cloud-1-0-0-1-0-0-1",
    "distinctCount" : "cloud-0-0-1-0-1-1-1-1-0-0",
    "kalmanFilter" : "cloud-1-0-1-0-1-0-0",
    "plt" : "cloud-0-0-1-1-1-1-0-0-1",
    "senMLParse" : "cloud-0-1-1-1-1-1-0-0-0-0",
    "sink" : "cloud-1-0-0-0-1-0-1",
    "slidingLinearReg" : "cloud-1-0-0-0-0-0-1-1-0",
    "source" : "cloud-1-0-0-0-0-0-1-1-0-1",
    "zip" : "cloud-1-1-0-0-0-0-0-1-1-1"
  },
  "appLoopLatency" : 61.14405041965062,
  "latencyPerTupleType" : {
    "average_TUPLE" : 6.60799007577042,
    "sink_TUPLE" : 16.161642185668416,
    "slidingLinearReg_TUPLE" : 2.2583386034726574,
    "acc_TUPLE" : 0.6350490484069551,
    "blobUpload_TUPLE" : 10.734587012831122,
    "kalmanFilter_TUPLE" : 5.12711688690283,
    "plt_TUPLE" : 2.504224534901333,
    "zip_TUPLE" : 1.602027935647749,
    "senMLParse_TUPLE" : 5.218165866666619,
    "distinctCount_TUPLE" : 2.897420149870268,
    "TUPLE" : 0.0951194444444469
  },
  "tuplesProcessedPerModule" : {
    "acc" : 9790,
    "zip" : 9784,
    "average" : 4707,
    "distinctCount" : 4707,
    "blobUpload" : 9590,
    "sink" : 9513,
    "kalmanFilter" : 4707,
    "plt" : 9784,
    "slidingLinearReg" : 4684,
    "source" : 4800,
    "senMLParse" : 4800
  },
  "recsInPerModule" : {
    "acc" : 4.895370998175869,
    "zip" : 4.920907579640077,
    "average" : 2.3584510485275416,
    "distinctCount" : 2.357978413492116,
    "blobUpload" : 4.894964379043501,
    "sink" : 4.829177516931217,
    "kalmanFilter" : 2.3590420260708282,
    "plt" : 4.954235270295624,
    "slidingLinearReg" : 2.3442331943551835,
    "source" : 2.421917139150745,
    "senMLParse" : 2.4133905965637448
  },
  "recsOutPerModule" : {
    "acc" : 4.895103045145419,
    "zip" : 4.9158699438421545,
    "average" : 2.356488097012534,
    "distinctCount" : 2.3574129892222904,
    "blobUpload" : 4.842592738132737,
    "sink" : 4.766401224428554,
    "kalmanFilter" : 2.3581359453303774,
    "plt" : 4.944283492284211,
    "slidingLinearReg" : 2.3425734367946633,
    "source" : 2.421914593284224,
    "senMLParse" : 2.407406586378357
  },
  "remainingDataPerDevice" : {
    "acc" : 12000,
    "zip" : 0,
    "average" : 14000,
    "distinctCount" : 102000,
    "blobUpload" : 0,
    "sink" : 0,
    "kalmanFilter" : 38000,
    "plt" : 0,
    "slidingLinearReg" : 68000,
    "source" : 0,
    "senMLParse" : 558000
  },
  "executionTime" : 2931.0,
  "networkUsage" : 597271.94,
  "tuplesSentBySensors" : 4800
}