{
  "placement" : {
    "acc" : "cloud-0-1-0-1-1-1-0-0-1-0",
    "average" : "cloud-1-0-1-1-0-0-1-0-0",
    "blobUpload" : "cloud-0-0-1-1-0-1-0-0-0",
    "distinctCount" : "cloud-1-1-1-1-1-0-1-0-0-1",
    "kalmanFilter" : "cloud-0-0-0-0-0-1",
    "plt" : "cloud-1-1-1-1-1-0-0-1-1-0",
    "senMLParse" : "cloud-1-0-0-1-0-0-1-1",
    "sink" : "cloud-1-1-1-0-1-1-0-0-1",
    "slidingLinearReg" : "cloud-1-0-0-0-1-0-1-1-1-0",
    "source" : "cloud-0-1-0-1-1-0-1-1-1-0",
    "zip" : "cloud-1-0-1-0-1-1-0-0-0-1"
  },
  "appLoopLatency" : 75.23957265632677,
  "latencyPerTupleType" : {
    "average_TUPLE" : 1.3176350074324485,
    "sink_TUPLE" : 3.996438287539783,
    "slidingLinearReg_TUPLE" : 26.36587955412558,
    "acc_TUPLE" : 0.42895505343712287,
    "blobUpload_TUPLE" : 6.351714494675046,
    "kalmanFilter_TUPLE" : 4.710190372556152,
    "plt_TUPLE" : 3.58793201292563,
    "zip_TUPLE" : 9.136467010075268,
    "senMLParse_TUPLE" : 4.621971438888772,
    "distinctCount_TUPLE" : 2.876893434662163,
    "TUPLE" : 0.09830611111111003
  },
  "tuplesProcessedPerModule" : {
    "acc" : 9680,
    "zip" : 9680,
    "average" : 4707,
    "distinctCount" : 4707,
    "blobUpload" : 9544,
    "sink" : 9372,
    "kalmanFilter" : 4707,
    "plt" : 9680,
    "slidingLinearReg" : 4652,
    "source" : 4800,
    "senMLParse" : 4800
  },
  "recsInPerModule" : {
    "acc" : 4.928538788723904,
    "zip" : 4.876513699881279,
    "average" : 2.357384706165122,
    "distinctCount" : 2.3543189924354544,
    "blobUpload" : 4.848019571902676,
    "sink" : 4.743128647890258,
    "kalmanFilter" : 2.356086695945913,
    "plt" : 4.900533788340984,
    "slidingLinearReg" : 2.3276289662979126,
    "source" : 2.4220393470383756,
    "senMLParse" : 2.411209662886422
  },
  "recsOutPerModule" : {
    "acc" : 4.927725998392362,
    "zip" : 4.862388046188448,
    "average" : 2.3571928681169543,
    "distinctCount" : 2.354034001681291,
    "blobUpload" : 4.781951886533714,
    "sink" : 4.74282610708164,
    "kalmanFilter" : 2.355700793960842,
    "plt" : 4.896248567612665,
    "slidingLinearReg" : 2.3271287236659983,
    "source" : 2.4219158662168154,
    "senMLParse" : 2.405236449695141
  },
  "remainingDataPerDevice" : {
    "acc" : 0,
    "zip" : 0,
    "average" : 8000,
    "distinctCount" : 114000,
    "blobUpload" : 860000,
    "sink" : 0,
    "kalmanFilter" : 108000,
    "plt" : 0,
    "slidingLinearReg" : 190000,
    "source" : 0,
    "senMLParse" : 558000
  },
  "executionTime" : 3402.0,
  "networkUsage" : 630125.9,
  "tuplesSentBySensors" : 4800
}