{
  "placement" : {
    "acc" : "cloud-1-0-1-1-0-1",
    "average" : "cloud-0-1-0-1-1-0-0",
    "blobUpload" : "cloud-1-0-0-0-0-0-0-1-1-1",
    "distinctCount" : "cloud-0-1-0-0-0-1-0-0-1-1",
    "kalmanFilter" : "cloud-1-0-1-1-1-1-0-1",
    "plt" : "cloud-1-1-1-1-0-0",
    "senMLParse" : "cloud-0-1-0-1-1-0-0-0-0-0",
    "sink" : "cloud-0-1-1-1-0-0-1-1-0-1",
    "slidingLinearReg" : "cloud-1-0-0-1-1-0",
    "source" : "cloud-0-1-1-1-0-1-0-1-0-0",
    "zip" : "cloud-1-1-1-0-1-1-1-0-0"
  },
  "appLoopLatency" : 90.50719509942925,
  "latencyPerTupleType" : {
    "average_TUPLE" : 1.6812637777734556,
    "sink_TUPLE" : 8.067680364320704,
    "acc_TUPLE" : 1.0134243019838862,
    "slidingLinearReg_TUPLE" : 3.161924777783506,
    "blobUpload_TUPLE" : 8.251317102891708,
    "kalmanFilter_TUPLE" : 34.42760090467371,
    "plt_TUPLE" : 6.585384430534658,
    "zip_TUPLE" : 31.808265137182463,
    "senMLParse_TUPLE" : 5.637161393939377,
    "distinctCount_TUPLE" : 32.72074668213207,
    "TUPLE" : 0.09712050505049698
  },
  "tuplesProcessedPerModule" : {
    "acc" : 9694,
    "zip" : 9377,
    "average" : 4800,
    "distinctCount" : 4694,
    "blobUpload" : 9377,
    "sink" : 9377,
    "kalmanFilter" : 4661,
    "plt" : 9563,
    "slidingLinearReg" : 4661,
    "source" : 4800,
    "senMLParse" : 4800
  },
  "recsInPerModule" : {
    "acc" : 4.90780917807276,
    "zip" : 4.859512207496613,
    "average" : 2.405617052944563,
    "distinctCount" : 2.401404710963852,
    "blobUpload" : 4.751226633899815,
    "sink" : 4.719520006379353,
    "kalmanFilter" : 2.3519376991645364,
    "plt" : 4.841131516437511,
    "slidingLinearReg" : 2.33213125001512,
    "source" : 2.4228951476981737,
    "senMLParse" : 2.4141190975280624
  },
  "recsOutPerModule" : {
    "acc" : 4.851248448119266,
    "zip" : 4.76499488260148,
    "average" : 2.4028372875623196,
    "distinctCount" : 2.3532076421385737,
    "blobUpload" : 4.737883103176704,
    "sink" : 4.704596201443555,
    "kalmanFilter" : 2.336808161052578,
    "plt" : 4.868666208394822,
    "slidingLinearReg" : 2.3319720301376843,
    "source" : 2.422770537375782,
    "senMLParse" : 2.4073137413981387
  },
  "remainingDataPerDevice" : {
    "acc" : 26000,
    "zip" : 0,
    "average" : 26000,
    "distinctCount" : 28000,
    "blobUpload" : 0,
    "sink" : 0,
    "kalmanFilter" : 0,
    "plt" : 0,
    "slidingLinearReg" : 8000,
    "source" : 0,
    "senMLParse" : 212000
  },
  "executionTime" : 5375.0,
  "networkUsage" : 450418.1,
  "tuplesSentBySensors" : 4800
}