{
  "placement" : {
    "acc" : "cloud-0-0-1-1-1-1-0-0-1-0",
    "average" : "cloud-0-1-0-0-0-0-0-0-1-1",
    "blobUpload" : "cloud-1-0-0-1-0-1-1-1-0-1",
    "distinctCount" : "cloud-1-0-0-1-0-1-0",
    "kalmanFilter" : "cloud-0-1-1-1-1-1-1-1-1-0",
    "plt" : "cloud-0-1-1-0-1-1-0-0-0",
    "senMLParse" : "cloud-0-1-1-1-1-0-0-0-1",
    "sink" : "cloud-1-1-1-1-0-0-1-0-1-0",
    "slidingLinearReg" : "cloud-0-0-1-1-0-0-1-1-1",
    "source" : "cloud-0-0-1-0-0-0-1-0-1-0",
    "zip" : "cloud-0-1-0-1-1-1-0-1-0-1"
  },
  "appLoopLatency" : 64.70696467016292,
  "latencyPerTupleType" : {
    "average_TUPLE" : 2.426941783131264,
    "sink_TUPLE" : 31.62457005978172,
    "slidingLinearReg_TUPLE" : 6.957859081610115,
    "acc_TUPLE" : 0.561023223481989,
    "blobUpload_TUPLE" : 5.6399866559668075,
    "kalmanFilter_TUPLE" : 28.878280575627397,
    "plt_TUPLE" : 3.1828860149871225,
    "zip_TUPLE" : 3.5357731731950643,
    "senMLParse_TUPLE" : 0.12006065888890881,
    "distinctCount_TUPLE" : 4.31044728252524,
    "TUPLE" : 0.0977147222222199
  },
  "tuplesProcessedPerModule" : {
    "acc" : 9846,
    "zip" : 9652,
    "average" : 4800,
    "distinctCount" : 4800,
    "blobUpload" : 9652,
    "sink" : 9337,
    "kalmanFilter" : 4661,
    "plt" : 9779,
    "slidingLinearReg" : 4661,
    "source" : 4800,
    "senMLParse" : 4800
  },
  "recsInPerModule" : {
    "acc" : 4.924200015643664,
    "zip" : 4.876161791109196,
    "average" : 2.408897913843511,
    "distinctCount" : 2.4097444464767808,
    "blobUpload" : 4.848106170806936,
    "sink" : 4.8375037611012734,
    "kalmanFilter" : 2.4116816277012623,
    "plt" : 4.893255466771741,
    "slidingLinearReg" : 2.337628546239523,
    "source" : 2.4238739464354158,
    "senMLParse" : 2.4171593633587074
  },
  "recsOutPerModule" : {
    "acc" : 4.923863982616914,
    "zip" : 4.874796093974711,
    "average" : 2.4057588323176384,
    "distinctCount" : 2.404365696430491,
    "blobUpload" : 4.8466455169297085,
    "sink" : 4.73867852032872,
    "kalmanFilter" : 2.3463365935589695,
    "plt" : 4.892917892897028,
    "slidingLinearReg" : 2.337355908676749,
    "source" : 2.4237502784840683,
    "senMLParse" : 2.417024969378491
  },
  "remainingDataPerDevice" : {
    "acc" : 134000,
    "zip" : 0,
    "average" : 6000,
    "distinctCount" : 184000,
    "blobUpload" : 60000,
    "sink" : 0,
    "kalmanFilter" : 0,
    "plt" : 254000,
    "slidingLinearReg" : 4000,
    "source" : 0,
    "senMLParse" : 0
  },
  "executionTime" : 4688.0,
  "networkUsage" : 643038.84,
  "tuplesSentBySensors" : 4800
}