{
  "placement" : {
    "acc" : "cloud-0-1-1-1-1-1-0-1-1",
    "average" : "cloud-1-1-0-1-1-0-0-0-0",
    "blobUpload" : "cloud-0-1-1-1-0-0-0-1",
    "distinctCount" : "cloud-0-1-1-1-0-0-1-0-1-1",
    "kalmanFilter" : "cloud-0-1-0-0-1-0-0-1-0-1",
    "plt" : "cloud-1-1-1-0-1-0-1-1",
    "senMLParse" : "cloud-1-1-0-0-0-1-0-0-1",
    "sink" : "cloud-1-0-0-1-0-0-1-1",
    "slidingLinearReg" : "cloud-0-1-1-0-1-0-0",
    "source" : "cloud-1-0-0-0-0-0-0-0-0",
    "zip" : "cloud-1-0-0-1-0-1-1-0-1-1"
  },
  "appLoopLatency" : 75.4201944326354,
  "latencyPerTupleType" : {
    "average_TUPLE" : 2.3349805576446077,
    "sink_TUPLE" : 71.46876444395784,
    "acc_TUPLE" : 0.8260744338210725,
    "slidingLinearReg_TUPLE" : 25.901379798157766,
    "blobUpload_TUPLE" : 25.307340234645665,
    "kalmanFilter_TUPLE" : 5.141451335603511,
    "plt_TUPLE" : 3.5625450314476916,
    "zip_TUPLE" : 3.855894692854823,
    "senMLParse_TUPLE" : 5.201804499999936,
    "distinctCount_TUPLE" : 1.6426701079918336,
    "TUPLE" : 0.0965499999999994
  },
  "tuplesProcessedPerModule" : {
    "acc" : 9700,
    "zip" : 9662,
    "average" : 4707,
    "distinctCount" : 4707,
    "blobUpload" : 9517,
    "sink" : 8771,
    "kalmanFilter" : 4692,
    "plt" : 9662,
    "slidingLinearReg" : 4652,
    "source" : 4800,
    "senMLParse" : 4800
  },
  "recsInPerModule" : {
    "acc" : 4.850691656816057,
    "zip" : 4.892878988809948,
    "average" : 2.359042044396456,
    "distinctCount" : 2.3563258414377897,
    "blobUpload" : 4.87166234387084,
    "sink" : 4.759660563107344,
    "kalmanFilter" : 2.3499686953813725,
    "plt" : 4.914031306721806,
    "slidingLinearReg" : 2.326800538864802,
    "source" : 2.4220393470383756,
    "senMLParse" : 2.4125377010952374
  },
  "recsOutPerModule" : {
    "acc" : 4.8503985701114125,
    "zip" : 4.8889177579300815,
    "average" : 2.3585656384747478,
    "distinctCount" : 2.3559621944931464,
    "blobUpload" : 4.774478787148538,
    "sink" : 4.445552364970474,
    "kalmanFilter" : 2.3464680675839515,
    "plt" : 4.9100357663412755,
    "slidingLinearReg" : 2.3263004742744595,
    "source" : 2.4220329817397843,
    "senMLParse" : 2.4065579144370695
  },
  "remainingDataPerDevice" : {
    "acc" : 76000,
    "zip" : 0,
    "average" : 12000,
    "distinctCount" : 52000,
    "blobUpload" : 0,
    "sink" : 0,
    "kalmanFilter" : 78000,
    "plt" : 0,
    "slidingLinearReg" : 190000,
    "source" : 0,
    "senMLParse" : 574000
  },
  "executionTime" : 8517.0,
  "networkUsage" : 545364.61,
  "tuplesSentBySensors" : 4800
}