{
  "placement" : {
    "acc" : "cloud-0-0-0-1-0-0-1-1",
    "average" : "cloud-1-0-0-0-0-0-0-0-0-0",
    "blobUpload" : "cloud-0-0-1-1-1-0-0-0-1-0",
    "distinctCount" : "cloud-0-0-0-0-0-0-1-0-1-0",
    "kalmanFilter" : "cloud-0-1-1-1-0-0-1-1-1-0",
    "plt" : "cloud-1-0-0-1-1-1-0-1-1-0",
    "senMLParse" : "cloud-1-1-1-1-1-1-0-1-1-0",
    "sink" : "cloud-0-1-1-0-0-1-0-1-1",
    "slidingLinearReg" : "cloud-1-1-1-1-0-1",
    "source" : "cloud-0-0-0-0-0-1-0-1-0-0",
    "zip" : "cloud-1-1-1-0-0-0-1-0-1-1"
  },
  "appLoopLatency" : 73.77183547249633,
  "latencyPerTupleType" : {
    "average_TUPLE" : 2.385737024954827,
    "sink_TUPLE" : 38.60443319343441,
    "acc_TUPLE" : 0.9794442438115939,
    "slidingLinearReg_TUPLE" : 4.10925320444429,
    "blobUpload_TUPLE" : 1.7383591388287942,
    "kalmanFilter_TUPLE" : 5.2587046648091595,
    "plt_TUPLE" : 2.5692168143438066,
    "zip_TUPLE" : 1.5904363156890597,
    "senMLParse_TUPLE" : 4.636950933333427,
    "distinctCount_TUPLE" : 29.129280877790592,
    "TUPLE" : 0.09689555555555744
  },
  "tuplesProcessedPerModule" : {
    "acc" : 9676,
    "zip" : 9676,
    "average" : 4683,
    "distinctCount" : 4664,
    "blobUpload" : 9582,
    "sink" : 9366,
    "kalmanFilter" : 4674,
    "plt" : 9676,
    "slidingLinearReg" : 4650,
    "source" : 4800,
    "senMLParse" : 4800
  },
  "recsInPerModule" : {
    "acc" : 4.885837659359123,
    "zip" : 4.847907086367612,
    "average" : 2.343115819629186,
    "distinctCount" : 2.337229978950238,
    "blobUpload" : 4.826186505922957,
    "sink" : 4.803524680958944,
    "kalmanFilter" : 2.34311579619687,
    "plt" : 4.874926707501313,
    "slidingLinearReg" : 2.325687749864937,
    "source" : 2.421550589470997,
    "senMLParse" : 2.4080632990187776
  },
  "recsOutPerModule" : {
    "acc" : 4.895645823792929,
    "zip" : 4.8429127156345455,
    "average" : 2.3416158859847935,
    "distinctCount" : 2.3325819086255994,
    "blobUpload" : 4.825538375450782,
    "sink" : 4.721127758534721,
    "kalmanFilter" : 2.3371156398975836,
    "plt" : 4.865952562218259,
    "slidingLinearReg" : 2.3615219775073677,
    "source" : 2.421425886060057,
    "senMLParse" : 2.4020430370876587
  },
  "remainingDataPerDevice" : {
    "acc" : 0,
    "zip" : 188000,
    "average" : 10000,
    "distinctCount" : 28000,
    "blobUpload" : 0,
    "sink" : 0,
    "kalmanFilter" : 46000,
    "plt" : 0,
    "slidingLinearReg" : 0,
    "source" : 0,
    "senMLParse" : 708000
  },
  "executionTime" : 4158.0,
  "networkUsage" : 697336.28,
  "tuplesSentBySensors" : 4800
}