{
  "placement" : {
    "acc" : "cloud-1-0-0-1-1-1-0-1-1-0",
    "average" : "cloud-1-0-1-0-0-0-0-0-0-0",
    "blobUpload" : "cloud-0-1-0-0-0-0",
    "distinctCount" : "cloud-1-1-1-0-1-0-1-1-0-0",
    "kalmanFilter" : "cloud-0-0-0-1-1-0-0-1-1",
    "plt" : "cloud-0-1-1-0-1-1-1-1",
    "senMLParse" : "cloud-0-1-0-1-1-0-1-1-1-0",
    "sink" : "cloud-0-1-0-1-1-1-0-1-1-0",
    "slidingLinearReg" : "cloud-0-1-0-1-0-0-0-1-1-0",
    "source" : "cloud-0-0-1-1-1-1-1-1",
    "zip" : "cloud-1-0-1-0"
  },
  "appLoopLatency" : 84.81035566177079,
  "latencyPerTupleType" : {
    "average_TUPLE" : 2.2204164841414267,
    "sink_TUPLE" : 5.9313823240475445,
    "acc_TUPLE" : 0.7859275220642709,
    "slidingLinearReg_TUPLE" : 6.896856790518394,
    "blobUpload_TUPLE" : 2.3550109663844143,
    "kalmanFilter_TUPLE" : 10.184712554272659,
    "plt_TUPLE" : 13.977831297126459,
    "zip_TUPLE" : 21.26784563836544,
    "senMLParse_TUPLE" : 0.11995678000002016,
    "distinctCount_TUPLE" : 3.8929918606497647,
    "TUPLE" : 0.09701361111110499
  },
  "tuplesProcessedPerModule" : {
    "acc" : 9767,
    "zip" : 9520,
    "average" : 4800,
    "distinctCount" : 4713,
    "blobUpload" : 9520,
    "sink" : 9520,
    "kalmanFilter" : 4677,
    "plt" : 9635,
    "slidingLinearReg" : 4649,
    "source" : 4800,
    "senMLParse" : 4800
  },
  "recsInPerModule" : {
    "acc" : 4.884189587812481,
    "zip" : 4.840909371271568,
    "average" : 2.4038311529750813,
    "distinctCount" : 2.4034700521488053,
    "blobUpload" : 4.79734787315965,
    "sink" : 4.783807118679538,
    "kalmanFilter" : 2.402868468888041,
    "plt" : 4.911999811512489,
    "slidingLinearReg" : 2.362429788500953,
    "source" : 2.4233844482332265,
    "senMLParse" : 2.4142415600625498
  },
  "recsOutPerModule" : {
    "acc" : 4.8838991027998775,
    "zip" : 4.807283422456559,
    "average" : 2.400841705728094,
    "distinctCount" : 2.359907157453608,
    "blobUpload" : 4.7936841401279695,
    "sink" : 4.775069027797519,
    "kalmanFilter" : 2.342598370578481,
    "plt" : 4.850902335474017,
    "slidingLinearReg" : 2.364098859149528,
    "source" : 2.4232608302247267,
    "senMLParse" : 2.4141074903370368
  },
  "remainingDataPerDevice" : {
    "acc" : 20000,
    "zip" : 0,
    "average" : 22000,
    "distinctCount" : 106000,
    "blobUpload" : 0,
    "sink" : 0,
    "kalmanFilter" : 54000,
    "plt" : 0,
    "slidingLinearReg" : 0,
    "source" : 0,
    "senMLParse" : 0
  },
  "executionTime" : 3025.0,
  "networkUsage" : 522317.94,
  "tuplesSentBySensors" : 4800
}