{
  "placement" : {
    "acc" : "cloud-1-1-0-1-1-1-0-0-1",
    "average" : "cloud-1-1-1-0-1-1-1-1-1-1",
    "blobUpload" : "cloud-1-0-0-1-1-1-1-1-0-0",
    "distinctCount" : "cloud-0-0-1-1-0-0-1-0-0-0",
    "kalmanFilter" : "cloud-0-1-0-0-0-0-0-1-0-1",
    "plt" : "cloud-1-1-0-1-1-1-0-1-1-1",
    "senMLParse" : "cloud-1-0-0-1-1-0-1-0-1-1",
    "sink" : "cloud-0-0-0-0-0-0-1-0-0",
    "slidingLinearReg" : "cloud-1-1-0-0-0-0-0",
    "source" : "cloud-1-0-0-0-1-1-0-1-1-1",
    "zip" : "cloud-0-1-0-1-0-1-0-0-1-1"
  },
  "appLoopLatency" : 67.51514201025607,
  "latencyPerTupleType" : {
    "average_TUPLE" : 6.578685858067576,
    "sink_TUPLE" : 3.5958914135850395,
    "slidingLinearReg_TUPLE" : 4.080707141639779,
    "acc_TUPLE" : 0.702103260956177,
    "blobUpload_TUPLE" : 2.7504322199376054,
    "kalmanFilter_TUPLE" : 2.5729629006411217,
    "plt_TUPLE" : 1.3024203279185878,
    "zip_TUPLE" : 7.750513225501222,
    "senMLParse_TUPLE" : 5.237311444444329,
    "distinctCount_TUPLE" : 1.626528837543558,
    "TUPLE" : 0.0963959595959533
  },
  "tuplesProcessedPerModule" : {
    "acc" : 9711,
    "zip" : 9710,
    "average" : 4707,
    "distinctCount" : 4707,
    "blobUpload" : 9617,
    "sink" : 9524,
    "kalmanFilter" : 4707,
    "plt" : 9710,
    "slidingLinearReg" : 4652,
    "source" : 4800,
    "senMLParse" : 4800
  },
  "recsInPerModule" : {
    "acc" : 4.856240274628189,
    "zip" : 4.894151623202082,
    "average" : 2.3588056083818083,
    "distinctCount" : 2.354793387929272,
    "blobUpload" : 4.819898404366251,
    "sink" : 4.774361406685894,
    "kalmanFilter" : 2.356089973134544,
    "plt" : 4.92927689849353,
    "slidingLinearReg" : 2.327051023136846,
    "source" : 2.421794943594882,
    "senMLParse" : 2.4137549042898625
  },
  "recsOutPerModule" : {
    "acc" : 4.856686338724723,
    "zip" : 4.870126247677557,
    "average" : 2.3568420668639716,
    "distinctCount" : 2.354430213795195,
    "blobUpload" : 4.810315239946025,
    "sink" : 4.766542268293707,
    "kalmanFilter" : 2.3555790360201754,
    "plt" : 4.9241836385315105,
    "slidingLinearReg" : 2.3268574716218287,
    "source" : 2.4217926294040897,
    "senMLParse" : 2.4077690896040456
  },
  "remainingDataPerDevice" : {
    "acc" : 2000,
    "zip" : 186000,
    "average" : 6000,
    "distinctCount" : 114000,
    "blobUpload" : 465000,
    "sink" : 0,
    "kalmanFilter" : 110000,
    "plt" : 0,
    "slidingLinearReg" : 4000,
    "source" : 0,
    "senMLParse" : 558000
  },
  "executionTime" : 2495.0,
  "networkUsage" : 700841.93,
  "tuplesSentBySensors" : 4800
}