{
  "placement" : {
    "acc" : "cloud-1-0-1-1-0-0-1-1-0-1",
    "average" : "cloud-1-0-1-0-1-1-0-1-0",
    "blobUpload" : "cloud-1-1-1-0-0-1-1-0",
    "distinctCount" : "cloud-0-1-0-0-0-1-0-1-0-0",
    "kalmanFilter" : "cloud-1-1-0-0-1-1-1-0-1-1",
    "plt" : "cloud-0-1-1-1-1-1-1-0-1-1",
    "senMLParse" : "cloud-0-1-1-1-0-0-0-0-0",
    "sink" : "cloud-0-1-1-1-1-0-1-0-0-0",
    "slidingLinearReg" : "cloud-1-1-0-1-0-1-1-1-0-0",
    "source" : "cloud-0-1-0-0-0-1-1-1-0",
    "zip" : "cloud-1-1-0-0-0-0-0-0-1-0"
  },
  "appLoopLatency" : 114.98142567579808,
  "latencyPerTupleType" : {
    "average_TUPLE" : 2.355549066050411,
    "sink_TUPLE" : 34.91580725720446,
    "slidingLinearReg_TUPLE" : 23.545222381074154,
    "acc_TUPLE" : 1.9118962083324347,
    "blobUpload_TUPLE" : 24.373777408881388,
    "kalmanFilter_TUPLE" : 30.344992816578817,
    "plt_TUPLE" : 15.27303383561338,
    "zip_TUPLE" : 4.247781199947009,
    "senMLParse_TUPLE" : 4.637510412121157,
    "distinctCount_TUPLE" : 27.629273533983067,
    "TUPLE" : 0.09787555555554661
  },
  "tuplesProcessedPerModule" : {
    "acc" : 9681,
    "zip" : 9424,
    "average" : 4706,
    "distinctCount" : 4706,
    "blobUpload" : 9260,
    "sink" : 9110,
    "kalmanFilter" : 4664,
    "plt" : 9522,
    "slidingLinearReg" : 4556,
    "source" : 4800,
    "senMLParse" : 4800
  },
  "recsInPerModule" : {
    "acc" : 4.841342616610468,
    "zip" : 4.772572491802926,
    "average" : 2.357241685513059,
    "distinctCount" : 2.357595915158981,
    "blobUpload" : 4.74800602652761,
    "sink" : 4.659839373850624,
    "kalmanFilter" : 2.3585411979649704,
    "plt" : 4.827697038005522,
    "slidingLinearReg" : 2.3320481332033487,
    "source" : 2.420939919836627,
    "senMLParse" : 2.412178002533878
  },
  "recsOutPerModule" : {
    "acc" : 4.840911397887173,
    "zip" : 4.766497547128996,
    "average" : 2.356989462326791,
    "distinctCount" : 2.3533332202173174,
    "blobUpload" : 4.6751376113335015,
    "sink" : 4.561402018200375,
    "kalmanFilter" : 2.337491884589275,
    "plt" : 4.777385990591883,
    "slidingLinearReg" : 2.3177683399388584,
    "source" : 2.4208155105439926,
    "senMLParse" : 2.406137174959005
  },
  "remainingDataPerDevice" : {
    "acc" : 214000,
    "zip" : 0,
    "average" : 2000,
    "distinctCount" : 94000,
    "blobUpload" : 0,
    "sink" : 0,
    "kalmanFilter" : 4000,
    "plt" : 196000,
    "slidingLinearReg" : 0,
    "source" : 0,
    "senMLParse" : 564000
  },
  "executionTime" : 4437.0,
  "networkUsage" : 590348.16,
  "tuplesSentBySensors" : 4800
}