{
  "placement" : {
    "acc" : "cloud-1-0-0-0-0-0-1-0",
    "average" : "cloud-1-0-0-1-0-0-1-1",
    "blobUpload" : "cloud-0-0-0-0-1-0-0-1-0-0",
    "distinctCount" : "cloud-1-0-0-1-1-0-0-1-1",
    "kalmanFilter" : "cloud-0-1-0-0-0-1-0-0-0-1",
    "plt" : "cloud-0-0-1-1-1-1-0-1-1",
    "senMLParse" : "cloud-1-0-1-1-0-0-1-0-0-1",
    "sink" : "cloud-1-0-1-0-1-1-1-1",
    "slidingLinearReg" : "cloud-1-0-1-1-0-0-0-0-1",
    "source" : "cloud-1-0-1-1-1-1-1-0-1",
    "zip" : "cloud-0-0-1-1-1-0-0-0-1"
  },
  "appLoopLatency" : 51.97557306661818,
  "latencyPerTupleType" : {
    "average_TUPLE" : 12.383755785561727,
    "sink_TUPLE" : 31.537238315337024,
    "acc_TUPLE" : 1.787759365619477,
    "slidingLinearReg_TUPLE" : 5.6036418822081515,
    "blobUpload_TUPLE" : 12.76897051443272,
    "kalmanFilter_TUPLE" : 9.198110223715048,
    "plt_TUPLE" : 3.152977123271182,
    "zip_TUPLE" : 1.9761256782143706,
    "senMLParse_TUPLE" : 0.10977657222224048,
    "distinctCount_TUPLE" : 4.011793083333318,
    "TUPLE" : 0.09445777777777385
  },
  "tuplesProcessedPerModule" : {
    "acc" : 9868,
    "zip" : 9796,
    "average" : 4682,
    "distinctCount" : 4800,
    "blobUpload" : 9679,
    "sink" : 9515,
    "kalmanFilter" : 4689,
    "plt" : 9829,
    "slidingLinearReg" : 4660,
    "source" : 4800,
    "senMLParse" : 4800
  },
  "recsInPerModule" : {
    "acc" : 4.935187008817,
    "zip" : 4.899311641262944,
    "average" : 2.4065905885105385,
    "distinctCount" : 2.407677013589663,
    "blobUpload" : 4.905635242945196,
    "sink" : 4.848436889489286,
    "kalmanFilter" : 2.403457511227844,
    "plt" : 4.919468761829865,
    "slidingLinearReg" : 2.3327187240664777,
    "source" : 2.421306284651793,
    "senMLParse" : 2.4150918581031
  },
  "recsOutPerModule" : {
    "acc" : 4.9347694595730625,
    "zip" : 4.898964538348592,
    "average" : 2.3474285769379453,
    "distinctCount" : 2.4025352102119144,
    "blobUpload" : 4.850015194156868,
    "sink" : 4.767777682608463,
    "kalmanFilter" : 2.34787756333448,
    "plt" : 4.914968480460233,
    "slidingLinearReg" : 2.3305167904386694,
    "source" : 2.4213050123599005,
    "senMLParse" : 2.4149450376961115
  },
  "remainingDataPerDevice" : {
    "acc" : 60000,
    "zip" : 12000,
    "average" : 0,
    "distinctCount" : 160000,
    "blobUpload" : 15000,
    "sink" : 0,
    "kalmanFilter" : 48000,
    "plt" : 66000,
    "slidingLinearReg" : 14000,
    "source" : 0,
    "senMLParse" : 0
  },
  "executionTime" : 4016.0,
  "networkUsage" : 567183.68,
  "tuplesSentBySensors" : 4800
}