{
  "placement" : {
    "acc" : "cloud-1-1-0-1-0-1-1-1",
    "average" : "cloud-1-0-0-1-0-0-1-1-0",
    "blobUpload" : "cloud-0-0-1-0-1-1-0-1-0-0",
    "distinctCount" : "cloud-0-0-1-1-1-1-1-0-0",
    "kalmanFilter" : "cloud-0-0-1-0-0-1-1-0-0",
    "plt" : "cloud-0-0-1-0-1-1-1-1-0",
    "senMLParse" : "cloud-1-1-0-0-0-0-0-0-0",
    "sink" : "cloud-0-0-0-1-1-0-1-0-1-1",
    "slidingLinearReg" : "cloud-1-1-0-0-0-0-1-0",
    "source" : "cloud-0-1-1-1-1-1-1-0-1",
    "zip" : "cloud-0-0-0-1-1-1-0-0-0"
  },
  "appLoopLatency" : 88.99309835874865,
  "latencyPerTupleType" : {
    "average_TUPLE" : 2.96355049159011,
    "sink_TUPLE" : 9.583373756795428,
    "slidingLinearReg_TUPLE" : 27.257485334104057,
    "acc_TUPLE" : 0.9725953834201032,
    "blobUpload_TUPLE" : 16.811702721823533,
    "kalmanFilter_TUPLE" : 5.345792583847095,
    "plt_TUPLE" : 19.615089472628064,
    "zip_TUPLE" : 4.486937358749327,
    "senMLParse_TUPLE" : 5.141749977777721,
    "distinctCount_TUPLE" : 1.8811427874686584,
    "TUPLE" : 0.0973408333333236
  },
  "tuplesProcessedPerModule" : {
    "acc" : 9673,
    "zip" : 9671,
    "average" : 4699,
    "distinctCount" : 4699,
    "blobUpload" : 9408,
    "sink" : 9408,
    "kalmanFilter" : 4699,
    "plt" : 9671,
    "slidingLinearReg" : 4653,
    "source" : 4800,
    "senMLParse" : 4800
  },
  "recsInPerModule" : {
    "acc" : 4.837214086227232,
    "zip" : 4.850551110832249,
    "average" : 2.3538531394959574,
    "distinctCount" : 2.352792374126754,
    "blobUpload" : 4.7718029643409015,
    "sink" : 4.732735643732748,
    "kalmanFilter" : 2.3533815675387824,
    "plt" : 4.918146597241233,
    "slidingLinearReg" : 2.3287813439554657,
    "source" : 2.4239963518854903,
    "senMLParse" : 2.4139936637762536
  },
  "recsOutPerModule" : {
    "acc" : 4.83868994994248,
    "zip" : 4.835655398109025,
    "average" : 2.353489637594893,
    "distinctCount" : 2.3525212096800576,
    "blobUpload" : 4.751860272566979,
    "sink" : 4.727318264022398,
    "kalmanFilter" : 2.352817386780121,
    "plt" : 4.868628187247756,
    "slidingLinearReg" : 2.327063552737445,
    "source" : 2.423867571490259,
    "senMLParse" : 2.407503429827191
  },
  "remainingDataPerDevice" : {
    "acc" : 4000,
    "zip" : 290000,
    "average" : 10000,
    "distinctCount" : 92000,
    "blobUpload" : 0,
    "sink" : 0,
    "kalmanFilter" : 84000,
    "plt" : 0,
    "slidingLinearReg" : 208000,
    "source" : 0,
    "senMLParse" : 606000
  },
  "executionTime" : 4414.0,
  "networkUsage" : 662534.9,
  "tuplesSentBySensors" : 4800
}