{
  "placement" : {
    "acc" : "cloud-1-1-0-0-1-1-1-0-1-0",
    "average" : "cloud-1-0-1-1-0-1-0-1-1-0",
    "blobUpload" : "cloud-0-0-1-0-0-0-0",
    "distinctCount" : "cloud-0-1-1-0-0-1-0-0-0-0",
    "kalmanFilter" : "cloud-1-1-1-0-1-1-1-1-1",
    "plt" : "cloud-0-0-0-1-1-0",
    "senMLParse" : "cloud-1-0-1-1-0-1-0-1",
    "sink" : "cloud-1-1-1-1-1-1-0-0-1-0",
    "slidingLinearReg" : "cloud-1-1-1-0-1-0-0-0-1-1",
    "source" : "cloud-1-1-0-0-1-0-0-0-0-0",
    "zip" : "cloud-0-1-0-1-0-0-1"
  },
  "appLoopLatency" : 73.90723227179531,
  "latencyPerTupleType" : {
    "average_TUPLE" : 2.9016312533333544,
    "sink_TUPLE" : 5.451365281403641,
    "acc_TUPLE" : 0.476325377302255,
    "slidingLinearReg_TUPLE" : 4.047479609987873,
    "blobUpload_TUPLE" : 17.42070847020417,
    "kalmanFilter_TUPLE" : 30.157713398096373,
    "plt_TUPLE" : 3.126261398910136,
    "zip_TUPLE" : 3.9706330399947602,
    "senMLParse_TUPLE" : 0.11546455555548912,
    "distinctCount_TUPLE" : 4.050804520959329,
    "TUPLE" : 0.09651499999999358
  },
  "tuplesProcessedPerModule" : {
    "acc" : 9794,
    "zip" : 9643,
    "average" : 4800,
    "distinctCount" : 4722,
    "blobUpload" : 9643,
    "sink" : 9550,
    "kalmanFilter" : 4658,
    "plt" : 9772,
    "slidingLinearReg" : 4658,
    "source" : 4800,
    "senMLParse" : 4800
  },
  "recsInPerModule" : {
    "acc" : 4.897308604717946,
    "zip" : 4.886676882719034,
    "average" : 2.4131188546949676,
    "distinctCount" : 2.4034524889991746,
    "blobUpload" : 4.857072449008361,
    "sink" : 4.8117530471168335,
    "kalmanFilter" : 2.4071890017500386,
    "plt" : 4.8867164139375605,
    "slidingLinearReg" : 2.3323442504622798,
    "source" : 2.421917139150745,
    "senMLParse" : 2.414236495093004
  },
  "recsOutPerModule" : {
    "acc" : 4.897038230361293,
    "zip" : 4.870319373581031,
    "average" : 2.410019187227175,
    "distinctCount" : 2.3643963931563308,
    "blobUpload" : 4.8332452483339186,
    "sink" : 4.801202565474406,
    "kalmanFilter" : 2.3377287706494077,
    "plt" : 4.887104764241691,
    "slidingLinearReg" : 2.332184898942661,
    "source" : 2.4219107744944792,
    "senMLParse" : 2.4140897786644135
  },
  "remainingDataPerDevice" : {
    "acc" : 42000,
    "zip" : 0,
    "average" : 0,
    "distinctCount" : 136000,
    "blobUpload" : 465000,
    "sink" : 0,
    "kalmanFilter" : 0,
    "plt" : 4000,
    "slidingLinearReg" : 2000,
    "source" : 0,
    "senMLParse" : 0
  },
  "executionTime" : 2889.0,
  "networkUsage" : 550501.73,
  "tuplesSentBySensors" : 4800
}