{
  "placement" : {
    "acc" : "cloud-1-1-0-1-1-1-0-0-1-0",
    "average" : "cloud-0-1-0-0-0-0-1-0-0-0",
    "blobUpload" : "cloud-0-0-0-0-1-1-1-1-1-1",
    "distinctCount" : "cloud-0-0-1-1-1-0-0-1-1-1",
    "kalmanFilter" : "cloud-1-0-1-1-0-1-1-0-0",
    "plt" : "cloud-1-1-1-1-1-0-1-1-1",
    "senMLParse" : "cloud-0-1-1-0-1-1-1-0",
    "sink" : "cloud-1-1-1-1-0-0-0",
    "slidingLinearReg" : "cloud-0-1-0-1-1-1-0-1",
    "source" : "cloud-1-1-0-0-0-0-0",
    "zip" : "cloud-0-1-0-1-1-1-1-1-1-1"
  },
  "appLoopLatency" : 65.54847992214403,
  "latencyPerTupleType" : {
    "average_TUPLE" : 14.239560643347776,
    "sink_TUPLE" : 3.829586969610574,
    "slidingLinearReg_TUPLE" : 3.608613725005435,
    "acc_TUPLE" : 1.5358450738466374,
    "blobUpload_TUPLE" : 3.19468816690815,
    "kalmanFilter_TUPLE" : 9.835635384550878,
    "plt_TUPLE" : 3.2189115015860237,
    "zip_TUPLE" : 2.9165585459295844,
    "senMLParse_TUPLE" : 0.21039701616155462,
    "distinctCount_TUPLE" : 0.6873871202022664,
    "TUPLE" : 0.0953596969696902
  },
  "tuplesProcessedPerModule" : {
    "acc" : 9761,
    "zip" : 9758,
    "average" : 4673,
    "distinctCount" : 4800,
    "blobUpload" : 9638,
    "sink" : 9633,
    "kalmanFilter" : 4680,
    "plt" : 9758,
    "slidingLinearReg" : 4668,
    "source" : 4800,
    "senMLParse" : 4800
  },
  "recsInPerModule" : {
    "acc" : 4.881434744646222,
    "zip" : 4.8960454185522995,
    "average" : 2.404880876813975,
    "distinctCount" : 2.403315496624409,
    "blobUpload" : 4.836243375884145,
    "sink" : 4.829800278614194,
    "kalmanFilter" : 2.4042785606875925,
    "plt" : 4.932675333769286,
    "slidingLinearReg" : 2.336232309100237,
    "source" : 2.422283799816411,
    "senMLParse" : 2.4133908209192403
  },
  "recsOutPerModule" : {
    "acc" : 4.880934700111839,
    "zip" : 4.884660047653203,
    "average" : 2.343411864000221,
    "distinctCount" : 2.40313250597848,
    "blobUpload" : 4.835495236248673,
    "sink" : 4.8187369126522475,
    "kalmanFilter" : 2.344993878177795,
    "plt" : 4.9199913338243135,
    "slidingLinearReg" : 2.3345653461261024,
    "source" : 2.4222814846912537,
    "senMLParse" : 2.4132235265104014
  },
  "remainingDataPerDevice" : {
    "acc" : 6000,
    "zip" : 240000,
    "average" : 0,
    "distinctCount" : 294000,
    "blobUpload" : 25000,
    "sink" : 0,
    "kalmanFilter" : 16000,
    "plt" : 0,
    "slidingLinearReg" : 36000,
    "source" : 0,
    "senMLParse" : 0
  },
  "executionTime" : 3063.0,
  "networkUsage" : 672095.2,
  "tuplesSentBySensors" : 4800
}