{
  "placement" : {
    "acc" : "cloud-1-0-0-0-1-1-0-1-1-0",
    "average" : "cloud-0-1-0-1-0-0-0-0-1",
    "blobUpload" : "cloud-1-0-0-1-1-1-0-0-0",
    "distinctCount" : "cloud-0-1-1-0-1-1-1-1",
    "kalmanFilter" : "cloud-0-1-0-1-0-1-0-0-0-0",
    "plt" : "cloud-0-1-1-1-1-1-1-0-1",
    "senMLParse" : "cloud-1-1-1-1-1-0-0-1-1-1",
    "sink" : "cloud-0-0-0-0-1-0-0-1-0-1",
    "slidingLinearReg" : "cloud-1-0-1-0-0-1-0-0-0-1",
    "source" : "cloud-1-0-0-1-0-1-1-1-0-0",
    "zip" : "cloud-1-0-1-1-1-0-0-1-1-1"
  },
  "appLoopLatency" : 197.40261862366845,
  "latencyPerTupleType" : {
    "average_TUPLE" : 15.47279878039725,
    "sink_TUPLE" : 140.48758533704785,
    "acc_TUPLE" : 9.587615561102892,
    "slidingLinearReg_TUPLE" : 29.228921280355213,
    "blobUpload_TUPLE" : 89.64316799839817,
    "kalmanFilter_TUPLE" : 29.499256071331338,
    "plt_TUPLE" : 28.420397806411085,
    "zip_TUPLE" : 8.133429614490577,
    "senMLParse_TUPLE" : 0.23903400888890783,
    "distinctCount_TUPLE" : 19.24545211987428,
    "TUPLE" : 0.0961333333333282
  },
  "tuplesProcessedPerModule" : {
    "acc" : 9637,
    "zip" : 9365,
    "average" : 4666,
    "distinctCount" : 4666,
    "blobUpload" : 8736,
    "sink" : 7793,
    "kalmanFilter" : 4659,
    "plt" : 9365,
    "slidingLinearReg" : 4530,
    "source" : 4800,
    "senMLParse" : 4800
  },
  "recsInPerModule" : {
    "acc" : 4.849962461058216,
    "zip" : 4.729165537105676,
    "average" : 2.345116052171795,
    "distinctCount" : 2.3980175061272995,
    "blobUpload" : 4.710650537889155,
    "sink" : 4.385479528454696,
    "kalmanFilter" : 2.339039012246926,
    "plt" : 4.829862737894598,
    "slidingLinearReg" : 2.341807009766737,
    "source" : 2.420451605843575,
    "senMLParse" : 2.408547885666011
  },
  "recsOutPerModule" : {
    "acc" : 4.8485746446627624,
    "zip" : 4.728727750489853,
    "average" : 2.3331154863001773,
    "distinctCount" : 2.3348667183530067,
    "blobUpload" : 4.4049740242267745,
    "sink" : 4.03428105712604,
    "kalmanFilter" : 2.32984830707975,
    "plt" : 4.747626251109771,
    "slidingLinearReg" : 2.2890055695600973,
    "source" : 2.420450334449717,
    "senMLParse" : 2.4083766847289936
  },
  "remainingDataPerDevice" : {
    "acc" : 0,
    "zip" : 0,
    "average" : 0,
    "distinctCount" : 32000,
    "blobUpload" : 0,
    "sink" : 0,
    "kalmanFilter" : 18000,
    "plt" : 0,
    "slidingLinearReg" : 0,
    "source" : 0,
    "senMLParse" : 472000
  },
  "executionTime" : 23050.0,
  "networkUsage" : 689742.72,
  "tuplesSentBySensors" : 4800
}