{
  "placement" : {
    "acc" : "cloud-1-0-1-1-0-0-0-1-0-1",
    "average" : "cloud-0-0-0-0-0-1-1-1-0-1",
    "blobUpload" : "cloud-0-0-0-1-0-1-0-1-1-1",
    "distinctCount" : "cloud-0-0-1-1-1-0-1-0-0-1",
    "kalmanFilter" : "cloud-0-0-1-1-0-1-0-1-1-1",
    "plt" : "cloud-0-0-1-1-1-1-0-1-1-1",
    "senMLParse" : "cloud-1-0-1-1-1-1-0-1-1-0",
    "sink" : "cloud-1-1-0-0-1-0-0-0",
    "slidingLinearReg" : "cloud-0-0-0-0-1-1-1-1-0",
    "source" : "cloud-1-0-1-1-1-0-1-0-0-1",
    "zip" : "cloud-0-1-0-1-1-1-1-0-1-0"
  },
  "appLoopLatency" : 92.07658793796278,
  "latencyPerTupleType" : {
    "average_TUPLE" : 1.9358919393915064,
    "sink_TUPLE" : 34.88403073395119,
    "slidingLinearReg_TUPLE" : 3.2664320032271723,
    "acc_TUPLE" : 1.4410627284580193,
    "blobUpload_TUPLE" : 1.9188654053479717,
    "kalmanFilter_TUPLE" : 3.987349739083477,
    "plt_TUPLE" : 17.2166379727876,
    "zip_TUPLE" : 1.7608233708844592,
    "senMLParse_TUPLE" : 4.004085240403957,
    "distinctCount_TUPLE" : 26.20160516921363,
    "TUPLE" : 0.09423717171716724
  },
  "tuplesProcessedPerModule" : {
    "acc" : 9664,
    "zip" : 9664,
    "average" : 4720,
    "distinctCount" : 4692,
    "blobUpload" : 9501,
    "sink" : 9195,
    "kalmanFilter" : 4720,
    "plt" : 9664,
    "slidingLinearReg" : 4676,
    "source" : 4800,
    "senMLParse" : 4800
  },
  "recsInPerModule" : {
    "acc" : 4.8738179161888455,
    "zip" : 4.842251847967949,
    "average" : 2.362242494516865,
    "distinctCount" : 2.361887827416858,
    "blobUpload" : 4.795932308213148,
    "sink" : 4.727430343128804,
    "kalmanFilter" : 2.3637803880651833,
    "plt" : 4.8831985398957585,
    "slidingLinearReg" : 2.3422329947982745,
    "source" : 2.4208178228677513,
    "senMLParse" : 2.4141190975280624
  },
  "recsOutPerModule" : {
    "acc" : 4.906009269448679,
    "zip" : 4.837969241485127,
    "average" : 2.361779539870656,
    "distinctCount" : 2.347877051396588,
    "blobUpload" : 4.760745258829089,
    "sink" : 4.6101103631021205,
    "kalmanFilter" : 2.362971746126225,
    "plt" : 4.862477842773679,
    "slidingLinearReg" : 2.339286707534154,
    "source" : 2.4208155105439926,
    "senMLParse" : 2.4089497716181523
  },
  "remainingDataPerDevice" : {
    "acc" : 0,
    "zip" : 160000,
    "average" : 16000,
    "distinctCount" : 78000,
    "blobUpload" : 360000,
    "sink" : 0,
    "kalmanFilter" : 72000,
    "plt" : 0,
    "slidingLinearReg" : 52000,
    "source" : 0,
    "senMLParse" : 480000
  },
  "executionTime" : 3690.0,
  "networkUsage" : 715133.08,
  "tuplesSentBySensors" : 4800
}