{
  "placement" : {
    "acc" : "cloud-1-0-1-0-0-1-0-1-0-0",
    "average" : "cloud-0-0-0-1-1-0-1-1",
    "blobUpload" : "cloud-1-1-0-0-1-0-0-1-1",
    "distinctCount" : "cloud-1-1-0-0-0-1-0-1",
    "kalmanFilter" : "cloud-1-1-1-1-1-0-1-1-1",
    "plt" : "cloud-0-0-1-0-0-0-0-1-0",
    "senMLParse" : "cloud-0-1-1-1-0-1-0-0-1-0",
    "sink" : "cloud-1-1-0-1-0-0-0-1-0-0",
    "slidingLinearReg" : "cloud-0-0-0-0-0-1-0-1-0-0",
    "source" : "cloud-0-1-1-1-0-0-1",
    "zip" : "cloud-1-1-1-0-0-0-1"
  },
  "appLoopLatency" : 72.2141605791787,
  "latencyPerTupleType" : {
    "average_TUPLE" : 2.6746884888888642,
    "sink_TUPLE" : 54.052052455278414,
    "acc_TUPLE" : 0.8936427072221763,
    "slidingLinearReg_TUPLE" : 7.42931311366533,
    "blobUpload_TUPLE" : 7.659431971397722,
    "kalmanFilter_TUPLE" : 9.959166769702147,
    "plt_TUPLE" : 15.709996916740963,
    "zip_TUPLE" : 4.315793484516275,
    "senMLParse_TUPLE" : 0.3117214422222501,
    "distinctCount_TUPLE" : 4.567933104444393,
    "TUPLE" : 0.09622277777777487
  },
  "tuplesProcessedPerModule" : {
    "acc" : 9804,
    "zip" : 9622,
    "average" : 4800,
    "distinctCount" : 4800,
    "blobUpload" : 9622,
    "sink" : 9313,
    "kalmanFilter" : 4678,
    "plt" : 9622,
    "slidingLinearReg" : 4676,
    "source" : 4800,
    "senMLParse" : 4800
  },
  "recsInPerModule" : {
    "acc" : 4.902689048915399,
    "zip" : 4.848106550635739,
    "average" : 2.4113055537813692,
    "distinctCount" : 2.4104579144816105,
    "blobUpload" : 4.836611696442062,
    "sink" : 4.825654410183838,
    "kalmanFilter" : 2.4103368749108522,
    "plt" : 4.92345591695983,
    "slidingLinearReg" : 2.3382326465490757,
    "source" : 2.425098557521064,
    "senMLParse" : 2.421182877952602
  },
  "recsOutPerModule" : {
    "acc" : 4.903275558496958,
    "zip" : 4.846844791785302,
    "average" : 2.4074556363197344,
    "distinctCount" : 2.4043629592298186,
    "blobUpload" : 4.835355912980687,
    "sink" : 4.675724055435874,
    "kalmanFilter" : 2.3490741460068683,
    "plt" : 4.862316564461702,
    "slidingLinearReg" : 2.3380304842156328,
    "source" : 2.424974764580103,
    "senMLParse" : 2.421035316052975
  },
  "remainingDataPerDevice" : {
    "acc" : 122000,
    "zip" : 0,
    "average" : 16000,
    "distinctCount" : 190000,
    "blobUpload" : 0,
    "sink" : 0,
    "kalmanFilter" : 4000,
    "plt" : 0,
    "slidingLinearReg" : 54000,
    "source" : 0,
    "senMLParse" : 0
  },
  "executionTime" : 4646.0,
  "networkUsage" : 522663.5,
  "tuplesSentBySensors" : 4800
}