{
  "placement" : {
    "acc" : "cloud-0-0-1-1-1-1-0-1-1",
    "average" : "cloud-1-1-0-0-0-1-1-1-1-1",
    "blobUpload" : "cloud-0-0-1-0-1-1-0-0-1",
    "distinctCount" : "cloud-0-0-1-0-1-0-1-0-1",
    "kalmanFilter" : "cloud-0-1-0-0-0-0-1-0-1-1",
    "plt" : "cloud-0-0-0-1-0-1-1-1-0-1",
    "senMLParse" : "cloud-0-0-1-1-0-1-1-1",
    "sink" : "cloud-1-0-1-0-0-0-0-0",
    "slidingLinearReg" : "cloud-0-1-1-0-1-1-1-1-0",
    "source" : "cloud-1-1-1-0-0-0-0-0-1-1",
    "zip" : "cloud-0-0-1-1-0-1-0"
  },
  "appLoopLatency" : 124.48797052831881,
  "latencyPerTupleType" : {
    "average_TUPLE" : 15.862538266480993,
    "sink_TUPLE" : 10.161082994350185,
    "acc_TUPLE" : 1.2289333780789942,
    "slidingLinearReg_TUPLE" : 35.713675661888416,
    "blobUpload_TUPLE" : 38.37157945564644,
    "kalmanFilter_TUPLE" : 10.478129663374547,
    "plt_TUPLE" : 23.322413321378857,
    "zip_TUPLE" : 17.84112942549791,
    "senMLParse_TUPLE" : 0.11363105444446325,
    "distinctCount_TUPLE" : 4.825436740256056,
    "TUPLE" : 0.09497333333332808
  },
  "tuplesProcessedPerModule" : {
    "acc" : 9663,
    "zip" : 9496,
    "average" : 4667,
    "distinctCount" : 4710,
    "blobUpload" : 9180,
    "sink" : 9180,
    "kalmanFilter" : 4676,
    "plt" : 9625,
    "slidingLinearReg" : 4653,
    "source" : 4800,
    "senMLParse" : 4800
  },
  "recsInPerModule" : {
    "acc" : 4.833672430027518,
    "zip" : 4.811825476286058,
    "average" : 2.398332308727616,
    "distinctCount" : 2.4050230258720795,
    "blobUpload" : 4.77917444364052,
    "sink" : 4.666974693831389,
    "kalmanFilter" : 2.4015335166381675,
    "plt" : 4.813312258855947,
    "slidingLinearReg" : 2.3284256620177346,
    "source" : 2.421428430899243,
    "senMLParse" : 2.411088545386449
  },
  "recsOutPerModule" : {
    "acc" : 4.833279549489169,
    "zip" : 4.748321323256574,
    "average" : 2.3344326029068205,
    "distinctCount" : 2.3599288512315817,
    "blobUpload" : 4.68126877128169,
    "sink" : 4.651465968694728,
    "kalmanFilter" : 2.340313540939109,
    "plt" : 4.813042866350054,
    "slidingLinearReg" : 2.3269254110244795,
    "source" : 2.4214271584789815,
    "senMLParse" : 2.4109422113071703
  },
  "remainingDataPerDevice" : {
    "acc" : 74000,
    "zip" : 248000,
    "average" : 2000,
    "distinctCount" : 40000,
    "blobUpload" : 0,
    "sink" : 0,
    "kalmanFilter" : 40000,
    "plt" : 4000,
    "slidingLinearReg" : 254000,
    "source" : 0,
    "senMLParse" : 8000
  },
  "executionTime" : 5356.0,
  "networkUsage" : 449566.14,
  "tuplesSentBySensors" : 4800
}