{
  "placement" : {
    "acc" : "cloud-0-1-0-1-1-1-1-1-1",
    "average" : "cloud-1-1-0-0-0-1-0-1-0-0",
    "blobUpload" : "cloud-0-1-0-1-0-0-1-1",
    "distinctCount" : "cloud-0-1-1-1-1-0-1-0-1",
    "kalmanFilter" : "cloud-1-0-0-1-1-1-0-0-1-1",
    "plt" : "cloud-1-1-1-0-0-0-1-1-1-0",
    "senMLParse" : "cloud-1-0-0-1-0-0-0-0",
    "sink" : "cloud-1-1-1-0-0-0-1-0",
    "slidingLinearReg" : "cloud-0-0-1-1-0-0-1-0-1",
    "source" : "cloud-1-0-1-1-1-1-1-0-0",
    "zip" : "cloud-0-1-0-1-1-0"
  },
  "appLoopLatency" : 69.79153456387043,
  "latencyPerTupleType" : {
    "average_TUPLE" : 1.4230489230303267,
    "sink_TUPLE" : 5.089045528548996,
    "acc_TUPLE" : 1.3557482530555942,
    "slidingLinearReg_TUPLE" : 0.9225226147523395,
    "blobUpload_TUPLE" : 5.484139418466737,
    "kalmanFilter_TUPLE" : 2.0431581888889263,
    "plt_TUPLE" : 14.501897929754387,
    "zip_TUPLE" : 10.991121307903265,
    "senMLParse_TUPLE" : 0.241068192222246,
    "distinctCount_TUPLE" : 17.741432289535634,
    "TUPLE" : 0.09490222222222706
  },
  "tuplesProcessedPerModule" : {
    "acc" : 9779,
    "zip" : 9602,
    "average" : 4800,
    "distinctCount" : 4673,
    "blobUpload" : 9602,
    "sink" : 9521,
    "kalmanFilter" : 4800,
    "plt" : 9756,
    "slidingLinearReg" : 4684,
    "source" : 4800,
    "senMLParse" : 4800
  },
  "recsInPerModule" : {
    "acc" : 4.895126736469341,
    "zip" : 4.822994129313561,
    "average" : 2.4045147668198625,
    "distinctCount" : 2.407409087346137,
    "blobUpload" : 4.808511461907173,
    "sink" : 4.785786053565738,
    "kalmanFilter" : 2.4072883537638003,
    "plt" : 4.8788075551494705,
    "slidingLinearReg" : 2.3460623532542146,
    "source" : 2.4220393470383756,
    "senMLParse" : 2.4143617295462096
  },
  "recsOutPerModule" : {
    "acc" : 4.894626501682375,
    "zip" : 4.816955432290853,
    "average" : 2.402798640403005,
    "distinctCount" : 2.345764589622981,
    "blobUpload" : 4.8059643268589145,
    "sink" : 4.784543481277417,
    "kalmanFilter" : 2.4045047267943027,
    "plt" : 4.896167201881702,
    "slidingLinearReg" : 2.342062251624305,
    "source" : 2.4220368009149245,
    "senMLParse" : 2.4141897011386075
  },
  "remainingDataPerDevice" : {
    "acc" : 44000,
    "zip" : 0,
    "average" : 28000,
    "distinctCount" : 0,
    "blobUpload" : 405000,
    "sink" : 0,
    "kalmanFilter" : 216000,
    "plt" : 308000,
    "slidingLinearReg" : 68000,
    "source" : 0,
    "senMLParse" : 0
  },
  "executionTime" : 4518.0,
  "networkUsage" : 609542.44,
  "tuplesSentBySensors" : 4800
}