{
  "placement" : {
    "acc" : "cloud-0-1-0-0-0-0-0-1-1-1",
    "average" : "cloud-0-0-0-1-1-0",
    "blobUpload" : "cloud-0-0-0-0-1-1-0-0-0-1",
    "distinctCount" : "cloud-0-0-1-0-1-0-0-0-1",
    "kalmanFilter" : "cloud-0-0-0-0-1-1-0",
    "plt" : "cloud-0-0-0-0-0-0-1-1-0",
    "senMLParse" : "cloud-1-0-1-1-0-1-1-1-1",
    "sink" : "cloud-1-0-0-1-1-1-1-1-1-1",
    "slidingLinearReg" : "cloud-0-0-0-1-0-1-0-1",
    "source" : "cloud-1-0-0-1-0-1-1-0-0",
    "zip" : "cloud-0-0-0-1-1-1-1-0-0-1"
  },
  "appLoopLatency" : 81.49024422633451,
  "latencyPerTupleType" : {
    "average_TUPLE" : 2.445165120687785,
    "sink_TUPLE" : 54.24802253348453,
    "slidingLinearReg_TUPLE" : 2.1646430007131907,
    "acc_TUPLE" : 0.6848087457864069,
    "blobUpload_TUPLE" : 5.4297726050794894,
    "kalmanFilter_TUPLE" : 4.930256724000589,
    "plt_TUPLE" : 2.5895057306697624,
    "zip_TUPLE" : 3.755101914122002,
    "senMLParse_TUPLE" : 5.008388155555614,
    "distinctCount_TUPLE" : 28.9971190680996,
    "TUPLE" : 0.09613333333332992
  },
  "tuplesProcessedPerModule" : {
    "acc" : 9749,
    "zip" : 9643,
    "average" : 4709,
    "distinctCount" : 4709,
    "blobUpload" : 9552,
    "sink" : 9152,
    "kalmanFilter" : 4709,
    "plt" : 9643,
    "slidingLinearReg" : 4673,
    "source" : 4800,
    "senMLParse" : 4800
  },
  "recsInPerModule" : {
    "acc" : 4.875228650455291,
    "zip" : 4.842698040122339,
    "average" : 2.357917281768644,
    "distinctCount" : 2.3579172345418544,
    "blobUpload" : 4.81716615862266,
    "sink" : 4.78645240416043,
    "kalmanFilter" : 2.3577991970930685,
    "plt" : 4.874395551730889,
    "slidingLinearReg" : 2.3369661727539675,
    "source" : 2.421428430899243,
    "senMLParse" : 2.4125427589392823
  },
  "recsOutPerModule" : {
    "acc" : 4.8751018171002745,
    "zip" : 4.833251988902789,
    "average" : 2.3574057691938353,
    "distinctCount" : 2.3548821516492526,
    "blobUpload" : 4.809114953097128,
    "sink" : 4.59366589828601,
    "kalmanFilter" : 2.3568944549069815,
    "plt" : 4.865671687829337,
    "slidingLinearReg" : 2.336764099715438,
    "source" : 2.4214271584789815,
    "senMLParse" : 2.4066886383785016
  },
  "remainingDataPerDevice" : {
    "acc" : 212000,
    "zip" : 182000,
    "average" : 8000,
    "distinctCount" : 94000,
    "blobUpload" : 0,
    "sink" : 0,
    "kalmanFilter" : 72000,
    "plt" : 0,
    "slidingLinearReg" : 46000,
    "source" : 0,
    "senMLParse" : 546000
  },
  "executionTime" : 5020.0,
  "networkUsage" : 713190.62,
  "tuplesSentBySensors" : 4800
}