{
  "placement" : {
    "acc" : "cloud-0-1-1-0",
    "average" : "cloud-1-1-1-0",
    "blobUpload" : "cloud-0-0-1-0-0-0-1-0-1-0",
    "distinctCount" : "cloud-0-1-1-0-0-1-1",
    "kalmanFilter" : "cloud-1-1-1-1-1-0-1-0-0",
    "plt" : "cloud-1-0-0-1-0-1-1-0-0-0",
    "senMLParse" : "cloud-1-1-0-0-0-0-1-0-0-1",
    "sink" : "cloud-0-1-0-1-1-0-1-0-1",
    "slidingLinearReg" : "cloud-1-1-0-1-0-0-1-0-1-1",
    "source" : "cloud-0-0-1-0-1-0-0-1-0-0",
    "zip" : "cloud-0-0-0-0-0-0-1-0-1-1"
  },
  "appLoopLatency" : 58.923511481118645,
  "latencyPerTupleType" : {
    "average_TUPLE" : 3.1818158022222445,
    "sink_TUPLE" : 25.839661058544024,
    "acc_TUPLE" : 0.5941631260964266,
    "slidingLinearReg_TUPLE" : 1.699312521742157,
    "blobUpload_TUPLE" : 2.0326345835726354,
    "kalmanFilter_TUPLE" : 3.1510886615840965,
    "plt_TUPLE" : 17.522893719890785,
    "zip_TUPLE" : 2.036584929215397,
    "senMLParse_TUPLE" : 0.12113742222215858,
    "distinctCount_TUPLE" : 4.27117004105205,
    "TUPLE" : 0.09918694444443896
  },
  "tuplesProcessedPerModule" : {
    "acc" : 9791,
    "zip" : 9734,
    "average" : 4800,
    "distinctCount" : 4708,
    "blobUpload" : 9616,
    "sink" : 9495,
    "kalmanFilter" : 4722,
    "plt" : 9734,
    "slidingLinearReg" : 4653,
    "source" : 4800,
    "senMLParse" : 4800
  },
  "recsInPerModule" : {
    "acc" : 4.896206405891451,
    "zip" : 4.877912592889727,
    "average" : 2.405512674908886,
    "distinctCount" : 2.4014208775076455,
    "blobUpload" : 4.821870478500875,
    "sink" : 4.807118185793402,
    "kalmanFilter" : 2.401060507608182,
    "plt" : 4.952622543176138,
    "slidingLinearReg" : 2.3273024608704156,
    "source" : 2.4227728534358706,
    "senMLParse" : 2.4114468811236933
  },
  "recsOutPerModule" : {
    "acc" : 4.895936070417932,
    "zip" : 4.8716669465103255,
    "average" : 2.40148095488118,
    "distinctCount" : 2.3553936440220826,
    "blobUpload" : 4.815541907508704,
    "sink" : 4.758931255861871,
    "kalmanFilter" : 2.362043274359549,
    "plt" : 4.9027327044353255,
    "slidingLinearReg" : 2.3271011941823105,
    "source" : 2.4226442030067328,
    "senMLParse" : 2.4113131216029275
  },
  "remainingDataPerDevice" : {
    "acc" : 114000,
    "zip" : 236000,
    "average" : 24000,
    "distinctCount" : 18000,
    "blobUpload" : 605000,
    "sink" : 0,
    "kalmanFilter" : 138000,
    "plt" : 0,
    "slidingLinearReg" : 6000,
    "source" : 0,
    "senMLParse" : 0
  },
  "executionTime" : 4130.0,
  "networkUsage" : 562805.52,
  "tuplesSentBySensors" : 4800
}