{
  "placement" : {
    "acc" : "cloud-1-0-1-1-0-0-0-1-0-0",
    "average" : "cloud-1-0-1-1-0-1-0",
    "blobUpload" : "cloud-0-1-1-0-1-0-1-0-0-1",
    "distinctCount" : "cloud-1-0-1-0-1-0-0-1-1-1",
    "kalmanFilter" : "cloud-0-1-1-1-0-1-1-0-0-0",
    "plt" : "cloud-0-1-0-0-0-1-0-1-1-1",
    "senMLParse" : "cloud-1-1-0-1-0-1-0-0-0",
    "sink" : "cloud-1-0-0-1-0-0-1-1-0-1",
    "slidingLinearReg" : "cloud-1-0-1-0-1-0-0-1-0-1",
    "source" : "cloud-0-1-0-0-0-0-0-1-0",
    "zip" : "cloud-0-1-1-0-0-0-1-1-1-0"
  },
  "appLoopLatency" : 71.05606973383057,
  "latencyPerTupleType" : {
    "average_TUPLE" : 0.27010742000002597,
    "sink_TUPLE" : 59.573144164265834,
    "acc_TUPLE" : 1.5243623203490375,
    "slidingLinearReg_TUPLE" : 1.178122773919512,
    "blobUpload_TUPLE" : 7.0289521017614245,
    "kalmanFilter_TUPLE" : 2.252712833791296,
    "plt_TUPLE" : 4.708133775519587,
    "zip_TUPLE" : 22.228953119026396,
    "senMLParse_TUPLE" : 0.1152059500000226,
    "distinctCount_TUPLE" : 4.154233817042071,
    "TUPLE" : 0.09764638888888653
  },
  "tuplesProcessedPerModule" : {
    "acc" : 9781,
    "zip" : 9547,
    "average" : 4800,
    "distinctCount" : 4706,
    "blobUpload" : 9547,
    "sink" : 9241,
    "kalmanFilter" : 4731,
    "plt" : 9767,
    "slidingLinearReg" : 4651,
    "source" : 4800,
    "senMLParse" : 4800
  },
  "recsInPerModule" : {
    "acc" : 4.894757827545257,
    "zip" : 4.9212667537434625,
    "average" : 2.4039515424252462,
    "distinctCount" : 2.3997100590199683,
    "blobUpload" : 4.828344100819684,
    "sink" : 4.804994825489818,
    "kalmanFilter" : 2.3998300634275758,
    "plt" : 4.947128796043899,
    "slidingLinearReg" : 2.3257859187475822,
    "source" : 2.422283799816411,
    "senMLParse" : 2.4113307925553267
  },
  "recsOutPerModule" : {
    "acc" : 4.894257443387871,
    "zip" : 4.843286088309461,
    "average" : 2.4038060733573516,
    "distinctCount" : 2.3533481898275386,
    "blobUpload" : 4.8275912962193015,
    "sink" : 4.669915896154725,
    "kalmanFilter" : 2.365825393653122,
    "plt" : 4.939685277424463,
    "slidingLinearReg" : 2.3256272236310713,
    "source" : 2.422160294068762,
    "senMLParse" : 2.4111970459124286
  },
  "remainingDataPerDevice" : {
    "acc" : 28000,
    "zip" : 0,
    "average" : 0,
    "distinctCount" : 110000,
    "blobUpload" : 0,
    "sink" : 0,
    "kalmanFilter" : 160000,
    "plt" : 0,
    "slidingLinearReg" : 2000,
    "source" : 0,
    "senMLParse" : 4000
  },
  "executionTime" : 5023.0,
  "networkUsage" : 694514.56,
  "tuplesSentBySensors" : 4800
}