{
  "placement" : {
    "acc" : "cloud-0-0-1-1-1-1-1-1-0-0",
    "average" : "cloud-1-1-1-0-0-1-1-0-0",
    "blobUpload" : "cloud-1-1-1-1-0-0",
    "distinctCount" : "cloud-0-1-0-1-1-1",
    "kalmanFilter" : "cloud-1-1-1-1-1-0-1-0",
    "plt" : "cloud-0-1-0-0-1-0-0-0-1",
    "senMLParse" : "cloud-1-1-1-1-1-0-0-1",
    "sink" : "cloud-0-1-0-0-1-0-1-1-0-1",
    "slidingLinearReg" : "cloud-0-0-0-0-0-0-1-1-1-0",
    "source" : "cloud-1-1-1-1",
    "zip" : "cloud-1-0-1-1-1-1-1-1-1-0"
  },
  "appLoopLatency" : 55.922654323890825,
  "latencyPerTupleType" : {
    "average_TUPLE" : 15.75813548455419,
    "sink_TUPLE" : 4.300820931338188,
    "slidingLinearReg_TUPLE" : 3.6565053319780305,
    "acc_TUPLE" : 3.168150138516206,
    "blobUpload_TUPLE" : 3.4533870557719744,
    "kalmanFilter_TUPLE" : 10.161540316969717,
    "plt_TUPLE" : 2.9823548003847002,
    "zip_TUPLE" : 3.934462770148132,
    "senMLParse_TUPLE" : 0.11420755666668242,
    "distinctCount_TUPLE" : 3.8964754656566085,
    "TUPLE" : 0.09363999999999356
  },
  "tuplesProcessedPerModule" : {
    "acc" : 9878,
    "zip" : 9781,
    "average" : 4737,
    "distinctCount" : 4800,
    "blobUpload" : 9654,
    "sink" : 9654,
    "kalmanFilter" : 4800,
    "plt" : 9781,
    "slidingLinearReg" : 4679,
    "source" : 4800,
    "senMLParse" : 4800
  },
  "recsInPerModule" : {
    "acc" : 4.939558256113581,
    "zip" : 4.926100978006259,
    "average" : 2.4126387486208576,
    "distinctCount" : 2.411668996093982,
    "blobUpload" : 4.896527865992601,
    "sink" : 4.8548505441325736,
    "kalmanFilter" : 2.4181081412524605,
    "plt" : 4.961114431134079,
    "slidingLinearReg" : 2.3465126004232455,
    "source" : 2.424486097340086,
    "senMLParse" : 2.4214271578682203
  },
  "recsOutPerModule" : {
    "acc" : 4.939182629982131,
    "zip" : 4.9127605831084855,
    "average" : 2.369065160038715,
    "distinctCount" : 2.407195863877195,
    "blobUpload" : 4.871756119240355,
    "sink" : 4.8438230881690645,
    "kalmanFilter" : 2.4068721589526008,
    "plt" : 4.948788210163262,
    "slidingLinearReg" : 2.346223346027678,
    "source" : 2.4244848217042914,
    "senMLParse" : 2.4212795661921325
  },
  "remainingDataPerDevice" : {
    "acc" : 194000,
    "zip" : 0,
    "average" : 10000,
    "distinctCount" : 152000,
    "blobUpload" : 0,
    "sink" : 0,
    "kalmanFilter" : 242000,
    "plt" : 0,
    "slidingLinearReg" : 16000,
    "source" : 0,
    "senMLParse" : 0
  },
  "executionTime" : 3148.0,
  "networkUsage" : 615199.46,
  "tuplesSentBySensors" : 4800
}