{
  "placement" : {
    "acc" : "cloud-1-1-0-1-0-0-0-0-1-1",
    "average" : "cloud-0-1-1-0-0-1-0-1-1-0",
    "blobUpload" : "cloud-0-1-1-1-0-0-1-1-0-1",
    "distinctCount" : "cloud-1-0-0-1-1-0-1-0-1-0",
    "kalmanFilter" : "cloud-0-1-1-1-1-1-1-0-0",
    "plt" : "cloud-1-0-0-1-0-1-1-1-0-0",
    "senMLParse" : "cloud-1-0-1-0-1-1-1-0-0-0",
    "sink" : "cloud-1-0-1-0-0-0",
    "slidingLinearReg" : "cloud-0-1-1-1-0-0-0-1-1-0",
    "source" : "cloud-1-0-0-0-1-1",
    "zip" : "cloud-1-1-0-1-1-1-1-1-1-1"
  },
  "appLoopLatency" : 59.593011596285,
  "latencyPerTupleType" : {
    "average_TUPLE" : 2.340605900171208,
    "sink_TUPLE" : 3.15875154240693,
    "slidingLinearReg_TUPLE" : 4.443952633471972,
    "acc_TUPLE" : 0.6396753016276062,
    "blobUpload_TUPLE" : 2.5262670279901682,
    "kalmanFilter_TUPLE" : 4.660841070227555,
    "plt_TUPLE" : 1.3140799414940179,
    "zip_TUPLE" : 3.247556228122606,
    "senMLParse_TUPLE" : 5.237401977777809,
    "distinctCount_TUPLE" : 1.6439296444410112,
    "TUPLE" : 0.09643888888889338
  },
  "tuplesProcessedPerModule" : {
    "acc" : 9830,
    "zip" : 9763,
    "average" : 4707,
    "distinctCount" : 4800,
    "blobUpload" : 9670,
    "sink" : 9670,
    "kalmanFilter" : 4707,
    "plt" : 9764,
    "slidingLinearReg" : 4707,
    "source" : 4800,
    "senMLParse" : 4800
  },
  "recsInPerModule" : {
    "acc" : 4.9155569711191,
    "zip" : 4.91813674441982,
    "average" : 2.4016182417925087,
    "distinctCount" : 2.4036626845734363,
    "blobUpload" : 4.884487943368219,
    "sink" : 4.850455061219507,
    "kalmanFilter" : 2.4034219996536748,
    "plt" : 4.882522555959602,
    "slidingLinearReg" : 2.3552573975572346,
    "source" : 2.424241199878182,
    "senMLParse" : 2.4184977788864477
  },
  "recsOutPerModule" : {
    "acc" : 4.915154711010834,
    "zip" : 4.9083082663219795,
    "average" : 2.360458074748954,
    "distinctCount" : 2.4006310192669544,
    "blobUpload" : 4.866578064863352,
    "sink" : 4.838949724197261,
    "kalmanFilter" : 2.3618757770494163,
    "plt" : 4.882215808918281,
    "slidingLinearReg" : 2.354452358980777,
    "source" : 2.4242386491233154,
    "senMLParse" : 2.412488446882871
  },
  "remainingDataPerDevice" : {
    "acc" : 130000,
    "zip" : 0,
    "average" : 4000,
    "distinctCount" : 186000,
    "blobUpload" : 0,
    "sink" : 0,
    "kalmanFilter" : 0,
    "plt" : 2000,
    "slidingLinearReg" : 98000,
    "source" : 0,
    "senMLParse" : 0
  },
  "executionTime" : 2945.0,
  "networkUsage" : 643830.08,
  "tuplesSentBySensors" : 4800
}