{
  "placement" : {
    "acc" : "cloud-1-0-1-0-1-0-1-0",
    "average" : "cloud-1-0-1-1-1-0-1-0-0-0",
    "blobUpload" : "cloud-1-1-0-0-0-0-1-0-0",
    "distinctCount" : "cloud-0-1-1-0-0-0-1-1-1",
    "kalmanFilter" : "cloud-1-0-0-1-1-0-1-0-0-1",
    "plt" : "cloud-0-0-1-0-1",
    "senMLParse" : "cloud-0-1-0-1-0-0-1-0-0-0",
    "sink" : "cloud-1-0-0-1-0-1-0-1",
    "slidingLinearReg" : "cloud-1-1-0-0-0-0-0-1-1-0",
    "source" : "cloud-0-1-0-1-0-1-1-1",
    "zip" : "cloud-0-1-0-0-0-1-1-0-0-0"
  },
  "appLoopLatency" : 81.34047265861966,
  "latencyPerTupleType" : {
    "average_TUPLE" : 15.248376538519194,
    "sink_TUPLE" : 80.51427950853441,
    "acc_TUPLE" : 1.6340572669670528,
    "slidingLinearReg_TUPLE" : 6.14235406786536,
    "blobUpload_TUPLE" : 5.999556493646507,
    "kalmanFilter_TUPLE" : 8.140998493951033,
    "plt_TUPLE" : 14.663450610321224,
    "zip_TUPLE" : 5.75490854244826,
    "senMLParse_TUPLE" : 0.20280485555557928,
    "distinctCount_TUPLE" : 3.127759975757547,
    "TUPLE" : 0.09900055555555398
  },
  "tuplesProcessedPerModule" : {
    "acc" : 9824,
    "zip" : 9654,
    "average" : 4673,
    "distinctCount" : 4800,
    "blobUpload" : 9654,
    "sink" : 9022,
    "kalmanFilter" : 4689,
    "plt" : 9654,
    "slidingLinearReg" : 4666,
    "source" : 4800,
    "senMLParse" : 4800
  },
  "recsInPerModule" : {
    "acc" : 4.916242993913402,
    "zip" : 4.880556927694947,
    "average" : 2.405746272323404,
    "distinctCount" : 2.4091271208380776,
    "blobUpload" : 4.84281209425269,
    "sink" : 4.809333685364593,
    "kalmanFilter" : 2.4057462699118974,
    "plt" : 4.932762363832661,
    "slidingLinearReg" : 2.335615490930892,
    "source" : 2.4226505715184117,
    "senMLParse" : 2.418011718309944
  },
  "recsOutPerModule" : {
    "acc" : 4.913770943931721,
    "zip" : 4.866983214137966,
    "average" : 2.3425859377302434,
    "distinctCount" : 2.4047204447545276,
    "blobUpload" : 4.829447231832604,
    "sink" : 4.56303687595568,
    "kalmanFilter" : 2.3504398494283874,
    "plt" : 4.893422424986097,
    "slidingLinearReg" : 2.3332417808184798,
    "source" : 2.4225270283674765,
    "senMLParse" : 2.417864542685701
  },
  "remainingDataPerDevice" : {
    "acc" : 118000,
    "zip" : 0,
    "average" : 2000,
    "distinctCount" : 172000,
    "blobUpload" : 650000,
    "sink" : 0,
    "kalmanFilter" : 36000,
    "plt" : 0,
    "slidingLinearReg" : 32000,
    "source" : 0,
    "senMLParse" : 0
  },
  "executionTime" : 7686.0,
  "networkUsage" : 658487.36,
  "tuplesSentBySensors" : 4800
}