{
  "placement" : {
    "acc" : "cloud-0-0-0-1-1-1-1-0-0-1",
    "average" : "cloud-1-1-1-1-1-1-0",
    "blobUpload" : "cloud-1-1-1-0-0-0-0-1-0-1",
    "distinctCount" : "cloud-0-0-0-0-0-1-1-1",
    "kalmanFilter" : "cloud-1-0-1-0-1-0-0-1-0-1",
    "plt" : "cloud-0-0-0-0-0",
    "senMLParse" : "cloud-1-1-1-0-0-1-0-1-1",
    "sink" : "cloud-0-0-0-1-0-1-1-0-1",
    "slidingLinearReg" : "cloud-1-0-0-1-1-1-1-0-0-1",
    "source" : "cloud-1-0-0-1-0-0-1-1-0-0",
    "zip" : "cloud-1-0-0-0-1-0-0-0-1"
  },
  "appLoopLatency" : 68.95124066270498,
  "latencyPerTupleType" : {
    "average_TUPLE" : 0.23001972111113347,
    "sink_TUPLE" : 2.9497975326549923,
    "acc_TUPLE" : 0.3411721785929253,
    "slidingLinearReg_TUPLE" : 21.892634944348583,
    "blobUpload_TUPLE" : 8.506510410969048,
    "kalmanFilter_TUPLE" : 2.50282219005291,
    "plt_TUPLE" : 1.610012759040439,
    "zip_TUPLE" : 0.7487768009583524,
    "senMLParse_TUPLE" : 0.1037006922222393,
    "distinctCount_TUPLE" : 0.4722305891020399,
    "TUPLE" : 0.09617499999999327
  },
  "tuplesProcessedPerModule" : {
    "acc" : 9796,
    "zip" : 9734,
    "average" : 4800,
    "distinctCount" : 4796,
    "blobUpload" : 9685,
    "sink" : 9663,
    "kalmanFilter" : 4725,
    "plt" : 9734,
    "slidingLinearReg" : 4651,
    "source" : 4800,
    "senMLParse" : 4800
  },
  "recsInPerModule" : {
    "acc" : 4.898551148644325,
    "zip" : 4.87414907340971,
    "average" : 2.4022546559259204,
    "distinctCount" : 2.399092500010204,
    "blobUpload" : 4.8626317798054846,
    "sink" : 4.845012615572563,
    "kalmanFilter" : 2.3990925024093888,
    "plt" : 4.896496428454332,
    "slidingLinearReg" : 2.3262859802222646,
    "source" : 2.4208178228677513,
    "senMLParse" : 2.4101200432482353
  },
  "recsOutPerModule" : {
    "acc" : 4.898255179093622,
    "zip" : 4.871415041136105,
    "average" : 2.4020843484410777,
    "distinctCount" : 2.398092468647022,
    "blobUpload" : 4.85679971147351,
    "sink" : 4.8371908306011075,
    "kalmanFilter" : 2.3625911021035453,
    "plt" : 4.8878575763821805,
    "slidingLinearReg" : 2.3259228258277966,
    "source" : 2.4208165510891373,
    "senMLParse" : 2.40997382670268
  },
  "remainingDataPerDevice" : {
    "acc" : 10000,
    "zip" : 98000,
    "average" : 28000,
    "distinctCount" : 284000,
    "blobUpload" : 110000,
    "sink" : 0,
    "kalmanFilter" : 146000,
    "plt" : 0,
    "slidingLinearReg" : 2000,
    "source" : 0,
    "senMLParse" : 8000
  },
  "executionTime" : 2450.0,
  "networkUsage" : 591815.04,
  "tuplesSentBySensors" : 4800
}