{
  "placement" : {
    "acc" : "cloud-0-0-1-0-1-0-0-0-1-1",
    "average" : "cloud-1-0-1-0-0-0-1-0-0-1",
    "blobUpload" : "cloud-1-1-0-0-1-1-0-0-1-1",
    "distinctCount" : "cloud-1-0-0-1-0-1-1-0-0-0",
    "kalmanFilter" : "cloud-1-0-0-1-1-0-0-1-0-1",
    "plt" : "cloud-1-1-0-1-1-1-0-0-0",
    "senMLParse" : "cloud-1-1-1-1-1-1",
    "sink" : "cloud-0-1-0-1-0-1-0-1-0-1",
    "slidingLinearReg" : "cloud-0-1-1-1-0-1-0-1-1-1",
    "source" : "cloud-0-0-1-1-1-0-0-1-1",
    "zip" : "cloud-1-1-1-1-0-1-1-1-0-1"
  },
  "appLoopLatency" : 94.2245536706412,
  "latencyPerTupleType" : {
    "average_TUPLE" : 15.085964323187465,
    "sink_TUPLE" : 4.890834013209854,
    "slidingLinearReg_TUPLE" : 33.00279654338897,
    "acc_TUPLE" : 1.820857608552551,
    "blobUpload_TUPLE" : 2.8224681328085937,
    "kalmanFilter_TUPLE" : 28.568555145360133,
    "plt_TUPLE" : 20.19409364527489,
    "zip_TUPLE" : 5.114313396412467,
    "senMLParse_TUPLE" : 0.20992205444447068,
    "distinctCount_TUPLE" : 18.564409867229177,
    "TUPLE" : 0.09733999999999292
  },
  "tuplesProcessedPerModule" : {
    "acc" : 9662,
    "zip" : 9389,
    "average" : 4674,
    "distinctCount" : 4669,
    "blobUpload" : 9389,
    "sink" : 9389,
    "kalmanFilter" : 4662,
    "plt" : 9514,
    "slidingLinearReg" : 4529,
    "source" : 4800,
    "senMLParse" : 4800
  },
  "recsInPerModule" : {
    "acc" : 4.8321446628447084,
    "zip" : 4.747244624019932,
    "average" : 2.4021354464930504,
    "distinctCount" : 2.4027366170201785,
    "blobUpload" : 4.721857924084226,
    "sink" : 4.696075563342348,
    "kalmanFilter" : 2.4045421040181707,
    "plt" : 4.87258997414081,
    "slidingLinearReg" : 2.3299647341833896,
    "source" : 2.4216727603689217,
    "senMLParse" : 2.41169299238344
  },
  "recsOutPerModule" : {
    "acc" : 4.831877839715896,
    "zip" : 4.745005409194949,
    "average" : 2.3390793910226075,
    "distinctCount" : 2.3374625822598163,
    "blobUpload" : 4.720631320855836,
    "sink" : 4.6946177866443515,
    "kalmanFilter" : 2.336367562466026,
    "plt" : 4.775353310625564,
    "slidingLinearReg" : 2.302892981762747,
    "source" : 2.4215480443750357,
    "senMLParse" : 2.4115488795774445
  },
  "remainingDataPerDevice" : {
    "acc" : 6000,
    "zip" : 0,
    "average" : 2000,
    "distinctCount" : 34000,
    "blobUpload" : 0,
    "sink" : 0,
    "kalmanFilter" : 6000,
    "plt" : 250000,
    "slidingLinearReg" : 0,
    "source" : 0,
    "senMLParse" : 0
  },
  "executionTime" : 4205.0,
  "networkUsage" : 720891.23,
  "tuplesSentBySensors" : 4800
}