{
  "placement" : {
    "acc" : "cloud-0-0-1-1-1-0-0-0-0-0",
    "average" : "cloud-0-1-0-1-1-1-0-1-1",
    "blobUpload" : "cloud-1-1-0-0-1-0-0-1-0-0",
    "distinctCount" : "cloud-0-1-1-0-0-1",
    "kalmanFilter" : "cloud-1-0-1-1-0-1-0-0-1-1",
    "plt" : "cloud-0-1-0-1-0-0-0-0",
    "senMLParse" : "cloud-0-1-1-1-1-1-1-0-1-0",
    "sink" : "cloud-0-0-0-0-0-1-0-0-1",
    "slidingLinearReg" : "cloud-0-0-0-0-1-1-1",
    "source" : "cloud-1-1-1-1-1-1-1-1-0",
    "zip" : "cloud-0-1-0-1-1-0-1-0-0-1"
  },
  "appLoopLatency" : 71.07156852381075,
  "latencyPerTupleType" : {
    "average_TUPLE" : 0.29169258484870264,
    "sink_TUPLE" : 2.2462207927990057,
    "acc_TUPLE" : 0.624828394807044,
    "slidingLinearReg_TUPLE" : 21.362838154889822,
    "blobUpload_TUPLE" : 11.91529942593073,
    "kalmanFilter_TUPLE" : 2.9812769101011987,
    "plt_TUPLE" : 2.5376878462375734,
    "zip_TUPLE" : 6.826107332648945,
    "senMLParse_TUPLE" : 0.1970958464645785,
    "distinctCount_TUPLE" : 4.9233731666668685,
    "TUPLE" : 0.09648027777777797
  },
  "tuplesProcessedPerModule" : {
    "acc" : 9845,
    "zip" : 9736,
    "average" : 4800,
    "distinctCount" : 4800,
    "blobUpload" : 9573,
    "sink" : 9573,
    "kalmanFilter" : 4800,
    "plt" : 9803,
    "slidingLinearReg" : 4660,
    "source" : 4800,
    "senMLParse" : 4800
  },
  "recsInPerModule" : {
    "acc" : 4.9234820648118,
    "zip" : 4.894107300242305,
    "average" : 2.4049973775750693,
    "distinctCount" : 2.4069268802813264,
    "blobUpload" : 4.8749994661881875,
    "sink" : 4.796715952171643,
    "kalmanFilter" : 2.4042745692280154,
    "plt" : 4.918381401171681,
    "slidingLinearReg" : 2.345616050526908,
    "source" : 2.4224060447105504,
    "senMLParse" : 2.413265462834217
  },
  "recsOutPerModule" : {
    "acc" : 4.923184563069781,
    "zip" : 4.8854198713147206,
    "average" : 2.404826680992357,
    "distinctCount" : 2.401162508275882,
    "blobUpload" : 4.8172406455925865,
    "sink" : 4.792473565169234,
    "kalmanFilter" : 2.4007972341925874,
    "plt" : 4.9118806156294035,
    "slidingLinearReg" : 2.330697989276386,
    "source" : 2.4223996774843983,
    "senMLParse" : 2.413098185803778
  },
  "remainingDataPerDevice" : {
    "acc" : 84000,
    "zip" : 66000,
    "average" : 30000,
    "distinctCount" : 218000,
    "blobUpload" : 0,
    "sink" : 0,
    "kalmanFilter" : 218000,
    "plt" : 134000,
    "slidingLinearReg" : 20000,
    "source" : 0,
    "senMLParse" : 0
  },
  "executionTime" : 2431.0,
  "networkUsage" : 627043.44,
  "tuplesSentBySensors" : 4800
}