{
  "placement" : {
    "acc" : "cloud-1-0-0-0-0-1-1",
    "average" : "cloud-1-0-0-0-0-1-0-0",
    "blobUpload" : "cloud-1-0-0-0-0-0-1-0-0",
    "distinctCount" : "cloud-1-1-0-0-0-1-0-1-0-0",
    "kalmanFilter" : "cloud-0-1-0-1-0-0",
    "plt" : "cloud-0-1-1-0-1-0-1-0-0-1",
    "senMLParse" : "cloud-1-0-1-0-0-0-1-0-0-1",
    "sink" : "cloud-0-0-1-1-1",
    "slidingLinearReg" : "cloud-0-0-0-1-1-1-1-1-1",
    "source" : "cloud-0-0-0-0-1-0-1-1-1-0",
    "zip" : "cloud-0-1-0-0-1-1-1-1"
  },
  "appLoopLatency" : 95.87283051791083,
  "latencyPerTupleType" : {
    "average_TUPLE" : 29.638780140859886,
    "sink_TUPLE" : 8.105147705868061,
    "acc_TUPLE" : 0.5279571261714601,
    "slidingLinearReg_TUPLE" : 27.734586871059186,
    "blobUpload_TUPLE" : 23.312322783635448,
    "kalmanFilter_TUPLE" : 5.156083619543669,
    "plt_TUPLE" : 5.864502735384731,
    "zip_TUPLE" : 16.983783851729388,
    "senMLParse_TUPLE" : 5.063020602222162,
    "distinctCount_TUPLE" : 3.2340036788527478,
    "TUPLE" : 0.09718000000000357
  },
  "tuplesProcessedPerModule" : {
    "acc" : 9684,
    "zip" : 9547,
    "average" : 4688,
    "distinctCount" : 4681,
    "blobUpload" : 9415,
    "sink" : 9415,
    "kalmanFilter" : 4678,
    "plt" : 9677,
    "slidingLinearReg" : 4551,
    "source" : 4800,
    "senMLParse" : 4800
  },
  "recsInPerModule" : {
    "acc" : 4.8432082823914895,
    "zip" : 4.873131176388522,
    "average" : 2.3504386941136595,
    "distinctCount" : 2.3408497457753046,
    "blobUpload" : 4.791258629257424,
    "sink" : 4.717950840526162,
    "kalmanFilter" : 2.3423499933504193,
    "plt" : 4.905782904142094,
    "slidingLinearReg" : 2.368381414813176,
    "source" : 2.421794943594882,
    "senMLParse" : 2.408668748041435
  },
  "recsOutPerModule" : {
    "acc" : 4.8429534592873535,
    "zip" : 4.807666568720242,
    "average" : 2.344936778207292,
    "distinctCount" : 2.340566441712776,
    "blobUpload" : 4.729331292290541,
    "sink" : 4.7126717542096985,
    "kalmanFilter" : 2.339349685406137,
    "plt" : 4.89210121365389,
    "slidingLinearReg" : 2.326439935510988,
    "source" : 2.4216714876918655,
    "senMLParse" : 2.4023323137359256
  },
  "remainingDataPerDevice" : {
    "acc" : 14000,
    "zip" : 0,
    "average" : 4000,
    "distinctCount" : 62000,
    "blobUpload" : 0,
    "sink" : 0,
    "kalmanFilter" : 56000,
    "plt" : 0,
    "slidingLinearReg" : 0,
    "source" : 0,
    "senMLParse" : 672000
  },
  "executionTime" : 4643.0,
  "networkUsage" : 579071.39,
  "tuplesSentBySensors" : 4800
}