{
  "placement" : {
    "acc" : "cloud-0-1-1-1-1-0-0-0-1-1",
    "average" : "cloud-0-0-0-0-1-1-1",
    "blobUpload" : "cloud-0-0-1-0-0-0-1-0-1-1",
    "distinctCount" : "cloud-0-0-1-0-1-0-0-1-0-1",
    "kalmanFilter" : "cloud-0-1-0-1-0-1-0",
    "plt" : "cloud-0-1-1-1-0-0-1-0-1-1",
    "senMLParse" : "cloud-0-0-1-1-0-1-1-0-0-0",
    "sink" : "cloud-1-0-0-1-0-1-1-1-1",
    "slidingLinearReg" : "cloud-0-0-0-1-1-0-0-1-1-1",
    "source" : "cloud-1-0-1-0-1-0",
    "zip" : "cloud-0-0-0-0-0-1-1-1-0-1"
  },
  "appLoopLatency" : 55.052500900949475,
  "latencyPerTupleType" : {
    "average_TUPLE" : 5.949201803647944,
    "sink_TUPLE" : 5.333202569291393,
    "acc_TUPLE" : 0.3561566579899422,
    "slidingLinearReg_TUPLE" : 3.637934573457758,
    "blobUpload_TUPLE" : 2.1858743677687547,
    "kalmanFilter_TUPLE" : 4.117306665249384,
    "plt_TUPLE" : 1.3549628343466587,
    "zip_TUPLE" : 5.851333289981024,
    "senMLParse_TUPLE" : 4.671965464646339,
    "distinctCount_TUPLE" : 2.8023752523937966,
    "TUPLE" : 0.0965288888888821
  },
  "tuplesProcessedPerModule" : {
    "acc" : 9829,
    "zip" : 9767,
    "average" : 4713,
    "distinctCount" : 4713,
    "blobUpload" : 9767,
    "sink" : 9524,
    "kalmanFilter" : 4713,
    "plt" : 9778,
    "slidingLinearReg" : 4653,
    "source" : 4800,
    "senMLParse" : 4800
  },
  "recsInPerModule" : {
    "acc" : 4.915075008891039,
    "zip" : 4.916522421467697,
    "average" : 2.4010332499168943,
    "distinctCount" : 2.4013935659807246,
    "blobUpload" : 4.891590861304497,
    "sink" : 4.857825246327372,
    "kalmanFilter" : 2.3603930611866253,
    "plt" : 4.889554788444518,
    "slidingLinearReg" : 2.328298538125953,
    "source" : 2.4228951476981737,
    "senMLParse" : 2.4133908209192403
  },
  "recsOutPerModule" : {
    "acc" : 4.914739641066655,
    "zip" : 4.907320732338304,
    "average" : 2.361028659559043,
    "distinctCount" : 2.3628633504961636,
    "blobUpload" : 4.886910011317601,
    "sink" : 4.819326118353251,
    "kalmanFilter" : 2.3597376893590707,
    "plt" : 4.889157499319686,
    "slidingLinearReg" : 2.3280276074482105,
    "source" : 2.422892831404264,
    "senMLParse" : 2.407784186969514
  },
  "remainingDataPerDevice" : {
    "acc" : 102000,
    "zip" : 0,
    "average" : 4000,
    "distinctCount" : 12000,
    "blobUpload" : 435000,
    "sink" : 0,
    "kalmanFilter" : 120000,
    "plt" : 22000,
    "slidingLinearReg" : 6000,
    "source" : 0,
    "senMLParse" : 174000
  },
  "executionTime" : 2592.0,
  "networkUsage" : 584142.67,
  "tuplesSentBySensors" : 4800
}