{
  "placement" : {
    "acc" : "cloud-0-1-1-1-0-0-1-1-0-0",
    "average" : "cloud-1-1-0-0-0-1-1-1-0-0",
    "blobUpload" : "cloud-0-0-0-0-1-0-1",
    "distinctCount" : "cloud-1-0-1-0-1-0-0-1-0",
    "kalmanFilter" : "cloud-1-1-1-0-1-0-0-1",
    "plt" : "cloud-1-0-1-0-1-1-1-0-0",
    "senMLParse" : "cloud-0-1-0-0-0-1-0-1-0-1",
    "sink" : "cloud-0-0-1-1-1-1-1-1-1",
    "slidingLinearReg" : "cloud-0-1-0-1-1-0-1-0-1-0",
    "source" : "cloud-0-1-0-0-1-1-0-0-0-0",
    "zip" : "cloud-1-1-1-1-0-0-0-0-1-1"
  },
  "appLoopLatency" : 70.71537952982868,
  "latencyPerTupleType" : {
    "average_TUPLE" : 1.3390897081706226,
    "sink_TUPLE" : 8.50490528586993,
    "slidingLinearReg_TUPLE" : 13.09281221972564,
    "acc_TUPLE" : 0.7310315723159542,
    "blobUpload_TUPLE" : 5.156624152568823,
    "kalmanFilter_TUPLE" : 23.539611037771113,
    "plt_TUPLE" : 1.7553213359281412,
    "zip_TUPLE" : 2.9196682401226473,
    "senMLParse_TUPLE" : 4.638965588888861,
    "distinctCount_TUPLE" : 30.207209034284396,
    "TUPLE" : 0.09972277777776771
  },
  "tuplesProcessedPerModule" : {
    "acc" : 9668,
    "zip" : 9572,
    "average" : 4706,
    "distinctCount" : 4677,
    "blobUpload" : 9572,
    "sink" : 9543,
    "kalmanFilter" : 4659,
    "plt" : 9572,
    "slidingLinearReg" : 4659,
    "source" : 4800,
    "senMLParse" : 4800
  },
  "recsInPerModule" : {
    "acc" : 4.834480825376691,
    "zip" : 4.813084098379787,
    "average" : 2.3545290959444567,
    "distinctCount" : 2.3560614839627227,
    "blobUpload" : 4.793650323751795,
    "sink" : 4.786026927359512,
    "kalmanFilter" : 2.3588958656071766,
    "plt" : 4.83072495113316,
    "slidingLinearReg" : 2.3303143458255065,
    "source" : 2.421306284651793,
    "senMLParse" : 2.4143579290726827
  },
  "recsOutPerModule" : {
    "acc" : 4.834216198966415,
    "zip" : 4.81269085439253,
    "average" : 2.3543376816981434,
    "distinctCount" : 2.34154275871481,
    "blobUpload" : 4.793110236910094,
    "sink" : 4.779603256006853,
    "kalmanFilter" : 2.3382672805574365,
    "plt" : 4.830328819356431,
    "slidingLinearReg" : 2.3297729697914833,
    "source" : 2.4211777899224316,
    "senMLParse" : 2.40830619186192
  },
  "remainingDataPerDevice" : {
    "acc" : 192000,
    "zip" : 0,
    "average" : 6000,
    "distinctCount" : 50000,
    "blobUpload" : 15000,
    "sink" : 0,
    "kalmanFilter" : 0,
    "plt" : 0,
    "slidingLinearReg" : 206000,
    "source" : 0,
    "senMLParse" : 564000
  },
  "executionTime" : 3333.0,
  "networkUsage" : 594652.58,
  "tuplesSentBySensors" : 4800
}