{
  "placement" : {
    "acc" : "cloud-0-1-1-0-1-0-1-0-0-1",
    "average" : "cloud-0-1-1-0-0-0-0-1",
    "blobUpload" : "cloud-0-1-0-0-0-1-0-0-0-0",
    "distinctCount" : "cloud-0-1-0-1-1-0-0-1-1-1",
    "kalmanFilter" : "cloud-1-0-1-1-1-1-1-0-1-0",
    "plt" : "cloud-1-1-0-1-1-0-1-1-0",
    "senMLParse" : "cloud-0-1-1-1-1-0-1-1-0-1",
    "sink" : "cloud-0-1-0-1-1-0-1-0-1-0",
    "slidingLinearReg" : "cloud-1-1-0-0-1-0-1-0-0",
    "source" : "cloud-0-1-0-0-1-0-0-0-0-0",
    "zip" : "cloud-0-1-0-1-0-0-0-0-1-1"
  },
  "appLoopLatency" : 67.21010549184112,
  "latencyPerTupleType" : {
    "average_TUPLE" : 1.6635575668686937,
    "sink_TUPLE" : 17.588406264732637,
    "acc_TUPLE" : 0.943211072489417,
    "slidingLinearReg_TUPLE" : 6.403661498300438,
    "blobUpload_TUPLE" : 3.5165553628414252,
    "kalmanFilter_TUPLE" : 9.013136073142382,
    "plt_TUPLE" : 3.173966381589701,
    "zip_TUPLE" : 3.5848991876113083,
    "senMLParse_TUPLE" : 0.21736401212115075,
    "distinctCount_TUPLE" : 18.411194339917405,
    "TUPLE" : 0.09861797979796987
  },
  "tuplesProcessedPerModule" : {
    "acc" : 9817,
    "zip" : 9680,
    "average" : 4800,
    "distinctCount" : 4667,
    "blobUpload" : 9570,
    "sink" : 9570,
    "kalmanFilter" : 4687,
    "plt" : 9793,
    "slidingLinearReg" : 4654,
    "source" : 4800,
    "senMLParse" : 4800
  },
  "recsInPerModule" : {
    "acc" : 4.908988319158555,
    "zip" : 4.8990957598340845,
    "average" : 2.4070722982245623,
    "distinctCount" : 2.405624665276207,
    "blobUpload" : 4.818281387521261,
    "sink" : 4.799693802824855,
    "kalmanFilter" : 2.4027346288409466,
    "plt" : 4.937835241950214,
    "slidingLinearReg" : 2.3273871598313987,
    "source" : 2.4216727603689217,
    "senMLParse" : 2.41339082091924
  },
  "recsOutPerModule" : {
    "acc" : 4.908691722863197,
    "zip" : 4.852801224717771,
    "average" : 2.404622221999556,
    "distinctCount" : 2.3416947478909234,
    "blobUpload" : 4.814907711193633,
    "sink" : 4.78975706719292,
    "kalmanFilter" : 2.346170251120316,
    "plt" : 4.92695337406359,
    "slidingLinearReg" : 2.3271010727340786,
    "source" : 2.421548275747175,
    "senMLParse" : 2.413244207255061
  },
  "remainingDataPerDevice" : {
    "acc" : 48000,
    "zip" : 220000,
    "average" : 6000,
    "distinctCount" : 6000,
    "blobUpload" : 0,
    "sink" : 0,
    "kalmanFilter" : 66000,
    "plt" : 0,
    "slidingLinearReg" : 8000,
    "source" : 0,
    "senMLParse" : 0
  },
  "executionTime" : 3597.0,
  "networkUsage" : 652572.32,
  "tuplesSentBySensors" : 4800
}