{
  "placement" : {
    "acc" : "cloud-0-0-1-1-0-0-0-0-0-0",
    "average" : "cloud-0-0-1-1-1-0-1-1",
    "blobUpload" : "cloud-0-0-1-1-0-1-0-1",
    "distinctCount" : "cloud-0-1-0-0-0-0-0-1-1-0",
    "kalmanFilter" : "cloud-0-0-1-0-1-0-1-1-1-0",
    "plt" : "cloud-1-1-0-0-0-0-0-0-0-1",
    "senMLParse" : "cloud-1-1-1-1-1-0-0-0-0-0",
    "sink" : "cloud-0-1-1-0-0-1-0-1-0-1",
    "slidingLinearReg" : "cloud-0-0-0-1-1-0-0-0-1",
    "source" : "cloud-0-0-0-1-0-0-1-0",
    "zip" : "cloud-0-0-0-0-1-1-1-0"
  },
  "appLoopLatency" : 83.3407221561951,
  "latencyPerTupleType" : {
    "average_TUPLE" : 15.411630050288917,
    "sink_TUPLE" : 27.014913113394048,
    "slidingLinearReg_TUPLE" : 6.581128814020389,
    "acc_TUPLE" : 0.529129509155922,
    "blobUpload_TUPLE" : 13.316226461747087,
    "kalmanFilter_TUPLE" : 8.55086097653369,
    "plt_TUPLE" : 2.8757073692963293,
    "zip_TUPLE" : 16.95780365726936,
    "senMLParse_TUPLE" : 0.23297736555557355,
    "distinctCount_TUPLE" : 0.508153660228147,
    "TUPLE" : 0.09779861111111256
  },
  "tuplesProcessedPerModule" : {
    "acc" : 9775,
    "zip" : 9660,
    "average" : 4673,
    "distinctCount" : 4763,
    "blobUpload" : 9577,
    "sink" : 9346,
    "kalmanFilter" : 4685,
    "plt" : 9775,
    "slidingLinearReg" : 4655,
    "source" : 4800,
    "senMLParse" : 4800
  },
  "recsInPerModule" : {
    "acc" : 4.962374924613134,
    "zip" : 4.899816612336506,
    "average" : 2.401413378860029,
    "distinctCount" : 2.3983060682229675,
    "blobUpload" : 4.836626166305902,
    "sink" : 4.777347865252144,
    "kalmanFilter" : 2.401413376457201,
    "plt" : 4.933593920389275,
    "slidingLinearReg" : 2.3285055022761423,
    "source" : 2.423262104572847,
    "senMLParse" : 2.4125427589392823
  },
  "recsOutPerModule" : {
    "acc" : 4.959381366438434,
    "zip" : 4.846822485320446,
    "average" : 2.338174567306117,
    "distinctCount" : 2.3819727145935725,
    "blobUpload" : 4.802083369650163,
    "sink" : 4.68905252176311,
    "kalmanFilter" : 2.3441788651544964,
    "plt" : 4.922522955505368,
    "slidingLinearReg" : 2.3275703648149655,
    "source" : 2.423138499045332,
    "senMLParse" : 2.412396248293523
  },
  "remainingDataPerDevice" : {
    "acc" : 0,
    "zip" : 0,
    "average" : 0,
    "distinctCount" : 226000,
    "blobUpload" : 275000,
    "sink" : 0,
    "kalmanFilter" : 56000,
    "plt" : 0,
    "slidingLinearReg" : 10000,
    "source" : 0,
    "senMLParse" : 8000
  },
  "executionTime" : 3193.0,
  "networkUsage" : 684026.86,
  "tuplesSentBySensors" : 4800
}