{
  "placement" : {
    "acc" : "cloud-1-1-1-0-0-1-1",
    "average" : "cloud-0-0-1-1-0-1-0-0-0-0",
    "blobUpload" : "cloud-1-1-1-0-1-0",
    "distinctCount" : "cloud-1-1-0-0-0-1-1-0-0-0",
    "kalmanFilter" : "cloud-0-0-1-1-0-1-1-0-1-1",
    "plt" : "cloud-0-1-0-1-0-0-0-1-0-0",
    "senMLParse" : "cloud-1-1-1-0-1-1-0-1-1",
    "sink" : "cloud-0-1-1-0-1-0-0-1-0-1",
    "slidingLinearReg" : "cloud-1-0-1-0-0-0-0",
    "source" : "cloud-1-1-1-0-0-0-1-0-0-1",
    "zip" : "cloud-0-1-0-1-1-1-0-0-1"
  },
  "appLoopLatency" : 81.61232490636297,
  "latencyPerTupleType" : {
    "average_TUPLE" : 3.2418058386550492,
    "sink_TUPLE" : 3.2480746646060115,
    "slidingLinearReg_TUPLE" : 5.093371898658351,
    "acc_TUPLE" : 0.8258458367950591,
    "blobUpload_TUPLE" : 2.630680737754238,
    "kalmanFilter_TUPLE" : 3.2418058386550492,
    "plt_TUPLE" : 3.6068380992345497,
    "zip_TUPLE" : 24.03088730023706,
    "senMLParse_TUPLE" : 6.342230178787776,
    "distinctCount_TUPLE" : 32.43256334037421,
    "TUPLE" : 0.09524606060605453
  },
  "tuplesProcessedPerModule" : {
    "acc" : 9820,
    "zip" : 9562,
    "average" : 4694,
    "distinctCount" : 4694,
    "blobUpload" : 9562,
    "sink" : 9487,
    "kalmanFilter" : 4694,
    "plt" : 9668,
    "slidingLinearReg" : 4694,
    "source" : 4800,
    "senMLParse" : 4800
  },
  "recsInPerModule" : {
    "acc" : 4.91093565102957,
    "zip" : 4.870532960266179,
    "average" : 2.4052554202285887,
    "distinctCount" : 2.4038099278325853,
    "blobUpload" : 4.801889027260028,
    "sink" : 4.78108955545781,
    "kalmanFilter" : 2.4033285231570383,
    "plt" : 4.898460075518432,
    "slidingLinearReg" : 2.347507179317344,
    "source" : 2.423506804247802,
    "senMLParse" : 2.4198391737411233
  },
  "recsOutPerModule" : {
    "acc" : 4.9106435608949015,
    "zip" : 4.817132922329973,
    "average" : 2.3584764979747215,
    "distinctCount" : 2.3557122148973773,
    "blobUpload" : 4.7978833613936684,
    "sink" : 4.754594312376883,
    "kalmanFilter" : 2.356581990019612,
    "plt" : 4.887275800969328,
    "slidingLinearReg" : 2.347078567068124,
    "source" : 2.4235044867842546,
    "senMLParse" : 2.41300157550197
  },
  "remainingDataPerDevice" : {
    "acc" : 304000,
    "zip" : 0,
    "average" : 0,
    "distinctCount" : 20000,
    "blobUpload" : 0,
    "sink" : 0,
    "kalmanFilter" : 0,
    "plt" : 0,
    "slidingLinearReg" : 72000,
    "source" : 0,
    "senMLParse" : 0
  },
  "executionTime" : 3414.0,
  "networkUsage" : 602282.34,
  "tuplesSentBySensors" : 4800
}