{
  "placement" : {
    "acc" : "cloud-1-1-0-0-1-0-1-0-0",
    "average" : "cloud-0-1-0-0-0-1-0-0-1-1",
    "blobUpload" : "cloud-0-0-0-0-0-1-1-1",
    "distinctCount" : "cloud-1-1-1-0-0-0-1-1-0-1",
    "kalmanFilter" : "cloud-0-0-1-1-0-1-1-1-1-1",
    "plt" : "cloud-1-0-1-1-1-0-1-1",
    "senMLParse" : "cloud-0-0-0-0-0-0-0-0-0",
    "sink" : "cloud-0-0-1-1-0-1-0-0-0-1",
    "slidingLinearReg" : "cloud-1-0-0-1-1-0-1",
    "source" : "cloud-0-1-1-0-0-1-0-1-0-1",
    "zip" : "cloud-0-0-1-1-0-0-1-0"
  },
  "appLoopLatency" : 80.1021071476692,
  "latencyPerTupleType" : {
    "average_TUPLE" : 14.602911768681322,
    "sink_TUPLE" : 7.012587693994154,
    "acc_TUPLE" : 0.8559578844708641,
    "slidingLinearReg_TUPLE" : 7.271112222220376,
    "blobUpload_TUPLE" : 2.6206727104572516,
    "kalmanFilter_TUPLE" : 28.922880640045975,
    "plt_TUPLE" : 3.3885210744699976,
    "zip_TUPLE" : 17.238184964169214,
    "senMLParse_TUPLE" : 0.12281759999993316,
    "distinctCount_TUPLE" : 3.9535480152620925,
    "TUPLE" : 0.0956533333333259
  },
  "tuplesProcessedPerModule" : {
    "acc" : 9789,
    "zip" : 9669,
    "average" : 4666,
    "distinctCount" : 4660,
    "blobUpload" : 9543,
    "sink" : 9475,
    "kalmanFilter" : 4658,
    "plt" : 9669,
    "slidingLinearReg" : 4650,
    "source" : 4800,
    "senMLParse" : 4800
  },
  "recsInPerModule" : {
    "acc" : 4.906596541569531,
    "zip" : 4.854404894591572,
    "average" : 2.341567102678723,
    "distinctCount" : 2.330713684492022,
    "blobUpload" : 4.828325949974685,
    "sink" : 4.778075539197123,
    "kalmanFilter" : 2.341567100337089,
    "plt" : 4.8741830000468465,
    "slidingLinearReg" : 2.347158308105991,
    "source" : 2.419719504098652,
    "senMLParse" : 2.405886948735615
  },
  "recsOutPerModule" : {
    "acc" : 4.9032786486712885,
    "zip" : 4.84858292523561,
    "average" : 2.3335955934910793,
    "distinctCount" : 2.3302136386468186,
    "blobUpload" : 4.791510737798376,
    "sink" : 4.744029147440229,
    "kalmanFilter" : 2.3295945699975964,
    "plt" : 4.872262754628055,
    "slidingLinearReg" : 2.336719778323955,
    "source" : 2.419591177725294,
    "senMLParse" : 2.405753805289805
  },
  "remainingDataPerDevice" : {
    "acc" : 240000,
    "zip" : 44000,
    "average" : 6000,
    "distinctCount" : 20000,
    "blobUpload" : 0,
    "sink" : 0,
    "kalmanFilter" : 16000,
    "plt" : 0,
    "slidingLinearReg" : 0,
    "source" : 0,
    "senMLParse" : 746000
  },
  "executionTime" : 3500.0,
  "networkUsage" : 547677.45,
  "tuplesSentBySensors" : 4800
}