{
  "placement" : {
    "acc" : "cloud-0-1-0-1-1-1",
    "average" : "cloud-1-1-0-1-0",
    "blobUpload" : "cloud-0-1-0-1-0-0-1-0",
    "distinctCount" : "cloud-0-1-0-1-0-0-0-0-0-0",
    "kalmanFilter" : "cloud-0-1-0-0-0-0-0-0-1",
    "plt" : "cloud-1-0-1-1-1-1-0-1-0-0",
    "senMLParse" : "cloud-1-1-1-0-0-0-1-1",
    "sink" : "cloud-0-0-0-0-0-1-0-0-1-1",
    "slidingLinearReg" : "cloud-0-0-1-1-1-1-0",
    "source" : "cloud-0-0",
    "zip" : "cloud-0-1-0-0-0-0"
  },
  "appLoopLatency" : 52.78021749954054,
  "latencyPerTupleType" : {
    "average_TUPLE" : 16.785250496692402,
    "sink_TUPLE" : 4.035548256660035,
    "acc_TUPLE" : 0.7271146386809423,
    "slidingLinearReg_TUPLE" : 3.866046395384775,
    "blobUpload_TUPLE" : 13.386951521702406,
    "kalmanFilter_TUPLE" : 3.343950606060827,
    "plt_TUPLE" : 1.762046844810009,
    "zip_TUPLE" : 1.5340068929702213,
    "senMLParse_TUPLE" : 0.21782812323226033,
    "distinctCount_TUPLE" : 4.677152494949686,
    "TUPLE" : 0.09729202020201592
  },
  "tuplesProcessedPerModule" : {
    "acc" : 9810,
    "zip" : 9741,
    "average" : 4713,
    "distinctCount" : 4800,
    "blobUpload" : 9740,
    "sink" : 9529,
    "kalmanFilter" : 4800,
    "plt" : 9747,
    "slidingLinearReg" : 4717,
    "source" : 4800,
    "senMLParse" : 4800
  },
  "recsInPerModule" : {
    "acc" : 4.9054879709631685,
    "zip" : 4.87201145363583,
    "average" : 2.416283505698316,
    "distinctCount" : 2.408886504767819,
    "blobUpload" : 4.931448468534503,
    "sink" : 4.8368542129133525,
    "kalmanFilter" : 2.4103380866826822,
    "plt" : 4.87409801748651,
    "slidingLinearReg" : 2.360834999989112,
    "source" : 2.4265697252061447,
    "senMLParse" : 2.4208155044394637
  },
  "recsOutPerModule" : {
    "acc" : 4.905196231409064,
    "zip" : 4.871717029392163,
    "average" : 2.3606052597562552,
    "distinctCount" : 2.4031127539527892,
    "blobUpload" : 4.882012344713753,
    "sink" : 4.824195845866625,
    "kalmanFilter" : 2.406038903007431,
    "plt" : 4.873752750971548,
    "slidingLinearReg" : 2.359339272423674,
    "source" : 2.426444736637342,
    "senMLParse" : 2.420670299357059
  },
  "remainingDataPerDevice" : {
    "acc" : 126000,
    "zip" : 2000,
    "average" : 14000,
    "distinctCount" : 198000,
    "blobUpload" : 460000,
    "sink" : 0,
    "kalmanFilter" : 166000,
    "plt" : 12000,
    "slidingLinearReg" : 102000,
    "source" : 0,
    "senMLParse" : 0
  },
  "executionTime" : 2924.0,
  "networkUsage" : 592834.36,
  "tuplesSentBySensors" : 4800
}