{
  "placement" : {
    "acc" : "cloud-1-1-0-0-0-1-0-0-0",
    "average" : "cloud-0-0-0-0-1-1-1-0-1",
    "blobUpload" : "cloud-1-0-0-1-1-0-1-1",
    "distinctCount" : "cloud-1-0-0-0-1-1-1-0-1",
    "kalmanFilter" : "cloud-0-0-0-0-0-0-1",
    "plt" : "cloud-1-0-0-1-1-0-1-1-0",
    "senMLParse" : "cloud-1-0-1-0-0-0-0-0-1-1",
    "sink" : "cloud-1-1-1-0-1-1-1-0-1",
    "slidingLinearReg" : "cloud-1-1-0-1-1-1-0-1-0-0",
    "source" : "cloud-0-1-0-1-1-1-0",
    "zip" : "cloud-1-1-1-1-1-0-0"
  },
  "appLoopLatency" : 55.57373941606522,
  "latencyPerTupleType" : {
    "average_TUPLE" : 1.727109477777779,
    "sink_TUPLE" : 2.271837328293103,
    "acc_TUPLE" : 1.0715977844937221,
    "slidingLinearReg_TUPLE" : 6.684623060521153,
    "blobUpload_TUPLE" : 1.8349222002678016,
    "kalmanFilter_TUPLE" : 10.739466736827161,
    "plt_TUPLE" : 3.9832848585420586,
    "zip_TUPLE" : 3.2767757152299746,
    "senMLParse_TUPLE" : 0.11698449999993485,
    "distinctCount_TUPLE" : 4.572725153459419,
    "TUPLE" : 0.09958388888887952
  },
  "tuplesProcessedPerModule" : {
    "acc" : 9787,
    "zip" : 9777,
    "average" : 4800,
    "distinctCount" : 4707,
    "blobUpload" : 9652,
    "sink" : 9652,
    "kalmanFilter" : 4675,
    "plt" : 9777,
    "slidingLinearReg" : 4653,
    "source" : 4800,
    "senMLParse" : 4800
  },
  "recsInPerModule" : {
    "acc" : 4.895665781930373,
    "zip" : 4.907991645166096,
    "average" : 2.403585389868701,
    "distinctCount" : 2.4041873297969354,
    "blobUpload" : 4.873836271373665,
    "sink" : 4.856607097694343,
    "kalmanFilter" : 2.403465034681595,
    "plt" : 4.936333485377392,
    "slidingLinearReg" : 2.3276638676246586,
    "source" : 2.4233844482332265,
    "senMLParse" : 2.413386799146943
  },
  "recsOutPerModule" : {
    "acc" : 4.893963745405079,
    "zip" : 4.896108480918141,
    "average" : 2.4011424033086484,
    "distinctCount" : 2.3580847916402132,
    "blobUpload" : 4.868366528569411,
    "sink" : 4.849880966355656,
    "kalmanFilter" : 2.3413498515135207,
    "plt" : 4.92431285116024,
    "slidingLinearReg" : 2.3274702557698754,
    "source" : 2.4232557328456474,
    "senMLParse" : 2.413252824336617
  },
  "remainingDataPerDevice" : {
    "acc" : 20000,
    "zip" : 250000,
    "average" : 20000,
    "distinctCount" : 86000,
    "blobUpload" : 0,
    "sink" : 0,
    "kalmanFilter" : 44000,
    "plt" : 0,
    "slidingLinearReg" : 6000,
    "source" : 0,
    "senMLParse" : 0
  },
  "executionTime" : 2693.0,
  "networkUsage" : 540950.22,
  "tuplesSentBySensors" : 4800
}