{
  "placement" : {
    "acc" : "cloud-0-1-0-1-0-1-0-1-0",
    "average" : "cloud-1-0-1-0-1-0-0",
    "blobUpload" : "cloud-1-1-0-0-0-0-0-1-1-1",
    "distinctCount" : "cloud-0-0-0-1-1-0-1-0-1-1",
    "kalmanFilter" : "cloud-0-0-1-1-1-0-1-1",
    "plt" : "cloud-0-0-0-0-0-1-1-1-1",
    "senMLParse" : "cloud-0-1-1-1-1-1-1-1-1-0",
    "sink" : "cloud-1-1-1-0-0-0-1-1-1",
    "slidingLinearReg" : "cloud-1-1-1-0-0-0-0-0",
    "source" : "cloud-0-1-0-0-1-0-1-1-1",
    "zip" : "cloud-0-0-1-1-0-0-1-0-1-1"
  },
  "appLoopLatency" : 63.51526335571065,
  "latencyPerTupleType" : {
    "average_TUPLE" : 2.5791509916385986,
    "sink_TUPLE" : 6.590398548647989,
    "slidingLinearReg_TUPLE" : 2.4936636935667913,
    "acc_TUPLE" : 1.1053074658063375,
    "blobUpload_TUPLE" : 1.680797636242656,
    "kalmanFilter_TUPLE" : 23.5114808919483,
    "plt_TUPLE" : 2.7981483870816684,
    "zip_TUPLE" : 2.792992703727129,
    "senMLParse_TUPLE" : 4.638965588888861,
    "distinctCount_TUPLE" : 2.913055730656514,
    "TUPLE" : 0.09972277777776534
  },
  "tuplesProcessedPerModule" : {
    "acc" : 9782,
    "zip" : 9663,
    "average" : 4706,
    "distinctCount" : 4706,
    "blobUpload" : 9663,
    "sink" : 9522,
    "kalmanFilter" : 4677,
    "plt" : 9757,
    "slidingLinearReg" : 4659,
    "source" : 4800,
    "senMLParse" : 4800
  },
  "recsInPerModule" : {
    "acc" : 4.8920101216430645,
    "zip" : 4.8573360245207855,
    "average" : 2.400590969482914,
    "distinctCount" : 2.359132346314503,
    "blobUpload" : 4.832283418500597,
    "sink" : 4.792334426103611,
    "kalmanFilter" : 2.401071277968537,
    "plt" : 4.887502357387987,
    "slidingLinearReg" : 2.3314804935913855,
    "source" : 2.423139773264792,
    "senMLParse" : 2.415572941090094
  },
  "recsOutPerModule" : {
    "acc" : 4.891203730122278,
    "zip" : 4.856814454214554,
    "average" : 2.3596942815990616,
    "distinctCount" : 2.3588461283256494,
    "blobUpload" : 4.831890763718144,
    "sink" : 4.790335362126929,
    "kalmanFilter" : 2.339550356729656,
    "plt" : 4.878556643147212,
    "slidingLinearReg" : 2.3312787637540127,
    "source" : 2.423011083866492,
    "senMLParse" : 2.4095151189828434
  },
  "remainingDataPerDevice" : {
    "acc" : 50000,
    "zip" : 0,
    "average" : 2000,
    "distinctCount" : 64000,
    "blobUpload" : 705000,
    "sink" : 0,
    "kalmanFilter" : 36000,
    "plt" : 188000,
    "slidingLinearReg" : 18000,
    "source" : 0,
    "senMLParse" : 188000
  },
  "executionTime" : 3473.0,
  "networkUsage" : 664734.27,
  "tuplesSentBySensors" : 4800
}