{
  "placement" : {
    "acc" : "cloud-0-1-1-1-1-0-0-1-1",
    "average" : "cloud-0-1-0-1-1-1-0-0-1-1",
    "blobUpload" : "cloud-0-0-1-1-0-0-1-0-0-0",
    "distinctCount" : "cloud-1-0-0-0-1-0-1-0-1",
    "kalmanFilter" : "cloud-1-1-0-0-1-1-1-0-0-0",
    "plt" : "cloud-1-1-0-1-1-1-0-1-1",
    "senMLParse" : "cloud-0-1-0-1-1-0-1-0-0-1",
    "sink" : "cloud-1-0-1-0-0-1-0-1-0",
    "slidingLinearReg" : "cloud-1-0-1-1-1-0-0-0-0-0",
    "source" : "cloud-0-0-1-0-1-1-0-0",
    "zip" : "cloud-0-1-1-0-0-1-0-0"
  },
  "appLoopLatency" : 85.9880264506334,
  "latencyPerTupleType" : {
    "average_TUPLE" : 1.570974088884791,
    "sink_TUPLE" : 30.660963477890306,
    "slidingLinearReg_TUPLE" : 2.8532364875218836,
    "acc_TUPLE" : 1.1297569309427942,
    "blobUpload_TUPLE" : 4.662216949775632,
    "kalmanFilter_TUPLE" : 33.3244465034162,
    "plt_TUPLE" : 5.80940060803163,
    "zip_TUPLE" : 8.110787713104184,
    "senMLParse_TUPLE" : 5.41173585000008,
    "distinctCount_TUPLE" : 31.328611364839915,
    "TUPLE" : 0.09808277777777939
  },
  "tuplesProcessedPerModule" : {
    "acc" : 9661,
    "zip" : 9534,
    "average" : 4800,
    "distinctCount" : 4698,
    "blobUpload" : 9534,
    "sink" : 9224,
    "kalmanFilter" : 4688,
    "plt" : 9534,
    "slidingLinearReg" : 4661,
    "source" : 4800,
    "senMLParse" : 4800
  },
  "recsInPerModule" : {
    "acc" : 4.831463634213979,
    "zip" : 4.807478071131628,
    "average" : 2.404904003487411,
    "distinctCount" : 2.355113225688974,
    "blobUpload" : 4.783558146169061,
    "sink" : 4.707890750130775,
    "kalmanFilter" : 2.4005741167046692,
    "plt" : 4.831056465309581,
    "slidingLinearReg" : 2.3322319398833637,
    "source" : 2.4243636424245456,
    "senMLParse" : 2.4164279843630863
  },
  "recsOutPerModule" : {
    "acc" : 4.831176268310238,
    "zip" : 4.8062259198884325,
    "average" : 2.4022260662245403,
    "distinctCount" : 2.3525383543281797,
    "blobUpload" : 4.774634500474184,
    "sink" : 4.639487075073762,
    "kalmanFilter" : 2.344567826388118,
    "plt" : 4.829884683168218,
    "slidingLinearReg" : 2.3322795325874273,
    "source" : 2.4242386491233154,
    "senMLParse" : 2.409861655345721
  },
  "remainingDataPerDevice" : {
    "acc" : 254000,
    "zip" : 0,
    "average" : 20000,
    "distinctCount" : 64000,
    "blobUpload" : 870000,
    "sink" : 0,
    "kalmanFilter" : 48000,
    "plt" : 0,
    "slidingLinearReg" : 226000,
    "source" : 0,
    "senMLParse" : 204000
  },
  "executionTime" : 5042.0,
  "networkUsage" : 697856.7,
  "tuplesSentBySensors" : 4800
}