{
  "placement" : {
    "acc" : "cloud-0-1-1-0-1-0-1-0-0",
    "average" : "cloud-0-0-0-0-1-1-1-0-0",
    "blobUpload" : "cloud-1-1-1-1-0-0-1-1-1-0",
    "distinctCount" : "cloud-1-1-0-0-0-0-1-1-1-0",
    "kalmanFilter" : "cloud-0-1-0-1-1-0-0-1-1",
    "plt" : "cloud-0-0-0-1-0-1-0-0-1-1",
    "senMLParse" : "cloud-1-1-1-0-1-0-0-0-0-0",
    "sink" : "cloud-1-1-1-0-0-1-1-1-1",
    "slidingLinearReg" : "cloud-1-0-0-0-0-1-1-0-0-1",
    "source" : "cloud-0-1-0-1-1-0-0-1-1-0",
    "zip" : "cloud-0-0-0-1-0-0-0-0-0-0"
  },
  "appLoopLatency" : 85.25571983878115,
  "latencyPerTupleType" : {
    "average_TUPLE" : 0.22285151844904477,
    "sink_TUPLE" : 9.986204893558565,
    "slidingLinearReg_TUPLE" : 7.134174362220518,
    "acc_TUPLE" : 0.5517065843085986,
    "blobUpload_TUPLE" : 4.818838590071976,
    "kalmanFilter_TUPLE" : 9.29328093457337,
    "plt_TUPLE" : 19.43548832015025,
    "zip_TUPLE" : 4.716825592520166,
    "senMLParse_TUPLE" : 0.20348539444446603,
    "distinctCount_TUPLE" : 0.43867913222224614,
    "TUPLE" : 0.0983200000000012
  },
  "tuplesProcessedPerModule" : {
    "acc" : 9740,
    "zip" : 9620,
    "average" : 4797,
    "distinctCount" : 4800,
    "blobUpload" : 9593,
    "sink" : 9473,
    "kalmanFilter" : 4680,
    "plt" : 9620,
    "slidingLinearReg" : 4650,
    "source" : 4800,
    "senMLParse" : 4800
  },
  "recsInPerModule" : {
    "acc" : 4.927986561827926,
    "zip" : 4.833280944688504,
    "average" : 2.399565077404682,
    "distinctCount" : 2.4005726788178294,
    "blobUpload" : 4.808597225519388,
    "sink" : 4.764125302563462,
    "kalmanFilter" : 2.3998050620195817,
    "plt" : 4.904070558859655,
    "slidingLinearReg" : 2.374731401074942,
    "source" : 2.421794943594882,
    "senMLParse" : 2.4103620958315126
  },
  "recsOutPerModule" : {
    "acc" : 4.9249058242118,
    "zip" : 4.83030806121773,
    "average" : 2.398590044069667,
    "distinctCount" : 2.4005039401926687,
    "blobUpload" : 4.7974260093083485,
    "sink" : 4.745467548241306,
    "kalmanFilter" : 2.341872321651948,
    "plt" : 4.844966459110003,
    "slidingLinearReg" : 2.3640467370367824,
    "source" : 2.4216714876918655,
    "senMLParse" : 2.410215849915805
  },
  "remainingDataPerDevice" : {
    "acc" : 0,
    "zip" : 54000,
    "average" : 22000,
    "distinctCount" : 300000,
    "blobUpload" : 600000,
    "sink" : 0,
    "kalmanFilter" : 60000,
    "plt" : 0,
    "slidingLinearReg" : 0,
    "source" : 0,
    "senMLParse" : 4000
  },
  "executionTime" : 3042.0,
  "networkUsage" : 668484.84,
  "tuplesSentBySensors" : 4800
}