{
  "placement" : {
    "acc" : "cloud-1-0-0-1-1-1-1-1",
    "average" : "cloud-1-1-1-0-1-0-1",
    "blobUpload" : "cloud-0-0-1-1-1-0-0-0-0",
    "distinctCount" : "cloud-0-1-1-1-1-0-0-1-0-0",
    "kalmanFilter" : "cloud-1-0-1-1-0-1-0-1-1-0",
    "plt" : "cloud-1-1-0-0-0-1-0-1-1-1",
    "senMLParse" : "cloud-0-1-0-0-1-1-1-1-0",
    "sink" : "cloud-1-1-1-0-0-0-1-0-1",
    "slidingLinearReg" : "cloud-0-0-1-1-0-1-1-1-1",
    "source" : "cloud-0-1-1-0-1-0-0-0",
    "zip" : "cloud-0-1-0-1-1-1-0-1-0"
  },
  "appLoopLatency" : 89.6240254464961,
  "latencyPerTupleType" : {
    "average_TUPLE" : 2.621868468858502,
    "sink_TUPLE" : 7.218029241077613,
    "acc_TUPLE" : 0.5606763361914359,
    "slidingLinearReg_TUPLE" : 27.73843749531527,
    "blobUpload_TUPLE" : 17.708641647201798,
    "kalmanFilter_TUPLE" : 5.770447991203864,
    "plt_TUPLE" : 4.194084709779389,
    "zip_TUPLE" : 18.452138283164935,
    "senMLParse_TUPLE" : 5.066576435555592,
    "distinctCount_TUPLE" : 1.8136255615788586,
    "TUPLE" : 0.09499361111110226
  },
  "tuplesProcessedPerModule" : {
    "acc" : 9724,
    "zip" : 9653,
    "average" : 4701,
    "distinctCount" : 4701,
    "blobUpload" : 9424,
    "sink" : 9424,
    "kalmanFilter" : 4701,
    "plt" : 9685,
    "slidingLinearReg" : 4653,
    "source" : 4800,
    "senMLParse" : 4800
  },
  "recsInPerModule" : {
    "acc" : 4.863550309780294,
    "zip" : 4.900688074408705,
    "average" : 2.356033967832975,
    "distinctCount" : 2.3562701023621426,
    "blobUpload" : 4.775022208843461,
    "sink" : 4.7447966699903095,
    "kalmanFilter" : 2.354264089045678,
    "plt" : 4.927449969613078,
    "slidingLinearReg" : 2.32923049346784,
    "source" : 2.423751553347024,
    "senMLParse" : 2.414970350285797
  },
  "recsOutPerModule" : {
    "acc" : 4.86281786639561,
    "zip" : 4.835559177938953,
    "average" : 2.3556923037778343,
    "distinctCount" : 2.3559982514303206,
    "blobUpload" : 4.76471855624318,
    "sink" : 4.7335110888913325,
    "kalmanFilter" : 2.3536550877864197,
    "plt" : 4.923859300105511,
    "slidingLinearReg" : 2.327080557148547,
    "source" : 2.4236278978842254,
    "senMLParse" : 2.408600761462756
  },
  "remainingDataPerDevice" : {
    "acc" : 78000,
    "zip" : 256000,
    "average" : 2000,
    "distinctCount" : 26000,
    "blobUpload" : 0,
    "sink" : 0,
    "kalmanFilter" : 86000,
    "plt" : 0,
    "slidingLinearReg" : 204000,
    "source" : 0,
    "senMLParse" : 594000
  },
  "executionTime" : 4584.0,
  "networkUsage" : 660277.94,
  "tuplesSentBySensors" : 4800
}