{
  "placement" : {
    "acc" : "cloud-1-1-1-0-0-1-1-0-1-0",
    "average" : "cloud-0-0-0-1-0-0-0-1-0-1",
    "blobUpload" : "cloud-1-1-1-1-1-1-0-0-0-1",
    "distinctCount" : "cloud-0-0-0-1-1-0-1",
    "kalmanFilter" : "cloud-1-0-1-0-0-0-0-1-1-0",
    "plt" : "cloud-0-0-1-0-1-0-1-0-1-1",
    "senMLParse" : "cloud-1-1-0-0-1-1-0-1-0-1",
    "sink" : "cloud-0-1-1-1-1-0-1-1",
    "slidingLinearReg" : "cloud-0-0-1-1-0-0-1-1-0-0",
    "source" : "cloud-1-1-1-0-1-1-1-1-1-1",
    "zip" : "cloud-1-1-1-0-0-1-1-1-1-1"
  },
  "appLoopLatency" : 93.30661531628681,
  "latencyPerTupleType" : {
    "average_TUPLE" : 33.46544890356916,
    "sink_TUPLE" : 7.4926683484919705,
    "acc_TUPLE" : 3.152140312955859,
    "slidingLinearReg_TUPLE" : 3.2258224515852523,
    "blobUpload_TUPLE" : 6.3263636862216925,
    "kalmanFilter_TUPLE" : 35.89338982323067,
    "plt_TUPLE" : 6.707830963646506,
    "zip_TUPLE" : 7.354021347841367,
    "senMLParse_TUPLE" : 6.364643622222167,
    "distinctCount_TUPLE" : 33.64238522511428,
    "TUPLE" : 0.09560527777776852
  },
  "tuplesProcessedPerModule" : {
    "acc" : 9520,
    "zip" : 9520,
    "average" : 4694,
    "distinctCount" : 4694,
    "blobUpload" : 9370,
    "sink" : 9208,
    "kalmanFilter" : 4667,
    "plt" : 9520,
    "slidingLinearReg" : 4544,
    "source" : 4800,
    "senMLParse" : 4800
  },
  "recsInPerModule" : {
    "acc" : 4.815755447201874,
    "zip" : 4.789212908411275,
    "average" : 2.349465523246432,
    "distinctCount" : 2.3509952283937405,
    "blobUpload" : 4.728895006933077,
    "sink" : 4.696789246156796,
    "kalmanFilter" : 2.351230775266631,
    "plt" : 4.823634054143153,
    "slidingLinearReg" : 2.3253342202874885,
    "source" : 2.4226505715184117,
    "senMLParse" : 2.414722304319054
  },
  "recsOutPerModule" : {
    "acc" : 4.845732687848579,
    "zip" : 4.773962554249963,
    "average" : 2.348858097473497,
    "distinctCount" : 2.3493454357333716,
    "blobUpload" : 4.714057995457828,
    "sink" : 4.692590405935511,
    "kalmanFilter" : 2.3385266103320603,
    "plt" : 4.809544224015898,
    "slidingLinearReg" : 2.3263052682432854,
    "source" : 2.4226442030067328,
    "senMLParse" : 2.4079135517030226
  },
  "remainingDataPerDevice" : {
    "acc" : 0,
    "zip" : 300000,
    "average" : 28000,
    "distinctCount" : 84000,
    "blobUpload" : 0,
    "sink" : 0,
    "kalmanFilter" : 34000,
    "plt" : 0,
    "slidingLinearReg" : 0,
    "source" : 0,
    "senMLParse" : 636000
  },
  "executionTime" : 4092.0,
  "networkUsage" : 687579.46,
  "tuplesSentBySensors" : 4800
}