{
  "placement" : {
    "acc" : "cloud-0-1-1-0-1-1",
    "average" : "cloud-0-0-1-0-0-1-1-0-0",
    "blobUpload" : "cloud-1-0-1-0-1-0-1-0-0",
    "distinctCount" : "cloud-0-1-1-1-0",
    "kalmanFilter" : "cloud-1-1-1-1-0-0-1-0-0",
    "plt" : "cloud-1-0-1-1-1-0-0-1-1-1",
    "senMLParse" : "cloud-0-0-1-1-0-0-1-0-0",
    "sink" : "cloud-0-0-0-0-1-1-0-1-1",
    "slidingLinearReg" : "cloud-0-1-1-0-1-1-1-0-1",
    "source" : "cloud-1-0-0-1-0-0-0-0-0-0",
    "zip" : "cloud-1-1-0-0-1-0-1-0-1-1"
  },
  "appLoopLatency" : 60.39769131182775,
  "latencyPerTupleType" : {
    "average_TUPLE" : 1.5522845806060472,
    "sink_TUPLE" : 4.946536575725968,
    "acc_TUPLE" : 1.1912884210383292,
    "slidingLinearReg_TUPLE" : 2.1324679744596855,
    "blobUpload_TUPLE" : 1.9735965369378652,
    "kalmanFilter_TUPLE" : 2.4118636941201186,
    "plt_TUPLE" : 1.2075756141668081,
    "zip_TUPLE" : 16.96624735489776,
    "senMLParse_TUPLE" : 0.23551383333327314,
    "distinctCount_TUPLE" : 4.460766579126003,
    "TUPLE" : 0.09844583333332786
  },
  "tuplesProcessedPerModule" : {
    "acc" : 9808,
    "zip" : 9754,
    "average" : 4800,
    "distinctCount" : 4714,
    "blobUpload" : 9655,
    "sink" : 9521,
    "kalmanFilter" : 4711,
    "plt" : 9757,
    "slidingLinearReg" : 4651,
    "source" : 4800,
    "senMLParse" : 4800
  },
  "recsInPerModule" : {
    "acc" : 4.907742867017389,
    "zip" : 4.9352965068264645,
    "average" : 2.4018639809536033,
    "distinctCount" : 2.4022245896901815,
    "blobUpload" : 4.8386813165012095,
    "sink" : 4.807903749272229,
    "kalmanFilter" : 2.3856180487307146,
    "plt" : 4.880439487465726,
    "slidingLinearReg" : 2.3271654134321906,
    "source" : 2.421306284651793,
    "senMLParse" : 2.4095100792684643
  },
  "recsOutPerModule" : {
    "acc" : 4.905614830289835,
    "zip" : 4.885853943975193,
    "average" : 2.4001061754606074,
    "distinctCount" : 2.359184739542347,
    "blobUpload" : 4.831679333149515,
    "sink" : 4.807546030010955,
    "kalmanFilter" : 2.3557343849705,
    "plt" : 4.880144528183614,
    "slidingLinearReg" : 2.326971801273104,
    "source" : 2.4212999232056984,
    "senMLParse" : 2.4093387415224656
  },
  "remainingDataPerDevice" : {
    "acc" : 102000,
    "zip" : 198000,
    "average" : 20000,
    "distinctCount" : 14000,
    "blobUpload" : 670000,
    "sink" : 0,
    "kalmanFilter" : 120000,
    "plt" : 6000,
    "slidingLinearReg" : 2000,
    "source" : 0,
    "senMLParse" : 58000
  },
  "executionTime" : 3136.0,
  "networkUsage" : 664672.92,
  "tuplesSentBySensors" : 4800
}