{
  "placement" : {
    "acc" : "cloud-0-1-1-0-0-0-0-0-0-0",
    "average" : "cloud-1-1-0-1-0-0-0",
    "blobUpload" : "cloud-0-0-0-0-1-1-0-1-0-1",
    "distinctCount" : "cloud-1-1-0-0-0-0-1-0-1",
    "kalmanFilter" : "cloud-0-1-0-0-0-0-0-1-1-0",
    "plt" : "cloud-0-0-0-1-0-0-1-1-1-0",
    "senMLParse" : "cloud-0-1-0-0-1-0-0-1-0-0",
    "sink" : "cloud-1-0-0-1-0-0-0-1-1-0",
    "slidingLinearReg" : "cloud-0-0-1-0-1-0-1-1-1-1",
    "source" : "cloud-1-1-0-0-1-0-1-0-1",
    "zip" : "cloud-1-1-0-0-1-0-0"
  },
  "appLoopLatency" : 68.26291242027952,
  "latencyPerTupleType" : {
    "average_TUPLE" : 2.25213673404063,
    "sink_TUPLE" : 1.3309096132884717,
    "slidingLinearReg_TUPLE" : 2.6183654494082984,
    "acc_TUPLE" : 0.3401434612631954,
    "blobUpload_TUPLE" : 2.121384467431659,
    "kalmanFilter_TUPLE" : 3.401247796767909,
    "plt_TUPLE" : 1.8889742134377165,
    "zip_TUPLE" : 2.083800625078678,
    "senMLParse_TUPLE" : 0.2114180317172101,
    "distinctCount_TUPLE" : 5.30007613350485,
    "TUPLE" : 0.0953900000000013
  },
  "tuplesProcessedPerModule" : {
    "acc" : 9761,
    "zip" : 9759,
    "average" : 4800,
    "distinctCount" : 4706,
    "blobUpload" : 9759,
    "sink" : 9594,
    "kalmanFilter" : 4800,
    "plt" : 9759,
    "slidingLinearReg" : 4666,
    "source" : 4800,
    "senMLParse" : 4800
  },
  "recsInPerModule" : {
    "acc" : 4.882997999984889,
    "zip" : 4.924638883077917,
    "average" : 2.403556009895405,
    "distinctCount" : 2.400670888340122,
    "blobUpload" : 4.8980473863524265,
    "sink" : 4.817862226826398,
    "kalmanFilter" : 2.405483223691267,
    "plt" : 4.951853183217377,
    "slidingLinearReg" : 2.336115585742923,
    "source" : 2.422895147698174,
    "senMLParse" : 2.4127840350739755
  },
  "recsOutPerModule" : {
    "acc" : 4.882741015997147,
    "zip" : 4.9170503375450645,
    "average" : 2.401386094371026,
    "distinctCount" : 2.3536578207396004,
    "blobUpload" : 4.890540508606872,
    "sink" : 4.8167384725566755,
    "kalmanFilter" : 2.4018020769565314,
    "plt" : 4.944854347513783,
    "slidingLinearReg" : 2.3331154396355593,
    "source" : 2.4228925997751167,
    "senMLParse" : 2.4126168247755095
  },
  "remainingDataPerDevice" : {
    "acc" : 4000,
    "zip" : 0,
    "average" : 16000,
    "distinctCount" : 112000,
    "blobUpload" : 825000,
    "sink" : 0,
    "kalmanFilter" : 256000,
    "plt" : 0,
    "slidingLinearReg" : 32000,
    "source" : 0,
    "senMLParse" : 0
  },
  "executionTime" : 2763.0,
  "networkUsage" : 736140.48,
  "tuplesSentBySensors" : 4800
}