{
  "placement" : {
    "acc" : "cloud-1-1-1-1-0-1-1-1-1-1",
    "average" : "cloud-1-1-1-1-0",
    "blobUpload" : "cloud-0-1-0-1-1-1-0-0-1",
    "distinctCount" : "cloud-0-1-0-0-1-1-0-1-0",
    "kalmanFilter" : "cloud-0-0-0-0-0-1-0-0-1-0",
    "plt" : "cloud-0-0-0-0-0-0-0-0-0",
    "senMLParse" : "cloud-1-1-0-1-1-0-0-1-0-0",
    "sink" : "cloud-0-1-1-0-1-0-0-0-1-1",
    "slidingLinearReg" : "cloud-0-1-0-1-0-0-1",
    "source" : "cloud-1-1-1-1-0-0-1-0-0",
    "zip" : "cloud-0-1-1-1-0-0-0-0-1-1"
  },
  "appLoopLatency" : 70.1584120781248,
  "latencyPerTupleType" : {
    "average_TUPLE" : 0.28158255212143346,
    "sink_TUPLE" : 5.792032988626234,
    "acc_TUPLE" : 0.5605581580221188,
    "slidingLinearReg_TUPLE" : 7.052837167406034,
    "blobUpload_TUPLE" : 12.905611856151502,
    "kalmanFilter_TUPLE" : 10.7891717807618,
    "plt_TUPLE" : 2.293345755318718,
    "zip_TUPLE" : 3.833708724481736,
    "senMLParse_TUPLE" : 0.19694075232326405,
    "distinctCount_TUPLE" : 19.435115064113138,
    "TUPLE" : 0.09431361111109945
  },
  "tuplesProcessedPerModule" : {
    "acc" : 9769,
    "zip" : 9631,
    "average" : 4800,
    "distinctCount" : 4666,
    "blobUpload" : 9517,
    "sink" : 9517,
    "kalmanFilter" : 4675,
    "plt" : 9752,
    "slidingLinearReg" : 4651,
    "source" : 4800,
    "senMLParse" : 4800
  },
  "recsInPerModule" : {
    "acc" : 4.886329270916631,
    "zip" : 4.8335981346720445,
    "average" : 2.404279616569998,
    "distinctCount" : 2.3993118614106206,
    "blobUpload" : 4.789886382855388,
    "sink" : 4.766414485986667,
    "kalmanFilter" : 2.3971905009880436,
    "plt" : 4.898050329621154,
    "slidingLinearReg" : 2.3270074856032372,
    "source" : 2.421428430899243,
    "senMLParse" : 2.4115730884072675
  },
  "recsOutPerModule" : {
    "acc" : 4.8860721469048265,
    "zip" : 4.8218611753700875,
    "average" : 2.4041090218557732,
    "distinctCount" : 2.333303351655127,
    "blobUpload" : 4.784628711571463,
    "sink" : 4.763916500049928,
    "kalmanFilter" : 2.3380833044382707,
    "plt" : 4.8916112930241376,
    "slidingLinearReg" : 2.326806183410731,
    "source" : 2.4214271584789815,
    "senMLParse" : 2.411406045902462
  },
  "remainingDataPerDevice" : {
    "acc" : 34000,
    "zip" : 228000,
    "average" : 0,
    "distinctCount" : 30000,
    "blobUpload" : 0,
    "sink" : 0,
    "kalmanFilter" : 48000,
    "plt" : 242000,
    "slidingLinearReg" : 2000,
    "source" : 0,
    "senMLParse" : 16000
  },
  "executionTime" : 3359.0,
  "networkUsage" : 686343.15,
  "tuplesSentBySensors" : 4800
}