{
  "placement" : {
    "acc" : "cloud-0-0-0-1-0-0-1-0-0-0",
    "average" : "cloud-0-0-0-0-1-1-0-1-0",
    "blobUpload" : "cloud-0-1-1-0-1-0-1-0",
    "distinctCount" : "cloud-0-0-0-0-1-1-0-1-0-1",
    "kalmanFilter" : "cloud-1-1-0-1-1-1-0-0-1-0",
    "plt" : "cloud-0-1-1-1-1-0-0-1-0",
    "senMLParse" : "cloud-0-0-0-1-0-0",
    "sink" : "cloud-0-0-1-0-0-0-1-0-1-0",
    "slidingLinearReg" : "cloud-0-0-0-0-0-0-1-0-1-1",
    "source" : "cloud-1-1-0-1-0-1-0-0",
    "zip" : "cloud-0-0-0-0-1-0-1-0-0-0"
  },
  "appLoopLatency" : 83.77786112442907,
  "latencyPerTupleType" : {
    "average_TUPLE" : 14.138698573948554,
    "sink_TUPLE" : 4.15568483447052,
    "acc_TUPLE" : 0.8554879016904638,
    "slidingLinearReg_TUPLE" : 3.877338279614178,
    "blobUpload_TUPLE" : 20.70044645915086,
    "kalmanFilter_TUPLE" : 29.67363571566025,
    "plt_TUPLE" : 2.4251238081052486,
    "zip_TUPLE" : 4.196100873296783,
    "senMLParse_TUPLE" : 0.20909670000002362,
    "distinctCount_TUPLE" : 5.268564496363857,
    "TUPLE" : 0.09432750000000047
  },
  "tuplesProcessedPerModule" : {
    "acc" : 9811,
    "zip" : 9641,
    "average" : 4673,
    "distinctCount" : 4800,
    "blobUpload" : 9623,
    "sink" : 9507,
    "kalmanFilter" : 4658,
    "plt" : 9641,
    "slidingLinearReg" : 4654,
    "source" : 4800,
    "senMLParse" : 4800
  },
  "recsInPerModule" : {
    "acc" : 4.906228212237482,
    "zip" : 4.846084249445931,
    "average" : 2.407777118945026,
    "distinctCount" : 2.4072940516817796,
    "blobUpload" : 4.824160673659072,
    "sink" : 4.766169077186207,
    "kalmanFilter" : 2.4040387599289113,
    "plt" : 4.886462995789685,
    "slidingLinearReg" : 2.3271861970569243,
    "source" : 2.421794943594882,
    "senMLParse" : 2.413634570803004
  },
  "recsOutPerModule" : {
    "acc" : 4.905936414375153,
    "zip" : 4.845010476021467,
    "average" : 2.3458352712594044,
    "distinctCount" : 2.40127763063435,
    "blobUpload" : 4.815154224590152,
    "sink" : 4.764002147490188,
    "kalmanFilter" : 2.3390567270319753,
    "plt" : 4.864668143338793,
    "slidingLinearReg" : 2.3270274132114905,
    "source" : 2.4217936707893992,
    "senMLParse" : 2.4134672426005186
  },
  "remainingDataPerDevice" : {
    "acc" : 90000,
    "zip" : 0,
    "average" : 0,
    "distinctCount" : 212000,
    "blobUpload" : 580000,
    "sink" : 0,
    "kalmanFilter" : 8000,
    "plt" : 0,
    "slidingLinearReg" : 8000,
    "source" : 0,
    "senMLParse" : 0
  },
  "executionTime" : 5224.0,
  "networkUsage" : 577998.03,
  "tuplesSentBySensors" : 4800
}