{
  "placement" : {
    "acc" : "cloud-0-0-1-0-0-0-0",
    "average" : "cloud-1-0-1-1-1-0-1-1-1-1",
    "blobUpload" : "cloud-0-0-1-1-0-1-1",
    "distinctCount" : "cloud-1-1-1-1-1-1-1-1-1-1",
    "kalmanFilter" : "cloud-1-0-0-0-0-1-0-0-1-0",
    "plt" : "cloud-1-1-0-1-1-1-0-0-1-0",
    "senMLParse" : "cloud-0-0-0-0-0-0-0-1",
    "sink" : "cloud-1-1-1-1-1-0-0-1-0-0",
    "slidingLinearReg" : "cloud-1-1-0-1-1-1-1-1-1-1",
    "source" : "cloud-1-1-1-1-1-0-1-1-1-0",
    "zip" : "cloud-0-1-1-0-0-0-1-0"
  },
  "appLoopLatency" : 65.88685585221398,
  "latencyPerTupleType" : {
    "average_TUPLE" : 6.027243836659997,
    "sink_TUPLE" : 2.498400301791111,
    "acc_TUPLE" : 1.6327846201212686,
    "slidingLinearReg_TUPLE" : 4.203582475151341,
    "blobUpload_TUPLE" : 7.94437998998237,
    "kalmanFilter_TUPLE" : 4.7622430176629615,
    "plt_TUPLE" : 7.983995531600354,
    "zip_TUPLE" : 2.807756988841903,
    "senMLParse_TUPLE" : 5.028081226262481,
    "distinctCount_TUPLE" : 2.975962753059452,
    "TUPLE" : 0.09460464646463998
  },
  "tuplesProcessedPerModule" : {
    "acc" : 9769,
    "zip" : 9672,
    "average" : 4696,
    "distinctCount" : 4700,
    "blobUpload" : 9553,
    "sink" : 9553,
    "kalmanFilter" : 4700,
    "plt" : 9762,
    "slidingLinearReg" : 4650,
    "source" : 4800,
    "senMLParse" : 4800
  },
  "recsInPerModule" : {
    "acc" : 4.885831334628293,
    "zip" : 4.849572476814781,
    "average" : 2.350233607344987,
    "distinctCount" : 2.350586183305928,
    "blobUpload" : 4.837347469943524,
    "sink" : 4.804936717425882,
    "kalmanFilter" : 2.3505862068176535,
    "plt" : 4.915645001591774,
    "slidingLinearReg" : 2.371002234021905,
    "source" : 2.421306284651793,
    "senMLParse" : 2.4099979984746014
  },
  "recsOutPerModule" : {
    "acc" : 4.885523360955419,
    "zip" : 4.8483164799045335,
    "average" : 2.3482336198922593,
    "distinctCount" : 2.3502237667633543,
    "blobUpload" : 4.82410683985626,
    "sink" : 4.803940006033036,
    "kalmanFilter" : 2.3500768964744507,
    "plt" : 4.892303204379366,
    "slidingLinearReg" : 2.3629748262007726,
    "source" : 2.4213039713948006,
    "senMLParse" : 2.40421892464393
  },
  "remainingDataPerDevice" : {
    "acc" : 14000,
    "zip" : 20000,
    "average" : 10000,
    "distinctCount" : 90000,
    "blobUpload" : 0,
    "sink" : 0,
    "kalmanFilter" : 100000,
    "plt" : 180000,
    "slidingLinearReg" : 0,
    "source" : 0,
    "senMLParse" : 600000
  },
  "executionTime" : 3760.0,
  "networkUsage" : 633261.34,
  "tuplesSentBySensors" : 4800
}