{
  "placement" : {
    "acc" : "cloud-0-0-0-0-0-0",
    "average" : "cloud-0-1-1-1-1-1-1-0-1-1",
    "blobUpload" : "cloud-1-0-1-1-1-1-0-0-0-1",
    "distinctCount" : "cloud-1-1-0-0-0-0-1-1-0-0",
    "kalmanFilter" : "cloud-0-1-1-0-0-0-1-1-0-1",
    "plt" : "cloud-0-0-0-0-1-1-0-0-1",
    "senMLParse" : "cloud-1-0-0-0-1-0-0-1-0",
    "sink" : "cloud-0-0-0-0-1-0-1-1-0-0",
    "slidingLinearReg" : "cloud-1-0-0-0-1-0-0-1-0-0",
    "source" : "cloud-1-0-0-1-1-0-0-0-1",
    "zip" : "cloud-1-0-1-1-1-1-1-1-0"
  },
  "appLoopLatency" : 57.57024946720988,
  "latencyPerTupleType" : {
    "average_TUPLE" : 16.3598935808492,
    "sink_TUPLE" : 10.140633706142273,
    "slidingLinearReg_TUPLE" : 1.1679111879534307,
    "acc_TUPLE" : 0.4592260221867696,
    "blobUpload_TUPLE" : 2.749314211860394,
    "kalmanFilter_TUPLE" : 2.6751275636363485,
    "plt_TUPLE" : 1.700649779876561,
    "zip_TUPLE" : 24.060987609478833,
    "senMLParse_TUPLE" : 0.2432653939393341,
    "distinctCount_TUPLE" : 4.841740817373712,
    "TUPLE" : 0.0969742424242368
  },
  "tuplesProcessedPerModule" : {
    "acc" : 9797,
    "zip" : 9584,
    "average" : 4666,
    "distinctCount" : 4800,
    "blobUpload" : 9584,
    "sink" : 9584,
    "kalmanFilter" : 4800,
    "plt" : 9770,
    "slidingLinearReg" : 4707,
    "source" : 4800,
    "senMLParse" : 4800
  },
  "recsInPerModule" : {
    "acc" : 4.899232393599368,
    "zip" : 4.9503421210067735,
    "average" : 2.407288579400767,
    "distinctCount" : 2.4065644126947365,
    "blobUpload" : 4.8573321612326374,
    "sink" : 4.832889015294136,
    "kalmanFilter" : 2.4075300611367894,
    "plt" : 4.971817996209099,
    "slidingLinearReg" : 2.355616582998118,
    "source" : 2.423139773264792,
    "senMLParse" : 2.417036604641407
  },
  "recsOutPerModule" : {
    "acc" : 4.89894913075736,
    "zip" : 4.868189328674162,
    "average" : 2.3449581056524216,
    "distinctCount" : 2.4008643180296936,
    "blobUpload" : 4.855906800142171,
    "sink" : 4.826192689378518,
    "kalmanFilter" : 2.4043443590031868,
    "plt" : 4.971248791250462,
    "slidingLinearReg" : 2.353616491071418,
    "source" : 2.423137456503134,
    "senMLParse" : 2.4168641948551817
  },
  "remainingDataPerDevice" : {
    "acc" : 54000,
    "zip" : 0,
    "average" : 0,
    "distinctCount" : 246000,
    "blobUpload" : 0,
    "sink" : 0,
    "kalmanFilter" : 178000,
    "plt" : 0,
    "slidingLinearReg" : 114000,
    "source" : 0,
    "senMLParse" : 0
  },
  "executionTime" : 3305.0,
  "networkUsage" : 627581.84,
  "tuplesSentBySensors" : 4800
}