{
  "placement" : {
    "acc" : "cloud-1-1-0-1-1-0-0-1-0-1",
    "average" : "cloud-0-0-0-1-0-1-1-0-0",
    "blobUpload" : "cloud-1-0-0-0-1-0-0",
    "distinctCount" : "cloud-0-1-1-0-0-1-0-0-1-0",
    "kalmanFilter" : "cloud-0-1-0-0-1-0-1-1-0",
    "plt" : "cloud-1-0-0-1-1-1-1-0",
    "senMLParse" : "cloud-1-0-0-0-1-1-1-1-0-1",
    "sink" : "cloud-0-0-0-1-0-1-0-0",
    "slidingLinearReg" : "cloud-1-1-1-0-1-1-1-1-1-0",
    "source" : "cloud-0-1-0-0-1-0-1-0-0",
    "zip" : "cloud-0-1-0-0-0-1-1-1-1-1"
  },
  "appLoopLatency" : 99.6738342063475,
  "latencyPerTupleType" : {
    "average_TUPLE" : 2.5054246012292563,
    "sink_TUPLE" : 8.58206046748215,
    "slidingLinearReg_TUPLE" : 7.348900666664746,
    "acc_TUPLE" : 0.7538807170713316,
    "blobUpload_TUPLE" : 6.795688259314214,
    "kalmanFilter_TUPLE" : 29.06367149356783,
    "plt_TUPLE" : 2.7228432312055695,
    "zip_TUPLE" : 19.51113800036534,
    "senMLParse_TUPLE" : 0.18211251232326445,
    "distinctCount_TUPLE" : 3.3920790053512033,
    "TUPLE" : 0.09868111111110425
  },
  "tuplesProcessedPerModule" : {
    "acc" : 9757,
    "zip" : 9636,
    "average" : 4729,
    "distinctCount" : 4706,
    "blobUpload" : 9451,
    "sink" : 9315,
    "kalmanFilter" : 4659,
    "plt" : 9636,
    "slidingLinearReg" : 4650,
    "source" : 4800,
    "senMLParse" : 4800
  },
  "recsInPerModule" : {
    "acc" : 4.891345549222518,
    "zip" : 4.827348231052827,
    "average" : 2.3995670361589334,
    "distinctCount" : 2.3801176010156375,
    "blobUpload" : 4.740613267126354,
    "sink" : 4.720861783802567,
    "kalmanFilter" : 2.399686999863455,
    "plt" : 4.852798230372877,
    "slidingLinearReg" : 2.35083035595861,
    "source" : 2.4216727603689217,
    "senMLParse" : 2.4098767789645845
  },
  "recsOutPerModule" : {
    "acc" : 4.888292532564044,
    "zip" : 4.8220739199089335,
    "average" : 2.364729157429034,
    "distinctCount" : 2.353116408080429,
    "blobUpload" : 4.739024938319932,
    "sink" : 4.729650683115253,
    "kalmanFilter" : 2.3303095411843318,
    "plt" : 4.851165794181491,
    "slidingLinearReg" : 2.340273325931137,
    "source" : 2.4215480443750357,
    "senMLParse" : 2.4097328831291973
  },
  "remainingDataPerDevice" : {
    "acc" : 242000,
    "zip" : 370000,
    "average" : 12000,
    "distinctCount" : 112000,
    "blobUpload" : 75000,
    "sink" : 0,
    "kalmanFilter" : 18000,
    "plt" : 0,
    "slidingLinearReg" : 0,
    "source" : 0,
    "senMLParse" : 84000
  },
  "executionTime" : 3739.0,
  "networkUsage" : 685870.12,
  "tuplesSentBySensors" : 4800
}