{
  "placement" : {
    "acc" : "cloud-1-0-1-1-1-1-1-0-0-1",
    "average" : "cloud-1-0-0-0-0-0-1-1-0",
    "blobUpload" : "cloud-1-1-1-0-1-0-0-1-0",
    "distinctCount" : "cloud-0-1-0-0",
    "kalmanFilter" : "cloud-0-1-1-1-0-1-0-0",
    "plt" : "cloud-1-1-0-0-0-1-1-0-0",
    "senMLParse" : "cloud-0-1-1-1-0-0-0-1",
    "sink" : "cloud-1-1-1-0-1-1-1-1-1",
    "slidingLinearReg" : "cloud-1-0-0-1-1-0-0-1-0",
    "source" : "cloud-0-1-1-1-1-1-0-1-0-0",
    "zip" : "cloud-0-0-0-1-1-0-1-1-1-1"
  },
  "appLoopLatency" : 78.9348979855409,
  "latencyPerTupleType" : {
    "average_TUPLE" : 1.5362002666627623,
    "sink_TUPLE" : 31.885658691989434,
    "slidingLinearReg_TUPLE" : 4.702441017494374,
    "acc_TUPLE" : 0.4448687391011315,
    "blobUpload_TUPLE" : 23.96449548510436,
    "kalmanFilter_TUPLE" : 5.359443698784516,
    "plt_TUPLE" : 3.022360570519191,
    "zip_TUPLE" : 3.190245375880277,
    "senMLParse_TUPLE" : 5.196161560605947,
    "distinctCount_TUPLE" : 29.827693596191214,
    "TUPLE" : 0.09582505050504504
  },
  "tuplesProcessedPerModule" : {
    "acc" : 9875,
    "zip" : 9687,
    "average" : 4800,
    "distinctCount" : 4699,
    "blobUpload" : 9586,
    "sink" : 9373,
    "kalmanFilter" : 4699,
    "plt" : 9797,
    "slidingLinearReg" : 4699,
    "source" : 4800,
    "senMLParse" : 4800
  },
  "recsInPerModule" : {
    "acc" : 4.938656712345712,
    "zip" : 4.8770178771542065,
    "average" : 2.403401611683283,
    "distinctCount" : 2.40677582533646,
    "blobUpload" : 4.84596528042797,
    "sink" : 4.7938609286125775,
    "kalmanFilter" : 2.4083456937906877,
    "plt" : 4.899229540335501,
    "slidingLinearReg" : 2.355527716731076,
    "source" : 2.4226505715184117,
    "senMLParse" : 2.4169149010625284
  },
  "recsOutPerModule" : {
    "acc" : 4.938306833664481,
    "zip" : 4.867397649412952,
    "average" : 2.40075203284618,
    "distinctCount" : 2.360516887643958,
    "blobUpload" : 4.8017956402731,
    "sink" : 4.71632606410865,
    "kalmanFilter" : 2.363465758378304,
    "plt" : 4.8987295169082365,
    "slidingLinearReg" : 2.355018389526429,
    "source" : 2.4225259863513755,
    "senMLParse" : 2.4104089707704324
  },
  "remainingDataPerDevice" : {
    "acc" : 154000,
    "zip" : 0,
    "average" : 40000,
    "distinctCount" : 0,
    "blobUpload" : 0,
    "sink" : 0,
    "kalmanFilter" : 0,
    "plt" : 220000,
    "slidingLinearReg" : 30000,
    "source" : 0,
    "senMLParse" : 0
  },
  "executionTime" : 3460.0,
  "networkUsage" : 512841.78,
  "tuplesSentBySensors" : 4800
}