{
  "placement" : {
    "acc" : "cloud-0-0-0-0-1-0-0-0-0-1",
    "average" : "cloud-1-1-0-1-0-1-1-1-0-1",
    "blobUpload" : "cloud-0-1-0-0-0-1-1-1-0-0",
    "distinctCount" : "cloud-0-1-1-0-1-1-0-0-1-1",
    "kalmanFilter" : "cloud-0-0-0-0-1-0-1-1-1-1",
    "plt" : "cloud-0-1-0-1-1-0-1-0-0",
    "senMLParse" : "cloud-1-0-0-0-0-0-0-1-1",
    "sink" : "cloud-0-1-0-1-1-1-1-0-1-0",
    "slidingLinearReg" : "cloud-1-0-1-0-0-1-0-1-1",
    "source" : "cloud-0-1-1-1-1-0-1-0-0",
    "zip" : "cloud-0-1-0-1-0-1-1-1-0"
  },
  "appLoopLatency" : 63.02705600048048,
  "latencyPerTupleType" : {
    "average_TUPLE" : 2.698078249785039,
    "sink_TUPLE" : 3.000642601702162,
    "acc_TUPLE" : 2.850723363797805,
    "slidingLinearReg_TUPLE" : 28.284664692686604,
    "blobUpload_TUPLE" : 4.771592173174995,
    "kalmanFilter_TUPLE" : 5.370252146745697,
    "plt_TUPLE" : 6.514658987788454,
    "zip_TUPLE" : 4.343362400462179,
    "senMLParse_TUPLE" : 5.187457004444369,
    "distinctCount_TUPLE" : 3.3442001680525046,
    "TUPLE" : 0.09624361111111716
  },
  "tuplesProcessedPerModule" : {
    "acc" : 9715,
    "zip" : 9665,
    "average" : 4699,
    "distinctCount" : 4699,
    "blobUpload" : 9665,
    "sink" : 9516,
    "kalmanFilter" : 4699,
    "plt" : 9668,
    "slidingLinearReg" : 4660,
    "source" : 4800,
    "senMLParse" : 4800
  },
  "recsInPerModule" : {
    "acc" : 4.8597431163058555,
    "zip" : 4.890097814052633,
    "average" : 2.401598889877876,
    "distinctCount" : 2.4038840530221144,
    "blobUpload" : 4.858028936134092,
    "sink" : 4.785566475161516,
    "kalmanFilter" : 2.4018392097759773,
    "plt" : 4.835077663134824,
    "slidingLinearReg" : 2.3422328876304594,
    "source" : 2.4252210866910433,
    "senMLParse" : 2.418377197335097
  },
  "recsOutPerModule" : {
    "acc" : 4.8594367291342335,
    "zip" : 4.8759273926159175,
    "average" : 2.357404687003424,
    "distinctCount" : 2.359597749610915,
    "blobUpload" : 4.842673644307853,
    "sink" : 4.778254940194177,
    "kalmanFilter" : 2.357417206864874,
    "plt" : 4.834634389517032,
    "slidingLinearReg" : 2.3315142479757545,
    "source" : 2.4250972812407,
    "senMLParse" : 2.411863402756497
  },
  "remainingDataPerDevice" : {
    "acc" : 94000,
    "zip" : 0,
    "average" : 10000,
    "distinctCount" : 0,
    "blobUpload" : 745000,
    "sink" : 0,
    "kalmanFilter" : 30000,
    "plt" : 6000,
    "slidingLinearReg" : 222000,
    "source" : 0,
    "senMLParse" : 0
  },
  "executionTime" : 2884.0,
  "networkUsage" : 590091.02,
  "tuplesSentBySensors" : 4800
}