{
  "placement" : {
    "acc" : "cloud-0-1-1-1-0-0-0-1-0-0",
    "average" : "cloud-0-1-0-1-1-0-1-0-0-1",
    "blobUpload" : "cloud-1-0-1-1-0-0-1-1-0",
    "distinctCount" : "cloud-0-0-1-0-1-1",
    "kalmanFilter" : "cloud-0-0-0-0-1-1-1-0-1-1",
    "plt" : "cloud-0-0-1-1-1-0-1-0-0-1",
    "senMLParse" : "cloud-1-1-0-0-0-0-1-0",
    "sink" : "cloud-0-1-1-0-0-0-0",
    "slidingLinearReg" : "cloud-1-0-1-0-0-1-1-1-1",
    "source" : "cloud-1-0-1-0-1-1",
    "zip" : "cloud-0-0-0-0-1-0-0-0-0"
  },
  "appLoopLatency" : 64.12863169832337,
  "latencyPerTupleType" : {
    "average_TUPLE" : 5.996912587874655,
    "sink_TUPLE" : 4.6924470261385425,
    "acc_TUPLE" : 2.146837155941778,
    "slidingLinearReg_TUPLE" : 25.93154985003043,
    "blobUpload_TUPLE" : 3.100036777237636,
    "kalmanFilter_TUPLE" : 4.549985847652645,
    "plt_TUPLE" : 14.919301334193468,
    "zip_TUPLE" : 2.8210481420842255,
    "senMLParse_TUPLE" : 4.658589799999936,
    "distinctCount_TUPLE" : 1.4388435911279733,
    "TUPLE" : 0.0967302777777711
  },
  "tuplesProcessedPerModule" : {
    "acc" : 9741,
    "zip" : 9673,
    "average" : 4713,
    "distinctCount" : 4713,
    "blobUpload" : 9618,
    "sink" : 9512,
    "kalmanFilter" : 4713,
    "plt" : 9681,
    "slidingLinearReg" : 4663,
    "source" : 4800,
    "senMLParse" : 4800
  },
  "recsInPerModule" : {
    "acc" : 4.872690164593457,
    "zip" : 4.854552843304202,
    "average" : 2.36086603809673,
    "distinctCount" : 2.401870236275077,
    "blobUpload" : 4.824968711989801,
    "sink" : 4.772266527800875,
    "kalmanFilter" : 2.4000688059725688,
    "plt" : 4.8439180177280825,
    "slidingLinearReg" : 2.3404668611164214,
    "source" : 2.423751553347024,
    "senMLParse" : 2.4158160902558556
  },
  "recsOutPerModule" : {
    "acc" : 4.872382964879332,
    "zip" : 4.84923933077083,
    "average" : 2.3589015682003165,
    "distinctCount" : 2.363522480266952,
    "blobUpload" : 4.814060857261224,
    "sink" : 4.760583111386074,
    "kalmanFilter" : 2.3613391572718254,
    "plt" : 4.841417592262458,
    "slidingLinearReg" : 2.331965172250683,
    "source" : 2.423745179045654,
    "senMLParse" : 2.410198195300834
  },
  "remainingDataPerDevice" : {
    "acc" : 110000,
    "zip" : 110000,
    "average" : 14000,
    "distinctCount" : 0,
    "blobUpload" : 530000,
    "sink" : 0,
    "kalmanFilter" : 66000,
    "plt" : 16000,
    "slidingLinearReg" : 200000,
    "source" : 0,
    "senMLParse" : 174000
  },
  "executionTime" : 3137.0,
  "networkUsage" : 558734.2,
  "tuplesSentBySensors" : 4800
}