{
  "placement" : {
    "acc" : "cloud-0-1-0-0-1-1-1-0-0-1",
    "average" : "cloud-1-0-1-0-1-0-0-1-1",
    "blobUpload" : "cloud-1-0-1-1-1-0-0-1-1-1",
    "distinctCount" : "cloud-1-1-1-0-1-0-0-1-0",
    "kalmanFilter" : "cloud-1-0-1-0-1-0-1",
    "plt" : "cloud-0-0-1-1-1-1-1-1-1-0",
    "senMLParse" : "cloud-1-0-1-0-1-0-0-0-1-0",
    "sink" : "cloud-0-0-0-1-0-0-0-0-0-0",
    "slidingLinearReg" : "cloud-1-0-0-1-1-0-1-1-1-1",
    "source" : "cloud-0-1-0-1-1-1-0-0-0-1",
    "zip" : "cloud-0-0-1-1"
  },
  "appLoopLatency" : 58.23858477777762,
  "latencyPerTupleType" : {
    "average_TUPLE" : 2.26398109222227,
    "sink_TUPLE" : 3.4625853389865893,
    "slidingLinearReg_TUPLE" : 3.122858019236168,
    "acc_TUPLE" : 0.7626374827317867,
    "blobUpload_TUPLE" : 1.4409151414864148,
    "kalmanFilter_TUPLE" : 2.26398109222227,
    "plt_TUPLE" : 2.7710385299427753,
    "zip_TUPLE" : 2.788434508689082,
    "senMLParse_TUPLE" : 0.20338816888891068,
    "distinctCount_TUPLE" : 19.761310495028624,
    "TUPLE" : 0.09862555555555522
  },
  "tuplesProcessedPerModule" : {
    "acc" : 9768,
    "zip" : 9763,
    "average" : 4800,
    "distinctCount" : 4660,
    "blobUpload" : 9763,
    "sink" : 9643,
    "kalmanFilter" : 4800,
    "plt" : 9763,
    "slidingLinearReg" : 4696,
    "source" : 4800,
    "senMLParse" : 4800
  },
  "recsInPerModule" : {
    "acc" : 4.884974541429823,
    "zip" : 4.917702148348943,
    "average" : 2.4068306827537285,
    "distinctCount" : 2.402133186551608,
    "blobUpload" : 4.889868905091414,
    "sink" : 4.839254338179959,
    "kalmanFilter" : 2.4073135133418067,
    "plt" : 4.9398480947159085,
    "slidingLinearReg" : 2.3626169300464483,
    "source" : 2.4226505715184117,
    "senMLParse" : 2.4109661786037133
  },
  "recsOutPerModule" : {
    "acc" : 4.884704811207799,
    "zip" : 4.905101378024109,
    "average" : 2.4035465300484256,
    "distinctCount" : 2.334317312282536,
    "blobUpload" : 4.88350945873988,
    "sink" : 4.831056757426491,
    "kalmanFilter" : 2.404028043746069,
    "plt" : 4.9271337251637455,
    "slidingLinearReg" : 2.348116224121717,
    "source" : 2.4225257547923635,
    "senMLParse" : 2.4108198593770065
  },
  "remainingDataPerDevice" : {
    "acc" : 10000,
    "zip" : 0,
    "average" : 36000,
    "distinctCount" : 14000,
    "blobUpload" : 600000,
    "sink" : 0,
    "kalmanFilter" : 150000,
    "plt" : 0,
    "slidingLinearReg" : 92000,
    "source" : 0,
    "senMLParse" : 0
  },
  "executionTime" : 2716.0,
  "networkUsage" : 588094.32,
  "tuplesSentBySensors" : 4800
}