{
  "placement" : {
    "acc" : "cloud-0-0-0-0-1-1-0-0",
    "average" : "cloud-0-1-0-0-1-0-1-0-1-1",
    "blobUpload" : "cloud-1-1-0-1-0-1-1-0-1-1",
    "distinctCount" : "cloud-1-0-1-0-1-0-1-0",
    "kalmanFilter" : "cloud-0-0-0-1-1-0-0-0-0-0",
    "plt" : "cloud-1-0-1-1-1-1-1-0-0",
    "senMLParse" : "cloud-1-0-1-0-1-0-0-1-1-1",
    "sink" : "cloud-1-0-1-0-1-0-1-1-1-0",
    "slidingLinearReg" : "cloud-0-1-0-1-0-1-1-0-1-1",
    "source" : "cloud-0-1-1-1-1-1-0-0-0-1",
    "zip" : "cloud-0-1-1-0-1-0-1-1"
  },
  "appLoopLatency" : 67.52025191098471,
  "latencyPerTupleType" : {
    "average_TUPLE" : 2.6148621505854335,
    "sink_TUPLE" : 4.854270713113973,
    "acc_TUPLE" : 0.5533676058113768,
    "slidingLinearReg_TUPLE" : 6.397081427070479,
    "blobUpload_TUPLE" : 3.4293436877410355,
    "kalmanFilter_TUPLE" : 9.595338280116925,
    "plt_TUPLE" : 3.7811653133367167,
    "zip_TUPLE" : 3.4535404992156127,
    "senMLParse_TUPLE" : 0.3141451777777049,
    "distinctCount_TUPLE" : 18.1922147783253,
    "TUPLE" : 0.09590333333332998
  },
  "tuplesProcessedPerModule" : {
    "acc" : 9794,
    "zip" : 9660,
    "average" : 4726,
    "distinctCount" : 4669,
    "blobUpload" : 9547,
    "sink" : 9547,
    "kalmanFilter" : 4679,
    "plt" : 9779,
    "slidingLinearReg" : 4650,
    "source" : 4800,
    "senMLParse" : 4800
  },
  "recsInPerModule" : {
    "acc" : 4.900427675193616,
    "zip" : 4.895873136167299,
    "average" : 2.4004476250711835,
    "distinctCount" : 2.407551221005836,
    "blobUpload" : 4.838687372784231,
    "sink" : 4.791052507370358,
    "kalmanFilter" : 2.3961060736191246,
    "plt" : 4.92660235091394,
    "slidingLinearReg" : 2.3718109035668746,
    "source" : 2.4243636424245456,
    "senMLParse" : 2.413386799146943
  },
  "recsOutPerModule" : {
    "acc" : 4.900144187318082,
    "zip" : 4.8596268543532535,
    "average" : 2.3634407241846693,
    "distinctCount" : 2.344227358530974,
    "blobUpload" : 4.815703144303023,
    "sink" : 4.79018610175164,
    "kalmanFilter" : 2.3405520676219123,
    "plt" : 4.914079515054183,
    "slidingLinearReg" : 2.3621860690285605,
    "source" : 2.424234823001081,
    "senMLParse" : 2.4132401859713943
  },
  "remainingDataPerDevice" : {
    "acc" : 30000,
    "zip" : 0,
    "average" : 10000,
    "distinctCount" : 8000,
    "blobUpload" : 0,
    "sink" : 0,
    "kalmanFilter" : 58000,
    "plt" : 0,
    "slidingLinearReg" : 0,
    "source" : 0,
    "senMLParse" : 16000
  },
  "executionTime" : 2945.0,
  "networkUsage" : 737103.77,
  "tuplesSentBySensors" : 4800
}