{
  "placement" : {
    "acc" : "cloud-0-0-1-1-0-1-1-1-1-1",
    "average" : "cloud-1-0-0-1-0-1-0-1-1",
    "blobUpload" : "cloud-1-1-1-0-1-0-1-0-0-1",
    "distinctCount" : "cloud-1-1-1-0-0-0-1-1",
    "kalmanFilter" : "cloud-0-1-1-0-1-1-1-0-1",
    "plt" : "cloud-1-1-1-1-1-0-0-1",
    "senMLParse" : "cloud-1-1-1-1-0-0-0-0-1-1",
    "sink" : "cloud-1-1-0-1-1-1-1-1",
    "slidingLinearReg" : "cloud-0-0-1-1-1-1-0-1-1-0",
    "source" : "cloud-0-1-1-1-0-0-1-1-0",
    "zip" : "cloud-0-1-1-1-1-1-1-0-1-1"
  },
  "appLoopLatency" : 84.03160184328038,
  "latencyPerTupleType" : {
    "average_TUPLE" : 0.3309618166666922,
    "sink_TUPLE" : 5.430368030739138,
    "acc_TUPLE" : 2.3166713045655736,
    "slidingLinearReg_TUPLE" : 3.731656123591812,
    "blobUpload_TUPLE" : 23.34679318379867,
    "kalmanFilter_TUPLE" : 9.524607735894595,
    "plt_TUPLE" : 1.9708327644726544,
    "zip_TUPLE" : 16.288438611491028,
    "senMLParse_TUPLE" : 0.11715032444447306,
    "distinctCount_TUPLE" : 4.43358145838383,
    "TUPLE" : 0.09622277777777735
  },
  "tuplesProcessedPerModule" : {
    "acc" : 9773,
    "zip" : 9616,
    "average" : 4800,
    "distinctCount" : 4800,
    "blobUpload" : 9510,
    "sink" : 9437,
    "kalmanFilter" : 4678,
    "plt" : 9738,
    "slidingLinearReg" : 4657,
    "source" : 4800,
    "senMLParse" : 4800
  },
  "recsInPerModule" : {
    "acc" : 4.88824180543533,
    "zip" : 4.897584946174947,
    "average" : 2.404915092316175,
    "distinctCount" : 2.4067238270099365,
    "blobUpload" : 4.8175657591919405,
    "sink" : 4.755708774442944,
    "kalmanFilter" : 2.403349713325196,
    "plt" : 4.925184009311178,
    "slidingLinearReg" : 2.3287183140429244,
    "source" : 2.423751553347024,
    "senMLParse" : 2.414120137788224
  },
  "recsOutPerModule" : {
    "acc" : 4.886795183197946,
    "zip" : 4.836227415731182,
    "average" : 2.404769506614856,
    "distinctCount" : 2.4011879025999767,
    "blobUpload" : 4.769790459852971,
    "sink" : 4.727713662973076,
    "kalmanFilter" : 2.3427436013895306,
    "plt" : 4.918612376263263,
    "slidingLinearReg" : 2.328516975470881,
    "source" : 2.4236278978842254,
    "senMLParse" : 2.413986081547848
  },
  "remainingDataPerDevice" : {
    "acc" : 70000,
    "zip" : 0,
    "average" : 26000,
    "distinctCount" : 228000,
    "blobUpload" : 0,
    "sink" : 0,
    "kalmanFilter" : 42000,
    "plt" : 0,
    "slidingLinearReg" : 14000,
    "source" : 0,
    "senMLParse" : 0
  },
  "executionTime" : 2885.0,
  "networkUsage" : 605293.0,
  "tuplesSentBySensors" : 4800
}