{
  "placement" : {
    "acc" : "cloud-0-1-0-1-1-0-0-0-1-1",
    "average" : "cloud-1-0-0-1-1-1-1-1-0-1",
    "blobUpload" : "cloud-1-1-0-0-1-0-0-0-0-0",
    "distinctCount" : "cloud-1-0-1-1-1-0-0-1-0",
    "kalmanFilter" : "cloud-1-0-0-0-0-0-1-1",
    "plt" : "cloud-1-1-0-0-0-0",
    "senMLParse" : "cloud-1-0-1-1-1-0-0-0-0-1",
    "sink" : "cloud-1-1-1-1-0-0-1-0-1-1",
    "slidingLinearReg" : "cloud-1-0-0-0-1-1-1-0-1",
    "source" : "cloud-0-1-0-1-0-0-1-0-1-0",
    "zip" : "cloud-0-0-0-1-1-0-0-1-1"
  },
  "appLoopLatency" : 68.40329632504722,
  "latencyPerTupleType" : {
    "average_TUPLE" : 15.440568904940728,
    "sink_TUPLE" : 5.022548217959513,
    "slidingLinearReg_TUPLE" : 7.020204365010911,
    "acc_TUPLE" : 0.8105082763103714,
    "blobUpload_TUPLE" : 11.088904834761053,
    "kalmanFilter_TUPLE" : 9.936930975217562,
    "plt_TUPLE" : 1.7505082502417004,
    "zip_TUPLE" : 3.6900433444746343,
    "senMLParse_TUPLE" : 0.20295762666668446,
    "distinctCount_TUPLE" : 3.785372431771613,
    "TUPLE" : 0.09900750000000626
  },
  "tuplesProcessedPerModule" : {
    "acc" : 9730,
    "zip" : 9729,
    "average" : 4662,
    "distinctCount" : 4717,
    "blobUpload" : 9610,
    "sink" : 9498,
    "kalmanFilter" : 4674,
    "plt" : 9729,
    "slidingLinearReg" : 4651,
    "source" : 4800,
    "senMLParse" : 4800
  },
  "recsInPerModule" : {
    "acc" : 4.87114990753817,
    "zip" : 4.879604529291543,
    "average" : 2.350116306668488,
    "distinctCount" : 2.4021344387753176,
    "blobUpload" : 4.807031067531412,
    "sink" : 4.778982340560879,
    "kalmanFilter" : 2.3786177005450218,
    "plt" : 4.908356873572367,
    "slidingLinearReg" : 2.3286364231275907,
    "source" : 2.419719504098652,
    "senMLParse" : 2.40565082306424
  },
  "recsOutPerModule" : {
    "acc" : 4.8708829634758715,
    "zip" : 4.867256203626197,
    "average" : 2.3312319546654496,
    "distinctCount" : 2.360597530771494,
    "blobUpload" : 4.8052884141751,
    "sink" : 4.778628056051749,
    "kalmanFilter" : 2.3375832217542656,
    "plt" : 4.901978371129228,
    "slidingLinearReg" : 2.3284348390199945,
    "source" : 2.4195962596990475,
    "senMLParse" : 2.4055051482745218
  },
  "remainingDataPerDevice" : {
    "acc" : 2000,
    "zip" : 238000,
    "average" : 2000,
    "distinctCount" : 132000,
    "blobUpload" : 560000,
    "sink" : 0,
    "kalmanFilter" : 46000,
    "plt" : 0,
    "slidingLinearReg" : 2000,
    "source" : 0,
    "senMLParse" : 286000
  },
  "executionTime" : 3067.0,
  "networkUsage" : 611436.72,
  "tuplesSentBySensors" : 4800
}