{
  "placement" : {
    "acc" : "cloud-1-1-1-0-1-1-1-1-0-1",
    "average" : "cloud-0-1-0-1-1-0-0-1",
    "blobUpload" : "cloud-0-0-0-1-0-0-1-0",
    "distinctCount" : "cloud-0-1-0-0-1-0-1-0-0-0",
    "kalmanFilter" : "cloud-0-1-1-0-0-0-1-0-0-0",
    "plt" : "cloud-1-1-0-0-0-1-0-1-1-0",
    "senMLParse" : "cloud-1-0-0-1-1-0-1-0-0-1",
    "sink" : "cloud-0-0-1-1-1-0-1-1-1",
    "slidingLinearReg" : "cloud-0-1-1-1-1-0-0-0",
    "source" : "cloud-1-0-0-0-1-1-0-1",
    "zip" : "cloud-1-1-1-0-0-0-1-0"
  },
  "appLoopLatency" : 93.655534541198,
  "latencyPerTupleType" : {
    "average_TUPLE" : 2.2256158173739533,
    "sink_TUPLE" : 42.04124314372327,
    "slidingLinearReg_TUPLE" : 35.21943914600738,
    "acc_TUPLE" : 0.5355521734811983,
    "blobUpload_TUPLE" : 5.508740136259279,
    "kalmanFilter_TUPLE" : 10.119638725679433,
    "plt_TUPLE" : 49.58513405559142,
    "zip_TUPLE" : 7.877964118547173,
    "senMLParse_TUPLE" : 0.19009268767679624,
    "distinctCount_TUPLE" : 5.284702375023573,
    "TUPLE" : 0.0964388888888977
  },
  "tuplesProcessedPerModule" : {
    "acc" : 9653,
    "zip" : 9336,
    "average" : 4800,
    "distinctCount" : 4705,
    "blobUpload" : 9336,
    "sink" : 9019,
    "kalmanFilter" : 4678,
    "plt" : 9336,
    "slidingLinearReg" : 4664,
    "source" : 4800,
    "senMLParse" : 4800
  },
  "recsInPerModule" : {
    "acc" : 4.889741889419093,
    "zip" : 4.782518804894721,
    "average" : 2.405603802793733,
    "distinctCount" : 2.404037481638166,
    "blobUpload" : 4.750385415277557,
    "sink" : 4.719155718381256,
    "kalmanFilter" : 2.4054832236912667,
    "plt" : 4.9269688243298315,
    "slidingLinearReg" : 2.3388696450321294,
    "source" : 2.4227728534358706,
    "senMLParse" : 2.4156983142370483
  },
  "recsOutPerModule" : {
    "acc" : 4.8277120917364735,
    "zip" : 4.766150323785444,
    "average" : 2.4030655686632274,
    "distinctCount" : 2.356457643960067,
    "blobUpload" : 4.734235781078162,
    "sink" : 4.558922388241152,
    "kalmanFilter" : 2.3451666125340687,
    "plt" : 4.796277896419065,
    "slidingLinearReg" : 2.3351833877508237,
    "source" : 2.4227703057700163,
    "senMLParse" : 2.415530699779034
  },
  "remainingDataPerDevice" : {
    "acc" : 22000,
    "zip" : 0,
    "average" : 18000,
    "distinctCount" : 92000,
    "blobUpload" : 0,
    "sink" : 0,
    "kalmanFilter" : 8000,
    "plt" : 0,
    "slidingLinearReg" : 26000,
    "source" : 0,
    "senMLParse" : 0
  },
  "executionTime" : 6635.0,
  "networkUsage" : 543846.78,
  "tuplesSentBySensors" : 4800
}