{
  "placement" : {
    "acc" : "cloud-0-0-1-0-1-1-0-1-1-0",
    "average" : "cloud-0-1-0-0-0-1-0",
    "blobUpload" : "cloud-0-0-1-0-1-1-0-0-0-0",
    "distinctCount" : "cloud-0-0-0-1-0-1-0-0-0",
    "kalmanFilter" : "cloud-0-1-0-0-0-1-0-1",
    "plt" : "cloud-1-0-0-1-0-1-0-0-0-1",
    "senMLParse" : "cloud-0-0-1-1-0-0-0-1-0-0",
    "sink" : "cloud-0-1-0-1-1-0-1",
    "slidingLinearReg" : "cloud-0-1-1-1-0-1-0-1-1-0",
    "source" : "cloud-1-0-0-0-1-1-1-1-0",
    "zip" : "cloud-1-0-0-0-1-1-0-1"
  },
  "appLoopLatency" : 74.65134493134416,
  "latencyPerTupleType" : {
    "average_TUPLE" : 0.2641140181820115,
    "sink_TUPLE" : 66.14215397733228,
    "acc_TUPLE" : 0.7293784580787694,
    "slidingLinearReg_TUPLE" : 2.782909770979493,
    "blobUpload_TUPLE" : 27.147985015010793,
    "kalmanFilter_TUPLE" : 2.8867335177436058,
    "plt_TUPLE" : 3.920289155478236,
    "zip_TUPLE" : 7.2300597530242685,
    "senMLParse_TUPLE" : 0.19158154848478465,
    "distinctCount_TUPLE" : 5.282221368466997,
    "TUPLE" : 0.09644583333333169
  },
  "tuplesProcessedPerModule" : {
    "acc" : 9768,
    "zip" : 9756,
    "average" : 4800,
    "distinctCount" : 4705,
    "blobUpload" : 9549,
    "sink" : 9235,
    "kalmanFilter" : 4735,
    "plt" : 9756,
    "slidingLinearReg" : 4664,
    "source" : 4800,
    "senMLParse" : 4800
  },
  "recsInPerModule" : {
    "acc" : 4.884241704027088,
    "zip" : 4.9324959362458065,
    "average" : 2.4025897850199187,
    "distinctCount" : 2.4021087967544363,
    "blobUpload" : 4.893589223063179,
    "sink" : 4.807541975883079,
    "kalmanFilter" : 2.402108820796631,
    "plt" : 4.955454041747285,
    "slidingLinearReg" : 2.3325526155366347,
    "source" : 2.421917139150745,
    "senMLParse" : 2.4112046106304414
  },
  "recsOutPerModule" : {
    "acc" : 4.8842161664531325,
    "zip" : 4.910833088194265,
    "average" : 2.402419430015592,
    "distinctCount" : 2.3545671308510845,
    "blobUpload" : 4.822846362414816,
    "sink" : 4.649462361201434,
    "kalmanFilter" : 2.369580334998216,
    "plt" : 4.949013387853366,
    "slidingLinearReg" : 2.3322040274628706,
    "source" : 2.4219107744944792,
    "senMLParse" : 2.411037619166691
  },
  "remainingDataPerDevice" : {
    "acc" : 24000,
    "zip" : 0,
    "average" : 32000,
    "distinctCount" : 92000,
    "blobUpload" : 0,
    "sink" : 0,
    "kalmanFilter" : 142000,
    "plt" : 0,
    "slidingLinearReg" : 28000,
    "source" : 0,
    "senMLParse" : 0
  },
  "executionTime" : 6778.0,
  "networkUsage" : 579330.8,
  "tuplesSentBySensors" : 4800
}