{
  "placement" : {
    "acc" : "cloud-1-1-0-0-1-0-1-1-1-0",
    "average" : "cloud-0-1-1-0-0-0-0-0-1",
    "blobUpload" : "cloud-0-1-0-1-1-0-0-0-0-0",
    "distinctCount" : "cloud-0-1-0-1-1-1-0-0-0-1",
    "kalmanFilter" : "cloud-1-0-0-1-0-1-1-0",
    "plt" : "cloud-0-1-0-1-0-0-0-0-0-1",
    "senMLParse" : "cloud-1-1-0-0-0-1-1-0-1",
    "sink" : "cloud-0-0-1-0-1-0-0-1-1-0",
    "slidingLinearReg" : "cloud-0-0-0-1-1-1-0-1-1-1",
    "source" : "cloud-1-1-1-0-0-1-1-0-1",
    "zip" : "cloud-1-1-0-1-0-1-0-1-1"
  },
  "appLoopLatency" : 101.53546920502336,
  "latencyPerTupleType" : {
    "average_TUPLE" : 3.215313626509541,
    "sink_TUPLE" : 6.876105712027576,
    "slidingLinearReg_TUPLE" : 33.723129574253036,
    "acc_TUPLE" : 2.8096011173094615,
    "blobUpload_TUPLE" : 31.023172919580826,
    "kalmanFilter_TUPLE" : 10.87866812590746,
    "plt_TUPLE" : 14.656597814061552,
    "zip_TUPLE" : 2.56038815607119,
    "senMLParse_TUPLE" : 0.2866862297980009,
    "distinctCount_TUPLE" : 5.240883115627282,
    "TUPLE" : 0.09432055555556582
  },
  "tuplesProcessedPerModule" : {
    "acc" : 9618,
    "zip" : 9617,
    "average" : 4728,
    "distinctCount" : 4696,
    "blobUpload" : 9352,
    "sink" : 9313,
    "kalmanFilter" : 4676,
    "plt" : 9617,
    "slidingLinearReg" : 4652,
    "source" : 4800,
    "senMLParse" : 4800
  },
  "recsInPerModule" : {
    "acc" : 4.810026635505067,
    "zip" : 4.8162389921963245,
    "average" : 2.4009123455454175,
    "distinctCount" : 2.39967185898178,
    "blobUpload" : 4.759020151126746,
    "sink" : 4.67253165117335,
    "kalmanFilter" : 2.4017532547121165,
    "plt" : 4.888460339758456,
    "slidingLinearReg" : 2.326727604107713,
    "source" : 2.421550589470997,
    "senMLParse" : 2.4116942545939724
  },
  "recsOutPerModule" : {
    "acc" : 4.8097234580154815,
    "zip" : 4.810778002114291,
    "average" : 2.3648987313361682,
    "distinctCount" : 2.3486576465066484,
    "blobUpload" : 4.6855292736428895,
    "sink" : 4.660230744580427,
    "kalmanFilter" : 2.3405278157344798,
    "plt" : 4.839262990887469,
    "slidingLinearReg" : 2.3262275551921516,
    "source" : 2.4215493169223476,
    "senMLParse" : 2.4115271953036834
  },
  "remainingDataPerDevice" : {
    "acc" : 2000,
    "zip" : 208000,
    "average" : 16000,
    "distinctCount" : 90000,
    "blobUpload" : 195000,
    "sink" : 0,
    "kalmanFilter" : 46000,
    "plt" : 0,
    "slidingLinearReg" : 252000,
    "source" : 0,
    "senMLParse" : 4000
  },
  "executionTime" : 4597.0,
  "networkUsage" : 699072.9,
  "tuplesSentBySensors" : 4800
}