{
  "placement" : {
    "acc" : "cloud-1-0-1-0-0-1-0-0-0-1",
    "average" : "cloud-0-1-0-1-0-1-0-0-0-1",
    "blobUpload" : "cloud-1-0-1-1-1-0-1-1-1-0",
    "distinctCount" : "cloud-1-1-0-1-0-1-0-1-1",
    "kalmanFilter" : "cloud-1-1-0-0-0-1-1-0-0",
    "plt" : "cloud-1-1-0-0-0-0-0-1-0",
    "senMLParse" : "cloud-1-1-1-1-1-0-1-1",
    "sink" : "cloud-0-1-0-0-1-0-0-0",
    "slidingLinearReg" : "cloud-1-1-0-0-0-1-1-0-1",
    "source" : "cloud-1-1-0-1-0-0-1-1-1-0",
    "zip" : "cloud-1-1-0-0-1-0-0-0-1-0"
  },
  "appLoopLatency" : 54.56080788787826,
  "latencyPerTupleType" : {
    "average_TUPLE" : 0.32094054838408764,
    "sink_TUPLE" : 3.737355160269106,
    "slidingLinearReg_TUPLE" : 6.942113455543588,
    "acc_TUPLE" : 2.2490150458879703,
    "blobUpload_TUPLE" : 1.5612815529207404,
    "kalmanFilter_TUPLE" : 11.066896668877721,
    "plt_TUPLE" : 3.276184595669567,
    "zip_TUPLE" : 2.674143133161848,
    "senMLParse_TUPLE" : 0.21174973888891352,
    "distinctCount_TUPLE" : 0.6944735486871116,
    "TUPLE" : 0.09503555555555597
  },
  "tuplesProcessedPerModule" : {
    "acc" : 9874,
    "zip" : 9744,
    "average" : 4800,
    "distinctCount" : 4800,
    "blobUpload" : 9618,
    "sink" : 9618,
    "kalmanFilter" : 4674,
    "plt" : 9744,
    "slidingLinearReg" : 4674,
    "source" : 4800,
    "senMLParse" : 4800
  },
  "recsInPerModule" : {
    "acc" : 4.951638112028032,
    "zip" : 4.903365202440253,
    "average" : 2.403918385821565,
    "distinctCount" : 2.4089854664604458,
    "blobUpload" : 4.873749895568213,
    "sink" : 4.863159955162286,
    "kalmanFilter" : 2.4071733513664606,
    "plt" : 4.9287884888115165,
    "slidingLinearReg" : 2.3455551624579782,
    "source" : 2.423017454307191,
    "senMLParse" : 2.4165509062076684
  },
  "recsOutPerModule" : {
    "acc" : 4.937491126070448,
    "zip" : 4.891371322341803,
    "average" : 2.4037478423636425,
    "distinctCount" : 2.4088016113956185,
    "blobUpload" : 4.883904170123446,
    "sink" : 4.854604515345078,
    "kalmanFilter" : 2.3469685056208034,
    "plt" : 4.9154862978522145,
    "slidingLinearReg" : 2.345203431544177,
    "source" : 2.4230161802163717,
    "senMLParse" : 2.416383173417826
  },
  "remainingDataPerDevice" : {
    "acc" : 260000,
    "zip" : 0,
    "average" : 34000,
    "distinctCount" : 4000,
    "blobUpload" : 0,
    "sink" : 0,
    "kalmanFilter" : 0,
    "plt" : 0,
    "slidingLinearReg" : 26000,
    "source" : 0,
    "senMLParse" : 0
  },
  "executionTime" : 2779.0,
  "networkUsage" : 613950.54,
  "tuplesSentBySensors" : 4800
}