{
  "placement" : {
    "acc" : "cloud-0-1-1-0-0-1-0-1",
    "average" : "cloud-1-0-0-0",
    "blobUpload" : "cloud-1-0-0-0-0-1-0-0-1-0",
    "distinctCount" : "cloud-1-1-0-0-1-1-0-1-0",
    "kalmanFilter" : "cloud-1-1-0-1-0-1-1-1-0",
    "plt" : "cloud-1-0-1-1-1-0-0-1-1-0",
    "senMLParse" : "cloud-0-1-0-0-0-0-0-1-0-1",
    "sink" : "cloud-1-0-1-0-1-1",
    "slidingLinearReg" : "cloud-0-0-1-0-1-0-1-1-1",
    "source" : "cloud-1-1-0-0-0-0-1-1",
    "zip" : "cloud-0-0-1-0-1-0-0-0"
  },
  "appLoopLatency" : 62.48705252820506,
  "latencyPerTupleType" : {
    "average_TUPLE" : 0.2249492844444742,
    "sink_TUPLE" : 22.51256442667064,
    "acc_TUPLE" : 0.8841069988825656,
    "slidingLinearReg_TUPLE" : 7.140274511109298,
    "blobUpload_TUPLE" : 3.401125671967551,
    "kalmanFilter_TUPLE" : 9.875567575712322,
    "plt_TUPLE" : 3.6459384585423353,
    "zip_TUPLE" : 1.7415362344347025,
    "senMLParse_TUPLE" : 0.11452718888881719,
    "distinctCount_TUPLE" : 5.338930842011746,
    "TUPLE" : 0.09732055555555084
  },
  "tuplesProcessedPerModule" : {
    "acc" : 9737,
    "zip" : 9615,
    "average" : 4800,
    "distinctCount" : 4686,
    "blobUpload" : 9615,
    "sink" : 9514,
    "kalmanFilter" : 4673,
    "plt" : 9735,
    "slidingLinearReg" : 4650,
    "source" : 4800,
    "senMLParse" : 4800
  },
  "recsInPerModule" : {
    "acc" : 4.868819581202611,
    "zip" : 4.857058889475926,
    "average" : 2.400927893005284,
    "distinctCount" : 2.3836626325340924,
    "blobUpload" : 4.836282131187318,
    "sink" : 4.813501828674606,
    "kalmanFilter" : 2.376174588635842,
    "plt" : 4.895352485501798,
    "slidingLinearReg" : 2.371214537694839,
    "source" : 2.4208178228677513,
    "senMLParse" : 2.408784580427798
  },
  "recsOutPerModule" : {
    "acc" : 4.868550778984625,
    "zip" : 4.851656839641768,
    "average" : 2.4007577735831487,
    "distinctCount" : 2.3435847114958026,
    "blobUpload" : 4.8258242635870054,
    "sink" : 4.7629399751659465,
    "kalmanFilter" : 2.3371999808768726,
    "plt" : 4.882830021422043,
    "slidingLinearReg" : 2.360561426188931,
    "source" : 2.4208114639880445,
    "senMLParse" : 2.4086385258714724
  },
  "remainingDataPerDevice" : {
    "acc" : 4000,
    "zip" : 0,
    "average" : 22000,
    "distinctCount" : 72000,
    "blobUpload" : 0,
    "sink" : 0,
    "kalmanFilter" : 46000,
    "plt" : 240000,
    "slidingLinearReg" : 0,
    "source" : 0,
    "senMLParse" : 162000
  },
  "executionTime" : 3482.0,
  "networkUsage" : 601091.64,
  "tuplesSentBySensors" : 4800
}