{
  "placement" : {
    "acc" : "cloud-1-1-0-0-0-0-0-1-0-1",
    "average" : "cloud-1-1-0-0-1-0-1-0-1-0",
    "blobUpload" : "cloud-1-0-1-1-0-0-1-1-0-0",
    "distinctCount" : "cloud-1-1-1-0-1-1-1-0-0-0",
    "kalmanFilter" : "cloud-0-1-0-0-1-1-0",
    "plt" : "cloud-0-0-1-0-0-1-0-1-1-0",
    "senMLParse" : "cloud-0-0-0-1-1-0-0-0-1",
    "sink" : "cloud-0-1-0-1-0-1-1-0-1",
    "slidingLinearReg" : "cloud-1-0-0-0-0-1-0-1-0",
    "source" : "cloud-0-1-0-1-0",
    "zip" : "cloud-0-0-0-0-1-0-0-0-1-0"
  },
  "appLoopLatency" : 72.94860029822395,
  "latencyPerTupleType" : {
    "average_TUPLE" : 15.287796357586165,
    "sink_TUPLE" : 6.615114796861039,
    "slidingLinearReg_TUPLE" : 3.8694681793750942,
    "acc_TUPLE" : 1.0852005646720715,
    "blobUpload_TUPLE" : 6.985872507826249,
    "kalmanFilter_TUPLE" : 29.75118636025789,
    "plt_TUPLE" : 12.003046085881353,
    "zip_TUPLE" : 2.504877480751972,
    "senMLParse_TUPLE" : 0.20367308888881588,
    "distinctCount_TUPLE" : 19.43404577720586,
    "TUPLE" : 0.1004241666666613
  },
  "tuplesProcessedPerModule" : {
    "acc" : 9798,
    "zip" : 9646,
    "average" : 4673,
    "distinctCount" : 4662,
    "blobUpload" : 9527,
    "sink" : 9527,
    "kalmanFilter" : 4655,
    "plt" : 9661,
    "slidingLinearReg" : 4655,
    "source" : 4800,
    "senMLParse" : 4800
  },
  "recsInPerModule" : {
    "acc" : 4.901938587183583,
    "zip" : 4.83089146491054,
    "average" : 2.4051385199227777,
    "distinctCount" : 2.4062236340656216,
    "blobUpload" : 4.790696316695443,
    "sink" : 4.769014044303411,
    "kalmanFilter" : 2.406947593251916,
    "plt" : 4.906132851245312,
    "slidingLinearReg" : 2.3294788585128634,
    "source" : 2.4239963518854903,
    "senMLParse" : 2.415816090255855
  },
  "recsOutPerModule" : {
    "acc" : 4.90164226866112,
    "zip" : 4.824659484247451,
    "average" : 2.3415025632498208,
    "distinctCount" : 2.3383646666566293,
    "blobUpload" : 4.789634391577218,
    "sink" : 4.767758346917388,
    "kalmanFilter" : 2.3370808524377047,
    "plt" : 4.843960686979985,
    "slidingLinearReg" : 2.3293197958428613,
    "source" : 2.423867571490259,
    "senMLParse" : 2.4156691817820146
  },
  "remainingDataPerDevice" : {
    "acc" : 26000,
    "zip" : 238000,
    "average" : 0,
    "distinctCount" : 2000,
    "blobUpload" : 0,
    "sink" : 0,
    "kalmanFilter" : 0,
    "plt" : 30000,
    "slidingLinearReg" : 10000,
    "source" : 0,
    "senMLParse" : 0
  },
  "executionTime" : 3451.0,
  "networkUsage" : 668763.55,
  "tuplesSentBySensors" : 4800
}