{
  "placement" : {
    "acc" : "cloud-0-0-1-1-1-1",
    "average" : "cloud-0-0-0-1-1-1-1-0",
    "blobUpload" : "cloud-1-0-1-1-0-1-1-0-0",
    "distinctCount" : "cloud-1-1-1-0-1-1-1-0-0",
    "kalmanFilter" : "cloud-0-0-1-0-1-1-1-0-0-1",
    "plt" : "cloud-0-0-1-1-0-1-0-1-1-0",
    "senMLParse" : "cloud-1-0-0-1-0-1-0-1",
    "sink" : "cloud-1-1-1-1-0-1-0-0-1-0",
    "slidingLinearReg" : "cloud-1-1-1-1-0-1-1-0",
    "source" : "cloud-1-0-1-0-0-0-1",
    "zip" : "cloud-0-0-0-0-1-1-1-1-1-0"
  },
  "appLoopLatency" : 78.2350071671135,
  "latencyPerTupleType" : {
    "average_TUPLE" : 5.94111111959543,
    "sink_TUPLE" : 2.6251901300258855,
    "acc_TUPLE" : 1.4765467901234441,
    "slidingLinearReg_TUPLE" : 3.61894845908812,
    "blobUpload_TUPLE" : 3.77200788899451,
    "kalmanFilter_TUPLE" : 4.098470623610837,
    "plt_TUPLE" : 2.712097526740385,
    "zip_TUPLE" : 16.07292626124672,
    "senMLParse_TUPLE" : 4.674714788888945,
    "distinctCount_TUPLE" : 28.119960418702657,
    "TUPLE" : 0.09584777777779031
  },
  "tuplesProcessedPerModule" : {
    "acc" : 9801,
    "zip" : 9675,
    "average" : 4713,
    "distinctCount" : 4713,
    "blobUpload" : 9588,
    "sink" : 9588,
    "kalmanFilter" : 4713,
    "plt" : 9675,
    "slidingLinearReg" : 4682,
    "source" : 4800,
    "senMLParse" : 4800
  },
  "recsInPerModule" : {
    "acc" : 4.904420543512175,
    "zip" : 4.8809563566748615,
    "average" : 2.361930881562731,
    "distinctCount" : 2.4029561721512347,
    "blobUpload" : 4.838327965214266,
    "sink" : 4.798292619644642,
    "kalmanFilter" : 2.4006727479262415,
    "plt" : 4.892912278193616,
    "slidingLinearReg" : 2.341467005008783,
    "source" : 2.4227728534358706,
    "senMLParse" : 2.4155767453897203
  },
  "recsOutPerModule" : {
    "acc" : 4.9036639571780825,
    "zip" : 4.858498412212735,
    "average" : 2.359964639898198,
    "distinctCount" : 2.360764984973922,
    "blobUpload" : 4.815645793194345,
    "sink" : 4.797364798800879,
    "kalmanFilter" : 2.3619846630744674,
    "plt" : 4.896767205634302,
    "slidingLinearReg" : 2.3411170978353786,
    "source" : 2.4227703057700163,
    "senMLParse" : 2.4099599622615435
  },
  "remainingDataPerDevice" : {
    "acc" : 34000,
    "zip" : 0,
    "average" : 4000,
    "distinctCount" : 52000,
    "blobUpload" : 0,
    "sink" : 0,
    "kalmanFilter" : 62000,
    "plt" : 0,
    "slidingLinearReg" : 64000,
    "source" : 0,
    "senMLParse" : 174000
  },
  "executionTime" : 3219.0,
  "networkUsage" : 548808.06,
  "tuplesSentBySensors" : 4800
}