{
  "placement" : {
    "acc" : "cloud-0-0-1-1-1-1-1-1-1-0",
    "average" : "cloud-0-1-1-1-0-1-0-0",
    "blobUpload" : "cloud-1-1-0-1-1-1-1-1-1-1",
    "distinctCount" : "cloud-1-1-0-1-1-0-0-0-1-1",
    "kalmanFilter" : "cloud-1-0-1-1-1-0-0-1",
    "plt" : "cloud-1-1-1-0-0-1-0-1-1",
    "senMLParse" : "cloud-0-0-0-1-0-1-0",
    "sink" : "cloud-1-1-0-1-0-1-0-1-1-1",
    "slidingLinearReg" : "cloud-1-0-0-0-1-0-0-0-0-1",
    "source" : "cloud-0-0-0-0-0-0-1-1-1-1",
    "zip" : "cloud-1-0-0-1-1-1-0-0-1-0"
  },
  "appLoopLatency" : 69.5421227047765,
  "latencyPerTupleType" : {
    "average_TUPLE" : 2.142418641818198,
    "sink_TUPLE" : 7.680466083255407,
    "slidingLinearReg_TUPLE" : 3.6041425709088712,
    "acc_TUPLE" : 0.922016933534378,
    "blobUpload_TUPLE" : 3.845403211201399,
    "kalmanFilter_TUPLE" : 10.00659004480703,
    "plt_TUPLE" : 1.6039693655561293,
    "zip_TUPLE" : 14.428795220409086,
    "senMLParse_TUPLE" : 0.1250014808080181,
    "distinctCount_TUPLE" : 3.6730347541413684,
    "TUPLE" : 0.09681474747474948
  },
  "tuplesProcessedPerModule" : {
    "acc" : 9784,
    "zip" : 9650,
    "average" : 4800,
    "distinctCount" : 4800,
    "blobUpload" : 9650,
    "sink" : 9559,
    "kalmanFilter" : 4680,
    "plt" : 9770,
    "slidingLinearReg" : 4675,
    "source" : 4800,
    "senMLParse" : 4800
  },
  "recsInPerModule" : {
    "acc" : 4.893199443769614,
    "zip" : 4.9138954753654165,
    "average" : 2.407205587655104,
    "distinctCount" : 2.405034553100071,
    "blobUpload" : 4.843041051437601,
    "sink" : 4.801017668577051,
    "kalmanFilter" : 2.4061195806481788,
    "plt" : 4.944484523139864,
    "slidingLinearReg" : 2.3402283982427017,
    "source" : 2.421794943594882,
    "senMLParse" : 2.4141190975280624
  },
  "recsOutPerModule" : {
    "acc" : 4.892405641731025,
    "zip" : 4.869193085645885,
    "average" : 2.404298978337345,
    "distinctCount" : 2.4001312939821533,
    "blobUpload" : 4.833600503005567,
    "sink" : 4.79225249087281,
    "kalmanFilter" : 2.34691777850654,
    "plt" : 4.937986971409612,
    "slidingLinearReg" : 2.3389338487017617,
    "source" : 2.4216704464116323,
    "senMLParse" : 2.413985041403215
  },
  "remainingDataPerDevice" : {
    "acc" : 28000,
    "zip" : 0,
    "average" : 22000,
    "distinctCount" : 282000,
    "blobUpload" : 455000,
    "sink" : 0,
    "kalmanFilter" : 0,
    "plt" : 0,
    "slidingLinearReg" : 50000,
    "source" : 0,
    "senMLParse" : 0
  },
  "executionTime" : 2770.0,
  "networkUsage" : 662628.42,
  "tuplesSentBySensors" : 4800
}