{
  "placement" : {
    "acc" : "cloud-0-1-1-0-1-0-0-0-1-1",
    "average" : "cloud-0-1-0-0-0-1-1-1-0",
    "blobUpload" : "cloud-0-1-1-0-1-1-1-0",
    "distinctCount" : "cloud-0-1-0-1-0-1-1-0",
    "kalmanFilter" : "cloud-0-0-1-1-1-0-0-0-0-1",
    "plt" : "cloud-1-0-1",
    "senMLParse" : "cloud-0-0-1-1-0-0-0-1-1-0",
    "sink" : "cloud-0-1-0-1-1-1-0-0-0-0",
    "slidingLinearReg" : "cloud-1-0-0-1-1-0-1-0-1-0",
    "source" : "cloud-1-1-0-1-1-0-0-0-1-1",
    "zip" : "cloud-0-0-1-0-1-0-1-1-0"
  },
  "appLoopLatency" : 59.56044216287829,
  "latencyPerTupleType" : {
    "average_TUPLE" : 2.3997014897019713,
    "sink_TUPLE" : 3.4426105868844687,
    "slidingLinearReg_TUPLE" : 2.320295857777642,
    "acc_TUPLE" : 0.8313265742511311,
    "blobUpload_TUPLE" : 2.7332010488304017,
    "kalmanFilter_TUPLE" : 2.6209253372193433,
    "plt_TUPLE" : 11.194086100007299,
    "zip_TUPLE" : 2.736388005489139,
    "senMLParse_TUPLE" : 5.411738501009975,
    "distinctCount_TUPLE" : 3.2421029692293146,
    "TUPLE" : 0.09399515151515637
  },
  "tuplesProcessedPerModule" : {
    "acc" : 9758,
    "zip" : 9758,
    "average" : 4692,
    "distinctCount" : 4699,
    "blobUpload" : 9664,
    "sink" : 9555,
    "kalmanFilter" : 4706,
    "plt" : 9758,
    "slidingLinearReg" : 4650,
    "source" : 4800,
    "senMLParse" : 4800
  },
  "recsInPerModule" : {
    "acc" : 4.952926191915815,
    "zip" : 4.899740463073944,
    "average" : 2.3467025968907533,
    "distinctCount" : 2.350085847025592,
    "blobUpload" : 4.851717872265076,
    "sink" : 4.81846929405593,
    "kalmanFilter" : 2.35523581947534,
    "plt" : 4.935660120109051,
    "slidingLinearReg" : 2.3761815158989417,
    "source" : 2.422161567259642,
    "senMLParse" : 2.410845309445284
  },
  "recsOutPerModule" : {
    "acc" : 4.950438215017972,
    "zip" : 4.890750854204444,
    "average" : 2.3464074300083895,
    "distinctCount" : 2.3495399323891024,
    "blobUpload" : 4.841439389367919,
    "sink" : 4.8169612064186085,
    "kalmanFilter" : 2.354774238008931,
    "plt" : 4.911088619749539,
    "slidingLinearReg" : 2.3719064782642914,
    "source" : 2.4221592523681292,
    "senMLParse" : 2.4048111466155695
  },
  "remainingDataPerDevice" : {
    "acc" : 0,
    "zip" : 188000,
    "average" : 8000,
    "distinctCount" : 98000,
    "blobUpload" : 545000,
    "sink" : 0,
    "kalmanFilter" : 112000,
    "plt" : 0,
    "slidingLinearReg" : 0,
    "source" : 0,
    "senMLParse" : 606000
  },
  "executionTime" : 2609.0,
  "networkUsage" : 579952.6,
  "tuplesSentBySensors" : 4800
}