{
  "placement" : {
    "acc" : "cloud-0-1-1-0-0-1-0-1-1-1",
    "average" : "cloud-1-1-0-0-1-0-1-0-1-1",
    "blobUpload" : "cloud-1-1-0-0-1-1-0-1-1-1",
    "distinctCount" : "cloud-1-1-0-0-1-1-0-0-1-0",
    "kalmanFilter" : "cloud-0-1-0-0-1-0-0-0-0-0",
    "plt" : "cloud-1-1-1-0-1-1-1-1-1",
    "senMLParse" : "cloud-0-0-1-0-1-0-1-1-1-0",
    "sink" : "cloud-1-1-0-0-1-0-1-0",
    "slidingLinearReg" : "cloud-1-1-0-0-1-1-1-0-1",
    "source" : "cloud-1-1-0-1-0-1-0-0-1-0",
    "zip" : "cloud-1-0-1-0-1-0-0-0-1-0"
  },
  "appLoopLatency" : 105.2093972845652,
  "latencyPerTupleType" : {
    "average_TUPLE" : 14.356509863643176,
    "sink_TUPLE" : 74.90000876906318,
    "slidingLinearReg_TUPLE" : 3.5061980268156607,
    "acc_TUPLE" : 5.088570083457693,
    "blobUpload_TUPLE" : 16.377473145378854,
    "kalmanFilter_TUPLE" : 9.606897771839675,
    "plt_TUPLE" : 24.798118174704314,
    "zip_TUPLE" : 11.32459488707511,
    "senMLParse_TUPLE" : 0.2092564222222567,
    "distinctCount_TUPLE" : 18.843285714312966,
    "TUPLE" : 0.09468166666666046
  },
  "tuplesProcessedPerModule" : {
    "acc" : 9765,
    "zip" : 9538,
    "average" : 4672,
    "distinctCount" : 4667,
    "blobUpload" : 9227,
    "sink" : 8911,
    "kalmanFilter" : 4676,
    "plt" : 9538,
    "slidingLinearReg" : 4651,
    "source" : 4800,
    "senMLParse" : 4800
  },
  "recsInPerModule" : {
    "acc" : 4.885611572985747,
    "zip" : 4.7954658982644895,
    "average" : 2.397188027692513,
    "distinctCount" : 2.380607491768461,
    "blobUpload" : 4.774421855848649,
    "sink" : 4.654471305993145,
    "kalmanFilter" : 2.3961134234233925,
    "plt" : 4.9099050049524635,
    "slidingLinearReg" : 2.3289960083931516,
    "source" : 2.420085499603963,
    "senMLParse" : 2.4081841127641783
  },
  "recsOutPerModule" : {
    "acc" : 4.885303500881516,
    "zip" : 4.7948230406317345,
    "average" : 2.3379836577532855,
    "distinctCount" : 2.334899701740478,
    "blobUpload" : 4.661996755749958,
    "sink" : 4.543876738085524,
    "kalmanFilter" : 2.3404562614521547,
    "plt" : 4.814346240692267,
    "slidingLinearReg" : 2.328836874921866,
    "source" : 2.4200829575867435,
    "senMLParse" : 2.408017539401827
  },
  "remainingDataPerDevice" : {
    "acc" : 2000,
    "zip" : 0,
    "average" : 2000,
    "distinctCount" : 34000,
    "blobUpload" : 0,
    "sink" : 0,
    "kalmanFilter" : 50000,
    "plt" : 0,
    "slidingLinearReg" : 2000,
    "source" : 0,
    "senMLParse" : 106000
  },
  "executionTime" : 9272.0,
  "networkUsage" : 579809.95,
  "tuplesSentBySensors" : 4800
}