{
  "placement" : {
    "acc" : "cloud-0-0-0-0-1-0-1-0-0-1",
    "average" : "cloud-0-1-1-1-1-0-0-0",
    "blobUpload" : "cloud-1-1-0-0-1-0-0-0-0-1",
    "distinctCount" : "cloud-1-0-1-0-0-1-1-0-1-0",
    "kalmanFilter" : "cloud-1-1-1-0-0-1-0-1-0-0",
    "plt" : "cloud-0-1-0-1-0-0-1-0-0-0",
    "senMLParse" : "cloud-0-1-1-0-0-0-0-0-0-0",
    "sink" : "cloud-0-0-1-0-0-0-0",
    "slidingLinearReg" : "cloud-0-1-0-1-0-1-1-0-0",
    "source" : "cloud-0-0-1-1-0-0-0-0-1-0",
    "zip" : "cloud-0-0-1-0-0-1-1-0-1-1"
  },
  "appLoopLatency" : 83.52719862310988,
  "latencyPerTupleType" : {
    "average_TUPLE" : 16.008038256482152,
    "sink_TUPLE" : 38.00331166158964,
    "acc_TUPLE" : 0.3886028054209391,
    "slidingLinearReg_TUPLE" : 7.331166860603899,
    "blobUpload_TUPLE" : 2.7971313964558475,
    "kalmanFilter_TUPLE" : 29.495676841990946,
    "plt_TUPLE" : 3.127318743647545,
    "zip_TUPLE" : 6.829921876458173,
    "senMLParse_TUPLE" : 0.12073605151508517,
    "distinctCount_TUPLE" : 0.5475552623711246,
    "TUPLE" : 0.09584505050504837
  },
  "tuplesProcessedPerModule" : {
    "acc" : 9727,
    "zip" : 9586,
    "average" : 4669,
    "distinctCount" : 4790,
    "blobUpload" : 9586,
    "sink" : 9292,
    "kalmanFilter" : 4657,
    "plt" : 9601,
    "slidingLinearReg" : 4650,
    "source" : 4800,
    "senMLParse" : 4800
  },
  "recsInPerModule" : {
    "acc" : 4.866247891513362,
    "zip" : 4.830433654263816,
    "average" : 2.40358937904032,
    "distinctCount" : 2.399573229194165,
    "blobUpload" : 4.808465013371096,
    "sink" : 4.796979953513192,
    "kalmanFilter" : 2.398329001318868,
    "plt" : 4.820400259973629,
    "slidingLinearReg" : 2.347873168701814,
    "source" : 2.422161567259642,
    "senMLParse" : 2.411450896433057
  },
  "recsOutPerModule" : {
    "acc" : 4.864407498187752,
    "zip" : 4.82978465351736,
    "average" : 2.339059989262357,
    "distinctCount" : 2.395073106231692,
    "blobUpload" : 4.808022855873103,
    "sink" : 4.677500206647142,
    "kalmanFilter" : 2.332806721839227,
    "plt" : 4.81884780390055,
    "slidingLinearReg" : 2.3378957013769948,
    "source" : 2.4220370323804716,
    "senMLParse" : 2.411317136466856
  },
  "remainingDataPerDevice" : {
    "acc" : 252000,
    "zip" : 0,
    "average" : 2000,
    "distinctCount" : 280000,
    "blobUpload" : 20000,
    "sink" : 0,
    "kalmanFilter" : 14000,
    "plt" : 30000,
    "slidingLinearReg" : 0,
    "source" : 0,
    "senMLParse" : 10000
  },
  "executionTime" : 5227.0,
  "networkUsage" : 700353.52,
  "tuplesSentBySensors" : 4800
}