{
  "placement" : {
    "acc" : "cloud-0-0-0-1-1-0-1-1-0-0",
    "average" : "cloud-1-0-1-1-0-1-0-0-0-1",
    "blobUpload" : "cloud-1-1-1-0-0-1-0-1-1-1",
    "distinctCount" : "cloud-0-0-0-1-0-0-1-0",
    "kalmanFilter" : "cloud-1-1-0-1-0-1-0-0-0",
    "plt" : "cloud-0-1-0-1-0-0-0-1-1-0",
    "senMLParse" : "cloud-0-1-1-1-1-1-0-0-1-0",
    "sink" : "cloud-1-1-0-1-0-0-0-1-1",
    "slidingLinearReg" : "cloud-1-0-0-0-0-0-0-1-1-1",
    "source" : "cloud-1-0-1-0-0-0-0-0-0",
    "zip" : "cloud-1-0-1-1-1"
  },
  "appLoopLatency" : 65.79810755571042,
  "latencyPerTupleType" : {
    "average_TUPLE" : 0.22124774666668207,
    "sink_TUPLE" : 2.3979293088003706,
    "acc_TUPLE" : 0.2980827410686927,
    "slidingLinearReg_TUPLE" : 3.3767057320358767,
    "blobUpload_TUPLE" : 1.0720223154538928,
    "kalmanFilter_TUPLE" : 2.211955397777821,
    "plt_TUPLE" : 1.252223762120872,
    "zip_TUPLE" : 10.773480150841694,
    "senMLParse_TUPLE" : 0.2490405888888148,
    "distinctCount_TUPLE" : 0.3847251533333613,
    "TUPLE" : 0.0966394444444511
  },
  "tuplesProcessedPerModule" : {
    "acc" : 9937,
    "zip" : 9773,
    "average" : 4800,
    "distinctCount" : 4800,
    "blobUpload" : 9773,
    "sink" : 9686,
    "kalmanFilter" : 4800,
    "plt" : 9774,
    "slidingLinearReg" : 4676,
    "source" : 4800,
    "senMLParse" : 4800
  },
  "recsInPerModule" : {
    "acc" : 4.970245994870148,
    "zip" : 4.935714220372293,
    "average" : 2.406801756544894,
    "distinctCount" : 2.4074053087295386,
    "blobUpload" : 4.896974252491408,
    "sink" : 4.855067338650332,
    "kalmanFilter" : 2.405474993386071,
    "plt" : 4.887589161845285,
    "slidingLinearReg" : 2.3505864419349325,
    "source" : 2.4233844482332265,
    "senMLParse" : 2.4153298408647856
  },
  "recsOutPerModule" : {
    "acc" : 4.969216994240652,
    "zip" : 4.912979946562796,
    "average" : 2.406630803740765,
    "distinctCount" : 2.4072216947733875,
    "blobUpload" : 4.8922859761630715,
    "sink" : 4.847806044031247,
    "kalmanFilter" : 2.402695556112955,
    "plt" : 4.887240956159205,
    "slidingLinearReg" : 2.3385834637119873,
    "source" : 2.4233780758626304,
    "senMLParse" : 2.415157674474462
  },
  "remainingDataPerDevice" : {
    "acc" : 324000,
    "zip" : 0,
    "average" : 8000,
    "distinctCount" : 0,
    "blobUpload" : 435000,
    "sink" : 0,
    "kalmanFilter" : 200000,
    "plt" : 2000,
    "slidingLinearReg" : 52000,
    "source" : 0,
    "senMLParse" : 0
  },
  "executionTime" : 2623.0,
  "networkUsage" : 623232.88,
  "tuplesSentBySensors" : 4800
}