{
  "placement" : {
    "acc" : "cloud-0-1-0-1-0-1-0-1",
    "average" : "cloud-0-1-0-0-1-1-1-0-1",
    "blobUpload" : "cloud-1-1-0-0-0-1-1-1-0-0",
    "distinctCount" : "cloud-0-0-1-0-0-0-1-0-0-0",
    "kalmanFilter" : "cloud-1-0-1-0-1-0-1-0",
    "plt" : "cloud-0-0-0-0-0-0-0-0-0-0",
    "senMLParse" : "cloud-0-0-0-1-1-0-1-1-0",
    "sink" : "cloud-1-0-0-0-1-1-1-0-1-0",
    "slidingLinearReg" : "cloud-1-0-0-1-1-1-0-1-1-0",
    "source" : "cloud-1-1-1-1-0-1-1-1",
    "zip" : "cloud-1-0-1-1-1-0-1-1-0-1"
  },
  "appLoopLatency" : 79.41310527367492,
  "latencyPerTupleType" : {
    "average_TUPLE" : 2.7096641162479966,
    "sink_TUPLE" : 4.40179395673145,
    "acc_TUPLE" : 0.3630689034190098,
    "slidingLinearReg_TUPLE" : 6.673203688886977,
    "blobUpload_TUPLE" : 2.513069586613446,
    "kalmanFilter_TUPLE" : 29.368109740001685,
    "plt_TUPLE" : 5.390530813231423,
    "zip_TUPLE" : 6.329040317852634,
    "senMLParse_TUPLE" : 0.28220085000002515,
    "distinctCount_TUPLE" : 0.5761970933333476,
    "TUPLE" : 0.09466777777777285
  },
  "tuplesProcessedPerModule" : {
    "acc" : 9757,
    "zip" : 9615,
    "average" : 4737,
    "distinctCount" : 4800,
    "blobUpload" : 9608,
    "sink" : 9438,
    "kalmanFilter" : 4659,
    "plt" : 9628,
    "slidingLinearReg" : 4650,
    "source" : 4800,
    "senMLParse" : 4800
  },
  "recsInPerModule" : {
    "acc" : 4.879483582309728,
    "zip" : 4.828898761081213,
    "average" : 2.400906632163118,
    "distinctCount" : 2.402108135138926,
    "blobUpload" : 4.826214517833052,
    "sink" : 4.769268008921043,
    "kalmanFilter" : 2.3984260078279043,
    "plt" : 4.83825232701371,
    "slidingLinearReg" : 2.348903403497164,
    "source" : 2.4220393470383756,
    "senMLParse" : 2.4112084011830808
  },
  "recsOutPerModule" : {
    "acc" : 4.8792141547183805,
    "zip" : 4.827949079304131,
    "average" : 2.369394739726846,
    "distinctCount" : 2.4019253282990425,
    "blobUpload" : 4.8223892323131485,
    "sink" : 4.719760898005208,
    "kalmanFilter" : 2.3313541984602955,
    "plt" : 4.836692737126952,
    "slidingLinearReg" : 2.3393071865728787,
    "source" : 2.4220368009149245,
    "senMLParse" : 2.4110368218287648
  },
  "remainingDataPerDevice" : {
    "acc" : 258000,
    "zip" : 14000,
    "average" : 6000,
    "distinctCount" : 290000,
    "blobUpload" : 355000,
    "sink" : 0,
    "kalmanFilter" : 18000,
    "plt" : 26000,
    "slidingLinearReg" : 0,
    "source" : 0,
    "senMLParse" : 8000
  },
  "executionTime" : 3407.0,
  "networkUsage" : 798383.18,
  "tuplesSentBySensors" : 4800
}