{
  "placement" : {
    "acc" : "cloud-0-1-1-0-0-1-0-0-1-0",
    "average" : "cloud-0-0-1-0-1-1-0-0-1",
    "blobUpload" : "cloud-1-1-0-0-1-0-1-1-1-1",
    "distinctCount" : "cloud-0-1-0-1-1-0-1-1-1-0",
    "kalmanFilter" : "cloud-1-0-1-0-0-1",
    "plt" : "cloud-1-1-0-1-1-1",
    "senMLParse" : "cloud-0-1-0-1-0-0-0-1-1-1",
    "sink" : "cloud-1-0-0-1-1-0-0-1-0",
    "slidingLinearReg" : "cloud-1-0-1-1-0-0-1-0-1-1",
    "source" : "cloud-0-1-1-0-1-0-0-1-0-1",
    "zip" : "cloud-1-1-0-0-1-1-1-1-0"
  },
  "appLoopLatency" : 85.02540037972362,
  "latencyPerTupleType" : {
    "average_TUPLE" : 29.408556212802846,
    "sink_TUPLE" : 6.784541937940215,
    "slidingLinearReg_TUPLE" : 25.63323661076069,
    "acc_TUPLE" : 0.7812781281800524,
    "blobUpload_TUPLE" : 25.376559196007072,
    "kalmanFilter_TUPLE" : 5.776041753261507,
    "plt_TUPLE" : 23.22982262079781,
    "zip_TUPLE" : 2.3291691435676904,
    "senMLParse_TUPLE" : 5.066576435555628,
    "distinctCount_TUPLE" : 1.8136255615788717,
    "TUPLE" : 0.09499361111110294
  },
  "tuplesProcessedPerModule" : {
    "acc" : 9677,
    "zip" : 9634,
    "average" : 4693,
    "distinctCount" : 4701,
    "blobUpload" : 9380,
    "sink" : 9380,
    "kalmanFilter" : 4696,
    "plt" : 9666,
    "slidingLinearReg" : 4656,
    "source" : 4800,
    "senMLParse" : 4800
  },
  "recsInPerModule" : {
    "acc" : 4.839515743778349,
    "zip" : 4.84008969029168,
    "average" : 2.35143786844644,
    "distinctCount" : 2.353439042730175,
    "blobUpload" : 4.82738680707066,
    "sink" : 4.728145546270459,
    "kalmanFilter" : 2.350967463823626,
    "plt" : 4.913191533928451,
    "slidingLinearReg" : 2.3346737388319547,
    "source" : 2.4216727603689217,
    "senMLParse" : 2.410362095831512
  },
  "recsOutPerModule" : {
    "acc" : 4.839250812513137,
    "zip" : 4.833927247107688,
    "average" : 2.3474365542189806,
    "distinctCount" : 2.353167844626358,
    "blobUpload" : 4.743931914570602,
    "sink" : 4.7240739724254475,
    "kalmanFilter" : 2.3489969607028125,
    "plt" : 4.83939612709735,
    "slidingLinearReg" : 2.3285809314600545,
    "source" : 2.4215493169223476,
    "senMLParse" : 2.4040167608205496
  },
  "remainingDataPerDevice" : {
    "acc" : 22000,
    "zip" : 0,
    "average" : 10000,
    "distinctCount" : 96000,
    "blobUpload" : 0,
    "sink" : 0,
    "kalmanFilter" : 54000,
    "plt" : 64000,
    "slidingLinearReg" : 210000,
    "source" : 0,
    "senMLParse" : 594000
  },
  "executionTime" : 3918.0,
  "networkUsage" : 502955.82,
  "tuplesSentBySensors" : 4800
}