{
  "placement" : {
    "acc" : "cloud-0-0-1-0-1-1-0-0-0",
    "average" : "cloud-1-0-0-0-1-0-0-1",
    "blobUpload" : "cloud-0-1-1-1-0-0-0-1-1",
    "distinctCount" : "cloud-1-1-0-1-1-1-1-0-1-1",
    "kalmanFilter" : "cloud-1-0-1-0-1-1-0-0-1-0",
    "plt" : "cloud-1-1-0-1-0-1-1-1-1-0",
    "senMLParse" : "cloud-0-0-0-1-0-1-1-0-1-0",
    "sink" : "cloud-0-0-1-1-1-1-0-0-0-0",
    "slidingLinearReg" : "cloud-0-1-1-0-0-0-0-0-1",
    "source" : "cloud-1-0-1-1-1-0-1",
    "zip" : "cloud-1-0-1-1-1-1-1-1-0-1"
  },
  "appLoopLatency" : 62.60128880349623,
  "latencyPerTupleType" : {
    "average_TUPLE" : 1.4237259940404208,
    "sink_TUPLE" : 3.0398337086341605,
    "acc_TUPLE" : 0.7776220069044553,
    "slidingLinearReg_TUPLE" : 5.821951656723682,
    "blobUpload_TUPLE" : 2.585562560104449,
    "kalmanFilter_TUPLE" : 8.696957333830648,
    "plt_TUPLE" : 2.773972192072521,
    "zip_TUPLE" : 1.2937474371970934,
    "senMLParse_TUPLE" : 0.24223542444446744,
    "distinctCount_TUPLE" : 2.8524441906645683,
    "TUPLE" : 0.09432555555556534
  },
  "tuplesProcessedPerModule" : {
    "acc" : 9759,
    "zip" : 9746,
    "average" : 4800,
    "distinctCount" : 4734,
    "blobUpload" : 9638,
    "sink" : 9638,
    "kalmanFilter" : 4692,
    "plt" : 9746,
    "slidingLinearReg" : 4660,
    "source" : 4800,
    "senMLParse" : 4800
  },
  "recsInPerModule" : {
    "acc" : 4.88022949060397,
    "zip" : 4.887796277014281,
    "average" : 2.4031905256080006,
    "distinctCount" : 2.4017475565549162,
    "blobUpload" : 4.857568930939931,
    "sink" : 4.838101376179877,
    "kalmanFilter" : 2.401987932652325,
    "plt" : 4.923601306784921,
    "slidingLinearReg" : 2.331599660730099,
    "source" : 2.423017454307191,
    "senMLParse" : 2.4133905965637448
  },
  "recsOutPerModule" : {
    "acc" : 4.879934617143534,
    "zip" : 4.882042459237988,
    "average" : 2.4014762882454237,
    "distinctCount" : 2.368723534763631,
    "blobUpload" : 4.849787904106001,
    "sink" : 4.82936488018828,
    "kalmanFilter" : 2.3479432112173115,
    "plt" : 4.912185960183386,
    "slidingLinearReg" : 2.3303993552941185,
    "source" : 2.4230149061268915,
    "senMLParse" : 2.413218706513964
  },
  "remainingDataPerDevice" : {
    "acc" : 26000,
    "zip" : 216000,
    "average" : 24000,
    "distinctCount" : 148000,
    "blobUpload" : 0,
    "sink" : 0,
    "kalmanFilter" : 58000,
    "plt" : 0,
    "slidingLinearReg" : 20000,
    "source" : 0,
    "senMLParse" : 0
  },
  "executionTime" : 2572.0,
  "networkUsage" : 616072.48,
  "tuplesSentBySensors" : 4800
}