{
  "placement" : {
    "acc" : "cloud-0-0-0-0-1-0-0-0",
    "average" : "cloud-1-0-0-1-1-0-0-1-1-1",
    "blobUpload" : "cloud-0-1-1-1-1-0-0-0-1",
    "distinctCount" : "cloud-0-0-1-0-0-1",
    "kalmanFilter" : "cloud-0-1-1-0-1-1-0-1-1-0",
    "plt" : "cloud-1-1-1-1-0-1-1",
    "senMLParse" : "cloud-0-0-1-0-1-0-0-1-0-1",
    "sink" : "cloud-0-1-0-1-0-0-0-0-1-1",
    "slidingLinearReg" : "cloud-1-1-1-0-0-0-0-0-0-1",
    "source" : "cloud-0-0-0-1-1-1-1-1",
    "zip" : "cloud-1-0-0-1-1-0-0-1-1-1"
  },
  "appLoopLatency" : 53.63282192376293,
  "latencyPerTupleType" : {
    "average_TUPLE" : 0.27521000256946976,
    "sink_TUPLE" : 5.78386481168128,
    "acc_TUPLE" : 0.7405966253367883,
    "slidingLinearReg_TUPLE" : 6.243357514345318,
    "blobUpload_TUPLE" : 1.9592824074241126,
    "kalmanFilter_TUPLE" : 8.128250611464457,
    "plt_TUPLE" : 1.7362096334982091,
    "zip_TUPLE" : 2.3625565579469683,
    "senMLParse_TUPLE" : 0.23419984222223733,
    "distinctCount_TUPLE" : 3.155190724444426,
    "TUPLE" : 0.09588888888888605
  },
  "tuplesProcessedPerModule" : {
    "acc" : 9904,
    "zip" : 9747,
    "average" : 4800,
    "distinctCount" : 4800,
    "blobUpload" : 9745,
    "sink" : 9633,
    "kalmanFilter" : 4688,
    "plt" : 9798,
    "slidingLinearReg" : 4670,
    "source" : 4800,
    "senMLParse" : 4800
  },
  "recsInPerModule" : {
    "acc" : 4.9532358211926075,
    "zip" : 4.873983733174476,
    "average" : 2.4073147733869664,
    "distinctCount" : 2.4113055489360407,
    "blobUpload" : 4.887094638197757,
    "sink" : 4.871153173179683,
    "kalmanFilter" : 2.406711259351054,
    "plt" : 4.9011402677754665,
    "slidingLinearReg" : 2.339083549300942,
    "source" : 2.4226505715184117,
    "senMLParse" : 2.415578011668816
  },
  "recsOutPerModule" : {
    "acc" : 4.952884904292243,
    "zip" : 4.873689251888827,
    "average" : 2.4071688970118044,
    "distinctCount" : 2.4067766227475795,
    "blobUpload" : 4.881138131847665,
    "sink" : 4.855306901825207,
    "kalmanFilter" : 2.35055466329953,
    "plt" : 4.8994260185657375,
    "slidingLinearReg" : 2.336336137592546,
    "source" : 2.4225270283674765,
    "senMLParse" : 2.4154311321483175
  },
  "remainingDataPerDevice" : {
    "acc" : 204000,
    "zip" : 4000,
    "average" : 8000,
    "distinctCount" : 0,
    "blobUpload" : 560000,
    "sink" : 0,
    "kalmanFilter" : 22000,
    "plt" : 102000,
    "slidingLinearReg" : 40000,
    "source" : 0,
    "senMLParse" : 0
  },
  "executionTime" : 2755.0,
  "networkUsage" : 556398.26,
  "tuplesSentBySensors" : 4800
}