{
  "placement" : {
    "acc" : "cloud-0-0-0-0-0-1-1-1-1-1",
    "average" : "cloud-1-1-1-1-0-0-0-1-1-1",
    "blobUpload" : "cloud-0-1-0-0-0-0-1-0",
    "distinctCount" : "cloud-0-1-1-1-1",
    "kalmanFilter" : "cloud-0-1-1-0-0-0-0-1",
    "plt" : "cloud-1-1-0-1-0-1-1-1-0-1",
    "senMLParse" : "cloud-0-1-0-1-0-0-1-1-1-1",
    "sink" : "cloud-1-0-1-1-1-1-1-0-1-0",
    "slidingLinearReg" : "cloud-0-0-0-0-0-1-1-0-0",
    "source" : "cloud-0-0-0-1-1-0-1-1",
    "zip" : "cloud-1-0-1-0-1-1-0-1-1"
  },
  "appLoopLatency" : 99.57694839121014,
  "latencyPerTupleType" : {
    "average_TUPLE" : 14.521041957095157,
    "sink_TUPLE" : 8.142706131761381,
    "acc_TUPLE" : 2.371175453126949,
    "slidingLinearReg_TUPLE" : 31.464815665600778,
    "blobUpload_TUPLE" : 20.302417752766043,
    "kalmanFilter_TUPLE" : 8.128081860675945,
    "plt_TUPLE" : 3.913363606780296,
    "zip_TUPLE" : 21.012625065499513,
    "senMLParse_TUPLE" : 0.2341026200000254,
    "distinctCount_TUPLE" : 17.945772351749017,
    "TUPLE" : 0.09644444444444032
  },
  "tuplesProcessedPerModule" : {
    "acc" : 9699,
    "zip" : 9543,
    "average" : 4677,
    "distinctCount" : 4670,
    "blobUpload" : 9387,
    "sink" : 9387,
    "kalmanFilter" : 4688,
    "plt" : 9684,
    "slidingLinearReg" : 4655,
    "source" : 4800,
    "senMLParse" : 4800
  },
  "recsInPerModule" : {
    "acc" : 4.909982687022318,
    "zip" : 4.86189521426028,
    "average" : 2.398063737736408,
    "distinctCount" : 2.4047807966073176,
    "blobUpload" : 4.77723566208862,
    "sink" : 4.703728380765574,
    "kalmanFilter" : 2.40201298155789,
    "plt" : 4.884982560574847,
    "slidingLinearReg" : 2.330203353646692,
    "source" : 2.422283799816411,
    "senMLParse" : 2.4112084011830803
  },
  "recsOutPerModule" : {
    "acc" : 4.855327075289108,
    "zip" : 4.795487911194111,
    "average" : 2.338727828145849,
    "distinctCount" : 2.342612311091402,
    "blobUpload" : 4.725039169789134,
    "sink" : 4.70165220055637,
    "kalmanFilter" : 2.345966011988206,
    "plt" : 4.8844561802693995,
    "slidingLinearReg" : 2.3284956944472657,
    "source" : 2.4221590208792207,
    "senMLParse" : 2.411062052555277
  },
  "remainingDataPerDevice" : {
    "acc" : 30000,
    "zip" : 0,
    "average" : 4000,
    "distinctCount" : 0,
    "blobUpload" : 0,
    "sink" : 0,
    "kalmanFilter" : 58000,
    "plt" : 0,
    "slidingLinearReg" : 6000,
    "source" : 0,
    "senMLParse" : 8000
  },
  "executionTime" : 3518.0,
  "networkUsage" : 674017.69,
  "tuplesSentBySensors" : 4800
}