{
  "placement" : {
    "acc" : "cloud-1-1-1-1-1-0-1-0-0",
    "average" : "cloud-1-1-0-1-1-1",
    "blobUpload" : "cloud-1-0-0-1-1-1",
    "distinctCount" : "cloud-1-0-1-1-1-1-0-0",
    "kalmanFilter" : "cloud-1-1-0-0-1-1-0-0-0",
    "plt" : "cloud-0-1-1-0-0-0-0-1-1-0",
    "senMLParse" : "cloud-1-0-0-1-0-1-1-0-0-1",
    "sink" : "cloud-0-0-1-1-0-1-1-0",
    "slidingLinearReg" : "cloud-0-0-0-0-1-1-0-0-1-0",
    "source" : "cloud-1-0-1-0-0-0-0-1",
    "zip" : "cloud-0-0-1-1-1-1-1-0-0"
  },
  "appLoopLatency" : 61.464593812168985,
  "latencyPerTupleType" : {
    "average_TUPLE" : 5.943848229716378,
    "sink_TUPLE" : 1.7211661288989593,
    "acc_TUPLE" : 0.4264380006907135,
    "slidingLinearReg_TUPLE" : 3.6386271477825756,
    "blobUpload_TUPLE" : 2.47174531541621,
    "kalmanFilter_TUPLE" : 4.098442333066994,
    "plt_TUPLE" : 9.667735543443822,
    "zip_TUPLE" : 1.3920367017089736,
    "senMLParse_TUPLE" : 4.674298122222154,
    "distinctCount_TUPLE" : 2.5453227459802075,
    "TUPLE" : 0.09558388888888665
  },
  "tuplesProcessedPerModule" : {
    "acc" : 9777,
    "zip" : 9659,
    "average" : 4713,
    "distinctCount" : 4713,
    "blobUpload" : 9659,
    "sink" : 9526,
    "kalmanFilter" : 4713,
    "plt" : 9746,
    "slidingLinearReg" : 4653,
    "source" : 4800,
    "senMLParse" : 4800
  },
  "recsInPerModule" : {
    "acc" : 4.889127553856549,
    "zip" : 4.873201103091433,
    "average" : 2.361930881562731,
    "distinctCount" : 2.3618124714378026,
    "blobUpload" : 4.8337001590536595,
    "sink" : 4.797896572215986,
    "kalmanFilter" : 2.36015666092944,
    "plt" : 4.914643678563035,
    "slidingLinearReg" : 2.32714333099675,
    "source" : 2.423262104572847,
    "senMLParse" : 2.4146059001822615
  },
  "recsOutPerModule" : {
    "acc" : 4.888844881228836,
    "zip" : 4.84996182636153,
    "average" : 2.359964639898198,
    "distinctCount" : 2.361357961035607,
    "blobUpload" : 4.830345277013648,
    "sink" : 4.79734033265397,
    "kalmanFilter" : 2.359501420351895,
    "plt" : 4.8920404925106125,
    "slidingLinearReg" : 2.3287166693553765,
    "source" : 2.4232608302247267,
    "senMLParse" : 2.408993625788061
  },
  "remainingDataPerDevice" : {
    "acc" : 62000,
    "zip" : 0,
    "average" : 4000,
    "distinctCount" : 68000,
    "blobUpload" : 665000,
    "sink" : 0,
    "kalmanFilter" : 118000,
    "plt" : 0,
    "slidingLinearReg" : 6000,
    "source" : 0,
    "senMLParse" : 522000
  },
  "executionTime" : 2386.0,
  "networkUsage" : 624323.29,
  "tuplesSentBySensors" : 4800
}