{
  "placement" : {
    "acc" : "cloud-1-1-1-1-1-0-1-1",
    "average" : "cloud-1-0-1-0-0-1-0-0",
    "blobUpload" : "cloud-0-1-0-0-0-0-0-1-0",
    "distinctCount" : "cloud-0-0-0-1-1-1-0-0-1-0",
    "kalmanFilter" : "cloud-1-1-1-1-1-0-1-1-0",
    "plt" : "cloud-1-0-1-1-0-1-0-0-1",
    "senMLParse" : "cloud-1-1-0-1-1-0-0-0-1-1",
    "sink" : "cloud-1-1-1-1-0-1-1-1-1-1",
    "slidingLinearReg" : "cloud-0-0-1-0-0-0-1-0-1",
    "source" : "cloud-0-1-1-1-0-0-1-0-0-0",
    "zip" : "cloud-0-1-1-1-1-1-0-1-1-1"
  },
  "appLoopLatency" : 74.86165527657481,
  "latencyPerTupleType" : {
    "average_TUPLE" : 16.623806804189595,
    "sink_TUPLE" : 3.507817091501961,
    "slidingLinearReg_TUPLE" : 31.701119948068442,
    "acc_TUPLE" : 0.6014756363060089,
    "blobUpload_TUPLE" : 1.6473009290396154,
    "kalmanFilter_TUPLE" : 29.507858397655387,
    "plt_TUPLE" : 2.0999904075665543,
    "zip_TUPLE" : 3.2390076723310894,
    "senMLParse_TUPLE" : 0.23889112323225614,
    "distinctCount_TUPLE" : 0.6820334686870603,
    "TUPLE" : 0.09641595959595302
  },
  "tuplesProcessedPerModule" : {
    "acc" : 9625,
    "zip" : 9624,
    "average" : 4667,
    "distinctCount" : 4800,
    "blobUpload" : 9624,
    "sink" : 9466,
    "kalmanFilter" : 4657,
    "plt" : 9624,
    "slidingLinearReg" : 4525,
    "source" : 4800,
    "senMLParse" : 4800
  },
  "recsInPerModule" : {
    "acc" : 4.819244424138583,
    "zip" : 4.847357281341136,
    "average" : 2.4056269317920362,
    "distinctCount" : 2.4023760720560476,
    "blobUpload" : 4.8282223185639435,
    "sink" : 4.773894928599992,
    "kalmanFilter" : 2.4062298755267233,
    "plt" : 4.86601471266558,
    "slidingLinearReg" : 2.3296635679414854,
    "source" : 2.423262104572847,
    "senMLParse" : 2.413754904289863
  },
  "recsOutPerModule" : {
    "acc" : 4.818980288330529,
    "zip" : 4.845726472840266,
    "average" : 2.3418122332492657,
    "distinctCount" : 2.401786300540187,
    "blobUpload" : 4.827223347310343,
    "sink" : 4.773340749893431,
    "kalmanFilter" : 2.3379675469772145,
    "plt" : 4.865000043168779,
    "slidingLinearReg" : 2.303084314605316,
    "source" : 2.423137456503134,
    "senMLParse" : 2.4136105449632335
  },
  "remainingDataPerDevice" : {
    "acc" : 2000,
    "zip" : 0,
    "average" : 0,
    "distinctCount" : 300000,
    "blobUpload" : 790000,
    "sink" : 0,
    "kalmanFilter" : 0,
    "plt" : 0,
    "slidingLinearReg" : 0,
    "source" : 0,
    "senMLParse" : 0
  },
  "executionTime" : 2594.0,
  "networkUsage" : 655330.0,
  "tuplesSentBySensors" : 4800
}