{
  "placement" : {
    "acc" : "cloud-0-1-0-0-1-0-0-0-0-1",
    "average" : "cloud-1-1-1-1-1-1-1-1-0",
    "blobUpload" : "cloud-0-1-0-0-0-1-0-1-0-1",
    "distinctCount" : "cloud-1-1-0-0-0-1-1-1-1-1",
    "kalmanFilter" : "cloud-0-1-1-1-0-0-0-1-0-1",
    "plt" : "cloud-0-0-0-1-0-0-0",
    "senMLParse" : "cloud-0-0-0-1-0-0-1-0-0",
    "sink" : "cloud-1-1-1-1-0-0-1-0-0-0",
    "slidingLinearReg" : "cloud-1-0-1-0-1-0-1-0-1-1",
    "source" : "cloud-0-1-0-1-1-1-1-1-0-0",
    "zip" : "cloud-0-1-1-1-1-1-1"
  },
  "appLoopLatency" : 118.35417389070552,
  "latencyPerTupleType" : {
    "average_TUPLE" : 16.505362677168364,
    "sink_TUPLE" : 8.666323636120627,
    "slidingLinearReg_TUPLE" : 8.164932975701996,
    "acc_TUPLE" : 0.6004785880124436,
    "blobUpload_TUPLE" : 26.370331473591015,
    "kalmanFilter_TUPLE" : 30.4344023242356,
    "plt_TUPLE" : 15.348623331604514,
    "zip_TUPLE" : 5.511717943579232,
    "senMLParse_TUPLE" : 0.11698449999993324,
    "distinctCount_TUPLE" : 19.45614044938144,
    "TUPLE" : 0.09958388888887493
  },
  "tuplesProcessedPerModule" : {
    "acc" : 9633,
    "zip" : 9506,
    "average" : 4666,
    "distinctCount" : 4659,
    "blobUpload" : 9316,
    "sink" : 9316,
    "kalmanFilter" : 4653,
    "plt" : 9620,
    "slidingLinearReg" : 4651,
    "source" : 4800,
    "senMLParse" : 4800
  },
  "recsInPerModule" : {
    "acc" : 4.880615223191079,
    "zip" : 4.786368885449335,
    "average" : 2.399580064388428,
    "distinctCount" : 2.3626169011029585,
    "blobUpload" : 4.769777528694827,
    "sink" : 4.6810124313165336,
    "kalmanFilter" : 2.4016611882156487,
    "plt" : 4.840867545154627,
    "slidingLinearReg" : 2.32640149531331,
    "source" : 2.42106202912235,
    "senMLParse" : 2.4098729925975526
  },
  "recsOutPerModule" : {
    "acc" : 4.860898118822591,
    "zip" : 4.7844216059672195,
    "average" : 2.3344116786586517,
    "distinctCount" : 2.3300813424795015,
    "blobUpload" : 4.703954330060789,
    "sink" : 4.666677658540322,
    "kalmanFilter" : 2.3359313610236785,
    "plt" : 4.810162172212558,
    "slidingLinearReg" : 2.3262002979472967,
    "source" : 2.4209335603154685,
    "senMLParse" : 2.409739407617677
  },
  "remainingDataPerDevice" : {
    "acc" : 0,
    "zip" : 0,
    "average" : 4000,
    "distinctCount" : 18000,
    "blobUpload" : 0,
    "sink" : 0,
    "kalmanFilter" : 4000,
    "plt" : 228000,
    "slidingLinearReg" : 2000,
    "source" : 0,
    "senMLParse" : 152000
  },
  "executionTime" : 4012.0,
  "networkUsage" : 700190.24,
  "tuplesSentBySensors" : 4800
}