{
  "placement" : {
    "acc" : "cloud-0-0-0-0-1-1-0-1-0-0",
    "average" : "cloud-0-0-0-0-0-1-0-1-1-0",
    "blobUpload" : "cloud-1-1-1-0-1-0-1",
    "distinctCount" : "cloud-1-1-0-0-0-1-1-0-0-1",
    "kalmanFilter" : "cloud-1-1-0-0-0-0-1-1-0",
    "plt" : "cloud-0-0-1-0-0-1-0-0-0-1",
    "senMLParse" : "cloud-0-1-1-1-0-0-1-1-1-0",
    "sink" : "cloud-0-1-1-1-0-1-1-1-0-1",
    "slidingLinearReg" : "cloud-0-1-0-0-1-1-1-0-1-0",
    "source" : "cloud-0-0-0-0-1-1-0-1-1",
    "zip" : "cloud-0-1-1-1-0-1-1-1"
  },
  "appLoopLatency" : 86.2532455416691,
  "latencyPerTupleType" : {
    "average_TUPLE" : 1.954813828568506,
    "sink_TUPLE" : 7.160984182909613,
    "slidingLinearReg_TUPLE" : 32.19354635634359,
    "acc_TUPLE" : 0.5656221430177566,
    "blobUpload_TUPLE" : 9.120842558194303,
    "kalmanFilter_TUPLE" : 28.86303007167362,
    "plt_TUPLE" : 5.114378735322401,
    "zip_TUPLE" : 13.418741168786882,
    "senMLParse_TUPLE" : 0.2741433060605369,
    "distinctCount_TUPLE" : 18.528385046175412,
    "TUPLE" : 0.0982557575757534
  },
  "tuplesProcessedPerModule" : {
    "acc" : 9652,
    "zip" : 9390,
    "average" : 4738,
    "distinctCount" : 4666,
    "blobUpload" : 9390,
    "sink" : 9390,
    "kalmanFilter" : 4660,
    "plt" : 9652,
    "slidingLinearReg" : 4528,
    "source" : 4800,
    "senMLParse" : 4800
  },
  "recsInPerModule" : {
    "acc" : 4.869192878361904,
    "zip" : 4.837248061933291,
    "average" : 2.4006917181794676,
    "distinctCount" : 2.4008117885634954,
    "blobUpload" : 4.742589619224368,
    "sink" : 4.723897522866586,
    "kalmanFilter" : 2.4012922118531,
    "plt" : 4.852355895492534,
    "slidingLinearReg" : 2.348809676676938,
    "source" : 2.4220393470383756,
    "senMLParse" : 2.4125417200380825
  },
  "recsOutPerModule" : {
    "acc" : 4.868755373889838,
    "zip" : 4.756042578791253,
    "average" : 2.369682783486316,
    "distinctCount" : 2.3349835556881477,
    "blobUpload" : 4.740355030514193,
    "sink" : 4.7222988867083835,
    "kalmanFilter" : 2.3333822270378715,
    "plt" : 4.851349840131042,
    "slidingLinearReg" : 2.295496028976127,
    "source" : 2.421914824726414,
    "senMLParse" : 2.4123952095185013
  },
  "remainingDataPerDevice" : {
    "acc" : 0,
    "zip" : 0,
    "average" : 14000,
    "distinctCount" : 32000,
    "blobUpload" : 0,
    "sink" : 0,
    "kalmanFilter" : 20000,
    "plt" : 0,
    "slidingLinearReg" : 0,
    "source" : 0,
    "senMLParse" : 0
  },
  "executionTime" : 4509.0,
  "networkUsage" : 624210.52,
  "tuplesSentBySensors" : 4800
}