{
  "placement" : {
    "acc" : "cloud-0-1-1-0-0-0-0-0",
    "average" : "cloud-0-0-0-0-1-1-0-1-1-0",
    "blobUpload" : "cloud-0-1-0-1-1-0-1-1-1-0",
    "distinctCount" : "cloud-1-0-0-0-1-1-0-0-0-0",
    "kalmanFilter" : "cloud-0-0-1-0-1-0-0-0",
    "plt" : "cloud-0-0-1-1-0-1-1-0-1-0",
    "senMLParse" : "cloud-0-1-0-1-1-1-0-1-1-1",
    "sink" : "cloud-1-0-1-1-1-0-1-1-1",
    "slidingLinearReg" : "cloud-1-0-0-0-1",
    "source" : "cloud-1-1-1-0-1-0-0-0-0-1",
    "zip" : "cloud-1-0-1-0-0-1-0-1-0-1"
  },
  "appLoopLatency" : 104.68714405423808,
  "latencyPerTupleType" : {
    "average_TUPLE" : 1.673724924012217,
    "sink_TUPLE" : 57.076430208464956,
    "slidingLinearReg_TUPLE" : 5.621079879318803,
    "acc_TUPLE" : 2.204262181001794,
    "blobUpload_TUPLE" : 5.2122488884336455,
    "kalmanFilter_TUPLE" : 3.24521689958389,
    "plt_TUPLE" : 22.74909783790458,
    "zip_TUPLE" : 7.538715947276429,
    "senMLParse_TUPLE" : 6.363596559999967,
    "distinctCount_TUPLE" : 31.358002696417426,
    "TUPLE" : 0.09432055555555005
  },
  "tuplesProcessedPerModule" : {
    "acc" : 9755,
    "zip" : 9541,
    "average" : 4694,
    "distinctCount" : 4684,
    "blobUpload" : 9333,
    "sink" : 9016,
    "kalmanFilter" : 4694,
    "plt" : 9647,
    "slidingLinearReg" : 4679,
    "source" : 4800,
    "senMLParse" : 4800
  },
  "recsInPerModule" : {
    "acc" : 4.878099505014394,
    "zip" : 4.785722787167117,
    "average" : 2.3479377657566594,
    "distinctCount" : 2.3479377187791424,
    "blobUpload" : 4.769625501433274,
    "sink" : 4.7424593444897765,
    "kalmanFilter" : 2.350995257242457,
    "plt" : 4.885205001165048,
    "slidingLinearReg" : 2.3423400798667116,
    "source" : 2.421917139150745,
    "senMLParse" : 2.4113307925553267
  },
  "recsOutPerModule" : {
    "acc" : 4.877853129331885,
    "zip" : 4.784391972601418,
    "average" : 2.3477224718750818,
    "distinctCount" : 2.3438247060114197,
    "blobUpload" : 4.764005534048087,
    "sink" : 4.584674078981374,
    "kalmanFilter" : 2.3506812995326722,
    "plt" : 4.8362240825892835,
    "slidingLinearReg" : 2.3403835925171914,
    "source" : 2.4219158662168154,
    "senMLParse" : 2.404541125598378
  },
  "remainingDataPerDevice" : {
    "acc" : 216000,
    "zip" : 416000,
    "average" : 14000,
    "distinctCount" : 66000,
    "blobUpload" : 0,
    "sink" : 0,
    "kalmanFilter" : 20000,
    "plt" : 212000,
    "slidingLinearReg" : 56000,
    "source" : 0,
    "senMLParse" : 636000
  },
  "executionTime" : 5507.0,
  "networkUsage" : 649583.38,
  "tuplesSentBySensors" : 4800
}