{
  "placement" : {
    "acc" : "cloud-1-1-0-0",
    "average" : "cloud-0-0-1-0-0-0-1-1-0",
    "blobUpload" : "cloud-1-0-0-0-1-1-1-0-0-0",
    "distinctCount" : "cloud-1-0-0-1-0-0-0-1-0-1",
    "kalmanFilter" : "cloud-0-0-0-0-1-1-1-1-1-1",
    "plt" : "cloud-1-1-1-1-1-1-1-1-1-1",
    "senMLParse" : "cloud-1-0-1-1-1-0",
    "sink" : "cloud-0-1-1-0-0-0-0-1",
    "slidingLinearReg" : "cloud-0-0-1-1-0-0-0-0-1",
    "source" : "cloud-1-0-1-0-0-0-0-1-1-1",
    "zip" : "cloud-0-0-1-1-1-0-0-0-0"
  },
  "appLoopLatency" : 55.63254199816327,
  "latencyPerTupleType" : {
    "average_TUPLE" : 2.2490592456683394,
    "sink_TUPLE" : 2.7201347164144503,
    "acc_TUPLE" : 0.6200050894058703,
    "slidingLinearReg_TUPLE" : 2.0010131937538573,
    "blobUpload_TUPLE" : 2.3818292588461585,
    "kalmanFilter_TUPLE" : 4.5363219696620245,
    "plt_TUPLE" : 2.225200685735439,
    "zip_TUPLE" : 6.2693883370143615,
    "senMLParse_TUPLE" : 4.674632131313013,
    "distinctCount_TUPLE" : 2.806498266879821,
    "TUPLE" : 0.09579979797979138
  },
  "tuplesProcessedPerModule" : {
    "acc" : 9798,
    "zip" : 9728,
    "average" : 4713,
    "distinctCount" : 4713,
    "blobUpload" : 9641,
    "sink" : 9641,
    "kalmanFilter" : 4713,
    "plt" : 9762,
    "slidingLinearReg" : 4707,
    "source" : 4800,
    "senMLParse" : 4800
  },
  "recsInPerModule" : {
    "acc" : 4.899693928252449,
    "zip" : 4.916873177933725,
    "average" : 2.4027158751228908,
    "distinctCount" : 2.402956394570898,
    "blobUpload" : 4.871654806987621,
    "sink" : 4.831147690227814,
    "kalmanFilter" : 2.4024753316701593,
    "plt" : 4.881653343397695,
    "slidingLinearReg" : 2.354224215477693,
    "source" : 2.4216727603689217,
    "senMLParse" : 2.4156985390218124
  },
  "recsOutPerModule" : {
    "acc" : 4.900773156086767,
    "zip" : 4.894207858595899,
    "average" : 2.36424132402631,
    "distinctCount" : 2.364404363384089,
    "blobUpload" : 4.850838036205087,
    "sink" : 4.820954654299386,
    "kalmanFilter" : 2.363707718949356,
    "plt" : 4.881104145678606,
    "slidingLinearReg" : 2.35380604107686,
    "source" : 2.4216704464116323,
    "senMLParse" : 2.410081190140341
  },
  "remainingDataPerDevice" : {
    "acc" : 72000,
    "zip" : 0,
    "average" : 0,
    "distinctCount" : 0,
    "blobUpload" : 0,
    "sink" : 0,
    "kalmanFilter" : 12000,
    "plt" : 68000,
    "slidingLinearReg" : 106000,
    "source" : 0,
    "senMLParse" : 0
  },
  "executionTime" : 2402.0,
  "networkUsage" : 584882.74,
  "tuplesSentBySensors" : 4800
}