{
  "placement" : {
    "acc" : "cloud-0-1-1-0-1-1-0-1-0-0",
    "average" : "cloud-1-1-1-0-0-0-0-0",
    "blobUpload" : "cloud-0-0-0-0-0-0-1-0-0",
    "distinctCount" : "cloud-1-1-0-0-1-1-1-0-0",
    "kalmanFilter" : "cloud-1-0-0-1-1-1-1-0-1-0",
    "plt" : "cloud-1-1-1-1-1-1",
    "senMLParse" : "cloud-0-1-1-0-1-0-1-0-1",
    "sink" : "cloud-1-0-0-0-0-0-1-1-1-0",
    "slidingLinearReg" : "cloud-1-1-0-0-0-1-0-0",
    "source" : "cloud-1-0-1-1-1-0-0-1-1-1",
    "zip" : "cloud-1-1-1-1-0-1-1-1-0-0"
  },
  "appLoopLatency" : 63.513993905417216,
  "latencyPerTupleType" : {
    "average_TUPLE" : 1.020453138980625,
    "sink_TUPLE" : 16.018647669201005,
    "acc_TUPLE" : 0.5975336194924451,
    "slidingLinearReg_TUPLE" : 1.7642245022221514,
    "blobUpload_TUPLE" : 2.406838632612361,
    "kalmanFilter_TUPLE" : 3.9764910758099403,
    "plt_TUPLE" : 2.890655836558266,
    "zip_TUPLE" : 7.1692333321659545,
    "senMLParse_TUPLE" : 4.002430668888919,
    "distinctCount_TUPLE" : 2.424050630506068,
    "TUPLE" : 0.09383944444444432
  },
  "tuplesProcessedPerModule" : {
    "acc" : 9748,
    "zip" : 9739,
    "average" : 4720,
    "distinctCount" : 4720,
    "blobUpload" : 9551,
    "sink" : 9551,
    "kalmanFilter" : 4709,
    "plt" : 9739,
    "slidingLinearReg" : 4650,
    "source" : 4800,
    "senMLParse" : 4800
  },
  "recsInPerModule" : {
    "acc" : 4.87521816723179,
    "zip" : 4.902473495116304,
    "average" : 2.3610608476591977,
    "distinctCount" : 2.3608246118384644,
    "blobUpload" : 4.839302488811726,
    "sink" : 4.8066332985247495,
    "kalmanFilter" : 2.3566163926944816,
    "plt" : 4.921131731857149,
    "slidingLinearReg" : 2.373247752427024,
    "source" : 2.421428430899243,
    "senMLParse" : 2.4102410634627374
  },
  "recsOutPerModule" : {
    "acc" : 4.874428387772543,
    "zip" : 4.881749397164979,
    "average" : 2.3607705391753253,
    "distinctCount" : 2.3602761477854295,
    "blobUpload" : 4.825821508783642,
    "sink" : 4.789131898414719,
    "kalmanFilter" : 2.3546948582598306,
    "plt" : 4.913360039586809,
    "slidingLinearReg" : 2.3695994369311433,
    "source" : 2.4214271584789815,
    "senMLParse" : 2.4050883144700355
  },
  "remainingDataPerDevice" : {
    "acc" : 18000,
    "zip" : 160000,
    "average" : 16000,
    "distinctCount" : 120000,
    "blobUpload" : 0,
    "sink" : 0,
    "kalmanFilter" : 118000,
    "plt" : 0,
    "slidingLinearReg" : 0,
    "source" : 0,
    "senMLParse" : 494000
  },
  "executionTime" : 2623.0,
  "networkUsage" : 630520.1,
  "tuplesSentBySensors" : 4800
}