{
  "placement" : {
    "acc" : "cloud-0-1-1-0-0-1-0-0-1-1",
    "average" : "cloud-1-0-0-1-0-0-0-0-1-1",
    "blobUpload" : "cloud-1-0-0-0-1-0-0-0-1-0",
    "distinctCount" : "cloud-1-0-0-0-1-0-0-0-0-1",
    "kalmanFilter" : "cloud-0-1-1-0-1-0-1-0-0-0",
    "plt" : "cloud-1-0-1-0-1-0-1-0-1-1",
    "senMLParse" : "cloud-0-0-0-0-0-1-1-0-0",
    "sink" : "cloud-0-0-1-0-0-1-1-0-0-0",
    "slidingLinearReg" : "cloud-1-1-0-1-0-0-0-0-0-1",
    "source" : "cloud-0-1-0-1-1-1-0-1-0-1",
    "zip" : "cloud-1-0-0-1-0-1-1-1-0"
  },
  "appLoopLatency" : 74.85642147964366,
  "latencyPerTupleType" : {
    "average_TUPLE" : 2.327451444718068,
    "sink_TUPLE" : 6.125930227138032,
    "acc_TUPLE" : 1.2080400841565095,
    "slidingLinearReg_TUPLE" : 4.899537022220976,
    "blobUpload_TUPLE" : 6.2720497551071235,
    "kalmanFilter_TUPLE" : 23.820648774986697,
    "plt_TUPLE" : 4.9262747514022855,
    "zip_TUPLE" : 2.5814109806343364,
    "senMLParse_TUPLE" : 4.622350752525143,
    "distinctCount_TUPLE" : 1.6213737733258982,
    "TUPLE" : 0.09856747474746456
  },
  "tuplesProcessedPerModule" : {
    "acc" : 9660,
    "zip" : 9625,
    "average" : 4707,
    "distinctCount" : 4707,
    "blobUpload" : 9500,
    "sink" : 9343,
    "kalmanFilter" : 4656,
    "plt" : 9660,
    "slidingLinearReg" : 4650,
    "source" : 4800,
    "senMLParse" : 4800
  },
  "recsInPerModule" : {
    "acc" : 4.867795940883082,
    "zip" : 4.830304019676529,
    "average" : 2.354081537144078,
    "distinctCount" : 2.3538460472885308,
    "blobUpload" : 4.822926096480973,
    "sink" : 4.762686597041784,
    "kalmanFilter" : 2.353057434597891,
    "plt" : 4.840643895963478,
    "slidingLinearReg" : 2.3423874613844933,
    "source" : 2.421306284651793,
    "senMLParse" : 2.410361058807559
  },
  "recsOutPerModule" : {
    "acc" : 4.867474013298241,
    "zip" : 4.837713695475475,
    "average" : 2.353830043171106,
    "distinctCount" : 2.353636395725414,
    "blobUpload" : 4.781626348633261,
    "sink" : 4.728135907988984,
    "kalmanFilter" : 2.3295129662575427,
    "plt" : 4.840098184975862,
    "slidingLinearReg" : 2.3342959614168954,
    "source" : 2.4211818377031524,
    "senMLParse" : 2.4043920441122353
  },
  "remainingDataPerDevice" : {
    "acc" : 0,
    "zip" : 0,
    "average" : 16000,
    "distinctCount" : 114000,
    "blobUpload" : 0,
    "sink" : 0,
    "kalmanFilter" : 12000,
    "plt" : 6000,
    "slidingLinearReg" : 186000,
    "source" : 0,
    "senMLParse" : 564000
  },
  "executionTime" : 3020.0,
  "networkUsage" : 709104.32,
  "tuplesSentBySensors" : 4800
}