{
  "placement" : {
    "acc" : "cloud-1-1-1-1-0-0-1-1-1-0",
    "average" : "cloud-1-0-1-1-0-0-0-0-1-0",
    "blobUpload" : "cloud-0-1-1-1-1-1-0-1-0",
    "distinctCount" : "cloud-0-0-0-1-0-1-1-1-1-1",
    "kalmanFilter" : "cloud",
    "plt" : "cloud-1-1-1-0-0-0-1-0-0",
    "senMLParse" : "cloud-0-1-0-1-0-0-1-0-0",
    "sink" : "cloud-1-0-1-0-1-1-1-0-0-1",
    "slidingLinearReg" : "cloud-1-0-0-0-1-0-0-0-1-0",
    "source" : "cloud-1-1-1-0-1-1-0",
    "zip" : "cloud-1-1-0-0-0-0-0-0"
  },
  "appLoopLatency" : 56.21844613432937,
  "latencyPerTupleType" : {
    "average_TUPLE" : 16.35903180132733,
    "sink_TUPLE" : 2.9363355307531402,
    "slidingLinearReg_TUPLE" : 9.877477428955567,
    "acc_TUPLE" : 0.8192498953105354,
    "blobUpload_TUPLE" : 14.800065658012585,
    "kalmanFilter_TUPLE" : 0.15980888888891015,
    "plt_TUPLE" : 4.409038593297006,
    "zip_TUPLE" : 5.48624281761549,
    "senMLParse_TUPLE" : 0.3434090566666999,
    "distinctCount_TUPLE" : 4.567347808484882,
    "TUPLE" : 0.09530666666666678
  },
  "tuplesProcessedPerModule" : {
    "acc" : 9777,
    "zip" : 9738,
    "average" : 4671,
    "distinctCount" : 4800,
    "blobUpload" : 9607,
    "sink" : 9607,
    "kalmanFilter" : 4800,
    "plt" : 9738,
    "slidingLinearReg" : 4676,
    "source" : 4800,
    "senMLParse" : 4800
  },
  "recsInPerModule" : {
    "acc" : 4.889941068884614,
    "zip" : 4.92129000564236,
    "average" : 2.4022283568700713,
    "distinctCount" : 2.4058404634185035,
    "blobUpload" : 4.8875529867009835,
    "sink" : 4.821479637812459,
    "kalmanFilter" : 2.4072883537638003,
    "plt" : 4.935674053208244,
    "slidingLinearReg" : 2.403647819994397,
    "source" : 2.4243636424245456,
    "senMLParse" : 2.41484758917971
  },
  "recsOutPerModule" : {
    "acc" : 4.889721906142296,
    "zip" : 4.90750476012326,
    "average" : 2.337668476798705,
    "distinctCount" : 2.4005927950193473,
    "blobUpload" : 4.83995122420387,
    "sink" : 4.815573584749943,
    "kalmanFilter" : 2.4071434865517753,
    "plt" : 4.9350070418791825,
    "slidingLinearReg" : 2.343618623412875,
    "source" : 2.424361091412008,
    "senMLParse" : 2.4146754915305446
  },
  "remainingDataPerDevice" : {
    "acc" : 78000,
    "zip" : 0,
    "average" : 6000,
    "distinctCount" : 248000,
    "blobUpload" : 0,
    "sink" : 0,
    "kalmanFilter" : 0,
    "plt" : 0,
    "slidingLinearReg" : 26000,
    "source" : 0,
    "senMLParse" : 0
  },
  "executionTime" : 2989.0,
  "networkUsage" : 578805.27,
  "tuplesSentBySensors" : 4800
}