{
  "placement" : {
    "acc" : "cloud-0-0-1-0-0-0-0-0-1-0",
    "average" : "cloud-1-1",
    "blobUpload" : "cloud-1-0-1-0-0-0-1-1-1-1",
    "distinctCount" : "cloud-0-1-0-1-0-0-1-1-1",
    "kalmanFilter" : "cloud-0-0-0-0-1-1-1-0-0",
    "plt" : "cloud-1-0-1-1-1-1-1-0-0-0",
    "senMLParse" : "cloud-0-1-0-1-0-1-1-1-0",
    "sink" : "cloud-1-1-1-1-0-0-1-0",
    "slidingLinearReg" : "cloud-0-0-1-0-0-1-1-0-0-0",
    "source" : "cloud-0-0-1-0-0-0-0-1-1",
    "zip" : "cloud-1-0-0-0-0-0-0-1-1-1"
  },
  "appLoopLatency" : 55.98066127754813,
  "latencyPerTupleType" : {
    "average_TUPLE" : 0.36988346656587395,
    "sink_TUPLE" : 19.263712034372023,
    "acc_TUPLE" : 0.3322091425979056,
    "slidingLinearReg_TUPLE" : 2.9719039437493873,
    "blobUpload_TUPLE" : 0.8590398057114894,
    "kalmanFilter_TUPLE" : 2.814497166750236,
    "plt_TUPLE" : 1.896009073409714,
    "zip_TUPLE" : 1.7332957155328808,
    "senMLParse_TUPLE" : 0.21010485080810282,
    "distinctCount_TUPLE" : 0.6225779872729389,
    "TUPLE" : 0.09771472222221522
  },
  "tuplesProcessedPerModule" : {
    "acc" : 9874,
    "zip" : 9748,
    "average" : 4800,
    "distinctCount" : 4800,
    "blobUpload" : 9748,
    "sink" : 9558,
    "kalmanFilter" : 4726,
    "plt" : 9751,
    "slidingLinearReg" : 4658,
    "source" : 4800,
    "senMLParse" : 4800
  },
  "recsInPerModule" : {
    "acc" : 4.937849374172177,
    "zip" : 4.939032866613595,
    "average" : 2.4052663287499616,
    "distinctCount" : 2.4075584798175926,
    "blobUpload" : 4.913679856796514,
    "sink" : 4.890894944652231,
    "kalmanFilter" : 2.402377126268089,
    "plt" : 4.876982387356543,
    "slidingLinearReg" : 2.3294413993742147,
    "source" : 2.4228951476981737,
    "senMLParse" : 2.412785298426807
  },
  "recsOutPerModule" : {
    "acc" : 4.937551012476423,
    "zip" : 4.93107950886743,
    "average" : 2.405120700521412,
    "distinctCount" : 2.407249079673938,
    "blobUpload" : 4.909617070890306,
    "sink" : 4.795566520508781,
    "kalmanFilter" : 2.3653404789047894,
    "plt" : 4.876636853885804,
    "slidingLinearReg" : 2.3291704937450075,
    "source" : 2.4227715796022737,
    "senMLParse" : 2.412641055051763
  },
  "remainingDataPerDevice" : {
    "acc" : 246000,
    "zip" : 0,
    "average" : 0,
    "distinctCount" : 84000,
    "blobUpload" : 0,
    "sink" : 0,
    "kalmanFilter" : 136000,
    "plt" : 6000,
    "slidingLinearReg" : 12000,
    "source" : 0,
    "senMLParse" : 0
  },
  "executionTime" : 3323.0,
  "networkUsage" : 558901.5,
  "tuplesSentBySensors" : 4800
}