{
  "placement" : {
    "acc" : "cloud-1-0-1-0-0-0-0-1-1",
    "average" : "cloud-0-1-0-1-0-0-1-0",
    "blobUpload" : "cloud-1-0-0-1-1-0-0-1-1-1",
    "distinctCount" : "cloud-1",
    "kalmanFilter" : "cloud-0-1-1-1-0-1-1-0-1-1",
    "plt" : "cloud-0-1-0-1-1-0",
    "senMLParse" : "cloud-0-0-0-0-1-0-1-1",
    "sink" : "cloud-0-1-0-0-1-0-1-0-1-1",
    "slidingLinearReg" : "cloud-0-0-0-1-1-0-1",
    "source" : "cloud-1-0-0-1-1-1-0-1",
    "zip" : "cloud-1-0-1-1-0-0-0-1-0-1"
  },
  "appLoopLatency" : 85.17267322471086,
  "latencyPerTupleType" : {
    "average_TUPLE" : 15.207201679012407,
    "sink_TUPLE" : 12.341490651989053,
    "acc_TUPLE" : 0.9484489184790091,
    "slidingLinearReg_TUPLE" : 34.40023726350127,
    "blobUpload_TUPLE" : 2.5869644823332045,
    "kalmanFilter_TUPLE" : 10.735343269403492,
    "plt_TUPLE" : 21.65880510622371,
    "zip_TUPLE" : 11.840353632288558,
    "senMLParse_TUPLE" : 0.23670099999993652,
    "distinctCount_TUPLE" : 4.756987849501182,
    "TUPLE" : 0.09686944444443926
  },
  "tuplesProcessedPerModule" : {
    "acc" : 9694,
    "zip" : 9471,
    "average" : 4671,
    "distinctCount" : 4711,
    "blobUpload" : 9382,
    "sink" : 9382,
    "kalmanFilter" : 4677,
    "plt" : 9637,
    "slidingLinearReg" : 4654,
    "source" : 4800,
    "senMLParse" : 4800
  },
  "recsInPerModule" : {
    "acc" : 4.8497937091167564,
    "zip" : 4.82839178249847,
    "average" : 2.401263198913368,
    "distinctCount" : 2.4054749909751094,
    "blobUpload" : 4.73962285544604,
    "sink" : 4.754140470939823,
    "kalmanFilter" : 2.4016236296629523,
    "plt" : 4.821009513941947,
    "slidingLinearReg" : 2.3273370146910866,
    "source" : 2.421917139150745,
    "senMLParse" : 2.411568034628188
  },
  "recsOutPerModule" : {
    "acc" : 4.849321362935931,
    "zip" : 4.754617174261437,
    "average" : 2.3382011499822895,
    "distinctCount" : 2.360873482616223,
    "blobUpload" : 4.7730061223434,
    "sink" : 4.706442562053841,
    "kalmanFilter" : 2.3409019011228622,
    "plt" : 4.819963354457947,
    "slidingLinearReg" : 2.327008519566025,
    "source" : 2.4219107744944792,
    "senMLParse" : 2.4113964040895115
  },
  "remainingDataPerDevice" : {
    "acc" : 106000,
    "zip" : 0,
    "average" : 6000,
    "distinctCount" : 0,
    "blobUpload" : 0,
    "sink" : 0,
    "kalmanFilter" : 46000,
    "plt" : 32000,
    "slidingLinearReg" : 254000,
    "source" : 0,
    "senMLParse" : 0
  },
  "executionTime" : 4607.0,
  "networkUsage" : 583763.52,
  "tuplesSentBySensors" : 4800
}