{
  "placement" : {
    "acc" : "cloud-1-1-1-0-0-0-1-1-0-1",
    "average" : "cloud-0-1-1-0-0-0-1-0-1-1",
    "blobUpload" : "cloud-1-1-0-0-0-1-0-0-0-0",
    "distinctCount" : "cloud-0-0-1-1-0-1-0-0-0",
    "kalmanFilter" : "cloud-1-1-1-1-1-0-0-1-0-1",
    "plt" : "cloud-0-0-1-0-0-1",
    "senMLParse" : "cloud-0-0-1-0-1-1-1-1",
    "sink" : "cloud-1-0-1-1-1-0-0-0",
    "slidingLinearReg" : "cloud-1-1-0-1-1-1-1-0-0-1",
    "source" : "cloud-1-1-0-0-0-1",
    "zip" : "cloud-0-0-0-1-1-1-0"
  },
  "appLoopLatency" : 64.71588425314847,
  "latencyPerTupleType" : {
    "average_TUPLE" : 1.9974414907070832,
    "sink_TUPLE" : 5.413069036164418,
    "acc_TUPLE" : 0.9309280808443449,
    "slidingLinearReg_TUPLE" : 32.89978068076014,
    "blobUpload_TUPLE" : 2.2314972460870033,
    "kalmanFilter_TUPLE" : 10.612561652408743,
    "plt_TUPLE" : 5.763776521784039,
    "zip_TUPLE" : 2.4961803881529625,
    "senMLParse_TUPLE" : 0.11374745050498021,
    "distinctCount_TUPLE" : 5.38731844404043,
    "TUPLE" : 0.09465515151513768
  },
  "tuplesProcessedPerModule" : {
    "acc" : 9709,
    "zip" : 9646,
    "average" : 4800,
    "distinctCount" : 4800,
    "blobUpload" : 9646,
    "sink" : 9496,
    "kalmanFilter" : 4680,
    "plt" : 9656,
    "slidingLinearReg" : 4653,
    "source" : 4800,
    "senMLParse" : 4800
  },
  "recsInPerModule" : {
    "acc" : 4.855711434450792,
    "zip" : 4.89968760049138,
    "average" : 2.4059864066298395,
    "distinctCount" : 2.409246998033535,
    "blobUpload" : 4.869694913223895,
    "sink" : 4.841523686938312,
    "kalmanFilter" : 2.4024940984683365,
    "plt" : 4.82964017968568,
    "slidingLinearReg" : 2.3275857894051177,
    "source" : 2.4225283019439274,
    "senMLParse" : 2.4136335309612686
  },
  "recsOutPerModule" : {
    "acc" : 4.855445606050622,
    "zip" : 4.891674356068146,
    "average" : 2.4041769504087975,
    "distinctCount" : 2.403220823456387,
    "blobUpload" : 4.861779392990314,
    "sink" : 4.7754195531918,
    "kalmanFilter" : 2.342431753041226,
    "plt" : 4.8291241661806685,
    "slidingLinearReg" : 2.327085663537175,
    "source" : 2.4225259863513755,
    "senMLParse" : 2.4134868878071982
  },
  "remainingDataPerDevice" : {
    "acc" : 106000,
    "zip" : 0,
    "average" : 32000,
    "distinctCount" : 188000,
    "blobUpload" : 0,
    "sink" : 0,
    "kalmanFilter" : 52000,
    "plt" : 20000,
    "slidingLinearReg" : 246000,
    "source" : 0,
    "senMLParse" : 0
  },
  "executionTime" : 3193.0,
  "networkUsage" : 603223.1,
  "tuplesSentBySensors" : 4800
}