{
  "placement" : {
    "acc" : "cloud-1-1-1-0-1-0-0-1-1",
    "average" : "cloud-0-0-0-1-1-1-0-1-0-0",
    "blobUpload" : "cloud-1-1-0-0-1-1-1-1-0-1",
    "distinctCount" : "cloud-1-1-1-1-1-1-1-1-1-0",
    "kalmanFilter" : "cloud-0-0-1-1-0-0-0-0",
    "plt" : "cloud-1-1-1-0-1-0-0-1-0",
    "senMLParse" : "cloud-0-1-1-0-0-1-0-0-1",
    "sink" : "cloud-1-1-1-0-1-1",
    "slidingLinearReg" : "cloud-0-0-1-0-0-1-0-0-1-0",
    "source" : "cloud-0-0-1-1-0-1-1-0-1-1",
    "zip" : "cloud-1-1-1-0-1-0-0-0-0"
  },
  "appLoopLatency" : 60.45765417676428,
  "latencyPerTupleType" : {
    "average_TUPLE" : 2.1016231821510436,
    "sink_TUPLE" : 16.474014565456482,
    "acc_TUPLE" : 0.30782404864488255,
    "slidingLinearReg_TUPLE" : 1.5607599103786678,
    "blobUpload_TUPLE" : 7.94430128920074,
    "kalmanFilter_TUPLE" : 2.819821496531316,
    "plt_TUPLE" : 17.808926095324452,
    "zip_TUPLE" : 3.1186157876452465,
    "senMLParse_TUPLE" : 0.21088352434346763,
    "distinctCount_TUPLE" : 0.6227591911113196,
    "TUPLE" : 0.09561777777776985
  },
  "tuplesProcessedPerModule" : {
    "acc" : 9845,
    "zip" : 9789,
    "average" : 4737,
    "distinctCount" : 4800,
    "blobUpload" : 9668,
    "sink" : 9668,
    "kalmanFilter" : 4726,
    "plt" : 9800,
    "slidingLinearReg" : 4659,
    "source" : 4800,
    "senMLParse" : 4800
  },
  "recsInPerModule" : {
    "acc" : 4.922989654089218,
    "zip" : 4.89616596694674,
    "average" : 2.400454884327498,
    "distinctCount" : 2.40165589183028,
    "blobUpload" : 4.91249722493984,
    "sink" : 4.85665075586138,
    "kalmanFilter" : 2.4020164669295223,
    "plt" : 4.909971895948249,
    "slidingLinearReg" : 2.3305880957003384,
    "source" : 2.421917139150745,
    "senMLParse" : 2.411451934394997
  },
  "recsOutPerModule" : {
    "acc" : 4.92258033065611,
    "zip" : 4.8957170401331185,
    "average" : 2.3689489139706996,
    "distinctCount" : 2.401348006836599,
    "blobUpload" : 4.864478822235445,
    "sink" : 4.834588253030651,
    "kalmanFilter" : 2.364985379731025,
    "plt" : 4.900931118361214,
    "slidingLinearReg" : 2.329737312919986,
    "source" : 2.4217936707893992,
    "senMLParse" : 2.4113078503959597
  },
  "remainingDataPerDevice" : {
    "acc" : 52000,
    "zip" : 4000,
    "average" : 26000,
    "distinctCount" : 184000,
    "blobUpload" : 0,
    "sink" : 0,
    "kalmanFilter" : 130000,
    "plt" : 22000,
    "slidingLinearReg" : 18000,
    "source" : 0,
    "senMLParse" : 0
  },
  "executionTime" : 4004.0,
  "networkUsage" : 369105.22,
  "tuplesSentBySensors" : 4800
}