{
  "placement" : {
    "acc" : "cloud-1-1-1-0-0-1-0-0-0-0",
    "average" : "cloud-0-1-1-1-0-0-1-1-0",
    "blobUpload" : "cloud-0-1-1-0-0-0-0",
    "distinctCount" : "cloud-0-0-1-1-0-0-1-1-1-1",
    "kalmanFilter" : "cloud-1-1-0-1-1-0-1-1-0",
    "plt" : "cloud-1-1-0-1-1-0-1-0-0-1",
    "senMLParse" : "cloud-1-0-1-0-0-0-1-1-1-1",
    "sink" : "cloud-0-0-0-1-0-0-1-1-1-1",
    "slidingLinearReg" : "cloud-0-1-1-0-1-0-0-1-0-1",
    "source" : "cloud-1-0-0-1-0-0-0-1-1-0",
    "zip" : "cloud-0-1-0-0-1-0-1-1-0-0"
  },
  "appLoopLatency" : 77.47619110750412,
  "latencyPerTupleType" : {
    "average_TUPLE" : 0.23001972111113364,
    "sink_TUPLE" : 67.68204294356525,
    "slidingLinearReg_TUPLE" : 3.5029302811094403,
    "acc_TUPLE" : 2.306021924556388,
    "blobUpload_TUPLE" : 5.213903962817821,
    "kalmanFilter_TUPLE" : 9.533055371098898,
    "plt_TUPLE" : 1.8651909821869432,
    "zip_TUPLE" : 22.972436539706177,
    "senMLParse_TUPLE" : 0.1036381955555738,
    "distinctCount_TUPLE" : 18.958872707092407,
    "TUPLE" : 0.0968555555555507
  },
  "tuplesProcessedPerModule" : {
    "acc" : 9769,
    "zip" : 9541,
    "average" : 4800,
    "distinctCount" : 4667,
    "blobUpload" : 9541,
    "sink" : 9217,
    "kalmanFilter" : 4682,
    "plt" : 9769,
    "slidingLinearReg" : 4650,
    "source" : 4800,
    "senMLParse" : 4800
  },
  "recsInPerModule" : {
    "acc" : 4.949419158416919,
    "zip" : 4.894777062239193,
    "average" : 2.4009329022868804,
    "distinctCount" : 2.3992124652588767,
    "blobUpload" : 4.80364933113819,
    "sink" : 4.783758856999773,
    "kalmanFilter" : 2.4002125562233947,
    "plt" : 4.921305867246533,
    "slidingLinearReg" : 2.373824054188244,
    "source" : 2.4208178228677513,
    "senMLParse" : 2.410725265881784
  },
  "recsOutPerModule" : {
    "acc" : 4.941475520508067,
    "zip" : 4.816989216123214,
    "average" : 2.4007627821548967,
    "distinctCount" : 2.3337066713125316,
    "blobUpload" : 4.801091099757516,
    "sink" : 4.637753803535115,
    "kalmanFilter" : 2.341207337907147,
    "plt" : 4.914971425084706,
    "slidingLinearReg" : 2.368501409443138,
    "source" : 2.4208165510891373,
    "senMLParse" : 2.4105789758942535
  },
  "remainingDataPerDevice" : {
    "acc" : 0,
    "zip" : 0,
    "average" : 18000,
    "distinctCount" : 34000,
    "blobUpload" : 0,
    "sink" : 0,
    "kalmanFilter" : 64000,
    "plt" : 0,
    "slidingLinearReg" : 0,
    "source" : 0,
    "senMLParse" : 4000
  },
  "executionTime" : 8202.0,
  "networkUsage" : 658637.37,
  "tuplesSentBySensors" : 4800
}