{
  "placement" : {
    "acc" : "cloud-0-0-0-0-0-0-1-1-0-1",
    "average" : "cloud-0-0-1-0-1-1-0-0-1-0",
    "blobUpload" : "cloud-0-0-0-0-0-0-1-0-0-0",
    "distinctCount" : "cloud-0-1-0-1-1-0-1-1-1",
    "kalmanFilter" : "cloud-1-0-0-0-0-0-1-0-1-0",
    "plt" : "cloud-0-1-1-1-1-0-0-1-0-1",
    "senMLParse" : "cloud-0-0-1-1-1-0-1-1-0-0",
    "sink" : "cloud-1-1-0-1-1-1-0-0-1-0",
    "slidingLinearReg" : "cloud-1-1-1-1-0-1-0-0-0-1",
    "source" : "cloud-0-1-0-1-0-0-1-0-1-1",
    "zip" : "cloud-1-0-0-1-0-1"
  },
  "appLoopLatency" : 76.15689336452712,
  "latencyPerTupleType" : {
    "average_TUPLE" : 2.2785921157107856,
    "sink_TUPLE" : 33.47297258164396,
    "slidingLinearReg_TUPLE" : 1.1825736182638429,
    "acc_TUPLE" : 0.5059490502241138,
    "blobUpload_TUPLE" : 10.089820725633894,
    "kalmanFilter_TUPLE" : 2.279229609380683,
    "plt_TUPLE" : 19.89658266069349,
    "zip_TUPLE" : 1.527527132934015,
    "senMLParse_TUPLE" : 0.17936121616155426,
    "distinctCount_TUPLE" : 3.424935505050605,
    "TUPLE" : 0.09929727272727658
  },
  "tuplesProcessedPerModule" : {
    "acc" : 9769,
    "zip" : 9577,
    "average" : 4737,
    "distinctCount" : 4704,
    "blobUpload" : 9577,
    "sink" : 9263,
    "kalmanFilter" : 4719,
    "plt" : 9706,
    "slidingLinearReg" : 4651,
    "source" : 4800,
    "senMLParse" : 4800
  },
  "recsInPerModule" : {
    "acc" : 4.976201426619884,
    "zip" : 4.854449146923061,
    "average" : 2.400573907204474,
    "distinctCount" : 2.375617444587417,
    "blobUpload" : 4.7944113493800815,
    "sink" : 4.781093923424151,
    "kalmanFilter" : 2.393118261921709,
    "plt" : 4.952346198674504,
    "slidingLinearReg" : 2.3268221620132437,
    "source" : 2.4205736658730883,
    "senMLParse" : 2.4084260000597046
  },
  "recsOutPerModule" : {
    "acc" : 4.9742852130450546,
    "zip" : 4.812964213673395,
    "average" : 2.3690663746724154,
    "distinctCount" : 2.352233970832494,
    "blobUpload" : 4.790174804784253,
    "sink" : 4.699937373541684,
    "kalmanFilter" : 2.3598527448886744,
    "plt" : 4.871021852111316,
    "slidingLinearReg" : 2.326663325458294,
    "source" : 2.420449294219372,
    "senMLParse" : 2.4082822774215367
  },
  "remainingDataPerDevice" : {
    "acc" : 0,
    "zip" : 0,
    "average" : 14000,
    "distinctCount" : 108000,
    "blobUpload" : 80000,
    "sink" : 0,
    "kalmanFilter" : 136000,
    "plt" : 0,
    "slidingLinearReg" : 2000,
    "source" : 0,
    "senMLParse" : 126000
  },
  "executionTime" : 4043.0,
  "networkUsage" : 713257.97,
  "tuplesSentBySensors" : 4800
}