{
  "placement" : {
    "acc" : "cloud-1-1-1-0-0-0-1-1-1",
    "average" : "cloud-0-0-0-1-1-1-0-0-1",
    "blobUpload" : "cloud-0-1-0-1-0-0-1-1-1",
    "distinctCount" : "cloud-1-0-0-0-1-1-1-1-1-1",
    "kalmanFilter" : "cloud-1-1-1-1-0-1-1-0-1",
    "plt" : "cloud-1-0-0-1-0-1-1-1-1",
    "senMLParse" : "cloud-1-1-1-0-0-0-0-1-1-0",
    "sink" : "cloud-0-1-1-0-1-0-0-0-1",
    "slidingLinearReg" : "cloud-1-0-0-0-1-0-0-0",
    "source" : "cloud-0-0-0-1-1-0-0-1-0-1",
    "zip" : "cloud-0-1-1-1-1-1-0-0-0-1"
  },
  "appLoopLatency" : 80.91272918085436,
  "latencyPerTupleType" : {
    "average_TUPLE" : 2.422447975166291,
    "sink_TUPLE" : 56.68755073700519,
    "slidingLinearReg_TUPLE" : 17.445539271252052,
    "acc_TUPLE" : 0.7789706948405334,
    "blobUpload_TUPLE" : 3.3910310472709004,
    "kalmanFilter_TUPLE" : 28.209968253435278,
    "plt_TUPLE" : 6.088393280336058,
    "zip_TUPLE" : 31.40457237529734,
    "senMLParse_TUPLE" : 0.12489610505044207,
    "distinctCount_TUPLE" : 3.2198863241134354,
    "TUPLE" : 0.09634343434343083
  },
  "tuplesProcessedPerModule" : {
    "acc" : 9661,
    "zip" : 9550,
    "average" : 4715,
    "distinctCount" : 4723,
    "blobUpload" : 9353,
    "sink" : 9037,
    "kalmanFilter" : 4662,
    "plt" : 9658,
    "slidingLinearReg" : 4657,
    "source" : 4800,
    "senMLParse" : 4800
  },
  "recsInPerModule" : {
    "acc" : 4.831319657316857,
    "zip" : 4.854009835209098,
    "average" : 2.3896182705718747,
    "distinctCount" : 2.400104018580809,
    "blobUpload" : 4.759943226615305,
    "sink" : 4.7402017801425265,
    "kalmanFilter" : 2.4023863869668274,
    "plt" : 4.874302192854308,
    "slidingLinearReg" : 2.3312882362102187,
    "source" : 2.421428430899243,
    "senMLParse" : 2.409877002667247
  },
  "recsOutPerModule" : {
    "acc" : 4.831052897681037,
    "zip" : 4.77572785529592,
    "average" : 2.3576166937746836,
    "distinctCount" : 2.3616023499494085,
    "blobUpload" : 4.759499154475552,
    "sink" : 4.595655937644067,
    "kalmanFilter" : 2.33777837788668,
    "plt" : 4.872621762350083,
    "slidingLinearReg" : 2.329287583058529,
    "source" : 2.4213039713948006,
    "senMLParse" : 2.409743417242808
  },
  "remainingDataPerDevice" : {
    "acc" : 6000,
    "zip" : 394000,
    "average" : 22000,
    "distinctCount" : 140000,
    "blobUpload" : 0,
    "sink" : 0,
    "kalmanFilter" : 2000,
    "plt" : 0,
    "slidingLinearReg" : 250000,
    "source" : 0,
    "senMLParse" : 42000
  },
  "executionTime" : 5695.0,
  "networkUsage" : 619493.43,
  "tuplesSentBySensors" : 4800
}