{
  "placement" : {
    "acc" : "cloud-1-1-1-0-1-1-0-0-0-1",
    "average" : "cloud-1-1-0-1-0-0-0-1-0",
    "blobUpload" : "cloud-1-0-0-1-0-0-0-0-1-1",
    "distinctCount" : "cloud-1-0-0-0-1-0-1-0-0-1",
    "kalmanFilter" : "cloud-0-0-0-1-1-0-0-1-1-0",
    "plt" : "cloud-0-0-1-0-1-1-1",
    "senMLParse" : "cloud-1-0-1-1-1-1-1-1-1-1",
    "sink" : "cloud-1-1-0-0-1-1-1-0-0-1",
    "slidingLinearReg" : "cloud-1-0-1-0-1-0-0-1-1",
    "source" : "cloud-1-0-0-0-1",
    "zip" : "cloud-1-0-1-1-0-0-0-0-1"
  },
  "appLoopLatency" : 62.12494454432387,
  "latencyPerTupleType" : {
    "average_TUPLE" : 2.2256158173739466,
    "sink_TUPLE" : 4.208436876048359,
    "acc_TUPLE" : 0.2822470559001363,
    "slidingLinearReg_TUPLE" : 3.0116246436363143,
    "blobUpload_TUPLE" : 2.5160478643527995,
    "kalmanFilter_TUPLE" : 2.8907487538960766,
    "plt_TUPLE" : 10.518519345409072,
    "zip_TUPLE" : 2.2533322534719766,
    "senMLParse_TUPLE" : 0.19009268767680504,
    "distinctCount_TUPLE" : 0.5533783717173976,
    "TUPLE" : 0.09643888888889338
  },
  "tuplesProcessedPerModule" : {
    "acc" : 9878,
    "zip" : 9763,
    "average" : 4800,
    "distinctCount" : 4800,
    "blobUpload" : 9763,
    "sink" : 9698,
    "kalmanFilter" : 4735,
    "plt" : 9765,
    "slidingLinearReg" : 4650,
    "source" : 4800,
    "senMLParse" : 4800
  },
  "recsInPerModule" : {
    "acc" : 4.9420469562601195,
    "zip" : 4.921665210419661,
    "average" : 2.4077758608313924,
    "distinctCount" : 2.4064479779450796,
    "blobUpload" : 4.90001808922853,
    "sink" : 4.8625468088562505,
    "kalmanFilter" : 2.402954357144152,
    "plt" : 4.884847760638526,
    "slidingLinearReg" : 2.3825999177417376,
    "source" : 2.424241199878182,
    "senMLParse" : 2.4169146760513383
  },
  "recsOutPerModule" : {
    "acc" : 4.9391872679007935,
    "zip" : 4.91531658146407,
    "average" : 2.405233043429957,
    "distinctCount" : 2.4062645099864834,
    "blobUpload" : 4.893725148518287,
    "sink" : 4.855076488936021,
    "kalmanFilter" : 2.370414421424462,
    "plt" : 4.883160424030378,
    "slidingLinearReg" : 2.3767063041268366,
    "source" : 2.4242386491233154,
    "senMLParse" : 2.4167468927609215
  },
  "remainingDataPerDevice" : {
    "acc" : 218000,
    "zip" : 0,
    "average" : 10000,
    "distinctCount" : 72000,
    "blobUpload" : 325000,
    "sink" : 0,
    "kalmanFilter" : 170000,
    "plt" : 4000,
    "slidingLinearReg" : 0,
    "source" : 0,
    "senMLParse" : 0
  },
  "executionTime" : 2365.0,
  "networkUsage" : 604368.68,
  "tuplesSentBySensors" : 4800
}