{
  "placement" : {
    "acc" : "cloud-0-1-1-1-0-0-1-1-0-1",
    "average" : "cloud-1-1-1-0-1-1-0-0-1",
    "blobUpload" : "cloud-1-0-1-0-0-1-1-0-1-1",
    "distinctCount" : "cloud-1-1-0-0-0-0-1-1-1-1",
    "kalmanFilter" : "cloud-0-0-0-1-0-0-1-0",
    "plt" : "cloud-1-0-1-1-0-0-0-1",
    "senMLParse" : "cloud-0-0-1-0-0-1-1-0-0-1",
    "sink" : "cloud-1-0-0-0-0-0-0-1-0",
    "slidingLinearReg" : "cloud-1-0-0-1-0-1-1-1-1-1",
    "source" : "cloud-0-0-0-1-1-1-1-1-0-0",
    "zip" : "cloud-1-1-0-1-1-1-0-0"
  },
  "appLoopLatency" : 105.12167334260597,
  "latencyPerTupleType" : {
    "average_TUPLE" : 1.2196266992116047,
    "sink_TUPLE" : 36.29725000815546,
    "slidingLinearReg_TUPLE" : 2.084724384510933,
    "acc_TUPLE" : 0.6922327442136658,
    "blobUpload_TUPLE" : 4.655233165718788,
    "kalmanFilter_TUPLE" : 2.3335912516774893,
    "plt_TUPLE" : 21.177694348378218,
    "zip_TUPLE" : 22.565789808153205,
    "senMLParse_TUPLE" : 4.259132037777819,
    "distinctCount_TUPLE" : 28.454856371329978,
    "TUPLE" : 0.09644444444443746
  },
  "tuplesProcessedPerModule" : {
    "acc" : 9645,
    "zip" : 9337,
    "average" : 4711,
    "distinctCount" : 4685,
    "blobUpload" : 9337,
    "sink" : 9150,
    "kalmanFilter" : 4711,
    "plt" : 9645,
    "slidingLinearReg" : 4670,
    "source" : 4800,
    "senMLParse" : 4800
  },
  "recsInPerModule" : {
    "acc" : 4.867591394912291,
    "zip" : 4.80118047254052,
    "average" : 2.359507217370088,
    "distinctCount" : 2.356438588537694,
    "blobUpload" : 4.742563430142325,
    "sink" : 4.7182374204039315,
    "kalmanFilter" : 2.4001874300363806,
    "plt" : 4.887895435229889,
    "slidingLinearReg" : 2.337605631918097,
    "source" : 2.4225283019439274,
    "senMLParse" : 2.41375467986667
  },
  "recsOutPerModule" : {
    "acc" : 4.907048183738229,
    "zip" : 4.761674788378309,
    "average" : 2.3592659659119413,
    "distinctCount" : 2.3434336897934434,
    "blobUpload" : 4.7333072623993475,
    "sink" : 4.600493753762728,
    "kalmanFilter" : 2.360916299473068,
    "plt" : 4.838850756075139,
    "slidingLinearReg" : 2.335392807815641,
    "source" : 2.4224034978160724,
    "senMLParse" : 2.4080205137240815
  },
  "remainingDataPerDevice" : {
    "acc" : 0,
    "zip" : 0,
    "average" : 0,
    "distinctCount" : 70000,
    "blobUpload" : 0,
    "sink" : 0,
    "kalmanFilter" : 72000,
    "plt" : 178000,
    "slidingLinearReg" : 40000,
    "source" : 0,
    "senMLParse" : 356000
  },
  "executionTime" : 4692.0,
  "networkUsage" : 617984.16,
  "tuplesSentBySensors" : 4800
}