{
  "placement" : {
    "acc" : "cloud-1-0-1-0-0-1-1-0-0-1",
    "average" : "cloud-0-0-1-1-0-1-1-0-1-0",
    "blobUpload" : "cloud-0-1-0-0-0-0-1-1",
    "distinctCount" : "cloud-0-0-1-1-1-1-0-1-0-1",
    "kalmanFilter" : "cloud-0-0-1-0-1-0-1-0-1-1",
    "plt" : "cloud-0-0-0-1-0-0-0-1",
    "senMLParse" : "cloud-1-0-0-1-1-0-0-1-1",
    "sink" : "cloud-0-0-1-1-0-0-1-0-0",
    "slidingLinearReg" : "cloud-0-0-1-0-0-1-1-0-1-1",
    "source" : "cloud-0-1-1-1-0-1-1-0-0",
    "zip" : "cloud-0"
  },
  "appLoopLatency" : 77.72990367471436,
  "latencyPerTupleType" : {
    "average_TUPLE" : 15.581482095961903,
    "sink_TUPLE" : 20.27563924658,
    "slidingLinearReg_TUPLE" : 6.760915354017589,
    "acc_TUPLE" : 0.9362785238254107,
    "blobUpload_TUPLE" : 24.609996219958333,
    "kalmanFilter_TUPLE" : 8.677356910876979,
    "plt_TUPLE" : 8.006422785565022,
    "zip_TUPLE" : 6.662586029299409,
    "senMLParse_TUPLE" : 0.31213115555548887,
    "distinctCount_TUPLE" : 18.856850220912147,
    "TUPLE" : 0.09793805555554747
  },
  "tuplesProcessedPerModule" : {
    "acc" : 9781,
    "zip" : 9544,
    "average" : 4672,
    "distinctCount" : 4664,
    "blobUpload" : 9544,
    "sink" : 9230,
    "kalmanFilter" : 4683,
    "plt" : 9778,
    "slidingLinearReg" : 4676,
    "source" : 4800,
    "senMLParse" : 4800
  },
  "recsInPerModule" : {
    "acc" : 4.890849008539825,
    "zip" : 4.908424418222183,
    "average" : 2.4044156508353116,
    "distinctCount" : 2.4039339746459136,
    "blobUpload" : 4.814190520016895,
    "sink" : 4.794068252116039,
    "kalmanFilter" : 2.4053795704730803,
    "plt" : 4.941791164516984,
    "slidingLinearReg" : 2.3391157289202464,
    "source" : 2.4228951476981737,
    "senMLParse" : 2.4139936637762536
  },
  "recsOutPerModule" : {
    "acc" : 4.890581304209889,
    "zip" : 4.821974133628403,
    "average" : 2.3407840667763997,
    "distinctCount" : 2.3379606177361354,
    "blobUpload" : 4.81268337459089,
    "sink" : 4.728014310034146,
    "kalmanFilter" : 2.346748443442799,
    "plt" : 4.917311901294052,
    "slidingLinearReg" : 2.338732086678686,
    "source" : 2.4227664842812824,
    "senMLParse" : 2.4138469768596593
  },
  "remainingDataPerDevice" : {
    "acc" : 6000,
    "zip" : 0,
    "average" : 6000,
    "distinctCount" : 24000,
    "blobUpload" : 0,
    "sink" : 0,
    "kalmanFilter" : 10000,
    "plt" : 0,
    "slidingLinearReg" : 52000,
    "source" : 0,
    "senMLParse" : 0
  },
  "executionTime" : 5677.0,
  "networkUsage" : 573085.9,
  "tuplesSentBySensors" : 4800
}