{
  "placement" : {
    "acc" : "cloud-1-1-0",
    "average" : "cloud-0",
    "blobUpload" : "cloud-1-1-0",
    "distinctCount" : "cloud-1-1-1",
    "kalmanFilter" : "cloud",
    "plt" : "cloud-1-1-0",
    "senMLParse" : "cloud",
    "sink" : "cloud-1",
    "slidingLinearReg" : "cloud-0-0",
    "source" : "cloud-1-0-0",
    "zip" : "cloud-1-1"
  },
  "appLoopLatency" : 9.626645632929982,
  "latencyPerTupleType" : {
    "average_TUPLE" : 1.2392348011730454,
    "sink_TUPLE" : 15.053190873395659,
    "slidingLinearReg_TUPLE" : 3.223268846651076,
    "acc_TUPLE" : 1.2300798420334063,
    "blobUpload_TUPLE" : 15.534886207804117,
    "kalmanFilter_TUPLE" : 0.1308376302083441,
    "plt_TUPLE" : 3.1272841818202672,
    "zip_TUPLE" : 1.3786410397166686,
    "senMLParse_TUPLE" : 0.09906638020829504,
    "distinctCount_TUPLE" : 1.4884603248189592,
    "TUPLE" : 0.11722721354165061
  },
  "tuplesProcessedPerModule" : {
    "acc" : 4306,
    "zip" : 4306,
    "average" : 2048,
    "distinctCount" : 2048,
    "blobUpload" : 4259,
    "sink" : 4259,
    "kalmanFilter" : 2048,
    "plt" : 4306,
    "slidingLinearReg" : 2048,
    "source" : 2048,
    "senMLParse" : 2048
  },
  "recsInPerModule" : {
    "acc" : 2.1744529100290326,
    "zip" : 2.164931147788594,
    "average" : 1.0372082980665382,
    "distinctCount" : 1.0366307962133698,
    "blobUpload" : 2.1617157880888898,
    "sink" : 2.136511695665711,
    "kalmanFilter" : 1.03731338305512,
    "plt" : 2.1734273942943343,
    "slidingLinearReg" : 1.0370454900969421,
    "source" : 1.0380100212569046,
    "senMLParse" : 1.0374014913497427
  },
  "recsOutPerModule" : {
    "acc" : 2.1735371022618346,
    "zip" : 2.1626930417781334,
    "average" : 1.0363903612514755,
    "distinctCount" : 1.0356228062128316,
    "blobUpload" : 2.1381207539933684,
    "sink" : 2.130421116754345,
    "kalmanFilter" : 1.0372030608044644,
    "plt" : 2.165911311454631,
    "slidingLinearReg" : 1.0351966199041143,
    "source" : 1.0379272757857365,
    "senMLParse" : 1.0373659257093126
  },
  "remainingDataPerDevice" : {
    "acc" : 0,
    "zip" : 0,
    "average" : 0,
    "distinctCount" : 0,
    "blobUpload" : 0,
    "sink" : 0,
    "kalmanFilter" : 0,
    "plt" : 0,
    "slidingLinearReg" : 0,
    "source" : 0,
    "senMLParse" : 0
  },
  "executionTime" : 623.0,
  "networkUsage" : 32678.74,
  "tuplesSentBySensors" : 2048
}