{
  "placement" : {
    "average" : "cloud-0-0-1-1-1-0-0",
    "blobRead" : "cloud-0-0-0-0-1-1-0-1-1-0",
    "decisionTree" : "cloud-1-0-1-0-0-0-0-0-0-1",
    "errorEstimate" : "cloud-0-1-1-0-0-0-1-1-1-0",
    "mqttPublish" : "cloud-1-0-0-1-1-1-0-1",
    "multiVarLinearReg" : "cloud-0-0-0-1-1-1-0-1-0",
    "senMLParse" : "cloud-1-0-1-1-1-0-0-1-0-1",
    "sink" : "cloud-0-1-0-0-0-1-0-1-0-0",
    "source" : "cloud-1-1-1-1-1-1-0-1-1"
  },
  "appLoopLatency" : 39.63508352688144,
  "latencyPerTupleType" : {
    "blobRead_TUPLE" : 0.11330557373723221,
    "average_TUPLE" : 4.384418443311109,
    "sink_TUPLE" : 1.8976326688871816,
    "errorEstimate_TUPLE" : 11.804950711501224,
    "mqttPublish_TUPLE" : 1.8425744431123214,
    "decisionTree_TUPLE" : 0.17114754994361042,
    "multiVarLinearReg_TUPLE" : 5.434598921314107,
    "senMLParse_TUPLE" : 0.2806489838382389,
    "TUPLE" : 0.0953091919191841
  },
  "tuplesProcessedPerModule" : {
    "errorEstimate" : 13959,
    "average" : 4715,
    "multiVarLinearReg" : 9391,
    "decisionTree" : 9572,
    "sink" : 23065,
    "blobRead" : 4800,
    "source" : 4800,
    "senMLParse" : 4800,
    "mqttPublish" : 23313
  },
  "recsInPerModule" : {
    "errorEstimate" : 6.981480605856107,
    "average" : 2.4001865129662203,
    "multiVarLinearReg" : 4.794228193567003,
    "decisionTree" : 4.787736957071348,
    "sink" : 11.641249843568696,
    "blobRead" : 2.4073388942627236,
    "source" : 2.4202075227108746,
    "senMLParse" : 2.409635041448734,
    "mqttPublish" : 11.664295849073635
  },
  "recsOutPerModule" : {
    "errorEstimate" : 6.980980499795516,
    "average" : 2.357683218384976,
    "multiVarLinearReg" : 4.696436918031181,
    "decisionTree" : 4.786236901974819,
    "sink" : 11.608456420567622,
    "blobRead" : 2.407193014964324,
    "source" : 2.4202052115528647,
    "senMLParse" : 2.4094636859310463,
    "mqttPublish" : 11.657295406408817
  },
  "remainingDataPerDevice" : {
    "errorEstimate" : 18000,
    "average" : 122000,
    "multiVarLinearReg" : 170000,
    "decisionTree" : 390000,
    "sink" : 0,
    "blobRead" : 66000,
    "source" : 0,
    "senMLParse" : 8000,
    "mqttPublish" : 126000
  },
  "executionTime" : 4517.0,
  "networkUsage" : 705097.9,
  "tuplesSentBySensors" : 4800
}