{
  "placement" : {
    "average" : "cloud-0-0-0-1-1",
    "blobRead" : "cloud-0-1-0-1-0-1-1-0",
    "decisionTree" : "cloud-0-0-1-0-1-1-1-0",
    "errorEstimate" : "cloud-1-1-1-0-1-1-1-1-0",
    "mqttPublish" : "cloud-0-0-1-0-1-1-0-0-0",
    "multiVarLinearReg" : "cloud-1-0-0-0-0-1-0-0",
    "senMLParse" : "cloud-1-1-1-0-1-0-0-1-1-0",
    "sink" : "cloud-0-0-0-0-1-1-1-0-0-0",
    "source" : "cloud-1-0-1-1-1-0-0-1"
  },
  "appLoopLatency" : 34.01259223711524,
  "latencyPerTupleType" : {
    "blobRead_TUPLE" : 0.2422347377778192,
    "average_TUPLE" : 0.20536110282823558,
    "sink_TUPLE" : 0.5326232491971108,
    "errorEstimate_TUPLE" : 1.5377359027052855,
    "mqttPublish_TUPLE" : 0.5578845940943131,
    "decisionTree_TUPLE" : 1.3783489264646651,
    "multiVarLinearReg_TUPLE" : 17.32947584683208,
    "senMLParse_TUPLE" : 0.11084594222226135,
    "TUPLE" : 0.0943255555555603
  },
  "tuplesProcessedPerModule" : {
    "errorEstimate" : 14149,
    "average" : 4800,
    "multiVarLinearReg" : 9359,
    "decisionTree" : 9600,
    "sink" : 23346,
    "blobRead" : 4800,
    "source" : 4800,
    "senMLParse" : 4800,
    "mqttPublish" : 23584
  },
  "recsInPerModule" : {
    "errorEstimate" : 7.076265370763102,
    "average" : 2.4097305743918556,
    "multiVarLinearReg" : 4.807343798138421,
    "decisionTree" : 4.8087886467219025,
    "sink" : 11.675895027637498,
    "blobRead" : 2.4136333065606452,
    "source" : 2.423262104572847,
    "senMLParse" : 2.4170363789990073,
    "mqttPublish" : 11.804815462164399
  },
  "recsOutPerModule" : {
    "errorEstimate" : 7.075764045740423,
    "average" : 2.40956378703166,
    "multiVarLinearReg" : 4.686659447593647,
    "decisionTree" : 4.807316446865371,
    "sink" : 11.673929129611329,
    "blobRead" : 2.4134613819370614,
    "source" : 2.423259555877946,
    "senMLParse" : 2.416889322077958,
    "mqttPublish" : 11.792848258771198
  },
  "remainingDataPerDevice" : {
    "errorEstimate" : 282000,
    "average" : 0,
    "multiVarLinearReg" : 20000,
    "decisionTree" : 0,
    "sink" : 0,
    "blobRead" : 0,
    "source" : 0,
    "senMLParse" : 0,
    "mqttPublish" : 466000
  },
  "executionTime" : 3629.0,
  "networkUsage" : 520595.4,
  "tuplesSentBySensors" : 4800
}