{
  "placement" : {
    "average" : "cloud-1-1-0",
    "blobRead" : "cloud-0-1-1-1-1-0-1",
    "decisionTree" : "cloud-1-0-0-0-1-0-0",
    "errorEstimate" : "cloud-0-0-1-0-1",
    "mqttPublish" : "cloud-0-1-1-0-0-0-0-1-1-0",
    "multiVarLinearReg" : "cloud-1-0-0-0-1-1-1-0-0-0",
    "senMLParse" : "cloud-1-1-0-1-1-0-1-0-0",
    "sink" : "cloud-0-1-1-1-1-0-0",
    "source" : "cloud-1-1-0-0-1-0-1-0-0"
  },
  "appLoopLatency" : 30.788563309646747,
  "latencyPerTupleType" : {
    "blobRead_TUPLE" : 5.404325013333455,
    "average_TUPLE" : 0.2872539165658749,
    "sink_TUPLE" : 0.44590909382094474,
    "errorEstimate_TUPLE" : 6.3107966483686395,
    "mqttPublish_TUPLE" : 2.376405585501822,
    "decisionTree_TUPLE" : 1.7778959412112112,
    "multiVarLinearReg_TUPLE" : 2.3379190950267716,
    "senMLParse_TUPLE" : 0.21141722505056457,
    "TUPLE" : 0.09538999999999817
  },
  "tuplesProcessedPerModule" : {
    "errorEstimate" : 14160,
    "average" : 4800,
    "multiVarLinearReg" : 9506,
    "decisionTree" : 9600,
    "sink" : 23312,
    "blobRead" : 4800,
    "source" : 4800,
    "senMLParse" : 4800,
    "mqttPublish" : 23460
  },
  "recsInPerModule" : {
    "errorEstimate" : 7.123709938862015,
    "average" : 2.412980504207648,
    "multiVarLinearReg" : 4.805279375045689,
    "decisionTree" : 4.8088900575953915,
    "sink" : 11.656500025432369,
    "blobRead" : 2.4161847120150233,
    "source" : 2.4226505715184117,
    "senMLParse" : 2.416671305095226,
    "mqttPublish" : 11.752168620957459
  },
  "recsOutPerModule" : {
    "errorEstimate" : 7.080208848031392,
    "average" : 2.4128132666776847,
    "multiVarLinearReg" : 4.762322667799149,
    "decisionTree" : 4.802225563315217,
    "sink" : 11.65762921674022,
    "blobRead" : 2.4101238249459804,
    "source" : 2.422648024109722,
    "senMLParse" : 2.416503555591775,
    "mqttPublish" : 11.731166884506045
  },
  "remainingDataPerDevice" : {
    "errorEstimate" : 210000,
    "average" : 0,
    "multiVarLinearReg" : 118000,
    "decisionTree" : 306000,
    "sink" : 0,
    "blobRead" : 0,
    "source" : 0,
    "senMLParse" : 0,
    "mqttPublish" : 294000
  },
  "executionTime" : 4215.0,
  "networkUsage" : 473610.18,
  "tuplesSentBySensors" : 4800
}