{
  "placement" : {
    "average" : "cloud-1-1-0-0-1-0-0-0-1",
    "blobRead" : "cloud-1-0-0-1-0-1-1-1-1-1",
    "decisionTree" : "cloud-0-1-0-1-0-1-1-0-0-0",
    "errorEstimate" : "cloud-1-1-1-1-0-0-0-0-1",
    "mqttPublish" : "cloud-1-1-1-1-1-0-0-1-0-1",
    "multiVarLinearReg" : "cloud-1-1-0-0-0-1-0-1",
    "senMLParse" : "cloud-1-1-0-0-0-0-0",
    "sink" : "cloud-1-1-0-0-1-1-0-0-0-0",
    "source" : "cloud-0-1-1-0-0-0-1-0-0-0"
  },
  "appLoopLatency" : 36.889986436363266,
  "latencyPerTupleType" : {
    "blobRead_TUPLE" : 0.12146625656551426,
    "average_TUPLE" : 0.2213856909092639,
    "sink_TUPLE" : 8.41747225046458,
    "errorEstimate_TUPLE" : 0.6532581104194254,
    "mqttPublish_TUPLE" : 0.2821424864552409,
    "decisionTree_TUPLE" : 0.33830525623179614,
    "multiVarLinearReg_TUPLE" : 1.1141696521213402,
    "senMLParse_TUPLE" : 0.20816103434330022,
    "TUPLE" : 0.0954235353535321
  },
  "tuplesProcessedPerModule" : {
    "errorEstimate" : 14252,
    "average" : 4800,
    "multiVarLinearReg" : 9600,
    "decisionTree" : 9582,
    "sink" : 23250,
    "blobRead" : 4800,
    "source" : 4800,
    "senMLParse" : 4800,
    "mqttPublish" : 23313
  },
  "recsInPerModule" : {
    "errorEstimate" : 7.134049067016659,
    "average" : 2.4088864866342754,
    "multiVarLinearReg" : 4.80405144969584,
    "decisionTree" : 4.794737293946047,
    "sink" : 11.855957833094532,
    "blobRead" : 2.412056787735456,
    "source" : 2.423017454307191,
    "senMLParse" : 2.4133908148520993,
    "mqttPublish" : 11.659243921982167
  },
  "recsOutPerModule" : {
    "errorEstimate" : 7.12604901911947,
    "average" : 2.4087427090334916,
    "multiVarLinearReg" : 4.801558538831882,
    "decisionTree" : 4.791237149469569,
    "sink" : 11.736263514517155,
    "blobRead" : 2.4119229605467107,
    "source" : 2.422892831404264,
    "senMLParse" : 2.4132464990710436,
    "mqttPublish" : 11.656744335958328
  },
  "remainingDataPerDevice" : {
    "errorEstimate" : 468000,
    "average" : 0,
    "multiVarLinearReg" : 264000,
    "decisionTree" : 564000,
    "sink" : 0,
    "blobRead" : 22000,
    "source" : 0,
    "senMLParse" : 0,
    "mqttPublish" : 126000
  },
  "executionTime" : 6943.0,
  "networkUsage" : 657096.8,
  "tuplesSentBySensors" : 4800
}