{
  "placement" : {
    "average" : "cloud-0-1-0-1-1-1-0-0-1-0",
    "blobRead" : "cloud-1-1-1-1-0-1-0",
    "decisionTree" : "cloud-1-1-1-1-1-0-1",
    "errorEstimate" : "cloud-0-0-1-0-1-0-1-0-1",
    "mqttPublish" : "cloud-1-1-1-0-0-0-0-1-1-1",
    "multiVarLinearReg" : "cloud-1-0-1-0-0-0-0-0-0-0",
    "senMLParse" : "cloud-0-1-0-0-1-0-0-0-0-0",
    "sink" : "cloud-0-1-0-1-1-0-1-0-0-1",
    "source" : "cloud-0-0-0-0-1-0-0-1-1"
  },
  "appLoopLatency" : 37.20532778787852,
  "latencyPerTupleType" : {
    "blobRead_TUPLE" : 0.21214869898976652,
    "average_TUPLE" : 0.131397615151607,
    "sink_TUPLE" : 1.3026204252426385,
    "errorEstimate_TUPLE" : 1.1466990890150626,
    "mqttPublish_TUPLE" : 0.27671807379303787,
    "decisionTree_TUPLE" : 0.16679557626274022,
    "multiVarLinearReg_TUPLE" : 1.4507914187272064,
    "senMLParse_TUPLE" : 0.21214869898976652,
    "TUPLE" : 0.09917999999999624
  },
  "tuplesProcessedPerModule" : {
    "errorEstimate" : 14016,
    "average" : 4800,
    "multiVarLinearReg" : 9549,
    "decisionTree" : 9600,
    "sink" : 23259,
    "blobRead" : 4800,
    "source" : 4800,
    "senMLParse" : 4800,
    "mqttPublish" : 23425
  },
  "recsInPerModule" : {
    "errorEstimate" : 7.011622442369162,
    "average" : 2.4035750441984507,
    "multiVarLinearReg" : 4.802340666297959,
    "decisionTree" : 4.802580960491456,
    "sink" : 11.630365192206185,
    "blobRead" : 2.4130228268071767,
    "source" : 2.4224060447105504,
    "senMLParse" : 2.4119315621353548,
    "mqttPublish" : 11.713389918942399
  },
  "recsOutPerModule" : {
    "errorEstimate" : 7.008346685389661,
    "average" : 2.4034421565074173,
    "multiVarLinearReg" : 4.776828231508252,
    "decisionTree" : 4.802303178055601,
    "sink" : 11.629632228566027,
    "blobRead" : 2.4128785550312988,
    "source" : 2.422277433232877,
    "senMLParse" : 2.4117874208169163,
    "mqttPublish" : 11.712621219773318
  },
  "remainingDataPerDevice" : {
    "errorEstimate" : 132000,
    "average" : 278000,
    "multiVarLinearReg" : 374000,
    "decisionTree" : 250000,
    "sink" : 0,
    "blobRead" : 0,
    "source" : 0,
    "senMLParse" : 0,
    "mqttPublish" : 332000
  },
  "executionTime" : 2732.0,
  "networkUsage" : 624459.36,
  "tuplesSentBySensors" : 4800
}