{
  "placement" : {
    "average" : "cloud-0-0-0-0-0-1-0-1-0-1",
    "blobRead" : "cloud-0-0-0-0-0-1-1-0-1-1",
    "decisionTree" : "cloud-0-1-1-1-0-1-1-1-1-1",
    "errorEstimate" : "cloud-0-0-1-1-1-0-1-0-1-1",
    "mqttPublish" : "cloud-1-0-0-0-1-0-1-1-0-1",
    "multiVarLinearReg" : "cloud-1-1-1-1-1-1-0-1-0-0",
    "senMLParse" : "cloud-0-0-0-0-1-0-1-0-0-1",
    "sink" : "cloud-0-1-1-0-0-0-1-1-0",
    "source" : "cloud-0-0-0-1-1-1-1-0-1"
  },
  "appLoopLatency" : 47.000507896969616,
  "latencyPerTupleType" : {
    "blobRead_TUPLE" : 0.12489003838372104,
    "average_TUPLE" : 0.2535314454544727,
    "sink_TUPLE" : 0.9656950872725392,
    "errorEstimate_TUPLE" : 0.6947827089905778,
    "mqttPublish_TUPLE" : 0.5757391587861334,
    "decisionTree_TUPLE" : 19.47680077639963,
    "multiVarLinearReg_TUPLE" : 0.6577576918655096,
    "senMLParse_TUPLE" : 0.12489003838372097,
    "TUPLE" : 0.09634343434342986
  },
  "tuplesProcessedPerModule" : {
    "errorEstimate" : 13953,
    "average" : 4800,
    "multiVarLinearReg" : 9505,
    "decisionTree" : 9337,
    "sink" : 23250,
    "blobRead" : 4800,
    "source" : 4800,
    "senMLParse" : 4800,
    "mqttPublish" : 23250
  },
  "recsInPerModule" : {
    "errorEstimate" : 6.978474339703946,
    "average" : 2.402266144608965,
    "multiVarLinearReg" : 4.787736942707426,
    "decisionTree" : 4.800928205203439,
    "sink" : 11.745421375740035,
    "blobRead" : 2.4125417200380825,
    "source" : 2.4220393470383756,
    "senMLParse" : 2.412056781675021,
    "mqttPublish" : 11.80311956361156
  },
  "recsOutPerModule" : {
    "errorEstimate" : 6.97805923919593,
    "average" : 2.402120879438605,
    "multiVarLinearReg" : 4.752735227124596,
    "decisionTree" : 4.670043533873277,
    "sink" : 11.731079281365826,
    "blobRead" : 2.4124078390348083,
    "source" : 2.421914824726414,
    "senMLParse" : 2.411922954486948,
    "mqttPublish" : 11.7948800995412
  },
  "remainingDataPerDevice" : {
    "errorEstimate" : 6000,
    "average" : 294000,
    "multiVarLinearReg" : 410000,
    "decisionTree" : 74000,
    "sink" : 0,
    "blobRead" : 8000,
    "source" : 0,
    "senMLParse" : 42000,
    "mqttPublish" : 0
  },
  "executionTime" : 4207.0,
  "networkUsage" : 850214.6,
  "tuplesSentBySensors" : 4800
}