{
  "placement" : {
    "average" : "cloud-0-0-1-0-1-0-0-0",
    "blobRead" : "cloud-0-0-0-0-1-1-0-1-1-1",
    "decisionTree" : "cloud-1-0-1-0-1-0-0-1-1",
    "errorEstimate" : "cloud-0-0-0-0-0-0-0-0-0",
    "mqttPublish" : "cloud-0-1-0-1-1-1-0-0-1-0",
    "multiVarLinearReg" : "cloud-1-1-1-1-0-0-0-1-1",
    "senMLParse" : "cloud-1-0-0-0-1-1-1-1-1-0",
    "sink" : "cloud-0-0-0-1-0-1-0-0-1-1",
    "source" : "cloud-0-1-0-1-1-1-0-1-0-1"
  },
  "appLoopLatency" : 47.56109781818163,
  "latencyPerTupleType" : {
    "blobRead_TUPLE" : 0.1795559030301769,
    "average_TUPLE" : 0.12722997752068033,
    "sink_TUPLE" : 3.8033589814141333,
    "errorEstimate_TUPLE" : 0.7871610628961292,
    "mqttPublish_TUPLE" : 0.5938657110707091,
    "decisionTree_TUPLE" : 5.519102855430777,
    "multiVarLinearReg_TUPLE" : 4.674937372839753,
    "senMLParse_TUPLE" : 0.17955590303018,
    "TUPLE" : 0.09856747474746456
  },
  "tuplesProcessedPerModule" : {
    "errorEstimate" : 13953,
    "average" : 4799,
    "multiVarLinearReg" : 9394,
    "decisionTree" : 9380,
    "sink" : 23250,
    "blobRead" : 4800,
    "source" : 4800,
    "senMLParse" : 4800,
    "mqttPublish" : 23250
  },
  "recsInPerModule" : {
    "errorEstimate" : 6.979527956531494,
    "average" : 2.4000937076586593,
    "multiVarLinearReg" : 4.766636333743539,
    "decisionTree" : 4.743734245597049,
    "sink" : 11.749736995686556,
    "blobRead" : 2.409151282883176,
    "source" : 2.421306284651793,
    "senMLParse" : 2.4089094673657034,
    "mqttPublish" : 11.809300973706133
  },
  "recsOutPerModule" : {
    "errorEstimate" : 6.979142482475189,
    "average" : 2.399782382392936,
    "multiVarLinearReg" : 4.697702200780718,
    "decisionTree" : 4.690701189467307,
    "sink" : 11.723070888974128,
    "blobRead" : 2.4090074736721645,
    "source" : 2.4211818377031524,
    "senMLParse" : 2.408765687021717,
    "mqttPublish" : 11.803424353210804
  },
  "remainingDataPerDevice" : {
    "errorEstimate" : 6000,
    "average" : 292000,
    "multiVarLinearReg" : 188000,
    "decisionTree" : 160000,
    "sink" : 0,
    "blobRead" : 318000,
    "source" : 0,
    "senMLParse" : 42000,
    "mqttPublish" : 0
  },
  "executionTime" : 4381.0,
  "networkUsage" : 812517.02,
  "tuplesSentBySensors" : 4800
}