{
  "placement" : {
    "average" : "cloud-0-1-0-1-0-0-0-1-1-0",
    "blobRead" : "cloud-0-0-1-0-0-1-1-1-0-0",
    "decisionTree" : "cloud-0-1-1-0-0-1-0",
    "errorEstimate" : "cloud-0-0-0-1-0-1-1",
    "mqttPublish" : "cloud-0-0-1-0-0-1-1-1-1-0",
    "multiVarLinearReg" : "cloud-1-1-0-0-1-0-0-1",
    "senMLParse" : "cloud-0-1-1-0-0-1-0",
    "sink" : "cloud-0-1-1-1-0-1-0-0-1",
    "source" : "cloud-1-0-0-0-1-0-0-1-0-1"
  },
  "appLoopLatency" : 35.20359763675183,
  "latencyPerTupleType" : {
    "blobRead_TUPLE" : 5.231692844444489,
    "average_TUPLE" : 0.5231215122587505,
    "sink_TUPLE" : 0.531635353113989,
    "errorEstimate_TUPLE" : 14.141299286145857,
    "mqttPublish_TUPLE" : 0.5220872534594649,
    "decisionTree_TUPLE" : 1.8782895582192205,
    "multiVarLinearReg_TUPLE" : 0.72905607273476,
    "senMLParse_TUPLE" : 1.9647288961110037,
    "TUPLE" : 0.09687638888888118
  },
  "tuplesProcessedPerModule" : {
    "errorEstimate" : 13995,
    "average" : 4756,
    "multiVarLinearReg" : 9507,
    "decisionTree" : 9507,
    "sink" : 23264,
    "blobRead" : 4800,
    "source" : 4800,
    "senMLParse" : 4800,
    "mqttPublish" : 23341
  },
  "recsInPerModule" : {
    "errorEstimate" : 7.016017811915222,
    "average" : 2.4007752517421617,
    "multiVarLinearReg" : 4.758605597169059,
    "decisionTree" : 4.758969720658699,
    "sink" : 11.633648266920108,
    "blobRead" : 2.4116942545939724,
    "source" : 2.4220393470383756,
    "senMLParse" : 2.4123002676020975,
    "mqttPublish" : 11.67307765100237
  },
  "recsOutPerModule" : {
    "errorEstimate" : 6.997517799935906,
    "average" : 2.378887145894162,
    "multiVarLinearReg" : 4.75673062279117,
    "decisionTree" : 4.758136088708501,
    "sink" : 11.632975640217486,
    "blobRead" : 2.4057186432091706,
    "source" : 2.422038073975981,
    "senMLParse" : 2.411025443953098,
    "mqttPublish" : 11.671229528681138
  },
  "remainingDataPerDevice" : {
    "errorEstimate" : 88000,
    "average" : 202000,
    "multiVarLinearReg" : 260000,
    "decisionTree" : 226000,
    "sink" : 0,
    "blobRead" : 372000,
    "source" : 0,
    "senMLParse" : 0,
    "mqttPublish" : 154000
  },
  "executionTime" : 4953.0,
  "networkUsage" : 570847.54,
  "tuplesSentBySensors" : 4800
}