{
  "placement" : {
    "average" : "cloud-0-1-0-1-0-0-1",
    "blobRead" : "cloud-0-0-0-0-0-0-1-0",
    "decisionTree" : "cloud-1-0-1-0-0-0-0-0-1-1",
    "errorEstimate" : "cloud-0-0-1-1-0-0-1-0-1-1",
    "mqttPublish" : "cloud-1-0-0-0-0-1-0-1",
    "multiVarLinearReg" : "cloud-1-1-1-0-1-1-0-1-0-0",
    "senMLParse" : "cloud-1-0-1-1-1-0-0-0-1",
    "sink" : "cloud-0-0-1-0-1-1-1",
    "source" : "cloud-1-0-0-1-0-0-0-0-1-1"
  },
  "appLoopLatency" : 33.0282545271182,
  "latencyPerTupleType" : {
    "blobRead_TUPLE" : 0.17662010505038758,
    "average_TUPLE" : 0.23031499757568943,
    "sink_TUPLE" : 2.6740300818435196,
    "errorEstimate_TUPLE" : 1.874455020544802,
    "mqttPublish_TUPLE" : 0.6374660601855825,
    "decisionTree_TUPLE" : 0.43446016313133173,
    "multiVarLinearReg_TUPLE" : 6.488829583400074,
    "senMLParse_TUPLE" : 0.2424279191917935,
    "TUPLE" : 0.09771666666666678
  },
  "tuplesProcessedPerModule" : {
    "errorEstimate" : 13990,
    "average" : 4800,
    "multiVarLinearReg" : 9401,
    "decisionTree" : 9600,
    "sink" : 23257,
    "blobRead" : 4800,
    "source" : 4800,
    "senMLParse" : 4800,
    "mqttPublish" : 23407
  },
  "recsInPerModule" : {
    "errorEstimate" : 6.99569385205458,
    "average" : 2.4025892889693794,
    "multiVarLinearReg" : 4.807353188679711,
    "decisionTree" : 4.805428120957585,
    "sink" : 11.62937885559508,
    "blobRead" : 2.412905547244285,
    "source" : 2.422283799816411,
    "senMLParse" : 2.4135121637705903,
    "mqttPublish" : 11.705079307785102
  },
  "recsOutPerModule" : {
    "errorEstimate" : 6.996540074478892,
    "average" : 2.4024189340353947,
    "multiVarLinearReg" : 4.707700857504291,
    "decisionTree" : 4.805112428854597,
    "sink" : 11.628645953249661,
    "blobRead" : 2.4127383201039523,
    "source" : 2.4222814846912537,
    "senMLParse" : 2.4133402564041138,
    "mqttPublish" : 11.704079269995312
  },
  "remainingDataPerDevice" : {
    "errorEstimate" : 80000,
    "average" : 276000,
    "multiVarLinearReg" : 144000,
    "decisionTree" : 282000,
    "sink" : 0,
    "blobRead" : 0,
    "source" : 0,
    "senMLParse" : 0,
    "mqttPublish" : 300000
  },
  "executionTime" : 4774.0,
  "networkUsage" : 606774.48,
  "tuplesSentBySensors" : 4800
}