{
  "placement" : {
    "average" : "cloud-1-1-1-1-1-0-1-1-0-1",
    "blobRead" : "cloud-0-0-1-1-1-1-1-1-1",
    "decisionTree" : "cloud-0-1-1-0-0-0-0-0-1",
    "errorEstimate" : "cloud-0-0-1-1-1-1-0-1-0-0",
    "mqttPublish" : "cloud-0-1-1-1-0-0-0-1",
    "multiVarLinearReg" : "cloud-0-0-0-1-1-1-0-0",
    "senMLParse" : "cloud-1-0-1-0-0-1-0-1-1-0",
    "sink" : "cloud-0-1-1-0-0-1-0-1",
    "source" : "cloud-0-1-1-1-0-0-0-1-0-0"
  },
  "appLoopLatency" : 37.97692084501008,
  "latencyPerTupleType" : {
    "blobRead_TUPLE" : 0.31281773333318613,
    "average_TUPLE" : 0.24029749191912222,
    "sink_TUPLE" : 1.3925588101281143,
    "errorEstimate_TUPLE" : 2.618315664392777,
    "mqttPublish_TUPLE" : 3.7154276325739244,
    "decisionTree_TUPLE" : 5.093892890385285,
    "multiVarLinearReg_TUPLE" : 19.836495208547436,
    "senMLParse_TUPLE" : 0.11912871111096698,
    "TUPLE" : 0.09716722222221996
  },
  "tuplesProcessedPerModule" : {
    "errorEstimate" : 13980,
    "average" : 4800,
    "multiVarLinearReg" : 9336,
    "decisionTree" : 9430,
    "sink" : 23308,
    "blobRead" : 4800,
    "source" : 4800,
    "senMLParse" : 4800,
    "mqttPublish" : 23381
  },
  "recsInPerModule" : {
    "errorEstimate" : 6.991273805214604,
    "average" : 2.405030551899767,
    "multiVarLinearReg" : 4.80909727553874,
    "decisionTree" : 4.811025337762581,
    "sink" : 11.654855849087092,
    "blobRead" : 2.416910867536326,
    "source" : 2.4246085646266784,
    "senMLParse" : 2.415451378783301,
    "mqttPublish" : 11.692101636696654
  },
  "recsOutPerModule" : {
    "errorEstimate" : 6.990851364309572,
    "average" : 2.4048872342101006,
    "multiVarLinearReg" : 4.6768471004614245,
    "decisionTree" : 4.725830097406369,
    "sink" : 11.654151692380788,
    "blobRead" : 2.41676382588711,
    "source" : 2.4244797191745344,
    "senMLParse" : 2.415317174658481,
    "mqttPublish" : 11.691364736204228
  },
  "remainingDataPerDevice" : {
    "errorEstimate" : 58000,
    "average" : 296000,
    "multiVarLinearReg" : 16000,
    "decisionTree" : 0,
    "sink" : 0,
    "blobRead" : 0,
    "source" : 0,
    "senMLParse" : 0,
    "mqttPublish" : 146000
  },
  "executionTime" : 5441.0,
  "networkUsage" : 576860.0,
  "tuplesSentBySensors" : 4800
}