{
  "placement" : {
    "average" : "cloud-1-0-1-1-0-0-0-1-1",
    "blobRead" : "cloud-0-0-1-1-1-0-0-0-0-1",
    "decisionTree" : "cloud-0-1-1-0-1-0-1-0-1-1",
    "errorEstimate" : "cloud-1-1-0-1-1-1",
    "mqttPublish" : "cloud-1-0-0-0-1-1-1-1-1-1",
    "multiVarLinearReg" : "cloud-1-0-0-1-0-1-1-0-1-0",
    "senMLParse" : "cloud-0-1-1-0-0-1-0-0-0-0",
    "sink" : "cloud-1-1-0-1-0-0-0-1",
    "source" : "cloud-1-1-0-0-1-1-1-0"
  },
  "appLoopLatency" : 37.8054007606059,
  "latencyPerTupleType" : {
    "blobRead_TUPLE" : 0.11394291111115147,
    "average_TUPLE" : 0.13656260000015868,
    "sink_TUPLE" : 1.3320803630862648,
    "errorEstimate_TUPLE" : 20.519811451306275,
    "mqttPublish_TUPLE" : 2.43267786603985,
    "decisionTree_TUPLE" : 7.115066698218593,
    "multiVarLinearReg_TUPLE" : 0.5172578324748709,
    "senMLParse_TUPLE" : 0.211150810909141,
    "TUPLE" : 0.09607055555556338
  },
  "tuplesProcessedPerModule" : {
    "errorEstimate" : 13968,
    "average" : 4800,
    "multiVarLinearReg" : 9600,
    "decisionTree" : 9392,
    "sink" : 23250,
    "blobRead" : 4800,
    "source" : 4800,
    "senMLParse" : 4800,
    "mqttPublish" : 23260
  },
  "recsInPerModule" : {
    "errorEstimate" : 6.989678505322035,
    "average" : 2.4011512282091143,
    "multiVarLinearReg" : 4.800381454820804,
    "decisionTree" : 4.807393956589285,
    "sink" : 11.715709835748704,
    "blobRead" : 2.4142402951842383,
    "source" : 2.4236291726184436,
    "senMLParse" : 2.413390595957031,
    "mqttPublish" : 11.631575617598378
  },
  "recsOutPerModule" : {
    "errorEstimate" : 6.984272157085548,
    "average" : 2.401006097841508,
    "multiVarLinearReg" : 4.800066425428316,
    "decisionTree" : 4.703233763617475,
    "sink" : 11.704000516546843,
    "blobRead" : 2.414093578293788,
    "source" : 2.423626623151348,
    "senMLParse" : 2.413223301579379,
    "mqttPublish" : 11.632592764190392
  },
  "remainingDataPerDevice" : {
    "errorEstimate" : 36000,
    "average" : 272000,
    "multiVarLinearReg" : 570000,
    "decisionTree" : 160000,
    "sink" : 0,
    "blobRead" : 0,
    "source" : 0,
    "senMLParse" : 0,
    "mqttPublish" : 20000
  },
  "executionTime" : 10500.0,
  "networkUsage" : 706538.76,
  "tuplesSentBySensors" : 4800
}