{
  "placement" : {
    "average" : "cloud-1-1-0-1-1-1-0-0-0-1",
    "blobRead" : "cloud-0-1-1-1-0-1-0-1-1-0",
    "decisionTree" : "cloud-1-1-0-1-0-1",
    "errorEstimate" : "cloud-0-1-0-1-0-1-1-0-1",
    "mqttPublish" : "cloud-1-0-0-0-0-0",
    "multiVarLinearReg" : "cloud-1-1-1-1-0-0-1-1-1",
    "senMLParse" : "cloud-1-0-0-1-0-1-0-0",
    "sink" : "cloud-0-0-1-0-1-0-1-1",
    "source" : "cloud-0-1-0-1-0"
  },
  "appLoopLatency" : 34.585602178729985,
  "latencyPerTupleType" : {
    "blobRead_TUPLE" : 0.18057889696956964,
    "average_TUPLE" : 0.255441375757747,
    "sink_TUPLE" : 1.1857233094404425,
    "errorEstimate_TUPLE" : 1.6871772914016574,
    "mqttPublish_TUPLE" : 0.6027188234140525,
    "decisionTree_TUPLE" : 4.981420081313307,
    "multiVarLinearReg_TUPLE" : 4.932453362860523,
    "senMLParse_TUPLE" : 0.18057889696956894,
    "TUPLE" : 0.1004241666666613
  },
  "tuplesProcessedPerModule" : {
    "errorEstimate" : 13998,
    "average" : 4800,
    "multiVarLinearReg" : 9411,
    "decisionTree" : 9600,
    "sink" : 23336,
    "blobRead" : 4800,
    "source" : 4800,
    "senMLParse" : 4800,
    "mqttPublish" : 23361
  },
  "recsInPerModule" : {
    "errorEstimate" : 7.000346219623158,
    "average" : 2.405261235079947,
    "multiVarLinearReg" : 4.812934297131691,
    "decisionTree" : 4.817765092699617,
    "sink" : 11.669038857577535,
    "blobRead" : 2.4170325707089786,
    "source" : 2.4239963518854903,
    "senMLParse" : 2.415572935011977,
    "mqttPublish" : 11.706186289510606
  },
  "recsOutPerModule" : {
    "errorEstimate" : 6.999346240160136,
    "average" : 2.4051156074681765,
    "multiVarLinearReg" : 4.720105276219628,
    "decisionTree" : 4.8045775831313176,
    "sink" : 11.66821228562022,
    "blobRead" : 2.416887819073433,
    "source" : 2.423867571490259,
    "senMLParse" : 2.415428358148208,
    "mqttPublish" : 11.705508076656935
  },
  "remainingDataPerDevice" : {
    "errorEstimate" : 96000,
    "average" : 298000,
    "multiVarLinearReg" : 124000,
    "decisionTree" : 378000,
    "sink" : 0,
    "blobRead" : 0,
    "source" : 0,
    "senMLParse" : 0,
    "mqttPublish" : 50000
  },
  "executionTime" : 4267.0,
  "networkUsage" : 614104.8,
  "tuplesSentBySensors" : 4800
}