{
  "placement" : {
    "average" : "cloud-0-0-1-0-1-0-1-1-1-0",
    "blobRead" : "cloud-0-0-0-1-0-0-0-0-0-0",
    "decisionTree" : "cloud-1-1-0-1-1-0-1-0-1-1",
    "errorEstimate" : "cloud-0-1-0-1-1-0-1-0-1",
    "mqttPublish" : "cloud-0-0-1-0-1-1-1-0-1",
    "multiVarLinearReg" : "cloud-1-1-1-0-0-0-1-0",
    "senMLParse" : "cloud-0-1-1-0-1-1-1-0-1",
    "sink" : "cloud-0-1-0-0-1-0-0-0-0-0",
    "source" : "cloud-1-0-1-0-1-0-1-1"
  },
  "appLoopLatency" : 41.35635089090903,
  "latencyPerTupleType" : {
    "blobRead_TUPLE" : 0.2521647888887558,
    "average_TUPLE" : 0.1942214515153471,
    "sink_TUPLE" : 3.046975110825822,
    "errorEstimate_TUPLE" : 19.79594829908664,
    "mqttPublish_TUPLE" : 2.7643651272677148,
    "decisionTree_TUPLE" : 20.65868944196194,
    "multiVarLinearReg_TUPLE" : 0.8564789960607629,
    "senMLParse_TUPLE" : 0.2128073323231053,
    "TUPLE" : 0.09750111111111007
  },
  "tuplesProcessedPerModule" : {
    "errorEstimate" : 13962,
    "average" : 4800,
    "multiVarLinearReg" : 9600,
    "decisionTree" : 9322,
    "sink" : 23250,
    "blobRead" : 4800,
    "source" : 4800,
    "senMLParse" : 4800,
    "mqttPublish" : 23250
  },
  "recsInPerModule" : {
    "errorEstimate" : 6.982145561443283,
    "average" : 2.4009072582906144,
    "multiVarLinearReg" : 4.802766662552563,
    "decisionTree" : 4.796984435546868,
    "sink" : 11.696997118826863,
    "blobRead" : 2.4101149955574215,
    "source" : 2.421184150726784,
    "senMLParse" : 2.4101149895067397,
    "mqttPublish" : 11.745105650044149
  },
  "recsOutPerModule" : {
    "errorEstimate" : 6.983457232591997,
    "average" : 2.4007416900483314,
    "multiVarLinearReg" : 4.802226100722347,
    "decisionTree" : 4.664029270687209,
    "sink" : 11.676439023210907,
    "blobRead" : 2.4099435717737525,
    "source" : 2.4211777899224316,
    "senMLParse" : 2.409948148930241,
    "mqttPublish" : 11.744265169829657
  },
  "remainingDataPerDevice" : {
    "errorEstimate" : 24000,
    "average" : 292000,
    "multiVarLinearReg" : 580000,
    "decisionTree" : 44000,
    "sink" : 0,
    "blobRead" : 8000,
    "source" : 0,
    "senMLParse" : 8000,
    "mqttPublish" : 0
  },
  "executionTime" : 9898.0,
  "networkUsage" : 703399.32,
  "tuplesSentBySensors" : 4800
}