{
  "placement" : {
    "average" : "cloud-1-1-0-1-1-1-1-0",
    "blobRead" : "cloud-0-1-1-1-0-1-1",
    "decisionTree" : "cloud-0-1-1-0-1-1-1-0-0",
    "errorEstimate" : "cloud-0-1-1-1-1-0-0-0-0",
    "mqttPublish" : "cloud-1-0-0-1-1-1-0-1-0",
    "multiVarLinearReg" : "cloud-1-0-1-1-1-0",
    "senMLParse" : "cloud-1-1-1-1-1-0-1-0",
    "sink" : "cloud-0-0-0-1-0-1-1-1",
    "source" : "cloud-1-0-0-1-0-1-0-1-0"
  },
  "appLoopLatency" : 36.8991177818179,
  "latencyPerTupleType" : {
    "blobRead_TUPLE" : 5.016970755555638,
    "average_TUPLE" : 0.24403510868704592,
    "sink_TUPLE" : 3.9404610983229107,
    "errorEstimate_TUPLE" : 1.494700874120314,
    "mqttPublish_TUPLE" : 0.7781994979546667,
    "decisionTree_TUPLE" : 1.5516170208565516,
    "multiVarLinearReg_TUPLE" : 16.994562099725037,
    "senMLParse_TUPLE" : 0.17636349898993872,
    "TUPLE" : 0.09630000000000136
  },
  "tuplesProcessedPerModule" : {
    "errorEstimate" : 13995,
    "average" : 4800,
    "multiVarLinearReg" : 9357,
    "decisionTree" : 9509,
    "sink" : 23250,
    "blobRead" : 4800,
    "source" : 4800,
    "senMLParse" : 4800,
    "mqttPublish" : 23283
  },
  "recsInPerModule" : {
    "errorEstimate" : 7.0001498049943836,
    "average" : 2.4030746100595883,
    "multiVarLinearReg" : 4.800608940041884,
    "decisionTree" : 4.802290002802552,
    "sink" : 11.698753617966542,
    "blobRead" : 2.4124202445082354,
    "source" : 2.421306284651793,
    "senMLParse" : 2.4115718257177616,
    "mqttPublish" : 11.643458636414037
  },
  "recsOutPerModule" : {
    "errorEstimate" : 6.999813579126579,
    "average" : 2.4029041862979765,
    "multiVarLinearReg" : 4.679101949699047,
    "decisionTree" : 4.756988968129064,
    "sink" : 11.6739970258672,
    "blobRead" : 2.40656671778228,
    "source" : 2.4213037400693445,
    "senMLParse" : 2.4114047833878756,
    "mqttPublish" : 11.64275510161294
  },
  "remainingDataPerDevice" : {
    "errorEstimate" : 90000,
    "average" : 282000,
    "multiVarLinearReg" : 42000,
    "decisionTree" : 352000,
    "sink" : 0,
    "blobRead" : 0,
    "source" : 0,
    "senMLParse" : 0,
    "mqttPublish" : 66000
  },
  "executionTime" : 4754.0,
  "networkUsage" : 655610.12,
  "tuplesSentBySensors" : 4800
}