{
  "placement" : {
    "average" : "cloud-0-1-0-1-1-1",
    "blobRead" : "cloud-0-0-1-0-0-1-1-0-1-0",
    "decisionTree" : "cloud-1-1-0-1-0-1-0-1",
    "errorEstimate" : "cloud-1-0-1-0-1-1-0-0-0-1",
    "mqttPublish" : "cloud-0-1-0-0-1-0-1",
    "multiVarLinearReg" : "cloud-0-0-1-0-1-0-1-1-1-0",
    "senMLParse" : "cloud-0-0-1-1-0-0-0-1",
    "sink" : "cloud-0-1-1-1-1-1-0-0",
    "source" : "cloud-0-0-1-0-1-1-1-0-1-1"
  },
  "appLoopLatency" : 35.076006563636085,
  "latencyPerTupleType" : {
    "blobRead_TUPLE" : 0.2113283545453268,
    "average_TUPLE" : 1.42481227440062,
    "sink_TUPLE" : 1.002428556766193,
    "errorEstimate_TUPLE" : 2.378320261715934,
    "mqttPublish_TUPLE" : 1.0432491628892744,
    "decisionTree_TUPLE" : 1.6522506198735922,
    "multiVarLinearReg_TUPLE" : 1.6522506198736013,
    "senMLParse_TUPLE" : 5.41330366666652,
    "TUPLE" : 0.09918694444444089
  },
  "tuplesProcessedPerModule" : {
    "errorEstimate" : 14028,
    "average" : 4698,
    "multiVarLinearReg" : 9498,
    "decisionTree" : 9498,
    "sink" : 23250,
    "blobRead" : 4800,
    "source" : 4800,
    "senMLParse" : 4800,
    "mqttPublish" : 23272
  },
  "recsInPerModule" : {
    "errorEstimate" : 7.015048381442987,
    "average" : 2.3556925401743305,
    "multiVarLinearReg" : 4.802098929412355,
    "decisionTree" : 4.751791266987382,
    "sink" : 11.816354627085863,
    "blobRead" : 2.4125377010952374,
    "source" : 2.421794943594882,
    "senMLParse" : 2.414115067257359,
    "mqttPublish" : 11.636826457993983
  },
  "recsOutPerModule" : {
    "errorEstimate" : 7.014478369888632,
    "average" : 2.3554625861593697,
    "multiVarLinearReg" : 4.755100119093144,
    "decisionTree" : 4.749393573610185,
    "sink" : 11.803007639311696,
    "blobRead" : 2.4123934873219777,
    "source" : 2.421666396997016,
    "senMLParse" : 2.407561285281307,
    "mqttPublish" : 11.636134411456862
  },
  "remainingDataPerDevice" : {
    "errorEstimate" : 156000,
    "average" : 32000,
    "multiVarLinearReg" : 304000,
    "decisionTree" : 352000,
    "sink" : 0,
    "blobRead" : 0,
    "source" : 0,
    "senMLParse" : 510000,
    "mqttPublish" : 44000
  },
  "executionTime" : 4140.0,
  "networkUsage" : 572967.32,
  "tuplesSentBySensors" : 4800
}