{
  "placement" : {
    "average" : "cloud-0-1-0-1-0-1-0-0",
    "blobRead" : "cloud-0-0-0-0-1-0-0-1-0",
    "decisionTree" : "cloud-0-0-1-0-1-0-0",
    "errorEstimate" : "cloud-0-0-1-0-0-1-0-0-0-1",
    "mqttPublish" : "cloud-0-1-0-0-1-0-0-1-1-1",
    "multiVarLinearReg" : "cloud-0-0-1-0-0-0-0-0-1-0",
    "senMLParse" : "cloud-1-1-0-1-1-1-0-0-0-1",
    "sink" : "cloud-1-1-0-0-0-1-1-1-0-0",
    "source" : "cloud-1-1-1-0-0-1-1-0-1-0"
  },
  "appLoopLatency" : 42.924649466666345,
  "latencyPerTupleType" : {
    "blobRead_TUPLE" : 0.34387744444427826,
    "average_TUPLE" : 5.2257173928570255,
    "sink_TUPLE" : 0.504332856887425,
    "errorEstimate_TUPLE" : 0.7232791649596779,
    "mqttPublish_TUPLE" : 3.34938234049568,
    "decisionTree_TUPLE" : 3.6180150801620754,
    "multiVarLinearReg_TUPLE" : 3.6180150801620687,
    "senMLParse_TUPLE" : 0.34387744444427826,
    "TUPLE" : 0.09570944444444485
  },
  "tuplesProcessedPerModule" : {
    "errorEstimate" : 14062,
    "average" : 4676,
    "multiVarLinearReg" : 9460,
    "decisionTree" : 9460,
    "sink" : 23250,
    "blobRead" : 4800,
    "source" : 4800,
    "senMLParse" : 4800,
    "mqttPublish" : 23270
  },
  "recsInPerModule" : {
    "errorEstimate" : 7.0371267640409485,
    "average" : 2.3586166819465637,
    "multiVarLinearReg" : 4.799845022315869,
    "decisionTree" : 4.800325144157019,
    "sink" : 11.742048571987482,
    "blobRead" : 2.409147275228333,
    "source" : 2.420695738213859,
    "senMLParse" : 2.4096310321842527,
    "mqttPublish" : 11.638075985837656
  },
  "recsOutPerModule" : {
    "errorEstimate" : 7.032868206421775,
    "average" : 2.3383495633837543,
    "multiVarLinearReg" : 4.730832889149715,
    "decisionTree" : 4.731306107804548,
    "sink" : 11.738522434638135,
    "blobRead" : 2.4089759890738485,
    "source" : 2.420689379975507,
    "senMLParse" : 2.4094596772367627,
    "mqttPublish" : 11.635703157177494
  },
  "remainingDataPerDevice" : {
    "errorEstimate" : 222000,
    "average" : 52000,
    "multiVarLinearReg" : 74000,
    "decisionTree" : 272000,
    "sink" : 0,
    "blobRead" : 0,
    "source" : 0,
    "senMLParse" : 257000,
    "mqttPublish" : 40000
  },
  "executionTime" : 4183.0,
  "networkUsage" : 737627.2,
  "tuplesSentBySensors" : 4800
}