{
  "placement" : {
    "average" : "cloud-1-0-0-1-0-0-1-1-0",
    "blobRead" : "cloud-0-0-0-1-0-1-1-1-0-1",
    "decisionTree" : "cloud-1-0-1-1-1-0-1-0-0-0",
    "errorEstimate" : "cloud-1-0-0-0-0-1-1-0",
    "mqttPublish" : "cloud-0-0-0-0-1-0-0",
    "multiVarLinearReg" : "cloud-1-1-0-1-0-0-0-0-1-1",
    "senMLParse" : "cloud-0-0-1-0-0-1-0-1-0-1",
    "sink" : "cloud-0-1-1-1-0-1-1-1-1-1",
    "source" : "cloud-0-1-1-1-1-1-0-1-1-0"
  },
  "appLoopLatency" : 34.53508708682965,
  "latencyPerTupleType" : {
    "blobRead_TUPLE" : 5.196936766666741,
    "average_TUPLE" : 0.31859990222214307,
    "sink_TUPLE" : 2.504010770768825,
    "errorEstimate_TUPLE" : 1.2087070986916335,
    "mqttPublish_TUPLE" : 0.9969654126048793,
    "decisionTree_TUPLE" : 14.454121704029244,
    "multiVarLinearReg_TUPLE" : 1.3849162234353007,
    "senMLParse_TUPLE" : 0.3129985000000424,
    "TUPLE" : 0.09587555555556312
  },
  "tuplesProcessedPerModule" : {
    "errorEstimate" : 14032,
    "average" : 4800,
    "multiVarLinearReg" : 9499,
    "decisionTree" : 9380,
    "sink" : 23251,
    "blobRead" : 4800,
    "source" : 4800,
    "senMLParse" : 4800,
    "mqttPublish" : 23285
  },
  "recsInPerModule" : {
    "errorEstimate" : 7.016498626837053,
    "average" : 2.401892781983498,
    "multiVarLinearReg" : 4.802238946663568,
    "decisionTree" : 4.800317971862401,
    "sink" : 11.629315864422468,
    "blobRead" : 2.4155767453897203,
    "source" : 2.423017454307191,
    "senMLParse" : 2.4132692592625347,
    "mqttPublish" : 11.643985813343734
  },
  "recsOutPerModule" : {
    "errorEstimate" : 7.016014912646,
    "average" : 2.4017475619627833,
    "multiVarLinearReg" : 4.753221418399649,
    "decisionTree" : 4.690320066268742,
    "sink" : 11.628582780902406,
    "blobRead" : 2.409078007599869,
    "source" : 2.4228925997751167,
    "senMLParse" : 2.4131226603672937,
    "mqttPublish" : 11.643282275265683
  },
  "remainingDataPerDevice" : {
    "errorEstimate" : 160000,
    "average" : 270000,
    "multiVarLinearReg" : 264000,
    "decisionTree" : 94000,
    "sink" : 0,
    "blobRead" : 0,
    "source" : 0,
    "senMLParse" : 0,
    "mqttPublish" : 68000
  },
  "executionTime" : 3876.0,
  "networkUsage" : 652715.64,
  "tuplesSentBySensors" : 4800
}