{
  "placement" : {
    "average" : "cloud-0-1-1-0-1-0-0",
    "blobRead" : "cloud-1-0-1-0-1-0",
    "decisionTree" : "cloud-1-1-1-1-0-1-0-1-1",
    "errorEstimate" : "cloud-0-1-1-0-1-0-1-1-0",
    "mqttPublish" : "cloud-0-1-1-1-0-1-0-0",
    "multiVarLinearReg" : "cloud-1-1-0-1-1-0-1-1-1-0",
    "senMLParse" : "cloud-1-1-0-0-0-1-1-0-0",
    "sink" : "cloud-0-1-1-0-1-0-1-1",
    "source" : "cloud-1-1-1-1-1-1-0-1-1-0"
  },
  "appLoopLatency" : 32.92096714937835,
  "latencyPerTupleType" : {
    "blobRead_TUPLE" : 0.19708787979784967,
    "average_TUPLE" : 4.761739342765892,
    "sink_TUPLE" : 1.366568049009824,
    "errorEstimate_TUPLE" : 2.08295274299685,
    "mqttPublish_TUPLE" : 1.5069467444079783,
    "decisionTree_TUPLE" : 19.785870920550973,
    "multiVarLinearReg_TUPLE" : 4.230350041485277,
    "senMLParse_TUPLE" : 0.28171337777763855,
    "TUPLE" : 0.0964802777777773
  },
  "tuplesProcessedPerModule" : {
    "errorEstimate" : 13981,
    "average" : 4700,
    "multiVarLinearReg" : 9436,
    "decisionTree" : 9337,
    "sink" : 23252,
    "blobRead" : 4800,
    "source" : 4800,
    "senMLParse" : 4800,
    "mqttPublish" : 23264
  },
  "recsInPerModule" : {
    "errorEstimate" : 6.991544896872156,
    "average" : 2.3926183891505133,
    "multiVarLinearReg" : 4.799125026805198,
    "decisionTree" : 4.798125005550769,
    "sink" : 11.627669690204195,
    "blobRead" : 2.409872992597553,
    "source" : 2.4198414902997123,
    "senMLParse" : 2.408180325673293,
    "mqttPublish" : 11.632766134858914
  },
  "recsOutPerModule" : {
    "errorEstimate" : 6.990903968220654,
    "average" : 2.350116310781395,
    "multiVarLinearReg" : 4.718122933052082,
    "decisionTree" : 4.670599406409584,
    "sink" : 11.627033194905582,
    "blobRead" : 2.4097061855227584,
    "source" : 2.4198351365481248,
    "senMLParse" : 2.4080091769831737,
    "mqttPublish" : 11.632129410083355
  },
  "remainingDataPerDevice" : {
    "errorEstimate" : 56000,
    "average" : 50000,
    "multiVarLinearReg" : 260000,
    "decisionTree" : 52000,
    "sink" : 0,
    "blobRead" : 0,
    "source" : 0,
    "senMLParse" : 57000,
    "mqttPublish" : 24000
  },
  "executionTime" : 5522.0,
  "networkUsage" : 559882.3,
  "tuplesSentBySensors" : 4800
}