{
  "placement" : {
    "average" : "cloud-1-1-1-1-1-0-1-1",
    "blobRead" : "cloud-0-1-1-1-1-0-0-1-1",
    "decisionTree" : "cloud-1-0-0-1-1-1-0-1-1-0",
    "errorEstimate" : "cloud-1-0-1-0-1-0-1-0-0-1",
    "mqttPublish" : "cloud",
    "multiVarLinearReg" : "cloud-1-0-1-0-0-1-1",
    "senMLParse" : "cloud-0-1-1-1-0",
    "sink" : "cloud-0-0-1-1-1-1-0-0-1-0",
    "source" : "cloud-1-1-0-1-1-1-1-0-0-1"
  },
  "appLoopLatency" : 33.500873383603086,
  "latencyPerTupleType" : {
    "blobRead_TUPLE" : 0.17534389393925143,
    "average_TUPLE" : 0.2980999876766883,
    "sink_TUPLE" : 0.261324932605618,
    "errorEstimate_TUPLE" : 1.8731803433677598,
    "mqttPublish_TUPLE" : 0.13247426666923737,
    "decisionTree_TUPLE" : 2.0222559959372868,
    "multiVarLinearReg_TUPLE" : 2.0281248413079376,
    "senMLParse_TUPLE" : 0.23675492222207295,
    "TUPLE" : 0.0945216666666691
  },
  "tuplesProcessedPerModule" : {
    "errorEstimate" : 14006,
    "average" : 4800,
    "multiVarLinearReg" : 9555,
    "decisionTree" : 9495,
    "sink" : 23251,
    "blobRead" : 4800,
    "source" : 4800,
    "senMLParse" : 4800,
    "mqttPublish" : 23320
  },
  "recsInPerModule" : {
    "errorEstimate" : 7.006328098170789,
    "average" : 2.403668118934734,
    "multiVarLinearReg" : 4.802054866214988,
    "decisionTree" : 4.797361312176918,
    "sink" : 11.6270391747662,
    "blobRead" : 2.4086637064278924,
    "source" : 2.4199634888008625,
    "senMLParse" : 2.410720209601809,
    "mqttPublish" : 11.661955368258583
  },
  "recsOutPerModule" : {
    "errorEstimate" : 7.003328307860523,
    "average" : 2.4035021697049173,
    "multiVarLinearReg" : 4.779545329661434,
    "decisionTree" : 4.747857678779172,
    "sink" : 11.642603318946339,
    "blobRead" : 2.408497066714534,
    "source" : 2.4199571344085995,
    "senMLParse" : 2.4105486997165095,
    "mqttPublish" : 11.660532699775858
  },
  "remainingDataPerDevice" : {
    "errorEstimate" : 110000,
    "average" : 286000,
    "multiVarLinearReg" : 400000,
    "decisionTree" : 246000,
    "sink" : 0,
    "blobRead" : 12000,
    "source" : 0,
    "senMLParse" : 0,
    "mqttPublish" : 134000
  },
  "executionTime" : 3660.0,
  "networkUsage" : 554511.96,
  "tuplesSentBySensors" : 4800
}