{
  "placement" : {
    "average" : "cloud-0-1-0-1-1-1-1-1-0-1",
    "blobRead" : "cloud-1-0-1-1-0-0-1",
    "decisionTree" : "cloud-1-1-0-0-1-1-0-1-1-1",
    "errorEstimate" : "cloud-1-1-0-1-1-1-0-0-0-0",
    "mqttPublish" : "cloud-0-0-0-1-0-0-1-1-1-1",
    "multiVarLinearReg" : "cloud-0-1-1-0-0-1-0-0-1-0",
    "senMLParse" : "cloud-1-1-0-1-1-1-1-0-1-0",
    "sink" : "cloud-0-0-1-0-0-1-0-0-0-0",
    "source" : "cloud-1-0-1-1-0-0-0-0-0-1"
  },
  "appLoopLatency" : 41.17893046600568,
  "latencyPerTupleType" : {
    "blobRead_TUPLE" : 0.248859602020074,
    "average_TUPLE" : 0.21928897960744578,
    "sink_TUPLE" : 0.29300997604130913,
    "errorEstimate_TUPLE" : 0.5044678451416833,
    "mqttPublish_TUPLE" : 0.9647057456356986,
    "decisionTree_TUPLE" : 0.7688210847474252,
    "multiVarLinearReg_TUPLE" : 0.6490810489461141,
    "senMLParse_TUPLE" : 0.24885960202007396,
    "TUPLE" : 0.09487858585858505
  },
  "tuplesProcessedPerModule" : {
    "errorEstimate" : 14013,
    "average" : 4773,
    "multiVarLinearReg" : 9538,
    "decisionTree" : 9600,
    "sink" : 23260,
    "blobRead" : 4800,
    "source" : 4800,
    "senMLParse" : 4800,
    "mqttPublish" : 23382
  },
  "recsInPerModule" : {
    "errorEstimate" : 7.010697252400588,
    "average" : 2.391113777707357,
    "multiVarLinearReg" : 4.781736578808104,
    "decisionTree" : 4.804457143883285,
    "sink" : 11.632029038956366,
    "blobRead" : 2.4189855301655765,
    "source" : 2.421428430899243,
    "senMLParse" : 2.4104820971757546,
    "mqttPublish" : 11.704116527921803
  },
  "recsOutPerModule" : {
    "errorEstimate" : 7.0071971145085366,
    "average" : 2.3866135969853257,
    "multiVarLinearReg" : 4.769236043799516,
    "decisionTree" : 4.803916201472829,
    "sink" : 11.630923149013732,
    "blobRead" : 2.418812842239336,
    "source" : 2.421426117408853,
    "senMLParse" : 2.4103106211684344,
    "mqttPublish" : 11.69488119617014
  },
  "remainingDataPerDevice" : {
    "errorEstimate" : 126000,
    "average" : 246000,
    "multiVarLinearReg" : 336000,
    "decisionTree" : 292000,
    "sink" : 0,
    "blobRead" : 0,
    "source" : 0,
    "senMLParse" : 128000,
    "mqttPublish" : 238000
  },
  "executionTime" : 2861.0,
  "networkUsage" : 752708.4,
  "tuplesSentBySensors" : 4800
}