{
  "placement" : {
    "average" : "cloud-1-1-0-0-0-0-0-1-1",
    "blobRead" : "cloud-0-1-0",
    "decisionTree" : "cloud-0-1-1-1-1-1-1-0-1",
    "errorEstimate" : "cloud-0-0-0-0-0-0-1-0-1",
    "mqttPublish" : "cloud-1-0-1-1-1-1",
    "multiVarLinearReg" : "cloud-1-1-0-1-0-0-1-0-1-0",
    "senMLParse" : "cloud-0-0-1-1-0-0-0",
    "sink" : "cloud-1-0-1-1-0-0-1-1-0-1",
    "source" : "cloud-1-1-0-0-1-1-0-0-0-1"
  },
  "appLoopLatency" : 26.811474868430828,
  "latencyPerTupleType" : {
    "blobRead_TUPLE" : 0.11349152222225546,
    "average_TUPLE" : 0.2847971907069817,
    "sink_TUPLE" : 5.072296337797757,
    "errorEstimate_TUPLE" : 2.513302818899478,
    "mqttPublish_TUPLE" : 5.382231800259503,
    "decisionTree_TUPLE" : 19.511395685655287,
    "multiVarLinearReg_TUPLE" : 20.261835293331863,
    "senMLParse_TUPLE" : 0.23371392888893514,
    "TUPLE" : 0.09568861111110495
  },
  "tuplesProcessedPerModule" : {
    "errorEstimate" : 13978,
    "average" : 4800,
    "multiVarLinearReg" : 9333,
    "decisionTree" : 9339,
    "sink" : 23277,
    "blobRead" : 4800,
    "source" : 4800,
    "senMLParse" : 4800,
    "mqttPublish" : 23287
  },
  "recsInPerModule" : {
    "errorEstimate" : 6.993192263163239,
    "average" : 2.4017488053722293,
    "multiVarLinearReg" : 4.806142922714215,
    "decisionTree" : 4.809995848781518,
    "sink" : 11.645268784338167,
    "blobRead" : 2.4136345708030045,
    "source" : 2.421428430899243,
    "senMLParse" : 2.4118154323510255,
    "mqttPublish" : 11.644543114290668
  },
  "recsOutPerModule" : {
    "errorEstimate" : 6.992696650041489,
    "average" : 2.40158312104626,
    "multiVarLinearReg" : 4.677020946927562,
    "decisionTree" : 4.6792241030541595,
    "sink" : 11.644534509274008,
    "blobRead" : 2.4134879275225836,
    "source" : 2.4214271584789815,
    "senMLParse" : 2.41164376659736,
    "mqttPublish" : 11.643657631837023
  },
  "remainingDataPerDevice" : {
    "errorEstimate" : 48000,
    "average" : 294000,
    "multiVarLinearReg" : 16000,
    "decisionTree" : 12000,
    "sink" : 0,
    "blobRead" : 0,
    "source" : 0,
    "senMLParse" : 0,
    "mqttPublish" : 20000
  },
  "executionTime" : 6117.0,
  "networkUsage" : 468441.34,
  "tuplesSentBySensors" : 4800
}