{
  "placement" : {
    "average" : "cloud-1-1-1-0-0-1-1-0-1-0",
    "blobRead" : "cloud-1-1-1-1-1-0-0-0-1-1",
    "decisionTree" : "cloud-0-0-0-1-0-0",
    "errorEstimate" : "cloud-1-0-1-0-0-0-0-0-1",
    "mqttPublish" : "cloud-0-0-1-1-1-0-0-1-1-1",
    "multiVarLinearReg" : "cloud-1-1-1-1-1-1-0-0-0-1",
    "senMLParse" : "cloud-1-0-1-0-1-0-1",
    "sink" : "cloud-0-1-0-0-0-0-1-0-1-1",
    "source" : "cloud-0-1-0-1-1-0-0-0-0-1"
  },
  "appLoopLatency" : 44.10105753939393,
  "latencyPerTupleType" : {
    "blobRead_TUPLE" : 4.623137328888974,
    "average_TUPLE" : 4.570262453862954,
    "sink_TUPLE" : 0.8492370774544727,
    "errorEstimate_TUPLE" : 1.9850094075489988,
    "mqttPublish_TUPLE" : 0.44654537965018076,
    "decisionTree_TUPLE" : 1.8845032831128836,
    "multiVarLinearReg_TUPLE" : 1.2812215710214772,
    "senMLParse_TUPLE" : 0.11583024000004036,
    "TUPLE" : 0.09865333333333204
  },
  "tuplesProcessedPerModule" : {
    "errorEstimate" : 13953,
    "average" : 4707,
    "multiVarLinearReg" : 9478,
    "decisionTree" : 9479,
    "sink" : 23250,
    "blobRead" : 4800,
    "source" : 4800,
    "senMLParse" : 4800,
    "mqttPublish" : 23267
  },
  "recsInPerModule" : {
    "errorEstimate" : 6.980806204495243,
    "average" : 2.3995875657494494,
    "multiVarLinearReg" : 4.752222946579353,
    "decisionTree" : 4.7541982320584655,
    "sink" : 11.757632245153522,
    "blobRead" : 2.409030148533263,
    "source" : 2.421550589470997,
    "senMLParse" : 2.4099977741444656,
    "mqttPublish" : 11.635051445202423
  },
  "recsOutPerModule" : {
    "errorEstimate" : 6.980311460577325,
    "average" : 2.3537281060673676,
    "multiVarLinearReg" : 4.739222336666573,
    "decisionTree" : 4.7401963652623165,
    "sink" : 11.746575191848507,
    "blobRead" : 2.4030677155938314,
    "source" : 2.421425886060057,
    "senMLParse" : 2.409864175330741,
    "mqttPublish" : 11.63405151415104
  },
  "remainingDataPerDevice" : {
    "errorEstimate" : 6000,
    "average" : 114000,
    "multiVarLinearReg" : 350000,
    "decisionTree" : 320000,
    "sink" : 0,
    "blobRead" : 372000,
    "source" : 0,
    "senMLParse" : 9000,
    "mqttPublish" : 34000
  },
  "executionTime" : 4497.0,
  "networkUsage" : 734576.94,
  "tuplesSentBySensors" : 4800
}