{
  "placement" : {
    "average" : "cloud-1-1-0-1-1-1-1-1-1",
    "blobRead" : "cloud-1-1-1-1-0-1-1-0-0-1",
    "decisionTree" : "cloud-0-0-0-1-1-0-1-0-0-0",
    "errorEstimate" : "cloud-0-0-0-0-0-0-0-0-1-0",
    "mqttPublish" : "cloud-1-1-1-0-0-1-0-0-0-0",
    "multiVarLinearReg" : "cloud-0-0-1-0-0-1-0-1-1-0",
    "senMLParse" : "cloud-0-1-0-1-0-1-0-0-1-0",
    "sink" : "cloud-1-0-0-1-1-0-0-1",
    "source" : "cloud-0-0-1-1-1-1-1-0-0"
  },
  "appLoopLatency" : 48.88786136363616,
  "latencyPerTupleType" : {
    "blobRead_TUPLE" : 0.20994343373741056,
    "average_TUPLE" : 0.1246911144088135,
    "sink_TUPLE" : 2.549893953568651,
    "errorEstimate_TUPLE" : 1.5787458588568213,
    "mqttPublish_TUPLE" : 5.747114352748055,
    "decisionTree_TUPLE" : 19.9020018700458,
    "multiVarLinearReg_TUPLE" : 19.90200976603541,
    "senMLParse_TUPLE" : 0.11995606000003531,
    "TUPLE" : 0.09701361111110712
  },
  "tuplesProcessedPerModule" : {
    "errorEstimate" : 13950,
    "average" : 4717,
    "multiVarLinearReg" : 9326,
    "decisionTree" : 9326,
    "sink" : 22996,
    "blobRead" : 4800,
    "source" : 4800,
    "senMLParse" : 4800,
    "mqttPublish" : 23250
  },
  "recsInPerModule" : {
    "errorEstimate" : 7.039335650720161,
    "average" : 2.36111683278312,
    "multiVarLinearReg" : 4.729733647659762,
    "decisionTree" : 4.776736017332434,
    "sink" : 11.625638410189765,
    "blobRead" : 2.4103620958315126,
    "source" : 2.4226505715184117,
    "senMLParse" : 2.4106041964338902,
    "mqttPublish" : 11.664292474274868
  },
  "recsOutPerModule" : {
    "errorEstimate" : 7.0388324679402166,
    "average" : 2.358616742094267,
    "multiVarLinearReg" : 4.666497528231166,
    "decisionTree" : 4.669067446142662,
    "sink" : 11.548655802190423,
    "blobRead" : 2.410218142034637,
    "source" : 2.4225270283674765,
    "senMLParse" : 2.410470530379236,
    "mqttPublish" : 11.663097842118068
  },
  "remainingDataPerDevice" : {
    "errorEstimate" : 0,
    "average" : 134000,
    "multiVarLinearReg" : 52000,
    "decisionTree" : 52000,
    "sink" : 0,
    "blobRead" : 220000,
    "source" : 0,
    "senMLParse" : 390000,
    "mqttPublish" : 8000
  },
  "executionTime" : 6975.0,
  "networkUsage" : 846816.8,
  "tuplesSentBySensors" : 4800
}