{
  "placement" : {
    "average" : "cloud-1-1-0-0-0-0-1-0-1-1",
    "blobRead" : "cloud-0-0-0-0-0-1-1-1-1-1",
    "decisionTree" : "cloud-0-0-0-1-1-0-0-0-1",
    "errorEstimate" : "cloud-1-1-0-0-0-1-1-1-1-1",
    "mqttPublish" : "cloud-1-1-1-0-1-1-1-0-0-1",
    "multiVarLinearReg" : "cloud-1-0-1-0-1-0-1-0-0-1",
    "senMLParse" : "cloud-1-0-1-1-0-1-1-1-1-0",
    "sink" : "cloud-1-1-0-0-0-1-0-1-1-1",
    "source" : "cloud-1-1-0-1-1-1"
  },
  "appLoopLatency" : 39.784663066666305,
  "latencyPerTupleType" : {
    "blobRead_TUPLE" : 5.378504922222113,
    "average_TUPLE" : 1.3545838171097822,
    "sink_TUPLE" : 1.772778190666648,
    "errorEstimate_TUPLE" : 9.63280706986819,
    "mqttPublish_TUPLE" : 1.5719284821935535,
    "decisionTree_TUPLE" : 4.003986927325029,
    "multiVarLinearReg_TUPLE" : 2.1464478417046493,
    "senMLParse_TUPLE" : 5.378504922222113,
    "TUPLE" : 0.09452166666665941
  },
  "tuplesProcessedPerModule" : {
    "errorEstimate" : 13974,
    "average" : 4706,
    "multiVarLinearReg" : 9394,
    "decisionTree" : 9412,
    "sink" : 23250,
    "blobRead" : 4800,
    "source" : 4800,
    "senMLParse" : 4800,
    "mqttPublish" : 23286
  },
  "recsInPerModule" : {
    "errorEstimate" : 6.9888739757012255,
    "average" : 2.356651041626241,
    "multiVarLinearReg" : 4.698172088227141,
    "decisionTree" : 4.712594651796399,
    "sink" : 11.645235172100106,
    "blobRead" : 2.412780239565754,
    "source" : 2.423262104572847,
    "senMLParse" : 2.415086783489485,
    "mqttPublish" : 11.646576290064697
  },
  "recsOutPerModule" : {
    "errorEstimate" : 6.98797840083186,
    "average" : 2.356360956177162,
    "multiVarLinearReg" : 4.69734984687322,
    "decisionTree" : 4.71184264954662,
    "sink" : 11.638944060209312,
    "blobRead" : 2.4067363990236843,
    "source" : 2.4232557328456474,
    "senMLParse" : 2.4090313964720624,
    "mqttPublish" : 11.644933963461142
  },
  "remainingDataPerDevice" : {
    "errorEstimate" : 48000,
    "average" : 64000,
    "multiVarLinearReg" : 188000,
    "decisionTree" : 140000,
    "sink" : 0,
    "blobRead" : 412000,
    "source" : 0,
    "senMLParse" : 658000,
    "mqttPublish" : 72000
  },
  "executionTime" : 4822.0,
  "networkUsage" : 719383.12,
  "tuplesSentBySensors" : 4800
}