{
  "placement" : {
    "average" : "cloud-1-0-0-1-1-1-0-0-1-0",
    "blobRead" : "cloud-1-1-1-0-0-1-1-0-0-1",
    "decisionTree" : "cloud-0-0-0-1-1-1-1-1-0-1",
    "errorEstimate" : "cloud-1-0-1-0-1-1-1-1-1",
    "mqttPublish" : "cloud-0-1-1-1-0-0-1-0-0-0",
    "multiVarLinearReg" : "cloud-0-1-0-1-0-0-0-1",
    "senMLParse" : "cloud-0-1-1-1-1-0-1-0-0-0",
    "sink" : "cloud-0-0-0-1-0-0-1-1-1",
    "source" : "cloud-1-1-1-1-0-1-0"
  },
  "appLoopLatency" : 39.06098472727237,
  "latencyPerTupleType" : {
    "blobRead_TUPLE" : 0.19805282424227919,
    "average_TUPLE" : 2.984702337576721,
    "sink_TUPLE" : 0.5685734955553642,
    "errorEstimate_TUPLE" : 1.0045376210946264,
    "mqttPublish_TUPLE" : 0.5371561336181224,
    "decisionTree_TUPLE" : 1.436223195176439,
    "multiVarLinearReg_TUPLE" : 1.9368480570762376,
    "senMLParse_TUPLE" : 5.032874660605819,
    "TUPLE" : 0.09392535353535128
  },
  "tuplesProcessedPerModule" : {
    "errorEstimate" : 14016,
    "average" : 4710,
    "multiVarLinearReg" : 9491,
    "decisionTree" : 9506,
    "sink" : 23250,
    "blobRead" : 4800,
    "source" : 4800,
    "senMLParse" : 4800,
    "mqttPublish" : 23319
  },
  "recsInPerModule" : {
    "errorEstimate" : 7.0090173471862505,
    "average" : 2.4003640104742177,
    "multiVarLinearReg" : 4.804466093005697,
    "decisionTree" : 4.805668676117963,
    "sink" : 11.792175178644174,
    "blobRead" : 2.4149693092927826,
    "source" : 2.423139773264792,
    "senMLParse" : 2.416306560882049,
    "mqttPublish" : 11.66560088181866
  },
  "recsOutPerModule" : {
    "errorEstimate" : 7.008401367960708,
    "average" : 2.360284034743296,
    "multiVarLinearReg" : 4.7499154793280605,
    "decisionTree" : 4.759924681451721,
    "sink" : 11.786482501848244,
    "blobRead" : 2.414801795980755,
    "source" : 2.423137456503134,
    "senMLParse" : 2.410497228583085,
    "mqttPublish" : 11.660845271966148
  },
  "remainingDataPerDevice" : {
    "errorEstimate" : 132000,
    "average" : 70000,
    "multiVarLinearReg" : 300000,
    "decisionTree" : 250000,
    "sink" : 0,
    "blobRead" : 0,
    "source" : 0,
    "senMLParse" : 0,
    "mqttPublish" : 138000
  },
  "executionTime" : 3239.0,
  "networkUsage" : 701629.66,
  "tuplesSentBySensors" : 4800
}