{
  "placement" : {
    "average" : "cloud-0-0-0-0-1-1-0-0-0-1",
    "blobRead" : "cloud-1-0-0-0-0-1-1-0-1-1",
    "decisionTree" : "cloud-1-1-0-1-0-0-1-1",
    "errorEstimate" : "cloud-1-0-1-1-0-0-0-0-0-0",
    "mqttPublish" : "cloud-0-0-0-1-0-1-0-0-0",
    "multiVarLinearReg" : "cloud-1-0-1-1-1-1-1-1-1",
    "senMLParse" : "cloud-1-0-0-0-0-1-1-0-1-0",
    "sink" : "cloud-0-1-0-1-1-1-0-0-0-0",
    "source" : "cloud-1-0-1-1-0-1-0-1-1"
  },
  "appLoopLatency" : 36.345985492182805,
  "latencyPerTupleType" : {
    "blobRead_TUPLE" : 0.20993486161604175,
    "average_TUPLE" : 0.196064729293104,
    "sink_TUPLE" : 1.952071512193817,
    "errorEstimate_TUPLE" : 16.81034262140115,
    "mqttPublish_TUPLE" : 1.7395480582007103,
    "decisionTree_TUPLE" : 5.372022304465312,
    "multiVarLinearReg_TUPLE" : 19.939876062603396,
    "senMLParse_TUPLE" : 0.20993486161604175,
    "TUPLE" : 0.09638111111110548
  },
  "tuplesProcessedPerModule" : {
    "errorEstimate" : 13986,
    "average" : 4800,
    "multiVarLinearReg" : 9332,
    "decisionTree" : 9419,
    "sink" : 23009,
    "blobRead" : 4800,
    "source" : 4800,
    "senMLParse" : 4800,
    "mqttPublish" : 23066
  },
  "recsInPerModule" : {
    "errorEstimate" : 6.994943852503012,
    "average" : 2.4025897068514945,
    "multiVarLinearReg" : 4.809994670799959,
    "decisionTree" : 4.812647186532019,
    "sink" : 11.505190707774998,
    "blobRead" : 2.414115073328142,
    "source" : 2.422283799816411,
    "senMLParse" : 2.413993657706081,
    "mqttPublish" : 11.672912158125209
  },
  "recsOutPerModule" : {
    "errorEstimate" : 6.993865331883336,
    "average" : 2.4024239064902635,
    "multiVarLinearReg" : 4.677825233169482,
    "decisionTree" : 4.721908900071541,
    "sink" : 11.5052115220258,
    "blobRead" : 2.413947678498471,
    "source" : 2.422277433232877,
    "senMLParse" : 2.413826279713331,
    "mqttPublish" : 11.543947369287364
  },
  "remainingDataPerDevice" : {
    "errorEstimate" : 70000,
    "average" : 292000,
    "multiVarLinearReg" : 0,
    "decisionTree" : 60000,
    "sink" : 0,
    "blobRead" : 0,
    "source" : 0,
    "senMLParse" : 0,
    "mqttPublish" : 112000
  },
  "executionTime" : 7521.0,
  "networkUsage" : 674197.86,
  "tuplesSentBySensors" : 4800
}