{
  "placement" : {
    "average" : "cloud-1-0-1-0-0-1-0-0-0-1",
    "blobRead" : "cloud-1-1-1-0-0-0-1-0-0",
    "decisionTree" : "cloud-0-1-0-0-1-1",
    "errorEstimate" : "cloud-0-1-1-0-1-0-1-1",
    "mqttPublish" : "cloud-0-0-1-1-0-1-1-0-0-0",
    "multiVarLinearReg" : "cloud-0-1-0-1-1-0-1",
    "senMLParse" : "cloud-0-1-0-1-0-1-0-0-0-1",
    "sink" : "cloud-1-1-1-1-0-0-1-0-0-0",
    "source" : "cloud-1-0-0-1-0-1-1"
  },
  "appLoopLatency" : 44.127549836167844,
  "latencyPerTupleType" : {
    "blobRead_TUPLE" : 0.2398260111109832,
    "average_TUPLE" : 4.973598448170295,
    "sink_TUPLE" : 1.673358736321765,
    "errorEstimate_TUPLE" : 2.3024212587527044,
    "mqttPublish_TUPLE" : 4.59144208660552,
    "decisionTree_TUPLE" : 19.21138282019994,
    "multiVarLinearReg_TUPLE" : 19.843283700942813,
    "senMLParse_TUPLE" : 0.10384003333320457,
    "TUPLE" : 0.09679999999999768
  },
  "tuplesProcessedPerModule" : {
    "errorEstimate" : 13980,
    "average" : 4682,
    "multiVarLinearReg" : 9336,
    "decisionTree" : 9340,
    "sink" : 23250,
    "blobRead" : 4800,
    "source" : 4800,
    "senMLParse" : 4800,
    "mqttPublish" : 23290
  },
  "recsInPerModule" : {
    "errorEstimate" : 6.994192829758234,
    "average" : 2.368117185094846,
    "multiVarLinearReg" : 4.806183003840706,
    "decisionTree" : 4.80594240199982,
    "sink" : 11.695228480277313,
    "blobRead" : 2.4159376831960246,
    "source" : 2.4225283019439274,
    "senMLParse" : 2.4102360092136994,
    "mqttPublish" : 11.647323338175559
  },
  "recsOutPerModule" : {
    "errorEstimate" : 6.993710398397405,
    "average" : 2.3414671027845353,
    "multiVarLinearReg" : 4.6756515736613276,
    "decisionTree" : 4.677420602274722,
    "sink" : 11.683565605127036,
    "blobRead" : 2.4157654301430393,
    "source" : 2.422521934075061,
    "senMLParse" : 2.4100897785974453,
    "mqttPublish" : 11.646437546961442
  },
  "remainingDataPerDevice" : {
    "errorEstimate" : 44000,
    "average" : 64000,
    "multiVarLinearReg" : 12000,
    "decisionTree" : 16000,
    "sink" : 0,
    "blobRead" : 0,
    "source" : 0,
    "senMLParse" : 192000,
    "mqttPublish" : 80000
  },
  "executionTime" : 6481.0,
  "networkUsage" : 665569.32,
  "tuplesSentBySensors" : 4800
}