{
  "placement" : {
    "average" : "cloud-0-0-0-1-1-1-0-0-1",
    "blobRead" : "cloud-1-0-0",
    "decisionTree" : "cloud-0-1-0-0-0-0",
    "errorEstimate" : "cloud-1-1-1-1-0-0-1-1-0",
    "mqttPublish" : "cloud-0-1-1-1-1-0-1-0-0",
    "multiVarLinearReg" : "cloud-0-0-1-0-1-0",
    "senMLParse" : "cloud-1-1-1-1-0-1-0-0-1",
    "sink" : "cloud-0-1-0-0-1-1-0-0-0",
    "source" : "cloud-1-1-0-0-1-0-1-0-1-1"
  },
  "appLoopLatency" : 30.841765125265194,
  "latencyPerTupleType" : {
    "blobRead_TUPLE" : 0.11545688888876238,
    "average_TUPLE" : 0.3216457222221338,
    "sink_TUPLE" : 0.17518717664329486,
    "errorEstimate_TUPLE" : 0.3275807546249042,
    "mqttPublish_TUPLE" : 0.1307565655688714,
    "decisionTree_TUPLE" : 0.1610753688888564,
    "multiVarLinearReg_TUPLE" : 0.9013332732322762,
    "senMLParse_TUPLE" : 0.2345673444443067,
    "TUPLE" : 0.09651499999999677
  },
  "tuplesProcessedPerModule" : {
    "errorEstimate" : 14202,
    "average" : 4800,
    "multiVarLinearReg" : 9600,
    "decisionTree" : 9600,
    "sink" : 23423,
    "blobRead" : 4800,
    "source" : 4800,
    "senMLParse" : 4800,
    "mqttPublish" : 23612
  },
  "recsInPerModule" : {
    "errorEstimate" : 7.107684767819384,
    "average" : 2.4033070718979386,
    "multiVarLinearReg" : 4.813603493780806,
    "decisionTree" : 4.812396989702514,
    "sink" : 11.715579757179865,
    "blobRead" : 2.4175195059911707,
    "source" : 2.422283799816411,
    "senMLParse" : 2.414722298245217,
    "mqttPublish" : 11.806939052911746
  },
  "recsOutPerModule" : {
    "errorEstimate" : 7.101184953912718,
    "average" : 2.4031366151639575,
    "multiVarLinearReg" : 4.81322502360597,
    "decisionTree" : 4.812080381327536,
    "sink" : 11.713653754374858,
    "blobRead" : 2.4173723902773725,
    "source" : 2.422277433232877,
    "senMLParse" : 2.4145502184530354,
    "mqttPublish" : 11.806164211759144
  },
  "remainingDataPerDevice" : {
    "errorEstimate" : 380000,
    "average" : 292000,
    "multiVarLinearReg" : 78000,
    "decisionTree" : 0,
    "sink" : 0,
    "blobRead" : 0,
    "source" : 0,
    "senMLParse" : 0,
    "mqttPublish" : 364000
  },
  "executionTime" : 2627.0,
  "networkUsage" : 550566.58,
  "tuplesSentBySensors" : 4800
}