{
  "placement" : {
    "average" : "cloud-1-0-1-0-1-0-1-0",
    "blobRead" : "cloud-1-1-0-1-1-0-1-1-1-1",
    "decisionTree" : "cloud-0-1-0-0-1-1-0-1-1-1",
    "errorEstimate" : "cloud-0-1-1-1-0-1-1-1-1",
    "mqttPublish" : "cloud-0-1-1-0-1-0-1-1",
    "multiVarLinearReg" : "cloud-1-1-1-1-1-1-1-0-1",
    "senMLParse" : "cloud-1-0-0-1-0-1-0-1-1-0",
    "sink" : "cloud-1-0-1-1-0-1-1-0-0",
    "source" : "cloud-0-1-0-1-1-1-1"
  },
  "appLoopLatency" : 37.02230919999964,
  "latencyPerTupleType" : {
    "blobRead_TUPLE" : 0.2010528529293428,
    "average_TUPLE" : 4.038137153797386,
    "sink_TUPLE" : 2.718748119211874,
    "errorEstimate_TUPLE" : 2.0998084558734234,
    "mqttPublish_TUPLE" : 1.1018798280728455,
    "decisionTree_TUPLE" : 5.992193362031062,
    "multiVarLinearReg_TUPLE" : 0.6016597113638047,
    "senMLParse_TUPLE" : 0.20105285292934094,
    "TUPLE" : 0.09830611111110991
  },
  "tuplesProcessedPerModule" : {
    "errorEstimate" : 13973,
    "average" : 4714,
    "multiVarLinearReg" : 9600,
    "decisionTree" : 9400,
    "sink" : 23250,
    "blobRead" : 4800,
    "source" : 4800,
    "senMLParse" : 4800,
    "mqttPublish" : 23262
  },
  "recsInPerModule" : {
    "errorEstimate" : 6.989338515214753,
    "average" : 2.403700434249477,
    "multiVarLinearReg" : 4.808123271231691,
    "decisionTree" : 4.803311879793079,
    "sink" : 11.824178936634723,
    "blobRead" : 2.4131491991087146,
    "source" : 2.423139773264792,
    "senMLParse" : 2.413391859945143,
    "mqttPublish" : 11.63176860943644
  },
  "recsOutPerModule" : {
    "errorEstimate" : 6.986838422074887,
    "average" : 2.360634134802507,
    "multiVarLinearReg" : 4.807355802270359,
    "decisionTree" : 4.70324288229739,
    "sink" : 11.811518841255202,
    "blobRead" : 2.4130049122215924,
    "source" : 2.4230161802163717,
    "senMLParse" : 2.4132475440391024,
    "mqttPublish" : 11.631268597889802
  },
  "remainingDataPerDevice" : {
    "errorEstimate" : 46000,
    "average" : 122000,
    "multiVarLinearReg" : 550000,
    "decisionTree" : 174000,
    "sink" : 0,
    "blobRead" : 0,
    "source" : 0,
    "senMLParse" : 0,
    "mqttPublish" : 24000
  },
  "executionTime" : 6384.0,
  "networkUsage" : 664841.04,
  "tuplesSentBySensors" : 4800
}