{
  "placement" : {
    "average" : "cloud-1-1-1-0-0-1-0-1-0",
    "blobRead" : "cloud-0-1-1-0-1-1-0-1-0",
    "decisionTree" : "cloud-1-1-1-0-1-1-1-1-1",
    "errorEstimate" : "cloud-1-1-0-0-0-1-0-0",
    "mqttPublish" : "cloud-1-0-1-0-0-0-0-0-0-1",
    "multiVarLinearReg" : "cloud-1-0-0-1-1-1-0-0-0-1",
    "senMLParse" : "cloud-1-1-1-1-1-0-0-1-0-0",
    "sink" : "cloud-1-1-0-1-1-0-1",
    "source" : "cloud-1-1-1-0-0-1-0-1"
  },
  "appLoopLatency" : 34.761701746187775,
  "latencyPerTupleType" : {
    "blobRead_TUPLE" : 0.11427519595943325,
    "average_TUPLE" : 0.12415205333326092,
    "sink_TUPLE" : 0.5966809599097714,
    "errorEstimate_TUPLE" : 0.34025325394429645,
    "mqttPublish_TUPLE" : 0.6003096961179213,
    "decisionTree_TUPLE" : 20.696894212429655,
    "multiVarLinearReg_TUPLE" : 1.2447996808080535,
    "senMLParse_TUPLE" : 0.11427519595943308,
    "TUPLE" : 0.09460464646464045
  },
  "tuplesProcessedPerModule" : {
    "errorEstimate" : 14002,
    "average" : 4800,
    "multiVarLinearReg" : 9600,
    "decisionTree" : 9329,
    "sink" : 23256,
    "blobRead" : 4800,
    "source" : 4800,
    "senMLParse" : 4800,
    "mqttPublish" : 23276
  },
  "recsInPerModule" : {
    "errorEstimate" : 7.005846666807691,
    "average" : 2.404058349471346,
    "multiVarLinearReg" : 4.804026378757628,
    "decisionTree" : 4.8085984032156235,
    "sink" : 11.628519315322963,
    "blobRead" : 2.4127842593167097,
    "source" : 2.421917139150745,
    "senMLParse" : 2.413269478135593,
    "mqttPublish" : 11.653726313259915
  },
  "recsOutPerModule" : {
    "errorEstimate" : 7.001346500138966,
    "average" : 2.403912867477237,
    "multiVarLinearReg" : 4.80371087079635,
    "decisionTree" : 4.672855686820634,
    "sink" : 11.629733520677856,
    "blobRead" : 2.412637719338353,
    "source" : 2.421914824726414,
    "senMLParse" : 2.413122879213761,
    "mqttPublish" : 11.653051710854534
  },
  "remainingDataPerDevice" : {
    "errorEstimate" : 104000,
    "average" : 190000,
    "multiVarLinearReg" : 588000,
    "decisionTree" : 6000,
    "sink" : 0,
    "blobRead" : 0,
    "source" : 0,
    "senMLParse" : 0,
    "mqttPublish" : 38000
  },
  "executionTime" : 4611.0,
  "networkUsage" : 588660.36,
  "tuplesSentBySensors" : 4800
}