{
  "placement" : {
    "average" : "cloud-1-0-0-1-1-0-0-0-1-1",
    "blobRead" : "cloud-1-0-0-0-0-1-0-0-1-0",
    "decisionTree" : "cloud-1-0-1-0-0-1-0-0-0-1",
    "errorEstimate" : "cloud-0-0-0-1-1-1",
    "mqttPublish" : "cloud-0-1-1-0-1-1-1-1-0",
    "multiVarLinearReg" : "cloud-0-0-1-1-1-1-0-0-0-1",
    "senMLParse" : "cloud-1-0-0-1-0-0-0-1-0-1",
    "sink" : "cloud-1-0-0-0-0-0-0-0",
    "source" : "cloud-1-0-0-1-1-0-0-1-0-0"
  },
  "appLoopLatency" : 33.76315453333311,
  "latencyPerTupleType" : {
    "blobRead_TUPLE" : 0.23638116666652986,
    "average_TUPLE" : 0.11820764444440447,
    "sink_TUPLE" : 4.673698663136291,
    "errorEstimate_TUPLE" : 14.690237263148742,
    "mqttPublish_TUPLE" : 5.816865156613765,
    "decisionTree_TUPLE" : 20.36159743583137,
    "multiVarLinearReg_TUPLE" : 6.9048400766499025,
    "senMLParse_TUPLE" : 0.23638116666653006,
    "TUPLE" : 0.0975708333333354
  },
  "tuplesProcessedPerModule" : {
    "errorEstimate" : 14006,
    "average" : 4800,
    "multiVarLinearReg" : 9389,
    "decisionTree" : 9327,
    "sink" : 23250,
    "blobRead" : 4800,
    "source" : 4800,
    "senMLParse" : 4800,
    "mqttPublish" : 23310
  },
  "recsInPerModule" : {
    "errorEstimate" : 7.099299460102104,
    "average" : 2.409822558444258,
    "multiVarLinearReg" : 4.812396984877688,
    "decisionTree" : 4.811191085457903,
    "sink" : 11.702521997529729,
    "blobRead" : 2.4148437871764363,
    "source" : 2.4220393470383756,
    "senMLParse" : 2.4156945034757653,
    "mqttPublish" : 11.657325222546854
  },
  "recsOutPerModule" : {
    "errorEstimate" : 7.008015165749108,
    "average" : 2.409676377990844,
    "multiVarLinearReg" : 4.707096463146976,
    "decisionTree" : 4.676482190473203,
    "sink" : 11.669049549600416,
    "blobRead" : 2.4146716900691616,
    "source" : 2.4220329817397843,
    "senMLParse" : 2.4155222850965616,
    "mqttPublish" : 11.656286877383838
  },
  "remainingDataPerDevice" : {
    "errorEstimate" : 38000,
    "average" : 0,
    "multiVarLinearReg" : 0,
    "decisionTree" : 8000,
    "sink" : 0,
    "blobRead" : 0,
    "source" : 0,
    "senMLParse" : 0,
    "mqttPublish" : 120000
  },
  "executionTime" : 7605.0,
  "networkUsage" : 580373.74,
  "tuplesSentBySensors" : 4800
}