{
  "placement" : {
    "average" : "cloud-0-0-1-0-1-0-1-0",
    "blobRead" : "cloud-0-1-0-1-1-0-1-1-1-0",
    "decisionTree" : "cloud-0-0-0-0-0-1-1-1-0-0",
    "errorEstimate" : "cloud-1-0-1-0-0-1-1-0-1-1",
    "mqttPublish" : "cloud-1-0-1-0-1-0-1-1",
    "multiVarLinearReg" : "cloud-0-0-1-0-0-0-0-0-1-1",
    "senMLParse" : "cloud-1-1-1-0-1-1-1-1-1",
    "sink" : "cloud-0-0-1-0-1-0-0-0-0",
    "source" : "cloud-0-1-1-0-0-1-1-1"
  },
  "appLoopLatency" : 37.23528234545452,
  "latencyPerTupleType" : {
    "blobRead_TUPLE" : 0.122810199999869,
    "average_TUPLE" : 1.2010005627951186,
    "sink_TUPLE" : 1.2450613618564745,
    "errorEstimate_TUPLE" : 2.320642250835693,
    "mqttPublish_TUPLE" : 4.3389762004827,
    "decisionTree_TUPLE" : 1.8414947358071363,
    "multiVarLinearReg_TUPLE" : 2.4620053596281632,
    "senMLParse_TUPLE" : 4.571950644444314,
    "TUPLE" : 0.09565333333332561
  },
  "tuplesProcessedPerModule" : {
    "errorEstimate" : 14072,
    "average" : 4707,
    "multiVarLinearReg" : 9507,
    "decisionTree" : 9507,
    "sink" : 23250,
    "blobRead" : 4800,
    "source" : 4800,
    "senMLParse" : 4800,
    "mqttPublish" : 23259
  },
  "recsInPerModule" : {
    "errorEstimate" : 7.03670009888459,
    "average" : 2.401252879703578,
    "multiVarLinearReg" : 4.802265592851994,
    "decisionTree" : 4.761340527220662,
    "sink" : 11.78058783552099,
    "blobRead" : 2.4156945095544944,
    "source" : 2.423751553347024,
    "senMLParse" : 2.4152083030239013,
    "mqttPublish" : 11.63056321686904
  },
  "recsOutPerModule" : {
    "errorEstimate" : 7.036128356571546,
    "average" : 2.3603210035136417,
    "multiVarLinearReg" : 4.761340479528723,
    "decisionTree" : 4.7573118022083625,
    "sink" : 11.768438278158566,
    "blobRead" : 2.415560278412043,
    "source" : 2.4236227989607624,
    "senMLParse" : 2.4092152866172194,
    "mqttPublish" : 11.629563327729867
  },
  "remainingDataPerDevice" : {
    "errorEstimate" : 238000,
    "average" : 28000,
    "multiVarLinearReg" : 256000,
    "decisionTree" : 398000,
    "sink" : 0,
    "blobRead" : 0,
    "source" : 0,
    "senMLParse" : 186000,
    "mqttPublish" : 18000
  },
  "executionTime" : 4807.0,
  "networkUsage" : 705736.58,
  "tuplesSentBySensors" : 4800
}