{
  "placement" : {
    "average" : "cloud-0-0-1-1-1-0-1-0-1",
    "blobRead" : "cloud-0-1-1-1-1-1-0-0-1-1",
    "decisionTree" : "cloud-0-0-1-0-0-1-0-0-0",
    "errorEstimate" : "cloud-1-1-0-0-1-1-0-1-1-0",
    "mqttPublish" : "cloud-0-0-1-1-0-0-0-1-1",
    "multiVarLinearReg" : "cloud-1-0-1-1-0-0-1-1-1",
    "senMLParse" : "cloud-1-1-1-1-1-1-1-0-0-1",
    "sink" : "cloud-1-0-0-0-1-1-0-0-0-1",
    "source" : "cloud-0-1-0-0-1-0-1-1-0"
  },
  "appLoopLatency" : 40.254833891025186,
  "latencyPerTupleType" : {
    "blobRead_TUPLE" : 4.638958122222153,
    "average_TUPLE" : 3.2086406211897507,
    "sink_TUPLE" : 0.438696224444315,
    "errorEstimate_TUPLE" : 1.6010763347609012,
    "mqttPublish_TUPLE" : 0.4488334635959984,
    "decisionTree_TUPLE" : 1.1905052146008352,
    "multiVarLinearReg_TUPLE" : 1.0282986092195887,
    "senMLParse_TUPLE" : 4.638958122222153,
    "TUPLE" : 0.09972277777776299
  },
  "tuplesProcessedPerModule" : {
    "errorEstimate" : 14020,
    "average" : 4706,
    "multiVarLinearReg" : 9412,
    "decisionTree" : 9506,
    "sink" : 23250,
    "blobRead" : 4800,
    "source" : 4800,
    "senMLParse" : 4800,
    "mqttPublish" : 23330
  },
  "recsInPerModule" : {
    "errorEstimate" : 7.010999952047663,
    "average" : 2.3538224020090386,
    "multiVarLinearReg" : 4.755601773878506,
    "decisionTree" : 4.757516857867613,
    "sink" : 11.625621173849497,
    "blobRead" : 2.4161809058001804,
    "source" : 2.4233844482332265,
    "senMLParse" : 2.412295205319286,
    "mqttPublish" : 11.665977877263607
  },
  "recsOutPerModule" : {
    "errorEstimate" : 7.010430273336864,
    "average" : 2.3535207517691408,
    "multiVarLinearReg" : 4.712012374649652,
    "decisionTree" : 4.753673131999675,
    "sink" : 11.745127870018045,
    "blobRead" : 2.410120037802599,
    "source" : 2.4232557328456474,
    "senMLParse" : 2.4062537914424023,
    "mqttPublish" : 11.665333799638233
  },
  "remainingDataPerDevice" : {
    "errorEstimate" : 140000,
    "average" : 112000,
    "multiVarLinearReg" : 84000,
    "decisionTree" : 252000,
    "sink" : 0,
    "blobRead" : 0,
    "source" : 0,
    "senMLParse" : 658000,
    "mqttPublish" : 158000
  },
  "executionTime" : 3245.0,
  "networkUsage" : 716915.12,
  "tuplesSentBySensors" : 4800
}