{
  "placement" : {
    "average" : "cloud-1-1-0-1-0-1-1-0",
    "blobRead" : "cloud-1-0-0-1-1-0-0-0",
    "decisionTree" : "cloud-0-1-0-0-1-0-0-0-0-0",
    "errorEstimate" : "cloud-1-0-1-1-0-0-1-1-0-1",
    "mqttPublish" : "cloud-1-1-1-1-1-1-0-1-1-0",
    "multiVarLinearReg" : "cloud-1-1-0-0-1-0-0-0",
    "senMLParse" : "cloud-0-1-0-1-1-0-0-1-1",
    "sink" : "cloud-0-1-1-0-1-1-1-1-1-1",
    "source" : "cloud-1-1"
  },
  "appLoopLatency" : 44.8346699184719,
  "latencyPerTupleType" : {
    "blobRead_TUPLE" : 0.37555384000004793,
    "average_TUPLE" : 0.13114954949513027,
    "sink_TUPLE" : 5.959362909385474,
    "errorEstimate_TUPLE" : 6.885380627057061,
    "mqttPublish_TUPLE" : 3.893456031254216,
    "decisionTree_TUPLE" : 6.647373922222294,
    "multiVarLinearReg_TUPLE" : 19.41552630006878,
    "senMLParse_TUPLE" : 0.2961195298990357,
    "TUPLE" : 0.09492472222223468
  },
  "tuplesProcessedPerModule" : {
    "errorEstimate" : 14023,
    "average" : 4800,
    "multiVarLinearReg" : 9337,
    "decisionTree" : 9600,
    "sink" : 23250,
    "blobRead" : 4800,
    "source" : 4800,
    "senMLParse" : 4800,
    "mqttPublish" : 23345
  },
  "recsInPerModule" : {
    "errorEstimate" : 7.072174352470994,
    "average" : 2.4094691396825376,
    "multiVarLinearReg" : 4.821842872377433,
    "decisionTree" : 4.825235956416617,
    "sink" : 11.688368716262117,
    "blobRead" : 2.4226492972020193,
    "source" : 2.4258339183130753,
    "senMLParse" : 2.419596258479371,
    "mqttPublish" : 11.676330940934932
  },
  "recsOutPerModule" : {
    "errorEstimate" : 7.0151447297110705,
    "average" : 2.4093230021016243,
    "multiVarLinearReg" : 4.691394093592692,
    "decisionTree" : 4.810500529798601,
    "sink" : 11.660609296228982,
    "blobRead" : 2.4224760857961605,
    "source" : 2.4258326412585824,
    "senMLParse" : 2.4194281026820774,
    "mqttPublish" : 11.674986660273353
  },
  "remainingDataPerDevice" : {
    "errorEstimate" : 108000,
    "average" : 0,
    "multiVarLinearReg" : 0,
    "decisionTree" : 448000,
    "sink" : 0,
    "blobRead" : 0,
    "source" : 0,
    "senMLParse" : 0,
    "mqttPublish" : 190000
  },
  "executionTime" : 6877.0,
  "networkUsage" : 722739.0,
  "tuplesSentBySensors" : 4800
}