{
  "placement" : {
    "average" : "cloud-1-0-1-0-0-0-1-0-1-1",
    "blobRead" : "cloud-1-0-1-1-0-0-1-0-0-1",
    "decisionTree" : "cloud-0-0-0-1-1-1-0-0-0-1",
    "errorEstimate" : "cloud-0-1-1-0-1-1-0-0-1-0",
    "mqttPublish" : "cloud-1-1-0-0-1-1-1-1",
    "multiVarLinearReg" : "cloud-0-0-1-1-1-0-0-0-1",
    "senMLParse" : "cloud-0-1-0-0-1",
    "sink" : "cloud-0-0-1-0-0-0-0-0-1",
    "source" : "cloud-1-0-1-0"
  },
  "appLoopLatency" : 36.09030877070002,
  "latencyPerTupleType" : {
    "blobRead_TUPLE" : 0.10681095555542702,
    "average_TUPLE" : 0.12713649999998167,
    "sink_TUPLE" : 1.840482822039693,
    "errorEstimate_TUPLE" : 20.2641060356607,
    "mqttPublish_TUPLE" : 1.8102180566327084,
    "decisionTree_TUPLE" : 0.5129624877777413,
    "multiVarLinearReg_TUPLE" : 0.5129624877777487,
    "senMLParse_TUPLE" : 0.2502200111109724,
    "TUPLE" : 0.09655666666665833
  },
  "tuplesProcessedPerModule" : {
    "errorEstimate" : 13993,
    "average" : 4800,
    "multiVarLinearReg" : 9600,
    "decisionTree" : 9600,
    "sink" : 23303,
    "blobRead" : 4800,
    "source" : 4800,
    "senMLParse" : 4800,
    "mqttPublish" : 23554
  },
  "recsInPerModule" : {
    "errorEstimate" : 7.196037496152713,
    "average" : 2.4097015802520243,
    "multiVarLinearReg" : 4.819453592695183,
    "decisionTree" : 4.818727858930567,
    "sink" : 11.653120667467762,
    "blobRead" : 2.4209335542103445,
    "source" : 2.4253436282433287,
    "senMLParse" : 2.4199571222081984,
    "mqttPublish" : 11.779082616984404
  },
  "recsOutPerModule" : {
    "errorEstimate" : 7.0038504745364465,
    "average" : 2.409555414474933,
    "multiVarLinearReg" : 4.819136055159982,
    "decisionTree" : 4.818410417017314,
    "sink" : 11.652416569377001,
    "blobRead" : 2.4207860226988966,
    "source" : 2.4253372455651223,
    "senMLParse" : 2.419784295537915,
    "mqttPublish" : 11.77871139768812
  },
  "remainingDataPerDevice" : {
    "errorEstimate" : 68000,
    "average" : 16000,
    "multiVarLinearReg" : 0,
    "decisionTree" : 4000,
    "sink" : 0,
    "blobRead" : 0,
    "source" : 0,
    "senMLParse" : 0,
    "mqttPublish" : 502000
  },
  "executionTime" : 9171.0,
  "networkUsage" : 622692.52,
  "tuplesSentBySensors" : 4800
}