{
  "placement" : {
    "average" : "cloud-1-1-1-0-0-0-1-1",
    "blobRead" : "cloud-1-1-1-1-0-1-0-0-0",
    "decisionTree" : "cloud-0-0-1-1-1-0-0-0-1",
    "errorEstimate" : "cloud-0-0-0-1-1-1-1-1-0",
    "mqttPublish" : "cloud-1-0-0-0-0-1-1-0",
    "multiVarLinearReg" : "cloud-0-0-0-0-1-0-1-1-0",
    "senMLParse" : "cloud-1-1-0-1-0-0-1-1-1-1",
    "sink" : "cloud-1-0-0-1-1-0-1-0",
    "source" : "cloud-0-0-1-0-1-1-0-1-1-1"
  },
  "appLoopLatency" : 36.39684545454527,
  "latencyPerTupleType" : {
    "blobRead_TUPLE" : 0.2102216626261387,
    "average_TUPLE" : 0.2597093965655953,
    "sink_TUPLE" : 0.49307868302902735,
    "errorEstimate_TUPLE" : 14.989162485315678,
    "mqttPublish_TUPLE" : 0.8483981286014989,
    "decisionTree_TUPLE" : 0.685417455757622,
    "multiVarLinearReg_TUPLE" : 5.075515967228551,
    "senMLParse_TUPLE" : 0.2743580262625035,
    "TUPLE" : 0.09801585858584871
  },
  "tuplesProcessedPerModule" : {
    "errorEstimate" : 13985,
    "average" : 4800,
    "multiVarLinearReg" : 9416,
    "decisionTree" : 9600,
    "sink" : 23250,
    "blobRead" : 4800,
    "source" : 4800,
    "senMLParse" : 4800,
    "mqttPublish" : 23260
  },
  "recsInPerModule" : {
    "errorEstimate" : 7.03591151033152,
    "average" : 2.407675978874859,
    "multiVarLinearReg" : 4.804752192207185,
    "decisionTree" : 4.804511776878073,
    "sink" : 11.7116509019163,
    "blobRead" : 2.4135121698383415,
    "source" : 2.4233844482332265,
    "senMLParse" : 2.414361948010275,
    "mqttPublish" : 11.631434200314562
  },
  "recsOutPerModule" : {
    "errorEstimate" : 6.995994369761801,
    "average" : 2.407532345734998,
    "multiVarLinearReg" : 4.712661108523214,
    "decisionTree" : 4.804233771046016,
    "sink" : 11.705410618862672,
    "blobRead" : 2.4133678395438003,
    "source" : 2.423259787577261,
    "senMLParse" : 2.4142152163338637,
    "mqttPublish" : 11.630934160152906
  },
  "remainingDataPerDevice" : {
    "errorEstimate" : 70000,
    "average" : 126000,
    "multiVarLinearReg" : 166000,
    "decisionTree" : 578000,
    "sink" : 0,
    "blobRead" : 0,
    "source" : 0,
    "senMLParse" : 0,
    "mqttPublish" : 20000
  },
  "executionTime" : 4402.0,
  "networkUsage" : 634120.86,
  "tuplesSentBySensors" : 4800
}