{
  "placement" : {
    "average" : "cloud-1-1-1-1-0-0-1-0",
    "blobRead" : "cloud-0-0-0-1-1-1-1-0-1-1",
    "decisionTree" : "cloud-0-0-1-1-1-0-1-1-0-0",
    "errorEstimate" : "cloud-0-1-1-0-0-1-1-0-0-1",
    "mqttPublish" : "cloud-1-0-1-1-0-1-1-0",
    "multiVarLinearReg" : "cloud-0-0-1-1-0-1-0-0-0-0",
    "senMLParse" : "cloud-0-1-1-0-1-0-1-0-0-1",
    "sink" : "cloud-1-1-1-0-0-0-0-1-1-1",
    "source" : "cloud-0-0-0-1-1-0-0-0-0"
  },
  "appLoopLatency" : 38.59675107878758,
  "latencyPerTupleType" : {
    "blobRead_TUPLE" : 4.259047964444519,
    "average_TUPLE" : 4.186624314987926,
    "sink_TUPLE" : 0.6710686084845269,
    "errorEstimate_TUPLE" : 0.9878109175258598,
    "mqttPublish_TUPLE" : 2.2289267619561297,
    "decisionTree_TUPLE" : 1.1679053522296958,
    "multiVarLinearReg_TUPLE" : 1.6423484728469102,
    "senMLParse_TUPLE" : 0.23410190666671005,
    "TUPLE" : 0.09644444444443812
  },
  "tuplesProcessedPerModule" : {
    "errorEstimate" : 13996,
    "average" : 4706,
    "multiVarLinearReg" : 9496,
    "decisionTree" : 9465,
    "sink" : 23250,
    "blobRead" : 4800,
    "source" : 4800,
    "senMLParse" : 4800,
    "mqttPublish" : 23261
  },
  "recsInPerModule" : {
    "errorEstimate" : 7.003196613219517,
    "average" : 2.3951185152543717,
    "multiVarLinearReg" : 4.801099306507958,
    "decisionTree" : 4.750735087750449,
    "sink" : 11.787263494446512,
    "blobRead" : 2.414604634922149,
    "source" : 2.421306284651793,
    "senMLParse" : 2.409876778359636,
    "mqttPublish" : 11.631676869042346
  },
  "recsOutPerModule" : {
    "errorEstimate" : 7.000269155861228,
    "average" : 2.353116469852792,
    "multiVarLinearReg" : 4.749095757676895,
    "decisionTree" : 4.73273426324693,
    "sink" : 11.781128945640583,
    "blobRead" : 2.4088664345266673,
    "source" : 2.4211816064010323,
    "senMLParse" : 2.4097305913283598,
    "mqttPublish" : 11.63155651551471
  },
  "remainingDataPerDevice" : {
    "errorEstimate" : 92000,
    "average" : 112000,
    "multiVarLinearReg" : 282000,
    "decisionTree" : 306000,
    "sink" : 0,
    "blobRead" : 178000,
    "source" : 0,
    "senMLParse" : 50000,
    "mqttPublish" : 22000
  },
  "executionTime" : 3042.0,
  "networkUsage" : 665070.88,
  "tuplesSentBySensors" : 4800
}