{
  "placement" : {
    "average" : "cloud-1-0-1-0-1-0-0-0-0-0",
    "blobRead" : "cloud-0-0-0-1-1-0-1-0-0-0",
    "decisionTree" : "cloud-0-1-0-0-0-0-0-0-1-1",
    "errorEstimate" : "cloud-1-0-0-1-1-0-1-0-1",
    "mqttPublish" : "cloud-1-0-0-0-1-1-0-1-1-1",
    "multiVarLinearReg" : "cloud-1-1-1-0-1-0-0-0-1-1",
    "senMLParse" : "cloud-0-1-1-0-1-1-0",
    "sink" : "cloud-0-1-1-1-1-0-1-1-0-0",
    "source" : "cloud-1-0-0-1-0-0"
  },
  "appLoopLatency" : 35.34230510303006,
  "latencyPerTupleType" : {
    "blobRead_TUPLE" : 4.809485466666561,
    "average_TUPLE" : 0.660663828625212,
    "sink_TUPLE" : 3.947979522195224,
    "errorEstimate_TUPLE" : 0.6574447595332038,
    "mqttPublish_TUPLE" : 0.6327949229083857,
    "decisionTree_TUPLE" : 1.642162258541468,
    "multiVarLinearReg_TUPLE" : 0.9422424671408244,
    "senMLParse_TUPLE" : 4.809935999999881,
    "TUPLE" : 0.09774444444444293
  },
  "tuplesProcessedPerModule" : {
    "errorEstimate" : 14056,
    "average" : 4711,
    "multiVarLinearReg" : 9511,
    "decisionTree" : 9422,
    "sink" : 23250,
    "blobRead" : 4800,
    "source" : 4800,
    "senMLParse" : 4800,
    "mqttPublish" : 23299
  },
  "recsInPerModule" : {
    "errorEstimate" : 7.031182789658985,
    "average" : 2.400662744962364,
    "multiVarLinearReg" : 4.759431683223494,
    "decisionTree" : 4.761099493405986,
    "sink" : 11.829605824299202,
    "blobRead" : 2.4144793752690217,
    "source" : 2.423262104572847,
    "senMLParse" : 2.416180899719003,
    "mqttPublish" : 11.652329437835782
  },
  "recsOutPerModule" : {
    "errorEstimate" : 7.028424320033052,
    "average" : 2.3615894094600645,
    "multiVarLinearReg" : 4.755884132761441,
    "decisionTree" : 4.71922376330452,
    "sink" : 11.787305525245614,
    "blobRead" : 2.408741769498738,
    "source" : 2.4232557328456474,
    "senMLParse" : 2.410435213945597,
    "mqttPublish" : 11.650700855036655
  },
  "remainingDataPerDevice" : {
    "errorEstimate" : 206000,
    "average" : 52000,
    "multiVarLinearReg" : 268000,
    "decisionTree" : 142000,
    "sink" : 0,
    "blobRead" : 356000,
    "source" : 0,
    "senMLParse" : 0,
    "mqttPublish" : 98000
  },
  "executionTime" : 4237.0,
  "networkUsage" : 659009.36,
  "tuplesSentBySensors" : 4800
}