{
  "placement" : {
    "average" : "cloud-1-0-0-0-0-0-0-1-1-0",
    "blobRead" : "cloud-1-1-1-1-1-0-1-0-0-0",
    "decisionTree" : "cloud-1-1-1-0-0-1-0-1-0-1",
    "errorEstimate" : "cloud-0-0-1-0-1-0-1-0-1-0",
    "mqttPublish" : "cloud-1-0-0-1-1-0-0-1-0-1",
    "multiVarLinearReg" : "cloud-0-0-0-0-1-1-1-1-0-0",
    "senMLParse" : "cloud-1-0-0-1-0-0-1-0-1-1",
    "sink" : "cloud-1-0-0-0-0-0-1-0",
    "source" : "cloud-1-1-1-1-0-0-0-0-0-0"
  },
  "appLoopLatency" : 45.02484818181655,
  "latencyPerTupleType" : {
    "blobRead_TUPLE" : 0.2820611377778295,
    "average_TUPLE" : 0.1276885797913482,
    "sink_TUPLE" : 2.1776506479586653,
    "errorEstimate_TUPLE" : 1.9243858102567677,
    "mqttPublish_TUPLE" : 2.08627861457693,
    "decisionTree_TUPLE" : 0.7821508683771266,
    "multiVarLinearReg_TUPLE" : 19.516034701060875,
    "senMLParse_TUPLE" : 0.19717605010106257,
    "TUPLE" : 0.09465388888889553
  },
  "tuplesProcessedPerModule" : {
    "errorEstimate" : 13952,
    "average" : 4778,
    "multiVarLinearReg" : 9329,
    "decisionTree" : 9486,
    "sink" : 23250,
    "blobRead" : 4800,
    "source" : 4800,
    "senMLParse" : 4800,
    "mqttPublish" : 23252
  },
  "recsInPerModule" : {
    "errorEstimate" : 6.976690461543519,
    "average" : 2.3906180833849207,
    "multiVarLinearReg" : 4.736539648209848,
    "decisionTree" : 4.748234322989725,
    "sink" : 11.674681861080776,
    "blobRead" : 2.4124202445082354,
    "source" : 2.420695738213859,
    "senMLParse" : 2.4080632984147394,
    "mqttPublish" : 11.628602782148695
  },
  "recsOutPerModule" : {
    "errorEstimate" : 6.97627554348781,
    "average" : 2.389118176536044,
    "multiVarLinearReg" : 4.667765091178809,
    "decisionTree" : 4.743234740315682,
    "sink" : 11.64486056146375,
    "blobRead" : 2.412248492649427,
    "source" : 2.4206931949145103,
    "senMLParse" : 2.407896741764774,
    "mqttPublish" : 11.627869820046863
  },
  "remainingDataPerDevice" : {
    "errorEstimate" : 4000,
    "average" : 256000,
    "multiVarLinearReg" : 54000,
    "decisionTree" : 368000,
    "sink" : 0,
    "blobRead" : 4000,
    "source" : 0,
    "senMLParse" : 515000,
    "mqttPublish" : 4000
  },
  "executionTime" : 3869.0,
  "networkUsage" : 644087.46,
  "tuplesSentBySensors" : 4800
}