{
  "placement" : {
    "average" : "cloud-0-1-0-0-1-1-0-0",
    "blobRead" : "cloud-1-0-1-1-0-1-1",
    "decisionTree" : "cloud-0-0-1-0-1-1-0-0-1-1",
    "errorEstimate" : "cloud-0-0-1",
    "mqttPublish" : "cloud-1-0-0-0-0-1-0-0-1",
    "multiVarLinearReg" : "cloud-0-1-1-0-0-0-1-0-0-1",
    "senMLParse" : "cloud-1-0-0-0-0-1-0-1-1-0",
    "sink" : "cloud-1-0-0-0-1-1-0-1-0",
    "source" : "cloud-1-1-1-0-1-1-0-1-1-1"
  },
  "appLoopLatency" : 32.57246757196951,
  "latencyPerTupleType" : {
    "blobRead_TUPLE" : 6.361755335555679,
    "average_TUPLE" : 0.8883510943007615,
    "sink_TUPLE" : 1.390509195148854,
    "errorEstimate_TUPLE" : 1.4032892137394342,
    "mqttPublish_TUPLE" : 1.3748073753036951,
    "decisionTree_TUPLE" : 5.143032067421962,
    "multiVarLinearReg_TUPLE" : 2.788810896565594,
    "senMLParse_TUPLE" : 6.3617553355556895,
    "TUPLE" : 0.09530666666666203
  },
  "tuplesProcessedPerModule" : {
    "errorEstimate" : 14042,
    "average" : 4694,
    "multiVarLinearReg" : 9388,
    "decisionTree" : 9388,
    "sink" : 23250,
    "blobRead" : 4800,
    "source" : 4800,
    "senMLParse" : 4800,
    "mqttPublish" : 23297
  },
  "recsInPerModule" : {
    "errorEstimate" : 7.022235695793156,
    "average" : 2.350171225870256,
    "multiVarLinearReg" : 4.700107199442224,
    "decisionTree" : 4.702226001282142,
    "sink" : 11.626104970977908,
    "blobRead" : 2.413997463103076,
    "source" : 2.4220393470383756,
    "senMLParse" : 2.413390595957031,
    "mqttPublish" : 11.649767212165834
  },
  "recsOutPerModule" : {
    "errorEstimate" : 7.021774810719717,
    "average" : 2.350004542299116,
    "multiVarLinearReg" : 4.699724849983025,
    "decisionTree" : 4.7016961335246785,
    "sink" : 11.813589901563777,
    "blobRead" : 2.4071927917596794,
    "source" : 2.4220368009149245,
    "senMLParse" : 2.4065893406860597,
    "mqttPublish" : 11.648688267423498
  },
  "remainingDataPerDevice" : {
    "errorEstimate" : 176000,
    "average" : 30000,
    "multiVarLinearReg" : 50000,
    "decisionTree" : 90000,
    "sink" : 0,
    "blobRead" : 424000,
    "source" : 0,
    "senMLParse" : 742000,
    "mqttPublish" : 92000
  },
  "executionTime" : 4704.0,
  "networkUsage" : 548089.52,
  "tuplesSentBySensors" : 4800
}