{
  "placement" : {
    "average" : "cloud-0-1-0-0-1-0-1-1-0",
    "blobRead" : "cloud-1-0-0-1-0-1-0-1",
    "decisionTree" : "cloud-0-1-1-1-1-1-0-1-0-1",
    "errorEstimate" : "cloud-1-0-1-0-0-1-0-1-0-1",
    "mqttPublish" : "cloud-1-1-1-1-0-0-1-0-0",
    "multiVarLinearReg" : "cloud-1-0-1-0-1-0-0",
    "senMLParse" : "cloud-0-0-0-0-1-1-1-1-1-0",
    "sink" : "cloud-0-0-1-1-0-1",
    "source" : "cloud-0-0-0-0-1-1"
  },
  "appLoopLatency" : 31.00588056012018,
  "latencyPerTupleType" : {
    "blobRead_TUPLE" : 5.062360086666783,
    "average_TUPLE" : 3.570683364440832,
    "sink_TUPLE" : 0.5818500698431734,
    "errorEstimate_TUPLE" : 2.3132961293032794,
    "mqttPublish_TUPLE" : 0.5789628241630937,
    "decisionTree_TUPLE" : 2.222315844437988,
    "multiVarLinearReg_TUPLE" : 2.171040881381545,
    "senMLParse_TUPLE" : 5.062360086666783,
    "TUPLE" : 0.09834666666666475
  },
  "tuplesProcessedPerModule" : {
    "errorEstimate" : 14103,
    "average" : 4800,
    "multiVarLinearReg" : 9501,
    "decisionTree" : 9501,
    "sink" : 23257,
    "blobRead" : 4800,
    "source" : 4800,
    "senMLParse" : 4800,
    "mqttPublish" : 23376
  },
  "recsInPerModule" : {
    "errorEstimate" : 7.059368250077435,
    "average" : 2.4073831258712652,
    "multiVarLinearReg" : 4.8048930776807675,
    "decisionTree" : 4.763580051274999,
    "sink" : 11.629130008118192,
    "blobRead" : 2.4160630942085337,
    "source" : 2.4243636424245456,
    "senMLParse" : 2.422281251956597,
    "mqttPublish" : 11.68978163500134
  },
  "recsOutPerModule" : {
    "errorEstimate" : 7.058881072094258,
    "average" : 2.4010534449914616,
    "multiVarLinearReg" : 4.755351947808204,
    "decisionTree" : 4.755815669100714,
    "sink" : 11.628518266464113,
    "blobRead" : 2.4096877473712595,
    "source" : 2.4242386491233154,
    "senMLParse" : 2.4158730902862744,
    "mqttPublish" : 11.688281832633125
  },
  "remainingDataPerDevice" : {
    "errorEstimate" : 200000,
    "average" : 198000,
    "multiVarLinearReg" : 198000,
    "decisionTree" : 250000,
    "sink" : 0,
    "blobRead" : 198000,
    "source" : 0,
    "senMLParse" : 0,
    "mqttPublish" : 238000
  },
  "executionTime" : 3442.0,
  "networkUsage" : 637320.02,
  "tuplesSentBySensors" : 4800
}