{
  "placement" : {
    "average" : "cloud-1-1-1-1-1-1-1",
    "blobRead" : "cloud-1-0-1-1-1-0-0-1-1-1",
    "decisionTree" : "cloud-1-0-1-1-1-0-0-0-0",
    "errorEstimate" : "cloud-0-0-1-1-1-0-0-1-0-0",
    "mqttPublish" : "cloud-0-1-1-1-0-0-0-0-0-1",
    "multiVarLinearReg" : "cloud-1-1-0-1-0-0-1-1-0-0",
    "senMLParse" : "cloud-0-0-1-0-1-1-0-0-0-1",
    "sink" : "cloud-1-1-1-0-0-1-1-1-0",
    "source" : "cloud-0-1-1-0-0-1-0-0-1-1"
  },
  "appLoopLatency" : 37.898299366666414,
  "latencyPerTupleType" : {
    "blobRead_TUPLE" : 0.12091352000004588,
    "average_TUPLE" : 0.21756914525246918,
    "sink_TUPLE" : 0.6123385023231256,
    "errorEstimate_TUPLE" : 3.628428085347253,
    "mqttPublish_TUPLE" : 0.37819315408653975,
    "decisionTree_TUPLE" : 0.18306576833330038,
    "multiVarLinearReg_TUPLE" : 0.5430559949999921,
    "senMLParse_TUPLE" : 0.12091352000004593,
    "TUPLE" : 0.09465333333333054
  },
  "tuplesProcessedPerModule" : {
    "errorEstimate" : 13972,
    "average" : 4800,
    "multiVarLinearReg" : 9600,
    "decisionTree" : 9600,
    "sink" : 23250,
    "blobRead" : 4800,
    "source" : 4800,
    "senMLParse" : 4800,
    "mqttPublish" : 23321
  },
  "recsInPerModule" : {
    "errorEstimate" : 6.9886122609901635,
    "average" : 2.4045524092305666,
    "multiVarLinearReg" : 4.803810611959363,
    "decisionTree" : 4.805493873662825,
    "sink" : 11.810219182231782,
    "blobRead" : 2.4108450855628143,
    "source" : 2.422161567259642,
    "senMLParse" : 2.4130266224721266,
    "mqttPublish" : 11.664077287261161
  },
  "recsOutPerModule" : {
    "errorEstimate" : 6.9869055004121625,
    "average" : 2.404409148519344,
    "multiVarLinearReg" : 4.803532687262741,
    "decisionTree" : 4.8052157541673415,
    "sink" : 11.798496042046578,
    "blobRead" : 2.4107113927933512,
    "source" : 2.4220368009149245,
    "senMLParse" : 2.412892687646823,
    "mqttPublish" : 11.661077197083834
  },
  "remainingDataPerDevice" : {
    "errorEstimate" : 44000,
    "average" : 268000,
    "multiVarLinearReg" : 580000,
    "decisionTree" : 446000,
    "sink" : 0,
    "blobRead" : 0,
    "source" : 0,
    "senMLParse" : 0,
    "mqttPublish" : 142000
  },
  "executionTime" : 3925.0,
  "networkUsage" : 690396.86,
  "tuplesSentBySensors" : 4800
}