{
  "placement" : {
    "average" : "cloud-1-1-0-0-0-0-1-0",
    "blobRead" : "cloud-1-0-1-1-1-0-1-0-0-0",
    "decisionTree" : "cloud-1-0-0-1-1-1-0-0-0-1",
    "errorEstimate" : "cloud-1-1-0-0-0-0-0-1",
    "mqttPublish" : "cloud-0-1-1-1-1-0-0-0",
    "multiVarLinearReg" : "cloud-1-0-0-1-1-0-0-0-1-1",
    "senMLParse" : "cloud-0-0-1-0-0-0-0-0",
    "sink" : "cloud-1-1-1-1-0-1-0-1-1",
    "source" : "cloud-1-1-0-1-0-0"
  },
  "appLoopLatency" : 32.697721576728476,
  "latencyPerTupleType" : {
    "blobRead_TUPLE" : 5.407232892929119,
    "average_TUPLE" : 3.2530119949356764,
    "sink_TUPLE" : 4.434977231162362,
    "errorEstimate_TUPLE" : 4.523104318812016,
    "mqttPublish_TUPLE" : 4.634203997204945,
    "decisionTree_TUPLE" : 1.0576388606664504,
    "multiVarLinearReg_TUPLE" : 1.057638860666438,
    "senMLParse_TUPLE" : 5.412607892929124,
    "TUPLE" : 0.09535373737373211
  },
  "tuplesProcessedPerModule" : {
    "errorEstimate" : 14118,
    "average" : 4706,
    "multiVarLinearReg" : 9600,
    "decisionTree" : 9600,
    "sink" : 23252,
    "blobRead" : 4800,
    "source" : 4800,
    "senMLParse" : 4800,
    "mqttPublish" : 23375
  },
  "recsInPerModule" : {
    "errorEstimate" : 7.062846871365502,
    "average" : 2.405044198679284,
    "multiVarLinearReg" : 4.808890454808154,
    "decisionTree" : 4.804798859472905,
    "sink" : 11.628344879353987,
    "blobRead" : 2.418376153402912,
    "source" : 2.424731044286197,
    "senMLParse" : 2.419717181674625,
    "mqttPublish" : 11.702171675113812
  },
  "recsOutPerModule" : {
    "errorEstimate" : 7.061978363480881,
    "average" : 2.363320522248974,
    "multiVarLinearReg" : 4.805114462271018,
    "decisionTree" : 4.801029287213193,
    "sink" : 11.627611949762496,
    "blobRead" : 2.412304280904577,
    "source" : 2.424728724480716,
    "senMLParse" : 2.4136385818712043,
    "mqttPublish" : 11.6877124417052
  },
  "remainingDataPerDevice" : {
    "errorEstimate" : 224000,
    "average" : 0,
    "multiVarLinearReg" : 376000,
    "decisionTree" : 404000,
    "sink" : 0,
    "blobRead" : 0,
    "source" : 0,
    "senMLParse" : 0,
    "mqttPublish" : 246000
  },
  "executionTime" : 6823.0,
  "networkUsage" : 637062.68,
  "tuplesSentBySensors" : 4800
}