{
  "placement" : {
    "average" : "cloud-0-1-1-0-0-1-0-0-1",
    "blobRead" : "cloud-0-1-1-1-0-0-0-0-1-0",
    "decisionTree" : "cloud-1-0-1-1-1-0-0-1-0-1",
    "errorEstimate" : "cloud-1-1-0-1-0-0-1",
    "mqttPublish" : "cloud-1-0-1-0-1-0-1-0-0-1",
    "multiVarLinearReg" : "cloud-1-1-1-1-1-0-0-1-0",
    "senMLParse" : "cloud-0-0-0-0-0-1-0",
    "sink" : "cloud-0-1-0-1-0-1-0-0-0-1",
    "source" : "cloud-0-0-1-0-1-0-0-1-0-0"
  },
  "appLoopLatency" : 44.508540999999816,
  "latencyPerTupleType" : {
    "blobRead_TUPLE" : 5.412407833333214,
    "average_TUPLE" : 1.4248122744006164,
    "sink_TUPLE" : 1.0463559124843773,
    "errorEstimate_TUPLE" : 1.3108787299774904,
    "mqttPublish_TUPLE" : 2.4864464089314477,
    "decisionTree_TUPLE" : 4.853287950187365,
    "multiVarLinearReg_TUPLE" : 4.853287950187516,
    "senMLParse_TUPLE" : 5.412407833333214,
    "TUPLE" : 0.09918694444443896
  },
  "tuplesProcessedPerModule" : {
    "errorEstimate" : 14046,
    "average" : 4698,
    "multiVarLinearReg" : 9396,
    "decisionTree" : 9396,
    "sink" : 23250,
    "blobRead" : 4800,
    "source" : 4800,
    "senMLParse" : 4800,
    "mqttPublish" : 23265
  },
  "recsInPerModule" : {
    "errorEstimate" : 7.023498323591059,
    "average" : 2.3545119300871744,
    "multiVarLinearReg" : 4.70595788066025,
    "decisionTree" : 4.707844255342862,
    "sink" : 11.740929631965159,
    "blobRead" : 2.4149652822578553,
    "source" : 2.4227728534358706,
    "senMLParse" : 2.414843781101988,
    "mqttPublish" : 11.633575704944125
  },
  "recsOutPerModule" : {
    "errorEstimate" : 7.023037404058758,
    "average" : 2.3542822064968183,
    "multiVarLinearReg" : 4.705353985981307,
    "decisionTree" : 4.7072398764578,
    "sink" : 11.73404120436121,
    "blobRead" : 2.408406889452622,
    "source" : 2.4226442030067328,
    "senMLParse" : 2.408286047312731,
    "mqttPublish" : 11.633178635047718
  },
  "remainingDataPerDevice" : {
    "errorEstimate" : 192000,
    "average" : 38000,
    "multiVarLinearReg" : 58000,
    "decisionTree" : 160000,
    "sink" : 0,
    "blobRead" : 408000,
    "source" : 0,
    "senMLParse" : 714000,
    "mqttPublish" : 30000
  },
  "executionTime" : 6817.0,
  "networkUsage" : 822870.12,
  "tuplesSentBySensors" : 4800
}