{
  "placement" : {
    "average" : "cloud-0-1-1-1-0-0-0-0-1",
    "blobRead" : "cloud-1-1-1-1-0-1-1-1",
    "decisionTree" : "cloud-1-1-1-0-0-0-0",
    "errorEstimate" : "cloud-0-0-0-1-1-0-1-0-0-0",
    "mqttPublish" : "cloud-1-1-0-1-0-1-0-0-0-1",
    "multiVarLinearReg" : "cloud-0-1-1-0-1-0-0-0-1-0",
    "senMLParse" : "cloud-1-0",
    "sink" : "cloud-0-1-1-1-0-1",
    "source" : "cloud-1-0-1-1-1-1-1-0-1-1"
  },
  "appLoopLatency" : 31.407727860547787,
  "latencyPerTupleType" : {
    "blobRead_TUPLE" : 0.2480674822222624,
    "average_TUPLE" : 0.9452048262601837,
    "sink_TUPLE" : 1.0147213632266117,
    "errorEstimate_TUPLE" : 11.486343994240547,
    "mqttPublish_TUPLE" : 2.4412253510321587,
    "decisionTree_TUPLE" : 2.4370228632839166,
    "multiVarLinearReg_TUPLE" : 1.07273848166776,
    "senMLParse_TUPLE" : 3.9998182755555325,
    "TUPLE" : 0.09445777777777291
  },
  "tuplesProcessedPerModule" : {
    "errorEstimate" : 14091,
    "average" : 4800,
    "multiVarLinearReg" : 9600,
    "decisionTree" : 9600,
    "sink" : 23295,
    "blobRead" : 4800,
    "source" : 4800,
    "senMLParse" : 4800,
    "mqttPublish" : 23417
  },
  "recsInPerModule" : {
    "errorEstimate" : 7.051801392228556,
    "average" : 2.4067698714011954,
    "multiVarLinearReg" : 4.802055959841903,
    "decisionTree" : 4.81144229581092,
    "sink" : 11.650827038723595,
    "blobRead" : 2.4114519343949974,
    "source" : 2.42106202912235,
    "senMLParse" : 2.415942754698141,
    "mqttPublish" : 11.72128228823576
  },
  "recsOutPerModule" : {
    "errorEstimate" : 7.046630499739363,
    "average" : 2.4048223170274556,
    "multiVarLinearReg" : 4.801665657402535,
    "decisionTree" : 4.802790341906223,
    "sink" : 11.649883475607753,
    "blobRead" : 2.4112803203809694,
    "source" : 2.4210607570871354,
    "senMLParse" : 2.410765624259736,
    "mqttPublish" : 11.711279913965813
  },
  "remainingDataPerDevice" : {
    "errorEstimate" : 242000,
    "average" : 160000,
    "multiVarLinearReg" : 434000,
    "decisionTree" : 266000,
    "sink" : 0,
    "blobRead" : 0,
    "source" : 0,
    "senMLParse" : 0,
    "mqttPublish" : 234000
  },
  "executionTime" : 4162.0,
  "networkUsage" : 598601.64,
  "tuplesSentBySensors" : 4800
}