{
  "placement" : {
    "average" : "cloud-0-1-1-1-0-0-0-1-1-0",
    "blobRead" : "cloud-1-0-0-0-0-1-1-0",
    "decisionTree" : "cloud-0-1-0-1-1-1-0-0-0-0",
    "errorEstimate" : "cloud-0-1-0-1-1-1-0-0-0-1",
    "mqttPublish" : "cloud-1-1-1-0-0-1-0-1-0",
    "multiVarLinearReg" : "cloud-0-1-1-0-0",
    "senMLParse" : "cloud-1-0-1-0-1-1-1",
    "sink" : "cloud-1-1-0-0-0-1-0-0-1-1",
    "source" : "cloud-0-1-1-0-0-1-1-1-1"
  },
  "appLoopLatency" : 34.99191833333311,
  "latencyPerTupleType" : {
    "blobRead_TUPLE" : 0.20705085656553415,
    "average_TUPLE" : 0.2777601555557384,
    "sink_TUPLE" : 0.6679345817775081,
    "errorEstimate_TUPLE" : 4.068057602253976,
    "mqttPublish_TUPLE" : 0.6665700589366802,
    "decisionTree_TUPLE" : 4.508498008665022,
    "multiVarLinearReg_TUPLE" : 0.4385459722223461,
    "senMLParse_TUPLE" : 0.20705085656553393,
    "TUPLE" : 0.09459272727271849
  },
  "tuplesProcessedPerModule" : {
    "errorEstimate" : 14154,
    "average" : 4800,
    "multiVarLinearReg" : 9600,
    "decisionTree" : 9432,
    "sink" : 23250,
    "blobRead" : 4800,
    "source" : 4800,
    "senMLParse" : 4800,
    "mqttPublish" : 23283
  },
  "recsInPerModule" : {
    "errorEstimate" : 7.193425179981715,
    "average" : 2.4071952107968646,
    "multiVarLinearReg" : 4.813907672110779,
    "decisionTree" : 4.808602931253387,
    "sink" : 11.841056617977603,
    "blobRead" : 2.4143619540823,
    "source" : 2.4233844482332265,
    "senMLParse" : 2.4153338630387187,
    "mqttPublish" : 11.643325339990819
  },
  "recsOutPerModule" : {
    "errorEstimate" : 7.0787658618531335,
    "average" : 2.407049348911204,
    "multiVarLinearReg" : 4.813628577888434,
    "decisionTree" : 4.724452379956452,
    "sink" : 11.833265986243923,
    "blobRead" : 2.4142175221371156,
    "source" : 2.423259787577261,
    "senMLParse" : 2.4151893147905477,
    "mqttPublish" : 11.642652143625853
  },
  "remainingDataPerDevice" : {
    "errorEstimate" : 394000,
    "average" : 30000,
    "multiVarLinearReg" : 0,
    "decisionTree" : 212000,
    "sink" : 0,
    "blobRead" : 0,
    "source" : 0,
    "senMLParse" : 0,
    "mqttPublish" : 66000
  },
  "executionTime" : 5054.0,
  "networkUsage" : 660977.42,
  "tuplesSentBySensors" : 4800
}