{
  "placement" : {
    "average" : "cloud-1-0-0-0-1-0-1-1-0-0",
    "blobRead" : "cloud-1-1-0-0-0-1-0-0",
    "decisionTree" : "cloud-1-0-1-0-0-1-0-1-1",
    "errorEstimate" : "cloud-0-1-0-1-0-0-1-1-1-1",
    "mqttPublish" : "cloud-1-1-1-0-0-0-1-0-1-1",
    "multiVarLinearReg" : "cloud-0-0-0-1-0-1-0-1-1-1",
    "senMLParse" : "cloud-1-1-0-0-1-0-0-0-0-1",
    "sink" : "cloud-1-1-1-0-0-1-0-1-0-1",
    "source" : "cloud-1-1-0-1-1-0-0-1-1-1"
  },
  "appLoopLatency" : 38.784402533333115,
  "latencyPerTupleType" : {
    "blobRead_TUPLE" : 0.11730899555559703,
    "average_TUPLE" : 0.22671825999992593,
    "sink_TUPLE" : 2.5986772229084076,
    "errorEstimate_TUPLE" : 3.2093136059205927,
    "mqttPublish_TUPLE" : 1.5180493775160733,
    "decisionTree_TUPLE" : 20.411495074830643,
    "multiVarLinearReg_TUPLE" : 1.0666651977777861,
    "senMLParse_TUPLE" : 0.11730899555559737,
    "TUPLE" : 0.09406333333333816
  },
  "tuplesProcessedPerModule" : {
    "errorEstimate" : 13957,
    "average" : 4800,
    "multiVarLinearReg" : 9600,
    "decisionTree" : 9330,
    "sink" : 23250,
    "blobRead" : 4800,
    "source" : 4800,
    "senMLParse" : 4800,
    "mqttPublish" : 23280
  },
  "recsInPerModule" : {
    "errorEstimate" : 6.979229116459845,
    "average" : 2.404178544453026,
    "multiVarLinearReg" : 4.803545187674949,
    "decisionTree" : 4.810284564776593,
    "sink" : 11.758191811365826,
    "blobRead" : 2.4138760653801996,
    "source" : 2.421184150726784,
    "senMLParse" : 2.4138760647732416,
    "mqttPublish" : 11.65514561405362
  },
  "recsOutPerModule" : {
    "errorEstimate" : 6.978983487691734,
    "average" : 2.404007964081056,
    "multiVarLinearReg" : 4.803004450591003,
    "decisionTree" : 4.68608503375176,
    "sink" : 11.757371978548761,
    "blobRead" : 2.4137293927546137,
    "source" : 2.4211816064010323,
    "senMLParse" : 2.4137293921477294,
    "mqttPublish" : 11.654501351252367
  },
  "remainingDataPerDevice" : {
    "errorEstimate" : 14000,
    "average" : 284000,
    "multiVarLinearReg" : 600000,
    "decisionTree" : 0,
    "sink" : 0,
    "blobRead" : 0,
    "source" : 0,
    "senMLParse" : 0,
    "mqttPublish" : 60000
  },
  "executionTime" : 10503.0,
  "networkUsage" : 677123.5,
  "tuplesSentBySensors" : 4800
}