{
  "placement" : {
    "average" : "cloud-0-1-0-1-0-0-1-0-1-0",
    "blobRead" : "cloud-0-0-0-0-0-1-1-0",
    "decisionTree" : "cloud-1-0-1-1-1-0-1-0-1",
    "errorEstimate" : "cloud-0-0-0-0-0-1-1-0-1-1",
    "mqttPublish" : "cloud-1-1-1-0-0-1-0-0-1-0",
    "multiVarLinearReg" : "cloud-0-1-1-1-1-1-1-1-0-0",
    "senMLParse" : "cloud-0-0-0-1-1-1-0-0",
    "sink" : "cloud-1-0-1-0-1-1-1-1",
    "source" : "cloud-0-0-1-0-0-0-1-0-1-1"
  },
  "appLoopLatency" : 39.79048359999953,
  "latencyPerTupleType" : {
    "blobRead_TUPLE" : 0.21010412080813065,
    "average_TUPLE" : 0.8297307116466157,
    "sink_TUPLE" : 2.2435945724287,
    "errorEstimate_TUPLE" : 1.070134615555597,
    "mqttPublish_TUPLE" : 0.5145381401463458,
    "decisionTree_TUPLE" : 0.7130968925689197,
    "multiVarLinearReg_TUPLE" : 16.50296679319773,
    "senMLParse_TUPLE" : 5.41255447777777,
    "TUPLE" : 0.0977147222222199
  },
  "tuplesProcessedPerModule" : {
    "errorEstimate" : 13983,
    "average" : 4698,
    "multiVarLinearReg" : 9351,
    "decisionTree" : 9498,
    "sink" : 23250,
    "blobRead" : 4800,
    "source" : 4800,
    "senMLParse" : 4800,
    "mqttPublish" : 23308
  },
  "recsInPerModule" : {
    "errorEstimate" : 6.99359423004379,
    "average" : 2.3545266910298412,
    "multiVarLinearReg" : 4.8033103149819585,
    "decisionTree" : 4.801148356268107,
    "sink" : 11.693849146704611,
    "blobRead" : 2.416915943733547,
    "source" : 2.4238739464354158,
    "senMLParse" : 2.417159362750097,
    "mqttPublish" : 11.657029244572124
  },
  "recsOutPerModule" : {
    "errorEstimate" : 6.993135168082396,
    "average" : 2.3543472413262285,
    "multiVarLinearReg" : 4.678741004442868,
    "decisionTree" : 4.761530857523172,
    "sink" : 11.673690625060253,
    "blobRead" : 2.416771206066396,
    "source" : 2.4237502784840683,
    "senMLParse" : 2.410589063683597,
    "mqttPublish" : 11.654364240643995
  },
  "remainingDataPerDevice" : {
    "errorEstimate" : 66000,
    "average" : 90000,
    "multiVarLinearReg" : 42000,
    "decisionTree" : 268000,
    "sink" : 0,
    "blobRead" : 0,
    "source" : 0,
    "senMLParse" : 306000,
    "mqttPublish" : 116000
  },
  "executionTime" : 3733.0,
  "networkUsage" : 784180.54,
  "tuplesSentBySensors" : 4800
}