{
  "placement" : {
    "average" : "cloud-1-1-1-0-0-1-0-1-0-0",
    "blobRead" : "cloud-0-0-1-0-0-0-1-1-1",
    "decisionTree" : "cloud-1-1-1-1-1-1-1-1-0-1",
    "errorEstimate" : "cloud-1-1-0-0-1-0-0-0-1",
    "mqttPublish" : "cloud-1-0-0-1-1-1-0-0-1",
    "multiVarLinearReg" : "cloud-1-1-0-1-0-0-0-1-1-0",
    "senMLParse" : "cloud-0-0-0-0-1-0-1-0-1-1",
    "sink" : "cloud-0-0-1-1-0-0-1-0-1-0",
    "source" : "cloud-0-0-0-0-1-0-0-0-0-0"
  },
  "appLoopLatency" : 37.50625449393916,
  "latencyPerTupleType" : {
    "blobRead_TUPLE" : 0.22395344565661277,
    "average_TUPLE" : 3.5328331821563417,
    "sink_TUPLE" : 1.2153245851741787,
    "errorEstimate_TUPLE" : 1.1668069674372537,
    "mqttPublish_TUPLE" : 0.47159676909830184,
    "decisionTree_TUPLE" : 16.288653251921254,
    "multiVarLinearReg_TUPLE" : 2.258403533546686,
    "senMLParse_TUPLE" : 5.063019815555602,
    "TUPLE" : 0.0971799999999984
  },
  "tuplesProcessedPerModule" : {
    "errorEstimate" : 14077,
    "average" : 4701,
    "multiVarLinearReg" : 9501,
    "decisionTree" : 9336,
    "sink" : 23250,
    "blobRead" : 4800,
    "source" : 4800,
    "senMLParse" : 4800,
    "mqttPublish" : 23269
  },
  "recsInPerModule" : {
    "errorEstimate" : 7.039353447692324,
    "average" : 2.355912395392065,
    "multiVarLinearReg" : 4.75996990881968,
    "decisionTree" : 4.759731495521532,
    "sink" : 11.737600361367592,
    "blobRead" : 2.4146059001822615,
    "source" : 2.422161567259642,
    "senMLParse" : 2.416915943125059,
    "mqttPublish" : 11.635849186280609
  },
  "recsOutPerModule" : {
    "errorEstimate" : 7.038801474746675,
    "average" : 2.355671366875737,
    "multiVarLinearReg" : 4.754595438389765,
    "decisionTree" : 4.679696854320482,
    "sink" : 11.730054506432213,
    "blobRead" : 2.414461439049792,
    "source" : 2.422038073975981,
    "senMLParse" : 2.410536100553738,
    "mqttPublish" : 11.636148225487698
  },
  "remainingDataPerDevice" : {
    "errorEstimate" : 250000,
    "average" : 34000,
    "multiVarLinearReg" : 216000,
    "decisionTree" : 34000,
    "sink" : 0,
    "blobRead" : 0,
    "source" : 0,
    "senMLParse" : 693000,
    "mqttPublish" : 38000
  },
  "executionTime" : 4015.0,
  "networkUsage" : 761527.08,
  "tuplesSentBySensors" : 4800
}