{
  "placement" : {
    "average" : "cloud-0-0-1-1-0-0-1-1-0-1",
    "blobRead" : "cloud-1-1-1-1-0-0-0-1-1-1",
    "decisionTree" : "cloud-0-0-1-0-0-0-0-0-1",
    "errorEstimate" : "cloud-1-1-1-0-1-1-0-0-1",
    "mqttPublish" : "cloud-1-1-1-0-1-0-1-0-0-1",
    "multiVarLinearReg" : "cloud-1-0-1-1-1-0-1-1-1-0",
    "senMLParse" : "cloud-0-0-0-1-0-0-1-1-1",
    "sink" : "cloud-1-0",
    "source" : "cloud-0-0-0-0-0-0-1-1-1-1"
  },
  "appLoopLatency" : 30.799473949623405,
  "latencyPerTupleType" : {
    "blobRead_TUPLE" : 4.6905688222221,
    "average_TUPLE" : 0.2328207737375134,
    "sink_TUPLE" : 2.461170093600477,
    "errorEstimate_TUPLE" : 0.46366826102227493,
    "mqttPublish_TUPLE" : 4.590754836959996,
    "decisionTree_TUPLE" : 1.7192183146838513,
    "multiVarLinearReg_TUPLE" : 0.6210011425628599,
    "senMLParse_TUPLE" : 0.16988284040390483,
    "TUPLE" : 0.09681474747474948
  },
  "tuplesProcessedPerModule" : {
    "errorEstimate" : 13980,
    "average" : 4800,
    "multiVarLinearReg" : 9506,
    "decisionTree" : 9506,
    "sink" : 23282,
    "blobRead" : 4800,
    "source" : 4800,
    "senMLParse" : 4800,
    "mqttPublish" : 23348
  },
  "recsInPerModule" : {
    "errorEstimate" : 6.992563850054049,
    "average" : 2.4039401620964167,
    "multiVarLinearReg" : 4.755370507165906,
    "decisionTree" : 4.75775061651364,
    "sink" : 11.64412097659489,
    "blobRead" : 2.4103610588075592,
    "source" : 2.421794943594882,
    "senMLParse" : 2.4129055411795832,
    "mqttPublish" : 11.683067020487274
  },
  "recsOutPerModule" : {
    "errorEstimate" : 6.990063855186511,
    "average" : 2.403796974327819,
    "multiVarLinearReg" : 4.755021136143074,
    "decisionTree" : 4.757289293482042,
    "sink" : 11.641121178250907,
    "blobRead" : 2.4043293167871407,
    "source" : 2.4216704464116323,
    "senMLParse" : 2.412761283427683,
    "mqttPublish" : 11.675432189532794
  },
  "remainingDataPerDevice" : {
    "errorEstimate" : 52000,
    "average" : 276000,
    "multiVarLinearReg" : 366000,
    "decisionTree" : 190000,
    "sink" : 0,
    "blobRead" : 376000,
    "source" : 0,
    "senMLParse" : 0,
    "mqttPublish" : 120000
  },
  "executionTime" : 4909.0,
  "networkUsage" : 485893.52,
  "tuplesSentBySensors" : 4800
}