{
  "placement" : {
    "average" : "cloud-1-0-1-1-1-1-0",
    "blobRead" : "cloud-1-0-0-0-1-1-1-0-0-1",
    "decisionTree" : "cloud-0-1-0-0-0-0-1-0-1",
    "errorEstimate" : "cloud-0-0-0-1-0-1-1-1-1",
    "mqttPublish" : "cloud-0-1-0-0-1-0-0-1-0-0",
    "multiVarLinearReg" : "cloud-0-0-1-0-0-1-0-1-0-0",
    "senMLParse" : "cloud-0-1-1-0-1-0-0-0-0",
    "sink" : "cloud-1-0-0-0-1-0-1",
    "source" : "cloud-1-0-0-0-1-1-1-0-1-0"
  },
  "appLoopLatency" : 37.442312487178924,
  "latencyPerTupleType" : {
    "blobRead_TUPLE" : 5.232394233333338,
    "average_TUPLE" : 0.21247942880866164,
    "sink_TUPLE" : 5.875686079704698,
    "errorEstimate_TUPLE" : 14.592343763441205,
    "mqttPublish_TUPLE" : 1.24800677806477,
    "decisionTree_TUPLE" : 15.372178533722176,
    "multiVarLinearReg_TUPLE" : 2.5384692938649134,
    "senMLParse_TUPLE" : 0.24681784444448684,
    "TUPLE" : 0.09620277777777062
  },
  "tuplesProcessedPerModule" : {
    "errorEstimate" : 14000,
    "average" : 4798,
    "multiVarLinearReg" : 9463,
    "decisionTree" : 9371,
    "sink" : 23251,
    "blobRead" : 4800,
    "source" : 4800,
    "senMLParse" : 4800,
    "mqttPublish" : 23308
  },
  "recsInPerModule" : {
    "errorEstimate" : 7.00570371747849,
    "average" : 2.3994274300033354,
    "multiVarLinearReg" : 4.798600995583231,
    "decisionTree" : 4.799601168844859,
    "sink" : 11.631072562029713,
    "blobRead" : 2.4170376474174353,
    "source" : 2.420451605843575,
    "senMLParse" : 2.408668747437093,
    "mqttPublish" : 11.655052509706733
  },
  "recsOutPerModule" : {
    "errorEstimate" : 7.000860643802387,
    "average" : 2.399261996865386,
    "multiVarLinearReg" : 4.73210137397667,
    "decisionTree" : 4.689009521217721,
    "sink" : 11.630339257024097,
    "blobRead" : 2.411035560306301,
    "source" : 2.420450334449717,
    "senMLParse" : 2.4084975293184097,
    "mqttPublish" : 11.656521125549839
  },
  "remainingDataPerDevice" : {
    "errorEstimate" : 94000,
    "average" : 284000,
    "multiVarLinearReg" : 216000,
    "decisionTree" : 30000,
    "sink" : 0,
    "blobRead" : 0,
    "source" : 0,
    "senMLParse" : 18000,
    "mqttPublish" : 114000
  },
  "executionTime" : 7477.0,
  "networkUsage" : 630629.22,
  "tuplesSentBySensors" : 4800
}