{
  "placement" : {
    "average" : "cloud-0-1-1-0-1-0-0-1-1-1",
    "blobRead" : "cloud-1-0-1-0-0-1-1-1-0-0",
    "decisionTree" : "cloud-1-1-1-0-0-1-1-0-0-1",
    "errorEstimate" : "cloud-1-1-0-0-0-1-1",
    "mqttPublish" : "cloud-1-1-0-0-1-0-1",
    "multiVarLinearReg" : "cloud-1-1-0-1-1-1-1-1-0-0",
    "senMLParse" : "cloud-1-0-0-1-1-1-0-1-0-0",
    "sink" : "cloud-1-1-0-0-0-1-1-1-1",
    "source" : "cloud-0-1-1-0-1-1-0-1-0"
  },
  "appLoopLatency" : 33.50019917997255,
  "latencyPerTupleType" : {
    "blobRead_TUPLE" : 5.069631211111167,
    "average_TUPLE" : 0.32864933111104394,
    "sink_TUPLE" : 8.941626357222829,
    "errorEstimate_TUPLE" : 0.355113567157207,
    "mqttPublish_TUPLE" : 0.33905450555956557,
    "decisionTree_TUPLE" : 1.369533116344245,
    "multiVarLinearReg_TUPLE" : 0.6303029403558835,
    "senMLParse_TUPLE" : 0.3102832488889325,
    "TUPLE" : 0.09501444444444075
  },
  "tuplesProcessedPerModule" : {
    "errorEstimate" : 13997,
    "average" : 4800,
    "multiVarLinearReg" : 9501,
    "decisionTree" : 9477,
    "sink" : 23254,
    "blobRead" : 4800,
    "source" : 4800,
    "senMLParse" : 4800,
    "mqttPublish" : 23312
  },
  "recsInPerModule" : {
    "errorEstimate" : 7.0003026685863325,
    "average" : 2.401293236883716,
    "multiVarLinearReg" : 4.752822038735245,
    "decisionTree" : 4.752346576538127,
    "sink" : 11.62794311383656,
    "blobRead" : 2.4154564549292186,
    "source" : 2.423751553347024,
    "senMLParse" : 2.4130278860790124,
    "mqttPublish" : 11.656694375378713
  },
  "recsOutPerModule" : {
    "errorEstimate" : 6.999378689168446,
    "average" : 2.4011480893495465,
    "multiVarLinearReg" : 4.752547147802549,
    "decisionTree" : 4.740341911993666,
    "sink" : 11.627210297917348,
    "blobRead" : 2.409084304987041,
    "source" : 2.4236278978842254,
    "senMLParse" : 2.4128813165068133,
    "mqttPublish" : 11.656212210085446
  },
  "remainingDataPerDevice" : {
    "errorEstimate" : 62000,
    "average" : 300000,
    "multiVarLinearReg" : 302000,
    "decisionTree" : 260000,
    "sink" : 0,
    "blobRead" : 396000,
    "source" : 0,
    "senMLParse" : 0,
    "mqttPublish" : 116000
  },
  "executionTime" : 5950.0,
  "networkUsage" : 537082.04,
  "tuplesSentBySensors" : 4800
}