{
  "placement" : {
    "average" : "cloud-1-0-0-1-0-1-1-1-0-0",
    "blobRead" : "cloud-0-0-0-1-1-0-0-1-1-0",
    "decisionTree" : "cloud-1-1-0-0-1-0-1-0-1",
    "errorEstimate" : "cloud-1-1-1-0-1-1-0-0",
    "mqttPublish" : "cloud-1-0-0-0-0-1-1-0-0-1",
    "multiVarLinearReg" : "cloud-0-0-1-1-0-0-0-0-0-1",
    "senMLParse" : "cloud-1-0-1-0-1-0-1-1",
    "sink" : "cloud-0-1-0-1-0-0",
    "source" : "cloud-1-1-0-1-1-0-1-1-1"
  },
  "appLoopLatency" : 39.782938399999814,
  "latencyPerTupleType" : {
    "blobRead_TUPLE" : 0.11690622444448696,
    "average_TUPLE" : 0.7205883418299694,
    "sink_TUPLE" : 0.8540578931919441,
    "errorEstimate_TUPLE" : 2.018473687146417,
    "mqttPublish_TUPLE" : 0.8698611139214109,
    "decisionTree_TUPLE" : 1.7220000860327953,
    "multiVarLinearReg_TUPLE" : 16.482246673487825,
    "senMLParse_TUPLE" : 5.410985020000126,
    "TUPLE" : 0.09475777777778252
  },
  "tuplesProcessedPerModule" : {
    "errorEstimate" : 13964,
    "average" : 4706,
    "multiVarLinearReg" : 9349,
    "decisionTree" : 9421,
    "sink" : 23250,
    "blobRead" : 4800,
    "source" : 4800,
    "senMLParse" : 4800,
    "mqttPublish" : 23266
  },
  "recsInPerModule" : {
    "errorEstimate" : 6.984309091762908,
    "average" : 2.3545286883462895,
    "multiVarLinearReg" : 4.74922516274381,
    "decisionTree" : 4.736852854090168,
    "sink" : 11.673062119281672,
    "blobRead" : 2.409030148533263,
    "source" : 2.421794943594882,
    "senMLParse" : 2.4120565630218795,
    "mqttPublish" : 11.636648143846644
  },
  "recsOutPerModule" : {
    "errorEstimate" : 6.982345371240271,
    "average" : 2.3543250050879525,
    "multiVarLinearReg" : 4.674721649200076,
    "decisionTree" : 4.710850945440597,
    "sink" : 11.664213461327043,
    "blobRead" : 2.4088840641967058,
    "source" : 2.4217923979852536,
    "senMLParse" : 2.406016342913127,
    "mqttPublish" : 11.63526050034922
  },
  "remainingDataPerDevice" : {
    "errorEstimate" : 28000,
    "average" : 90000,
    "multiVarLinearReg" : 84000,
    "decisionTree" : 198000,
    "sink" : 0,
    "blobRead" : 82000,
    "source" : 0,
    "senMLParse" : 658000,
    "mqttPublish" : 32000
  },
  "executionTime" : 4369.0,
  "networkUsage" : 708043.66,
  "tuplesSentBySensors" : 4800
}