{
  "placement" : {
    "average" : "cloud-1-0-1-0-0-1-0-1-1-0",
    "blobRead" : "cloud-0-0-0-1-1-0-0-0-1-1",
    "decisionTree" : "cloud-1-0-0-1-1-1-0-0-0-0",
    "errorEstimate" : "cloud-0-1-1-0-1-1-1-1",
    "mqttPublish" : "cloud-0-0-1-0-1-0-0-1-1",
    "multiVarLinearReg" : "cloud-0-0-0-1-0-0-0-0-0-0",
    "senMLParse" : "cloud-0-0-1-1-0-1-0-1-1-0",
    "sink" : "cloud-1-1-1-0",
    "source" : "cloud-1-1-1-0-1-1-0-0-1-1"
  },
  "appLoopLatency" : 37.17526414545421,
  "latencyPerTupleType" : {
    "blobRead_TUPLE" : 0.34340811333338617,
    "average_TUPLE" : 0.1607441666666295,
    "sink_TUPLE" : 1.651288813409936,
    "errorEstimate_TUPLE" : 13.086918451750797,
    "mqttPublish_TUPLE" : 1.5097896490242002,
    "decisionTree_TUPLE" : 20.677393749955264,
    "multiVarLinearReg_TUPLE" : 7.040260577182447,
    "senMLParse_TUPLE" : 0.343408113333385,
    "TUPLE" : 0.09530666666667197
  },
  "tuplesProcessedPerModule" : {
    "errorEstimate" : 13990,
    "average" : 4800,
    "multiVarLinearReg" : 9389,
    "decisionTree" : 9323,
    "sink" : 23250,
    "blobRead" : 4800,
    "source" : 4800,
    "senMLParse" : 4800,
    "mqttPublish" : 23250
  },
  "recsInPerModule" : {
    "errorEstimate" : 7.001846547642569,
    "average" : 2.4009066243572232,
    "multiVarLinearReg" : 4.806140424734054,
    "decisionTree" : 4.78773696784429,
    "sink" : 11.728530811056864,
    "blobRead" : 2.4103608350150205,
    "source" : 2.421794943594882,
    "senMLParse" : 2.411692991777579,
    "mqttPublish" : 11.770106876931782
  },
  "recsOutPerModule" : {
    "errorEstimate" : 6.995579432185069,
    "average" : 2.4007615235559068,
    "multiVarLinearReg" : 4.700505472728458,
    "decisionTree" : 4.668734196634585,
    "sink" : 11.71495094753165,
    "blobRead" : 2.4101893762592606,
    "source" : 2.4217923979852536,
    "senMLParse" : 2.411521343452753,
    "mqttPublish" : 11.757618550165796
  },
  "remainingDataPerDevice" : {
    "errorEstimate" : 80000,
    "average" : 296000,
    "multiVarLinearReg" : 76000,
    "decisionTree" : 46000,
    "sink" : 0,
    "blobRead" : 50000,
    "source" : 0,
    "senMLParse" : 0,
    "mqttPublish" : 0
  },
  "executionTime" : 7727.0,
  "networkUsage" : 588127.92,
  "tuplesSentBySensors" : 4800
}