{
  "placement" : {
    "average" : "cloud-0-1-0-1-0-1-0-1-1-1",
    "blobRead" : "cloud-1-1-1-1-1-1-0-0-1",
    "decisionTree" : "cloud-1-1-1-0-0-1-1-1-1-0",
    "errorEstimate" : "cloud-0-1-0-1-0-0-0-0-1-0",
    "mqttPublish" : "cloud-0-0-1-1-1-0-1-0",
    "multiVarLinearReg" : "cloud-1-1-0-0-0-1-1-0-0-1",
    "senMLParse" : "cloud-1-1-1-1-0-1",
    "sink" : "cloud-0-1-0-0-0-1-0-1-1-0",
    "source" : "cloud-1-0-1-1-1-0-0-0-1-1"
  },
  "appLoopLatency" : 41.17639513030264,
  "latencyPerTupleType" : {
    "blobRead_TUPLE" : 4.002645213333375,
    "average_TUPLE" : 0.23086050040421996,
    "sink_TUPLE" : 0.4520104543238374,
    "errorEstimate_TUPLE" : 0.5363294237308355,
    "mqttPublish_TUPLE" : 0.5082117512233388,
    "decisionTree_TUPLE" : 1.2875901419255023,
    "multiVarLinearReg_TUPLE" : 13.776810386666336,
    "senMLParse_TUPLE" : 0.20892159313136502,
    "TUPLE" : 0.09426333333333675
  },
  "tuplesProcessedPerModule" : {
    "errorEstimate" : 14000,
    "average" : 4800,
    "multiVarLinearReg" : 9350,
    "decisionTree" : 9509,
    "sink" : 23250,
    "blobRead" : 4800,
    "source" : 4800,
    "senMLParse" : 4800,
    "mqttPublish" : 23270
  },
  "recsInPerModule" : {
    "errorEstimate" : 7.001103170403357,
    "average" : 2.402593475777927,
    "multiVarLinearReg" : 4.754735072913322,
    "decisionTree" : 4.755924160300822,
    "sink" : 11.642221539861632,
    "blobRead" : 2.409271982234981,
    "source" : 2.4208178228677513,
    "senMLParse" : 2.4125414952341417,
    "mqttPublish" : 11.637575891261768
  },
  "recsOutPerModule" : {
    "errorEstimate" : 7.0006801459881824,
    "average" : 2.402423120250234,
    "multiVarLinearReg" : 4.67874055833189,
    "decisionTree" : 4.755463336796587,
    "sink" : 11.637224247009193,
    "blobRead" : 2.404123371496507,
    "source" : 2.4208152793118596,
    "senMLParse" : 2.412374318549721,
    "mqttPublish" : 11.6367836440577
  },
  "remainingDataPerDevice" : {
    "errorEstimate" : 100000,
    "average" : 202000,
    "multiVarLinearReg" : 98000,
    "decisionTree" : 370000,
    "sink" : 0,
    "blobRead" : 364000,
    "source" : 0,
    "senMLParse" : 0,
    "mqttPublish" : 40000
  },
  "executionTime" : 4066.0,
  "networkUsage" : 758582.3,
  "tuplesSentBySensors" : 4800
}