{
  "placement" : {
    "average" : "cloud-0-1-1-1-0-0-0-1-0-0",
    "blobRead" : "cloud-1-0-0-1-1-0-1-1-0-0",
    "decisionTree" : "cloud-1-0-0-1-1-0-1-0-0",
    "errorEstimate" : "cloud-0-0-0-0-0-0-0-0-0-1",
    "mqttPublish" : "cloud-1-0-0-0-1-0-1-1-1-1",
    "multiVarLinearReg" : "cloud-1-0-1-1-0-0-1-0-1-0",
    "senMLParse" : "cloud-0-1-1-0-0-0-1-1",
    "sink" : "cloud-1-1-0-1-0-1-1-1-0-0",
    "source" : "cloud-1-1-0-0-0-1-0-0-0-1"
  },
  "appLoopLatency" : 40.94828996969673,
  "latencyPerTupleType" : {
    "blobRead_TUPLE" : 0.2340119222220853,
    "average_TUPLE" : 3.230347673180019,
    "sink_TUPLE" : 3.805731717027359,
    "errorEstimate_TUPLE" : 1.1011747570709574,
    "mqttPublish_TUPLE" : 0.8487984710461328,
    "decisionTree_TUPLE" : 16.076805632724863,
    "multiVarLinearReg_TUPLE" : 2.5114131813576237,
    "senMLParse_TUPLE" : 5.392449288888731,
    "TUPLE" : 0.09584833333332934
  },
  "tuplesProcessedPerModule" : {
    "errorEstimate" : 13997,
    "average" : 4706,
    "multiVarLinearReg" : 9506,
    "decisionTree" : 9341,
    "sink" : 23250,
    "blobRead" : 4800,
    "source" : 4800,
    "senMLParse" : 4800,
    "mqttPublish" : 23277
  },
  "recsInPerModule" : {
    "errorEstimate" : 7.000816075177771,
    "average" : 2.401670804352153,
    "multiVarLinearReg" : 4.759549406518136,
    "decisionTree" : 4.760136420322032,
    "sink" : 11.738963238359291,
    "blobRead" : 2.411568034628188,
    "source" : 2.421306284651793,
    "senMLParse" : 2.4121739787417167,
    "mqttPublish" : 11.651893694501265
  },
  "recsOutPerModule" : {
    "errorEstimate" : 6.998844683344691,
    "average" : 2.3598785859015807,
    "multiVarLinearReg" : 4.754253011906807,
    "decisionTree" : 4.677513861873171,
    "sink" : 11.708045325503882,
    "blobRead" : 2.4113964040895115,
    "source" : 2.4212999232056984,
    "senMLParse" : 2.406133171295191,
    "mqttPublish" : 11.651249708170033
  },
  "remainingDataPerDevice" : {
    "errorEstimate" : 94000,
    "average" : 32000,
    "multiVarLinearReg" : 390000,
    "decisionTree" : 28000,
    "sink" : 0,
    "blobRead" : 0,
    "source" : 0,
    "senMLParse" : 376000,
    "mqttPublish" : 54000
  },
  "executionTime" : 4983.0,
  "networkUsage" : 747252.08,
  "tuplesSentBySensors" : 4800
}