{
  "placement" : {
    "average" : "cloud-0-0-0-1-0-0-0-0-1",
    "blobRead" : "cloud-0-0-1-1-1-1-1-1-1-0",
    "decisionTree" : "cloud-0-1-0-1-1-1-1-0-1",
    "errorEstimate" : "cloud-0-0-1-1-1-0-1-1-0-1",
    "mqttPublish" : "cloud-1-0-1-1-0-0-1-1",
    "multiVarLinearReg" : "cloud-1-1-1-0-1-0-0-0-0",
    "senMLParse" : "cloud-0-1-1-1-0-1-0-0-1-1",
    "sink" : "cloud-1-0-1-1-1-0-0-1",
    "source" : "cloud-0-1-0-0-1-1-1-0-0"
  },
  "appLoopLatency" : 35.51718439607578,
  "latencyPerTupleType" : {
    "blobRead_TUPLE" : 0.21716522666670576,
    "average_TUPLE" : 0.2091025181817652,
    "sink_TUPLE" : 0.2899042397077715,
    "errorEstimate_TUPLE" : 0.5947312609674363,
    "mqttPublish_TUPLE" : 1.2327467490616495,
    "decisionTree_TUPLE" : 0.7026999651515022,
    "multiVarLinearReg_TUPLE" : 1.7864890613271345,
    "senMLParse_TUPLE" : 0.11549690000004387,
    "TUPLE" : 0.09833388888889583
  },
  "tuplesProcessedPerModule" : {
    "errorEstimate" : 14005,
    "average" : 4800,
    "multiVarLinearReg" : 9539,
    "decisionTree" : 9600,
    "sink" : 23277,
    "blobRead" : 4800,
    "source" : 4800,
    "senMLParse" : 4800,
    "mqttPublish" : 23332
  },
  "recsInPerModule" : {
    "errorEstimate" : 7.002846542864022,
    "average" : 2.4053971503469436,
    "multiVarLinearReg" : 4.800665181367697,
    "decisionTree" : 4.80210601761772,
    "sink" : 11.639760441579844,
    "blobRead" : 2.4115730884072675,
    "source" : 2.4224060447105504,
    "senMLParse" : 2.4144844406504613,
    "mqttPublish" : 11.669576926378879
  },
  "recsOutPerModule" : {
    "errorEstimate" : 7.002718453197406,
    "average" : 2.4052537889634613,
    "multiVarLinearReg" : 4.770160954694424,
    "decisionTree" : 4.801456444880127,
    "sink" : 11.638881660267595,
    "blobRead" : 2.4114266955079766,
    "source" : 2.422282526497027,
    "senMLParse" : 2.4143503439486356,
    "mqttPublish" : 11.666577361413754
  },
  "remainingDataPerDevice" : {
    "errorEstimate" : 110000,
    "average" : 224000,
    "multiVarLinearReg" : 444000,
    "decisionTree" : 424000,
    "sink" : 0,
    "blobRead" : 0,
    "source" : 0,
    "senMLParse" : 0,
    "mqttPublish" : 106000
  },
  "executionTime" : 3524.0,
  "networkUsage" : 580916.52,
  "tuplesSentBySensors" : 4800
}