{
  "placement" : {
    "average" : "cloud-1-0-1-0-0-0-1-1-1",
    "blobRead" : "cloud-0-1-0-0-1-1-1-1-1-0",
    "decisionTree" : "cloud-0-1-1-1-0-0-0-1-0",
    "errorEstimate" : "cloud-1-0-0-1-0-0-1",
    "mqttPublish" : "cloud-0-1-0-1-0-1-1",
    "multiVarLinearReg" : "cloud-0-1-1-0-0-0-1-1-1",
    "senMLParse" : "cloud-1-1-1-1-0-1-0-1-0-1",
    "sink" : "cloud-1-0-0-0-1-1-0-0-0-0",
    "source" : "cloud-0-0-1-1-1-0-0-0-1-0"
  },
  "appLoopLatency" : 37.2730611727853,
  "latencyPerTupleType" : {
    "blobRead_TUPLE" : 0.11987272000004627,
    "average_TUPLE" : 1.528087368417373,
    "sink_TUPLE" : 3.2463556272711025,
    "errorEstimate_TUPLE" : 10.744163484898792,
    "mqttPublish_TUPLE" : 1.0940195596400424,
    "decisionTree_TUPLE" : 0.6740589982436326,
    "multiVarLinearReg_TUPLE" : 1.8130310216104024,
    "senMLParse_TUPLE" : 5.238312586666674,
    "TUPLE" : 0.09700666666666204
  },
  "tuplesProcessedPerModule" : {
    "errorEstimate" : 13961,
    "average" : 4693,
    "multiVarLinearReg" : 9498,
    "decisionTree" : 9499,
    "sink" : 23251,
    "blobRead" : 4800,
    "source" : 4800,
    "senMLParse" : 4800,
    "mqttPublish" : 23351
  },
  "recsInPerModule" : {
    "errorEstimate" : 6.981206322836105,
    "average" : 2.349233336426525,
    "multiVarLinearReg" : 4.749946852030512,
    "decisionTree" : 4.750207632097344,
    "sink" : 11.632255394515537,
    "blobRead" : 2.4104831403563907,
    "source" : 2.421794943594882,
    "senMLParse" : 2.4092732413079654,
    "mqttPublish" : 11.68107808195293
  },
  "recsOutPerModule" : {
    "errorEstimate" : 6.980706308058649,
    "average" : 2.3470802948703655,
    "multiVarLinearReg" : 4.749034639674529,
    "decisionTree" : 4.749932985682899,
    "sink" : 11.631521940358803,
    "blobRead" : 2.4103494877259504,
    "source" : 2.4216714876918655,
    "senMLParse" : 2.4028083310940693,
    "mqttPublish" : 11.676357652795343
  },
  "remainingDataPerDevice" : {
    "errorEstimate" : 22000,
    "average" : 84000,
    "multiVarLinearReg" : 374000,
    "decisionTree" : 176000,
    "sink" : 0,
    "blobRead" : 0,
    "source" : 0,
    "senMLParse" : 712000,
    "mqttPublish" : 200000
  },
  "executionTime" : 4576.0,
  "networkUsage" : 656192.8,
  "tuplesSentBySensors" : 4800
}