{
  "placement" : {
    "average" : "cloud-1-1-1-0-1-0-0-0",
    "blobRead" : "cloud-1-1-1-0-1-1-1-1",
    "decisionTree" : "cloud-1-0-0-0-1-0-1-0-1-1",
    "errorEstimate" : "cloud-0-0-1-1-0-1-1-1-0",
    "mqttPublish" : "cloud-1-1-0-1-1-0-0-0-1",
    "multiVarLinearReg" : "cloud-1-0-1-0-0-0-1-1-1-1",
    "senMLParse" : "cloud-1-1-0-0-1-0-1-1-1-0",
    "sink" : "cloud-0-1-1-0-1-1-0-1-1",
    "source" : "cloud-0-1-0-0-0-1-1-0"
  },
  "appLoopLatency" : 38.34171716060587,
  "latencyPerTupleType" : {
    "blobRead_TUPLE" : 4.6376173955555835,
    "average_TUPLE" : 1.2265299413354913,
    "sink_TUPLE" : 0.5375584243634512,
    "errorEstimate_TUPLE" : 2.0370983267068645,
    "mqttPublish_TUPLE" : 0.5372385759934122,
    "decisionTree_TUPLE" : 11.117920429837971,
    "multiVarLinearReg_TUPLE" : 1.0322914064996611,
    "senMLParse_TUPLE" : 4.6376173955555835,
    "TUPLE" : 0.09793111111111678
  },
  "tuplesProcessedPerModule" : {
    "errorEstimate" : 14010,
    "average" : 4706,
    "multiVarLinearReg" : 9412,
    "decisionTree" : 9412,
    "sink" : 23250,
    "blobRead" : 4800,
    "source" : 4800,
    "senMLParse" : 4800,
    "mqttPublish" : 23291
  },
  "recsInPerModule" : {
    "errorEstimate" : 7.006682168481371,
    "average" : 2.358186582599745,
    "multiVarLinearReg" : 4.753468983984063,
    "decisionTree" : 4.754657813275542,
    "sink" : 11.752532019458952,
    "blobRead" : 2.41375467986667,
    "source" : 2.4224060447105504,
    "senMLParse" : 2.4114506718323594,
    "mqttPublish" : 11.646576266770394
  },
  "recsOutPerModule" : {
    "errorEstimate" : 7.005182143492211,
    "average" : 2.3580012863229096,
    "multiVarLinearReg" : 4.709890237459216,
    "decisionTree" : 4.708233677867339,
    "sink" : 11.749030506681592,
    "blobRead" : 2.4077059626526247,
    "source" : 2.4222812531789812,
    "senMLParse" : 2.4054134820642408,
    "mqttPublish" : 11.647119334913086
  },
  "remainingDataPerDevice" : {
    "errorEstimate" : 120000,
    "average" : 42000,
    "multiVarLinearReg" : 168000,
    "decisionTree" : 140000,
    "sink" : 0,
    "blobRead" : 0,
    "source" : 0,
    "senMLParse" : 658000,
    "mqttPublish" : 82000
  },
  "executionTime" : 3959.0,
  "networkUsage" : 654952.06,
  "tuplesSentBySensors" : 4800
}