{
  "placement" : {
    "average" : "cloud-0-0-0-1-1-1-0-1-1-0",
    "blobRead" : "cloud-1-0-0-1-1-1-0-1-1",
    "decisionTree" : "cloud-0-1-1-0-0-1-1-1-1",
    "errorEstimate" : "cloud-1-1-1-1-0-1-0",
    "mqttPublish" : "cloud-1-0-1-0-0-1-0-0",
    "multiVarLinearReg" : "cloud-0-1-1-1-1-1-0-1-0",
    "senMLParse" : "cloud-0-1-0-1-1-0-1-0",
    "sink" : "cloud-0-0-1-1-0-0-0",
    "source" : "cloud-0-0-0-0-0-0-0-0-0-1"
  },
  "appLoopLatency" : 40.16810563030281,
  "latencyPerTupleType" : {
    "blobRead_TUPLE" : 0.12499488080795629,
    "average_TUPLE" : 0.2539480590889561,
    "sink_TUPLE" : 1.2717007294523992,
    "errorEstimate_TUPLE" : 2.266444216739599,
    "mqttPublish_TUPLE" : 3.6856809408705398,
    "decisionTree_TUPLE" : 2.1913381766009468,
    "multiVarLinearReg_TUPLE" : 19.72449800371127,
    "senMLParse_TUPLE" : 0.12499488080795629,
    "TUPLE" : 0.09681474747474204
  },
  "tuplesProcessedPerModule" : {
    "errorEstimate" : 13956,
    "average" : 4794,
    "multiVarLinearReg" : 9333,
    "decisionTree" : 9456,
    "sink" : 23250,
    "blobRead" : 4800,
    "source" : 4800,
    "senMLParse" : 4800,
    "mqttPublish" : 23255
  },
  "recsInPerModule" : {
    "errorEstimate" : 6.9787660261198825,
    "average" : 2.3980891427143143,
    "multiVarLinearReg" : 4.781236592320917,
    "decisionTree" : 4.777736433454015,
    "sink" : 11.67533639221033,
    "blobRead" : 2.407338894262724,
    "source" : 2.4202075227108746,
    "senMLParse" : 2.408909467365704,
    "mqttPublish" : 11.628420088872994
  },
  "recsOutPerModule" : {
    "errorEstimate" : 6.9792831970500435,
    "average" : 2.3970891139306625,
    "multiVarLinearReg" : 4.669299223872866,
    "decisionTree" : 4.728470466261747,
    "sink" : 11.661391928063301,
    "blobRead" : 2.4072055900695366,
    "source" : 2.4200831886789977,
    "senMLParse" : 2.4087759891824962,
    "mqttPublish" : 11.627687244347415
  },
  "remainingDataPerDevice" : {
    "errorEstimate" : 12000,
    "average" : 288000,
    "multiVarLinearReg" : 52000,
    "decisionTree" : 302000,
    "sink" : 0,
    "blobRead" : 166000,
    "source" : 0,
    "senMLParse" : 12000,
    "mqttPublish" : 10000
  },
  "executionTime" : 5356.0,
  "networkUsage" : 620631.44,
  "tuplesSentBySensors" : 4800
}