{
  "placement" : {
    "average" : "cloud-1-0-1-0-0-1-0-1-0-1",
    "blobRead" : "cloud-1-0-0-1-1-1-0-0-1",
    "decisionTree" : "cloud-1-1-0-0-0-0-1-0-1-0",
    "errorEstimate" : "cloud-0-0-1-1-0-1-1-1-1-1",
    "mqttPublish" : "cloud-1-1-1-0-1-0-1-1-0-1",
    "multiVarLinearReg" : "cloud-0-0-1-0-0-1-0-1-1-1",
    "senMLParse" : "cloud-0-0-0-1-0-0-1",
    "sink" : "cloud-0-0-1-0-1-1",
    "source" : "cloud-0-0-1-0-0"
  },
  "appLoopLatency" : 41.885413842071834,
  "latencyPerTupleType" : {
    "blobRead_TUPLE" : 0.12033076222226209,
    "average_TUPLE" : 0.25251242202039637,
    "sink_TUPLE" : 1.0389338840663294,
    "errorEstimate_TUPLE" : 14.958982026341559,
    "mqttPublish_TUPLE" : 2.0941977734960933,
    "decisionTree_TUPLE" : 17.875137188636543,
    "multiVarLinearReg_TUPLE" : 1.0434476282324547,
    "senMLParse_TUPLE" : 0.21026384303034448,
    "TUPLE" : 0.09808277777778017
  },
  "tuplesProcessedPerModule" : {
    "errorEstimate" : 14048,
    "average" : 4800,
    "multiVarLinearReg" : 9600,
    "decisionTree" : 9349,
    "sink" : 23258,
    "blobRead" : 4800,
    "source" : 4800,
    "senMLParse" : 4800,
    "mqttPublish" : 23299
  },
  "recsInPerModule" : {
    "errorEstimate" : 7.1417105627070105,
    "average" : 2.413124873096968,
    "multiVarLinearReg" : 4.808382201453824,
    "decisionTree" : 4.808141379380459,
    "sink" : 11.631087413106487,
    "blobRead" : 2.416306342065924,
    "source" : 2.4253436282433287,
    "senMLParse" : 2.421792396763362,
    "mqttPublish" : 11.652076061162354
  },
  "recsOutPerModule" : {
    "errorEstimate" : 7.027158684990639,
    "average" : 2.4129805891187432,
    "multiVarLinearReg" : 4.805884795118382,
    "decisionTree" : 4.683071180491185,
    "sink" : 11.63044520035413,
    "blobRead" : 2.416172042922246,
    "source" : 2.4252185338737133,
    "senMLParse" : 2.4216470744691394,
    "mqttPublish" : 11.650548418906867
  },
  "remainingDataPerDevice" : {
    "errorEstimate" : 148000,
    "average" : 0,
    "multiVarLinearReg" : 236000,
    "decisionTree" : 40000,
    "sink" : 0,
    "blobRead" : 0,
    "source" : 0,
    "senMLParse" : 0,
    "mqttPublish" : 82000
  },
  "executionTime" : 9037.0,
  "networkUsage" : 673825.5,
  "tuplesSentBySensors" : 4800
}