{
  "placement" : {
    "average" : "cloud-1-0-1-0-0-1-1-0-0",
    "blobRead" : "cloud-1-0-1-1-0-0-1-1-0-1",
    "decisionTree" : "cloud-0-1-0-0-0-0-0-0-0-0",
    "errorEstimate" : "cloud-0-1-0-1-1-1-0-1-0",
    "mqttPublish" : "cloud-1-1-0-0-0-1-1-0-1-0",
    "multiVarLinearReg" : "cloud-1-0-0-1-0-0-0-0-0",
    "senMLParse" : "cloud-0-1-1-1-0-0-1-0-0-0",
    "sink" : "cloud-0-1-1-1-1-1-1-1-1-1",
    "source" : "cloud-0-0-1-1-1-0-1-0"
  },
  "appLoopLatency" : 42.8233147484846,
  "latencyPerTupleType" : {
    "blobRead_TUPLE" : 5.238777864444545,
    "average_TUPLE" : 0.37016136545473455,
    "sink_TUPLE" : 0.4482189184443316,
    "errorEstimate_TUPLE" : 5.371330160494653,
    "mqttPublish_TUPLE" : 0.8062105964541114,
    "decisionTree_TUPLE" : 1.8464514640827767,
    "multiVarLinearReg_TUPLE" : 15.813742832265055,
    "senMLParse_TUPLE" : 0.20992133111116063,
    "TUPLE" : 0.0973399999999978
  },
  "tuplesProcessedPerModule" : {
    "errorEstimate" : 13998,
    "average" : 4800,
    "multiVarLinearReg" : 9358,
    "decisionTree" : 9499,
    "sink" : 23250,
    "blobRead" : 4800,
    "source" : 4800,
    "senMLParse" : 4800,
    "mqttPublish" : 23254
  },
  "recsInPerModule" : {
    "errorEstimate" : 7.005346494945662,
    "average" : 2.4059883923552072,
    "multiVarLinearReg" : 4.801518382957888,
    "decisionTree" : 4.756627559449588,
    "sink" : 11.648238010602705,
    "blobRead" : 2.4143617295462096,
    "source" : 2.4233844482332265,
    "senMLParse" : 2.415455188169811,
    "mqttPublish" : 11.630501296685416
  },
  "recsOutPerModule" : {
    "errorEstimate" : 6.999346212161367,
    "average" : 2.4058426766806726,
    "multiVarLinearReg" : 4.680489470994233,
    "decisionTree" : 4.756321723696284,
    "sink" : 11.644038992525893,
    "blobRead" : 2.407869518953352,
    "source" : 2.423259555877946,
    "senMLParse" : 2.415310625400044,
    "mqttPublish" : 11.629798451441385
  },
  "remainingDataPerDevice" : {
    "errorEstimate" : 96000,
    "average" : 246000,
    "multiVarLinearReg" : 50000,
    "decisionTree" : 390000,
    "sink" : 0,
    "blobRead" : 202000,
    "source" : 0,
    "senMLParse" : 0,
    "mqttPublish" : 8000
  },
  "executionTime" : 4284.0,
  "networkUsage" : 813714.46,
  "tuplesSentBySensors" : 4800
}