{
  "placement" : {
    "average" : "cloud-0-0-0-0-1-0-0-0-1-0",
    "blobRead" : "cloud-1-1-1-0-0-0-0",
    "decisionTree" : "cloud-0-0-1-0-1-1-0-0-0",
    "errorEstimate" : "cloud-0-0-1-1-0-1-0",
    "mqttPublish" : "cloud-1-1-1-0-0-1-1-0-1-0",
    "multiVarLinearReg" : "cloud-1-0-1-1-0-1-0-0",
    "senMLParse" : "cloud-1-1",
    "sink" : "cloud-0-1-1-1-0-0-1-1-0-0",
    "source" : "cloud-1-0-1-1-1-0-0-1-1-0"
  },
  "appLoopLatency" : 40.44457035450605,
  "latencyPerTupleType" : {
    "blobRead_TUPLE" : 0.20942665696974497,
    "average_TUPLE" : 0.112700959999951,
    "sink_TUPLE" : 1.7328465679418315,
    "errorEstimate_TUPLE" : 15.002451272089582,
    "mqttPublish_TUPLE" : 7.984032046105972,
    "decisionTree_TUPLE" : 2.5025292692425074,
    "multiVarLinearReg_TUPLE" : 19.3790023837406,
    "senMLParse_TUPLE" : 0.11084594222226052,
    "TUPLE" : 0.09432555555555901
  },
  "tuplesProcessedPerModule" : {
    "errorEstimate" : 14051,
    "average" : 4800,
    "multiVarLinearReg" : 9343,
    "decisionTree" : 9600,
    "sink" : 23045,
    "blobRead" : 4800,
    "source" : 4800,
    "senMLParse" : 4800,
    "mqttPublish" : 23062
  },
  "recsInPerModule" : {
    "errorEstimate" : 7.079850461945456,
    "average" : 2.409367703953033,
    "multiVarLinearReg" : 4.816518146339953,
    "decisionTree" : 4.813137404105004,
    "sink" : 11.52451019006612,
    "blobRead" : 2.41375467986667,
    "source" : 2.421306284651793,
    "senMLParse" : 2.4156983136291736,
    "mqttPublish" : 11.719688976078178
  },
  "recsOutPerModule" : {
    "errorEstimate" : 7.033796283159488,
    "average" : 2.4092215786759175,
    "multiVarLinearReg" : 4.689222911849612,
    "decisionTree" : 4.807172246619926,
    "sink" : 11.702133085686969,
    "blobRead" : 2.4135873350109285,
    "source" : 2.4213037400693445,
    "senMLParse" : 2.415551419478805,
    "mqttPublish" : 11.564688307108636
  },
  "remainingDataPerDevice" : {
    "errorEstimate" : 92000,
    "average" : 0,
    "multiVarLinearReg" : 0,
    "decisionTree" : 332000,
    "sink" : 0,
    "blobRead" : 0,
    "source" : 0,
    "senMLParse" : 0,
    "mqttPublish" : 28000
  },
  "executionTime" : 9948.0,
  "networkUsage" : 579912.1,
  "tuplesSentBySensors" : 4800
}