{
  "placement" : {
    "average" : "cloud-1-1-1-1-1-1-1-1",
    "blobRead" : "cloud-0-1-1-1-0-1-0-0-0",
    "decisionTree" : "cloud-0-0-1-0-1-1-0-0-1",
    "errorEstimate" : "cloud-1-0-1-1-0-1-1-1-1-0",
    "mqttPublish" : "cloud-1-0-0-1",
    "multiVarLinearReg" : "cloud-1-0-1-1-0-1-1-0",
    "senMLParse" : "cloud-0-1-1-1-1-0-1-1",
    "sink" : "cloud-1-1-1-0-1-1-0-1-1",
    "source" : "cloud-1-0-0-1-1-1-1-0-0-1"
  },
  "appLoopLatency" : 25.591718277840663,
  "latencyPerTupleType" : {
    "blobRead_TUPLE" : 0.1886124939392704,
    "average_TUPLE" : 4.84263167070724,
    "sink_TUPLE" : 6.5502412434392445,
    "errorEstimate_TUPLE" : 14.520704812962999,
    "mqttPublish_TUPLE" : 2.722797337607115,
    "decisionTree_TUPLE" : 20.035949016531482,
    "multiVarLinearReg_TUPLE" : 20.035949016531482,
    "senMLParse_TUPLE" : 0.1886124939392705,
    "TUPLE" : 0.09757083333332846
  },
  "tuplesProcessedPerModule" : {
    "errorEstimate" : 14024,
    "average" : 4800,
    "multiVarLinearReg" : 9334,
    "decisionTree" : 9334,
    "sink" : 23042,
    "blobRead" : 4800,
    "source" : 4800,
    "senMLParse" : 4800,
    "mqttPublish" : 23311
  },
  "recsInPerModule" : {
    "errorEstimate" : 7.015048188500327,
    "average" : 2.4064441721836283,
    "multiVarLinearReg" : 4.803736893890939,
    "decisionTree" : 4.807345257904484,
    "sink" : 11.644780987936835,
    "blobRead" : 2.4108412961523924,
    "source" : 2.421184150726784,
    "senMLParse" : 2.412901521024502,
    "mqttPublish" : 11.656411270862911
  },
  "recsOutPerModule" : {
    "errorEstimate" : 7.013354629446679,
    "average" : 2.40074464642384,
    "multiVarLinearReg" : 4.672270011920458,
    "decisionTree" : 4.675780854317299,
    "sink" : 11.561814459147303,
    "blobRead" : 2.4106743550068486,
    "source" : 2.4211777899224316,
    "senMLParse" : 2.412734294442226,
    "mqttPublish" : 11.657181771899916
  },
  "remainingDataPerDevice" : {
    "errorEstimate" : 88000,
    "average" : 212000,
    "multiVarLinearReg" : 0,
    "decisionTree" : 4000,
    "sink" : 0,
    "blobRead" : 0,
    "source" : 0,
    "senMLParse" : 0,
    "mqttPublish" : 46000
  },
  "executionTime" : 7261.0,
  "networkUsage" : 412779.5,
  "tuplesSentBySensors" : 4800
}