{
  "placement" : {
    "average" : "cloud-1-0-0-1-1-0-1-1-0",
    "blobRead" : "cloud-1-0-1-0-0-0-1-1-1-0",
    "decisionTree" : "cloud-1-0-0-1-1-0-1",
    "errorEstimate" : "cloud-1-1-1-1-0-0-1-0-0-1",
    "mqttPublish" : "cloud-0-1-1-0-0-0-0-0-1-1",
    "multiVarLinearReg" : "cloud-0-0-1-0-1-0-1-0-0-0",
    "senMLParse" : "cloud-0-1-1-1-1-0-0-1-1-1",
    "sink" : "cloud-1-1-1-1-0-0-0-1-0-1",
    "source" : "cloud-1-1-0-1-1-1-1-0-1-1"
  },
  "appLoopLatency" : 42.3132419687193,
  "latencyPerTupleType" : {
    "blobRead_TUPLE" : 0.21275568686854868,
    "average_TUPLE" : 0.2876417260350811,
    "sink_TUPLE" : 8.034036279343992,
    "errorEstimate_TUPLE" : 14.586068764717668,
    "mqttPublish_TUPLE" : 1.9694215517130151,
    "decisionTree_TUPLE" : 5.209769704721245,
    "multiVarLinearReg_TUPLE" : 20.195241784661544,
    "senMLParse_TUPLE" : 0.21275568686854868,
    "TUPLE" : 0.0933284848484794
  },
  "tuplesProcessedPerModule" : {
    "errorEstimate" : 13952,
    "average" : 4798,
    "multiVarLinearReg" : 9334,
    "decisionTree" : 9441,
    "sink" : 22998,
    "blobRead" : 4800,
    "source" : 4800,
    "senMLParse" : 4800,
    "mqttPublish" : 23038
  },
  "recsInPerModule" : {
    "errorEstimate" : 6.979640756911469,
    "average" : 2.399310803449692,
    "multiVarLinearReg" : 4.7973816491552155,
    "decisionTree" : 4.802303009894346,
    "sink" : 11.610364024192116,
    "blobRead" : 2.4108453094452837,
    "source" : 2.42106202912235,
    "senMLParse" : 2.4097560129597793,
    "mqttPublish" : 11.520722134825798
  },
  "recsOutPerModule" : {
    "errorEstimate" : 6.979140531816013,
    "average" : 2.399145386392881,
    "multiVarLinearReg" : 4.672136897715617,
    "decisionTree" : 4.722765031669055,
    "sink" : 11.607641552447594,
    "blobRead" : 2.4106783677439494,
    "source" : 2.421059716332045,
    "senMLParse" : 2.4095892220782713,
    "mqttPublish" : 11.5197860122793
  },
  "remainingDataPerDevice" : {
    "errorEstimate" : 508000,
    "average" : 294000,
    "multiVarLinearReg" : 64000,
    "decisionTree" : 202000,
    "sink" : 0,
    "blobRead" : 8000,
    "source" : 0,
    "senMLParse" : 10000,
    "mqttPublish" : 80000
  },
  "executionTime" : 8177.0,
  "networkUsage" : 770539.26,
  "tuplesSentBySensors" : 4800
}