{
  "placement" : {
    "average" : "cloud-0-1-1-1-1-0-1-0",
    "blobRead" : "cloud-1-1-0-0-1-0-0-1-0-0",
    "decisionTree" : "cloud-1-0-0-0-1-0-0-1-0-0",
    "errorEstimate" : "cloud-1-0-1-1-1-1",
    "mqttPublish" : "cloud-1-1-0-1-0-1-0-0-1-1",
    "multiVarLinearReg" : "cloud-1-0-1-1-0-1-0-1-0",
    "senMLParse" : "cloud-0-1-0-0-1-0-0-1-0-1",
    "sink" : "cloud-1-0-1-1-1-0-1-0",
    "source" : "cloud-0-0-0-1-1-0-1-0-0"
  },
  "appLoopLatency" : 34.54784136363617,
  "latencyPerTupleType" : {
    "blobRead_TUPLE" : 4.259047964444534,
    "average_TUPLE" : 0.20701438727267804,
    "sink_TUPLE" : 1.039066856563937,
    "errorEstimate_TUPLE" : 13.965145372607559,
    "mqttPublish_TUPLE" : 2.679982036099607,
    "decisionTree_TUPLE" : 0.6084078648023001,
    "multiVarLinearReg_TUPLE" : 1.562099247955312,
    "senMLParse_TUPLE" : 0.23410190666670014,
    "TUPLE" : 0.09644444444444411
  },
  "tuplesProcessedPerModule" : {
    "errorEstimate" : 14048,
    "average" : 4800,
    "multiVarLinearReg" : 9488,
    "decisionTree" : 9507,
    "sink" : 23250,
    "blobRead" : 4800,
    "source" : 4800,
    "senMLParse" : 4800,
    "mqttPublish" : 23297
  },
  "recsInPerModule" : {
    "errorEstimate" : 7.1125443147184395,
    "average" : 2.4040581406943486,
    "multiVarLinearReg" : 4.799879045248255,
    "decisionTree" : 4.753864040608192,
    "sink" : 11.719351876929185,
    "blobRead" : 2.4132692598691876,
    "source" : 2.4227728534358706,
    "senMLParse" : 2.4115718257177616,
    "mqttPublish" : 11.655164443374545
  },
  "recsOutPerModule" : {
    "errorEstimate" : 7.0261042303907,
    "average" : 2.403914938871322,
    "multiVarLinearReg" : 4.744383012854533,
    "decisionTree" : 4.753552064863508,
    "sink" : 11.708986471860195,
    "blobRead" : 2.407537397104099,
    "source" : 2.422648024109722,
    "senMLParse" : 2.4114254329717673,
    "mqttPublish" : 11.650545103677624
  },
  "remainingDataPerDevice" : {
    "errorEstimate" : 134000,
    "average" : 20000,
    "multiVarLinearReg" : 108000,
    "decisionTree" : 360000,
    "sink" : 0,
    "blobRead" : 178000,
    "source" : 0,
    "senMLParse" : 10000,
    "mqttPublish" : 94000
  },
  "executionTime" : 4378.0,
  "networkUsage" : 605857.0,
  "tuplesSentBySensors" : 4800
}