{
  "placement" : {
    "average" : "cloud-0-1-0-1-0-1-1-0-1",
    "blobRead" : "cloud-1-0-0-0-0-0-1-1",
    "decisionTree" : "cloud-1-1-1-1-0-1-0-1-0-0",
    "errorEstimate" : "cloud-0-0-0-0-1-1-0-1-0-1",
    "mqttPublish" : "cloud-0-0-0-0-0-0-1-0-0",
    "multiVarLinearReg" : "cloud-1-1-0-0-1-0-1-1-0-1",
    "senMLParse" : "cloud-0-1-0-1-1-0-1-1-1-1",
    "sink" : "cloud-1-0-1-0-1-0-1-1",
    "source" : "cloud-1-0-0-1-1-1-1"
  },
  "appLoopLatency" : 42.18227114916807,
  "latencyPerTupleType" : {
    "blobRead_TUPLE" : 0.24306103333338,
    "average_TUPLE" : 0.21814900626256156,
    "sink_TUPLE" : 2.426283792855634,
    "errorEstimate_TUPLE" : 0.8841844733911783,
    "mqttPublish_TUPLE" : 0.5651958848477925,
    "decisionTree_TUPLE" : 17.42343286120905,
    "multiVarLinearReg_TUPLE" : 0.8939900316666132,
    "senMLParse_TUPLE" : 0.2430610333333791,
    "TUPLE" : 0.0968208333333325
  },
  "tuplesProcessedPerModule" : {
    "errorEstimate" : 14064,
    "average" : 4800,
    "multiVarLinearReg" : 9600,
    "decisionTree" : 9375,
    "sink" : 23250,
    "blobRead" : 4800,
    "source" : 4800,
    "senMLParse" : 4800,
    "mqttPublish" : 23280
  },
  "recsInPerModule" : {
    "errorEstimate" : 7.04684843846789,
    "average" : 2.406203525547015,
    "multiVarLinearReg" : 4.802296169089907,
    "decisionTree" : 4.801095325888562,
    "sink" : 11.74785563441709,
    "blobRead" : 2.418011718309944,
    "source" : 2.423017454307191,
    "senMLParse" : 2.4130278860790124,
    "mqttPublish" : 11.64072773852573
  },
  "recsOutPerModule" : {
    "errorEstimate" : 7.032348002773266,
    "average" : 2.4060372260557616,
    "multiVarLinearReg" : 4.801755713158667,
    "decisionTree" : 4.688569670601787,
    "sink" : 11.725508357218054,
    "blobRead" : 2.417839169388837,
    "source" : 2.4230161802163717,
    "senMLParse" : 2.4128560476905077,
    "mqttPublish" : 11.640410489816508
  },
  "remainingDataPerDevice" : {
    "errorEstimate" : 222000,
    "average" : 202000,
    "multiVarLinearReg" : 412000,
    "decisionTree" : 96000,
    "sink" : 0,
    "blobRead" : 0,
    "source" : 0,
    "senMLParse" : 0,
    "mqttPublish" : 60000
  },
  "executionTime" : 4095.0,
  "networkUsage" : 720622.1,
  "tuplesSentBySensors" : 4800
}