{
  "placement" : {
    "average" : "cloud-1-0-0-1-1-0-0",
    "blobRead" : "cloud-0-0-0-0-1-1-1-1-1-0",
    "decisionTree" : "cloud-1-0-0-1-1-0-1-0-1-1",
    "errorEstimate" : "cloud-1-1-1-1-1-0-0-0",
    "mqttPublish" : "cloud-0-0-0-1-0-0-1-0-1-0",
    "multiVarLinearReg" : "cloud-1-0-0-1-1-0-0-1-1-0",
    "senMLParse" : "cloud-1-1-1-0-0-1-1-1-0-0",
    "sink" : "cloud-1-0-0-0-1-1-0-1-1",
    "source" : "cloud-0-1-0-1-1-0-1-1-0"
  },
  "appLoopLatency" : 42.165793169696904,
  "latencyPerTupleType" : {
    "blobRead_TUPLE" : 4.6238454444442745,
    "average_TUPLE" : 4.573910913548648,
    "sink_TUPLE" : 1.89584961333001,
    "errorEstimate_TUPLE" : 14.883599232301815,
    "mqttPublish_TUPLE" : 4.835525194778768,
    "decisionTree_TUPLE" : 17.414645568297427,
    "multiVarLinearReg_TUPLE" : 1.2726402524877882,
    "senMLParse_TUPLE" : 0.11697733333320343,
    "TUPLE" : 0.0995838888888796
  },
  "tuplesProcessedPerModule" : {
    "errorEstimate" : 13958,
    "average" : 4704,
    "multiVarLinearReg" : 9433,
    "decisionTree" : 9336,
    "sink" : 23250,
    "blobRead" : 4800,
    "source" : 4800,
    "senMLParse" : 4800,
    "mqttPublish" : 23251
  },
  "recsInPerModule" : {
    "errorEstimate" : 6.981635329643993,
    "average" : 2.3983210344570303,
    "multiVarLinearReg" : 4.737734401778394,
    "decisionTree" : 4.7147332685005585,
    "sink" : 11.645678189708608,
    "blobRead" : 2.409872992597553,
    "source" : 2.420939919836627,
    "senMLParse" : 2.4074556272637295,
    "mqttPublish" : 11.629939952484044
  },
  "recsOutPerModule" : {
    "errorEstimate" : 6.981104274384514,
    "average" : 2.352939979521829,
    "multiVarLinearReg" : 4.716969305427106,
    "decisionTree" : 4.6684644842053915,
    "sink" : 11.633805168831065,
    "blobRead" : 2.40390639195855,
    "source" : 2.4208114639880445,
    "senMLParse" : 2.40732231014262,
    "mqttPublish" : 11.629206790282392
  },
  "remainingDataPerDevice" : {
    "errorEstimate" : 16000,
    "average" : 102000,
    "multiVarLinearReg" : 256000,
    "decisionTree" : 70000,
    "sink" : 0,
    "blobRead" : 378000,
    "source" : 0,
    "senMLParse" : 226000,
    "mqttPublish" : 2000
  },
  "executionTime" : 6820.0,
  "networkUsage" : 720322.3,
  "tuplesSentBySensors" : 4800
}