{
  "placement" : {
    "average" : "cloud-0-1-0-0-1-0-1-0-1",
    "blobRead" : "cloud-1-0-1-0-1-0-1-0-1-1",
    "decisionTree" : "cloud-0-0-0-1-1-1-1-0-1-0",
    "errorEstimate" : "cloud-1-0-1-1-1-0-0-0-0-1",
    "mqttPublish" : "cloud-0-0-1-1-1-1-0-0",
    "multiVarLinearReg" : "cloud-0-1-1-0-1-1-0-0-1",
    "senMLParse" : "cloud-0-0-1-1-1-0-1-0-1",
    "sink" : "cloud-0-1-0-0-1-1-1-0",
    "source" : "cloud-1-1-0-0-0-0-1-1-1-1"
  },
  "appLoopLatency" : 37.66904482459203,
  "latencyPerTupleType" : {
    "blobRead_TUPLE" : 0.23300511111097644,
    "average_TUPLE" : 1.3537305477276271,
    "sink_TUPLE" : 0.6396700437932433,
    "errorEstimate_TUPLE" : 2.316888806135989,
    "mqttPublish_TUPLE" : 1.1935688284443862,
    "decisionTree_TUPLE" : 15.047917399287668,
    "multiVarLinearReg_TUPLE" : 1.68619830635228,
    "senMLParse_TUPLE" : 5.39444928888874,
    "TUPLE" : 0.09732055555555334
  },
  "tuplesProcessedPerModule" : {
    "errorEstimate" : 13954,
    "average" : 4686,
    "multiVarLinearReg" : 9364,
    "decisionTree" : 9344,
    "sink" : 23251,
    "blobRead" : 4800,
    "source" : 4800,
    "senMLParse" : 4800,
    "mqttPublish" : 23256
  },
  "recsInPerModule" : {
    "errorEstimate" : 6.978900076180668,
    "average" : 2.3440470408855965,
    "multiVarLinearReg" : 4.682965934037091,
    "decisionTree" : 4.675871936336577,
    "sink" : 11.626390085421233,
    "blobRead" : 2.4062487713927716,
    "source" : 2.4198414902997123,
    "senMLParse" : 2.4072141580441127,
    "mqttPublish" : 11.630695607551978
  },
  "recsOutPerModule" : {
    "errorEstimate" : 6.978478344960068,
    "average" : 2.343783247438783,
    "multiVarLinearReg" : 4.68246588428439,
    "decisionTree" : 4.6728713768052375,
    "sink" : 11.625778474209422,
    "blobRead" : 2.4060778971328314,
    "source" : 2.4198351365481248,
    "senMLParse" : 2.4011981358388317,
    "mqttPublish" : 11.630053382841854
  },
  "remainingDataPerDevice" : {
    "errorEstimate" : 8000,
    "average" : 70000,
    "multiVarLinearReg" : 122000,
    "decisionTree" : 76000,
    "sink" : 0,
    "blobRead" : 534000,
    "source" : 0,
    "senMLParse" : 778000,
    "mqttPublish" : 10000
  },
  "executionTime" : 4165.0,
  "networkUsage" : 655325.48,
  "tuplesSentBySensors" : 4800
}