{
  "placement" : {
    "average" : "cloud-0-1-0-0-1-0-0-1-0",
    "blobRead" : "cloud-0-1-0-0-1-0-1-0-0-1",
    "decisionTree" : "cloud-1-1-1-1-1-1-1-1-1-1",
    "errorEstimate" : "cloud-1-0-1-0-1-1-0-1-0",
    "mqttPublish" : "cloud-1-1-1-1-0-0-1-1-0-0",
    "multiVarLinearReg" : "cloud-1-0-0-0-0-1-1-1-0-1",
    "senMLParse" : "cloud-1-0-0-0-0-0-1-1-0-0",
    "sink" : "cloud-0-1-0-0-1-1-1-1-0-0",
    "source" : "cloud-1-1-1-0-1-0-0-1-0-0"
  },
  "appLoopLatency" : 43.60282044545429,
  "latencyPerTupleType" : {
    "blobRead_TUPLE" : 0.11498433111115834,
    "average_TUPLE" : 0.3681285884850863,
    "sink_TUPLE" : 0.30868604246464815,
    "errorEstimate_TUPLE" : 0.9797065383767286,
    "mqttPublish_TUPLE" : 0.20836041762774468,
    "decisionTree_TUPLE" : 2.187798714117233,
    "multiVarLinearReg_TUPLE" : 1.0626068928376777,
    "senMLParse_TUPLE" : 0.2879485640404471,
    "TUPLE" : 0.09469555555556597
  },
  "tuplesProcessedPerModule" : {
    "errorEstimate" : 14105,
    "average" : 4800,
    "multiVarLinearReg" : 9598,
    "decisionTree" : 9550,
    "sink" : 23250,
    "blobRead" : 4800,
    "source" : 4800,
    "senMLParse" : 4800,
    "mqttPublish" : 23328
  },
  "recsInPerModule" : {
    "errorEstimate" : 7.053057425730199,
    "average" : 2.4028340188336363,
    "multiVarLinearReg" : 4.80018258654512,
    "decisionTree" : 4.800182591345486,
    "sink" : 11.811815601642273,
    "blobRead" : 2.41169299238344,
    "source" : 2.4227728534358706,
    "senMLParse" : 2.414361728939008,
    "mqttPublish" : 11.666333863876957
  },
  "recsOutPerModule" : {
    "errorEstimate" : 7.05263797433644,
    "average" : 2.4026636291941075,
    "multiVarLinearReg" : 4.799182558104987,
    "decisionTree" : 4.775181649899621,
    "sink" : 11.806785241781492,
    "blobRead" : 2.411546584926851,
    "source" : 2.4227703057700167,
    "senMLParse" : 2.414194299902557,
    "mqttPublish" : 11.665568157786195
  },
  "remainingDataPerDevice" : {
    "errorEstimate" : 310000,
    "average" : 296000,
    "multiVarLinearReg" : 290000,
    "decisionTree" : 344000,
    "sink" : 0,
    "blobRead" : 0,
    "source" : 0,
    "senMLParse" : 0,
    "mqttPublish" : 156000
  },
  "executionTime" : 3202.0,
  "networkUsage" : 760749.92,
  "tuplesSentBySensors" : 4800
}