{
  "placement" : {
    "average" : "cloud-1-0-1-1-0-0-0-0-0-1",
    "blobRead" : "cloud-1-0-1-1-1-1-1-0-1-0",
    "decisionTree" : "cloud-0-0-0-1-1-1-0-1",
    "errorEstimate" : "cloud-1-0-0-0-0-1-0-1-1-0",
    "mqttPublish" : "cloud-1-1-0-0-0-0-0-0-1",
    "multiVarLinearReg" : "cloud-0-1-0-1-1-1-1-0-1-0",
    "senMLParse" : "cloud-0-1-1-0-1-0-1",
    "sink" : "cloud-0-0-0-1-1-0-0-1",
    "source" : "cloud-1-0-1-0-1-0-1-0-1"
  },
  "appLoopLatency" : 45.53410308484814,
  "latencyPerTupleType" : {
    "blobRead_TUPLE" : 0.25103239555560747,
    "average_TUPLE" : 1.0783092606084537,
    "sink_TUPLE" : 1.7730673046349954,
    "errorEstimate_TUPLE" : 12.991903863297008,
    "mqttPublish_TUPLE" : 1.7621239865234346,
    "decisionTree_TUPLE" : 15.522709041505047,
    "multiVarLinearReg_TUPLE" : 0.5360676196707987,
    "senMLParse_TUPLE" : 4.673380688888958,
    "TUPLE" : 0.09658444444444747
  },
  "tuplesProcessedPerModule" : {
    "errorEstimate" : 13958,
    "average" : 4707,
    "multiVarLinearReg" : 9455,
    "decisionTree" : 9359,
    "sink" : 23250,
    "blobRead" : 4800,
    "source" : 4800,
    "senMLParse" : 4800,
    "mqttPublish" : 23251
  },
  "recsInPerModule" : {
    "errorEstimate" : 6.980835271852683,
    "average" : 2.356616156432044,
    "multiVarLinearReg" : 4.730234098102956,
    "decisionTree" : 4.735234378712235,
    "sink" : 11.66066637724575,
    "blobRead" : 2.409271982234981,
    "source" : 2.4202075227108746,
    "senMLParse" : 2.4095138638904032,
    "mqttPublish" : 11.628794829077838
  },
  "recsOutPerModule" : {
    "errorEstimate" : 6.980650628359398,
    "average" : 2.354166150441364,
    "multiVarLinearReg" : 4.727822634890295,
    "decisionTree" : 4.679731640866559,
    "sink" : 11.64924916832145,
    "blobRead" : 2.409100678347768,
    "source" : 2.4202049804373065,
    "senMLParse" : 2.403925208008514,
    "mqttPublish" : 11.628158183218316
  },
  "remainingDataPerDevice" : {
    "errorEstimate" : 16000,
    "average" : 106000,
    "multiVarLinearReg" : 302000,
    "decisionTree" : 116000,
    "sink" : 0,
    "blobRead" : 192000,
    "source" : 0,
    "senMLParse" : 609000,
    "mqttPublish" : 2000
  },
  "executionTime" : 6503.0,
  "networkUsage" : 785870.32,
  "tuplesSentBySensors" : 4800
}