{
  "placement" : {
    "average" : "cloud-1-1-1-1-0-1-1-0-1",
    "blobRead" : "cloud-0-0-1-0-1-0-0-0-0-1",
    "decisionTree" : "cloud-0-0-0-0-0-0-0-0",
    "errorEstimate" : "cloud-1-1-0-1-0-0-0",
    "mqttPublish" : "cloud-0-1-0-0-0-0-1-1-1-0",
    "multiVarLinearReg" : "cloud-0-1-1-1-1-1-1-1-0-1",
    "senMLParse" : "cloud-1-0-1-0-0-0-0-1-1-1",
    "sink" : "cloud-1-1-0-1-1-0-1-0-1",
    "source" : "cloud-0-1-1-1-1-0-1-1-0-0"
  },
  "appLoopLatency" : 36.05492495405657,
  "latencyPerTupleType" : {
    "blobRead_TUPLE" : 0.11895536666652679,
    "average_TUPLE" : 4.642168636363884,
    "sink_TUPLE" : 1.3119528567959953,
    "errorEstimate_TUPLE" : 3.056808428298884,
    "mqttPublish_TUPLE" : 3.2315486151573594,
    "decisionTree_TUPLE" : 2.515344389798154,
    "multiVarLinearReg_TUPLE" : 20.208171926577812,
    "senMLParse_TUPLE" : 0.23934753838370193,
    "TUPLE" : 0.09650055555554664
  },
  "tuplesProcessedPerModule" : {
    "errorEstimate" : 14034,
    "average" : 4800,
    "multiVarLinearReg" : 9330,
    "decisionTree" : 9600,
    "sink" : 23249,
    "blobRead" : 4800,
    "source" : 4800,
    "senMLParse" : 4800,
    "mqttPublish" : 23331
  },
  "recsInPerModule" : {
    "errorEstimate" : 7.021474969513895,
    "average" : 2.4071912096472765,
    "multiVarLinearReg" : 4.811969297899743,
    "decisionTree" : 4.810040532173218,
    "sink" : 11.689021895458815,
    "blobRead" : 2.417397753778181,
    "source" : 2.424731044286197,
    "senMLParse" : 2.416180899719003,
    "mqttPublish" : 11.668959386775583
  },
  "recsOutPerModule" : {
    "errorEstimate" : 7.0207245502205655,
    "average" : 2.40111274240304,
    "multiVarLinearReg" : 4.67997345807979,
    "decisionTree" : 4.803304574205981,
    "sink" : 11.673456486711768,
    "blobRead" : 2.4172633332883957,
    "source" : 2.4246021858167546,
    "senMLParse" : 2.4160362500724513,
    "mqttPublish" : 11.6663319436304
  },
  "remainingDataPerDevice" : {
    "errorEstimate" : 154000,
    "average" : 190000,
    "multiVarLinearReg" : 2000,
    "decisionTree" : 440000,
    "sink" : 0,
    "blobRead" : 0,
    "source" : 0,
    "senMLParse" : 0,
    "mqttPublish" : 164000
  },
  "executionTime" : 4798.0,
  "networkUsage" : 688116.48,
  "tuplesSentBySensors" : 4800
}