{
  "placement" : {
    "average" : "cloud-1-1-1-0-1-1-1",
    "blobRead" : "cloud-1-0-0-1-0-0-0-1",
    "decisionTree" : "cloud-1-0-1-0-0-0-0-1",
    "errorEstimate" : "cloud-1-0-1-0-0-1-0-1",
    "mqttPublish" : "cloud-1-0-0-1-1-1-1-1",
    "multiVarLinearReg" : "cloud-1-0-1-0-1-1-0-1-1-1",
    "senMLParse" : "cloud-1-0-0-0-1-0-1-0-1",
    "sink" : "cloud-1-1-1-1-0-0-0-0-0",
    "source" : "cloud-1-0-1-1-0-0-0-1"
  },
  "appLoopLatency" : 30.81853282435802,
  "latencyPerTupleType" : {
    "blobRead_TUPLE" : 0.24276314444431568,
    "average_TUPLE" : 0.9460611787854324,
    "sink_TUPLE" : 2.3203053111912806,
    "errorEstimate_TUPLE" : 2.2104023611437174,
    "mqttPublish_TUPLE" : 0.43458201266749125,
    "decisionTree_TUPLE" : 0.5025390011099555,
    "multiVarLinearReg_TUPLE" : 18.192644081927476,
    "senMLParse_TUPLE" : 4.002624299999877,
    "TUPLE" : 0.09638111111111361
  },
  "tuplesProcessedPerModule" : {
    "errorEstimate" : 14052,
    "average" : 4800,
    "multiVarLinearReg" : 9345,
    "decisionTree" : 9600,
    "sink" : 23280,
    "blobRead" : 4800,
    "source" : 4800,
    "senMLParse" : 4800,
    "mqttPublish" : 23515
  },
  "recsInPerModule" : {
    "errorEstimate" : 7.03091795485193,
    "average" : 2.4026687823700503,
    "multiVarLinearReg" : 4.800771832089408,
    "decisionTree" : 4.804616191155713,
    "sink" : 11.642348789319271,
    "blobRead" : 2.414600833683864,
    "source" : 2.4224060447105504,
    "senMLParse" : 2.4144793691964064,
    "mqttPublish" : 11.760851659087132
  },
  "recsOutPerModule" : {
    "errorEstimate" : 7.030419618221375,
    "average" : 2.4007278568547448,
    "multiVarLinearReg" : 4.673264253952931,
    "decisionTree" : 4.801372148135958,
    "sink" : 11.640848679953299,
    "blobRead" : 2.4144287712024317,
    "source" : 2.4223996774843983,
    "senMLParse" : 2.409308501932455,
    "mqttPublish" : 11.75925464078954
  },
  "remainingDataPerDevice" : {
    "errorEstimate" : 102000,
    "average" : 160000,
    "multiVarLinearReg" : 26000,
    "decisionTree" : 160000,
    "sink" : 0,
    "blobRead" : 0,
    "source" : 0,
    "senMLParse" : 0,
    "mqttPublish" : 464000
  },
  "executionTime" : 4681.0,
  "networkUsage" : 523951.8,
  "tuplesSentBySensors" : 4800
}