{
  "placement" : {
    "average" : "cloud-1-0-0-0-0-1-1-0-0",
    "blobRead" : "cloud-1-0-0-1-0-0-0-1-1-1",
    "decisionTree" : "cloud-0-0-0-1-1-1-1-0-0-0",
    "errorEstimate" : "cloud-1-0-1-1-1-0-0-0-1-0",
    "mqttPublish" : "cloud-0-1-0-1-1-0-0-1-0",
    "multiVarLinearReg" : "cloud-0-0-0-0-1-1-1-1-0-1",
    "senMLParse" : "cloud-1-1-0-0",
    "sink" : "cloud-1-1-1-0-1-1-1-1-0-0",
    "source" : "cloud-0-0-1-1-0-0-1-0-0-0"
  },
  "appLoopLatency" : 52.43478937575528,
  "latencyPerTupleType" : {
    "blobRead_TUPLE" : 5.24902035111108,
    "average_TUPLE" : 0.12906242888883843,
    "sink_TUPLE" : 1.9889571552728744,
    "errorEstimate_TUPLE" : 8.408813503070482,
    "mqttPublish_TUPLE" : 1.9492925114140547,
    "decisionTree_TUPLE" : 1.3969991160134858,
    "multiVarLinearReg_TUPLE" : 1.395878663053203,
    "senMLParse_TUPLE" : 0.2750949022222577,
    "TUPLE" : 0.09561777777777347
  },
  "tuplesProcessedPerModule" : {
    "errorEstimate" : 13969,
    "average" : 4800,
    "multiVarLinearReg" : 9463,
    "decisionTree" : 9425,
    "sink" : 23250,
    "blobRead" : 4800,
    "source" : 4800,
    "senMLParse" : 4800,
    "mqttPublish" : 23250
  },
  "recsInPerModule" : {
    "errorEstimate" : 6.98885326906062,
    "average" : 2.404661577139988,
    "multiVarLinearReg" : 4.732207274516198,
    "decisionTree" : 4.726891307351806,
    "sink" : 11.692039218086238,
    "blobRead" : 2.406857085090854,
    "source" : 2.4205736658730883,
    "senMLParse" : 2.4107252652764095,
    "mqttPublish" : 11.756673130265256
  },
  "recsOutPerModule" : {
    "errorEstimate" : 6.984853080830811,
    "average" : 2.4045285692817115,
    "multiVarLinearReg" : 4.731836200080727,
    "decisionTree" : 4.71338876129822,
    "sink" : 11.676008333391323,
    "blobRead" : 2.400405117771963,
    "source" : 2.420450334449717,
    "senMLParse" : 2.4105789752889524,
    "mqttPublish" : 11.740464640195524
  },
  "remainingDataPerDevice" : {
    "errorEstimate" : 38000,
    "average" : 246000,
    "multiVarLinearReg" : 326000,
    "decisionTree" : 250000,
    "sink" : 0,
    "blobRead" : 570000,
    "source" : 0,
    "senMLParse" : 0,
    "mqttPublish" : 0
  },
  "executionTime" : 3682.0,
  "networkUsage" : 780849.02,
  "tuplesSentBySensors" : 4800
}