{
  "placement" : {
    "average" : "cloud-0-1-1-0-1-0-1-0-1-0",
    "blobRead" : "cloud-0-0-1-1-1-0-0-0",
    "decisionTree" : "cloud-1-1-1-0-0-1-1-1-0-1",
    "errorEstimate" : "cloud-0-0-1-1-0-0-0",
    "mqttPublish" : "cloud-1-1-0-1-1-0-1-0-1-0",
    "multiVarLinearReg" : "cloud-1-0-1-0",
    "senMLParse" : "cloud-1-1-1-0-1-1-0-0-0-1",
    "sink" : "cloud-1-0-0-1-1-0-1-1-0",
    "source" : "cloud-0-1-0-0-1-0-0-1"
  },
  "appLoopLatency" : 37.86302068484824,
  "latencyPerTupleType" : {
    "blobRead_TUPLE" : 0.21735681212108338,
    "average_TUPLE" : 0.1257563696971012,
    "sink_TUPLE" : 0.8618733744553781,
    "errorEstimate_TUPLE" : 2.7431799242118546,
    "mqttPublish_TUPLE" : 2.374704158496004,
    "decisionTree_TUPLE" : 1.268752256363729,
    "multiVarLinearReg_TUPLE" : 20.05421478986946,
    "senMLParse_TUPLE" : 0.1820357010099761,
    "TUPLE" : 0.09861797979797501
  },
  "tuplesProcessedPerModule" : {
    "errorEstimate" : 13990,
    "average" : 4800,
    "multiVarLinearReg" : 9331,
    "decisionTree" : 9600,
    "sink" : 23250,
    "blobRead" : 4800,
    "source" : 4800,
    "senMLParse" : 4800,
    "mqttPublish" : 23310
  },
  "recsInPerModule" : {
    "errorEstimate" : 6.996722971991717,
    "average" : 2.4032180130589333,
    "multiVarLinearReg" : 4.812937811488764,
    "decisionTree" : 4.803305312239432,
    "sink" : 11.703711961422,
    "blobRead" : 2.4135121698383415,
    "source" : 2.4227728534358706,
    "senMLParse" : 2.413876283756383,
    "mqttPublish" : 11.662077016246611
  },
  "recsOutPerModule" : {
    "errorEstimate" : 6.996030757859699,
    "average" : 2.4030851648426057,
    "multiVarLinearReg" : 4.682119160892051,
    "decisionTree" : 4.8002130472011,
    "sink" : 11.690028060286721,
    "blobRead" : 2.4133655414303283,
    "source" : 2.422648255692109,
    "senMLParse" : 2.4137319099111507,
    "mqttPublish" : 11.65557676456062
  },
  "remainingDataPerDevice" : {
    "errorEstimate" : 62000,
    "average" : 276000,
    "multiVarLinearReg" : 0,
    "decisionTree" : 472000,
    "sink" : 0,
    "blobRead" : 0,
    "source" : 0,
    "senMLParse" : 0,
    "mqttPublish" : 120000
  },
  "executionTime" : 4015.0,
  "networkUsage" : 648515.62,
  "tuplesSentBySensors" : 4800
}