{
  "placement" : {
    "average" : "cloud-0-0-1-1-0-0-1-1",
    "blobRead" : "cloud-1-1-1-1-1-0-0-1-0-1",
    "decisionTree" : "cloud-0-0-0-1-0-0-1-0",
    "errorEstimate" : "cloud-0-1-0-0-1-1-1-1-0-0",
    "mqttPublish" : "cloud-1-0-0-1-1-0-0-0-0",
    "multiVarLinearReg" : "cloud-1-0-0-1-1-1-0-1",
    "senMLParse" : "cloud-0-1-1-1-1-0-0-0",
    "sink" : "cloud-0-1-0-1-0-0-0-0-1-0",
    "source" : "cloud-1-0-1-0-0-1-0-1-0"
  },
  "appLoopLatency" : 41.30453816969669,
  "latencyPerTupleType" : {
    "blobRead_TUPLE" : 0.24861672222208972,
    "average_TUPLE" : 1.0737082942060716,
    "sink_TUPLE" : 0.4984576602011726,
    "errorEstimate_TUPLE" : 1.972139963778679,
    "mqttPublish_TUPLE" : 2.2217713460759834,
    "decisionTree_TUPLE" : 0.580475030176849,
    "multiVarLinearReg_TUPLE" : 16.510423999459437,
    "senMLParse_TUPLE" : 4.647048266666556,
    "TUPLE" : 0.09747972222222026
  },
  "tuplesProcessedPerModule" : {
    "errorEstimate" : 13992,
    "average" : 4713,
    "multiVarLinearReg" : 9354,
    "decisionTree" : 9511,
    "sink" : 23250,
    "blobRead" : 4800,
    "source" : 4800,
    "senMLParse" : 4800,
    "mqttPublish" : 23308
  },
  "recsInPerModule" : {
    "errorEstimate" : 6.997097947709439,
    "average" : 2.400908073452316,
    "multiVarLinearReg" : 4.760194177252422,
    "decisionTree" : 4.802286161943397,
    "sink" : 11.647972903397312,
    "blobRead" : 2.4124164501444723,
    "source" : 2.4224060447105504,
    "senMLParse" : 2.4139936577060808,
    "mqttPublish" : 11.65491680100789
  },
  "recsOutPerModule" : {
    "errorEstimate" : 6.99624297474835,
    "average" : 2.3626250269862688,
    "multiVarLinearReg" : 4.680632442251869,
    "decisionTree" : 4.759118986369043,
    "sink" : 11.64225570953639,
    "blobRead" : 2.4122446988259223,
    "source" : 2.4223996774843983,
    "senMLParse" : 2.4083842257185326,
    "mqttPublish" : 11.65418228694988
  },
  "remainingDataPerDevice" : {
    "errorEstimate" : 84000,
    "average" : 62000,
    "multiVarLinearReg" : 84000,
    "decisionTree" : 306000,
    "sink" : 0,
    "blobRead" : 0,
    "source" : 0,
    "senMLParse" : 174000,
    "mqttPublish" : 116000
  },
  "executionTime" : 4040.0,
  "networkUsage" : 744502.56,
  "tuplesSentBySensors" : 4800
}