{
  "placement" : {
    "average" : "cloud-1-0-0-1-0-1-0-1-0",
    "blobRead" : "cloud-1-0-0-1-1-0-1-1-1",
    "decisionTree" : "cloud-0-1-0-0-0-1-1-0-1",
    "errorEstimate" : "cloud-1-0-1-1-0-0-0",
    "mqttPublish" : "cloud-1-1-1-1-1-1-1-0-0-0",
    "multiVarLinearReg" : "cloud-1-1-0-1-1-1-0-0-0-0",
    "senMLParse" : "cloud-0-1-1-0-1-1-0-0-0-1",
    "sink" : "cloud-1-0-1-1-0-0-0-0-1-0",
    "source" : "cloud-0-1-0-0-1-0-0-0-1-1"
  },
  "appLoopLatency" : 42.50505861212102,
  "latencyPerTupleType" : {
    "blobRead_TUPLE" : 0.18314049898977397,
    "average_TUPLE" : 0.2571560399999309,
    "sink_TUPLE" : 9.635922309381158,
    "errorEstimate_TUPLE" : 1.5925799552254891,
    "mqttPublish_TUPLE" : 6.314905795861246,
    "decisionTree_TUPLE" : 0.16862562636365322,
    "multiVarLinearReg_TUPLE" : 4.3003509211081195,
    "senMLParse_TUPLE" : 0.21815226666653553,
    "TUPLE" : 0.09972277777776331
  },
  "tuplesProcessedPerModule" : {
    "errorEstimate" : 14037,
    "average" : 4800,
    "multiVarLinearReg" : 9436,
    "decisionTree" : 9600,
    "sink" : 23250,
    "blobRead" : 4800,
    "source" : 4800,
    "senMLParse" : 4800,
    "mqttPublish" : 23264
  },
  "recsInPerModule" : {
    "errorEstimate" : 7.029310759970942,
    "average" : 2.4048975032216506,
    "multiVarLinearReg" : 4.805465754223274,
    "decisionTree" : 4.803542197519299,
    "sink" : 11.779481912018657,
    "blobRead" : 2.4122952113809193,
    "source" : 2.422283799816411,
    "senMLParse" : 2.4146008276106374,
    "mqttPublish" : 11.632924277953089
  },
  "recsOutPerModule" : {
    "errorEstimate" : 7.018847366265581,
    "average" : 2.4047519196498315,
    "multiVarLinearReg" : 4.72337238092196,
    "decisionTree" : 4.803264303879171,
    "sink" : 11.661319075783416,
    "blobRead" : 2.4121510265958523,
    "source" : 2.4221552013186276,
    "senMLParse" : 2.4144540668980885,
    "mqttPublish" : 11.63242425971634
  },
  "remainingDataPerDevice" : {
    "errorEstimate" : 174000,
    "average" : 162000,
    "multiVarLinearReg" : 194000,
    "decisionTree" : 570000,
    "sink" : 0,
    "blobRead" : 0,
    "source" : 0,
    "senMLParse" : 0,
    "mqttPublish" : 28000
  },
  "executionTime" : 10313.0,
  "networkUsage" : 729114.32,
  "tuplesSentBySensors" : 4800
}