{
  "placement" : {
    "average" : "cloud-1-1-1-0-1-1-0-1-0-1",
    "blobRead" : "cloud-1-0-1-1-1-1-0-0-0-0",
    "decisionTree" : "cloud-1-1-1-1-1-0-1-1-0",
    "errorEstimate" : "cloud-0-0-0-0-1-1-0-0",
    "mqttPublish" : "cloud-1-1-0-0-0-1-1-0-1",
    "multiVarLinearReg" : "cloud-1-0-1-0-1-0-0-1-0-1",
    "senMLParse" : "cloud-1-1-0-1-1-0-0-0-0",
    "sink" : "cloud-1-0-1-0-0-0-0-0-1",
    "source" : "cloud-1-0-0-1-1-0-1-1-1-1"
  },
  "appLoopLatency" : 37.10231199999978,
  "latencyPerTupleType" : {
    "blobRead_TUPLE" : 0.10367910222226176,
    "average_TUPLE" : 4.798600428706684,
    "sink_TUPLE" : 1.1194108484655407,
    "errorEstimate_TUPLE" : 0.34984275076107957,
    "mqttPublish_TUPLE" : 1.0205838588325153,
    "decisionTree_TUPLE" : 20.343537715833364,
    "multiVarLinearReg_TUPLE" : 0.5742904250001025,
    "senMLParse_TUPLE" : 0.18814628727277283,
    "TUPLE" : 0.09700833333333714
  },
  "tuplesProcessedPerModule" : {
    "errorEstimate" : 14010,
    "average" : 4711,
    "multiVarLinearReg" : 9600,
    "decisionTree" : 9331,
    "sink" : 23250,
    "blobRead" : 4800,
    "source" : 4800,
    "senMLParse" : 4800,
    "mqttPublish" : 23275
  },
  "recsInPerModule" : {
    "errorEstimate" : 7.0065584691465475,
    "average" : 2.4056037298543096,
    "multiVarLinearReg" : 4.807111946373734,
    "decisionTree" : 4.81052561484965,
    "sink" : 11.734465296528958,
    "blobRead" : 2.4138760653801996,
    "source" : 2.4220393470383756,
    "senMLParse" : 2.4135119448535085,
    "mqttPublish" : 11.641568364344328
  },
  "recsOutPerModule" : {
    "errorEstimate" : 7.005058470639302,
    "average" : 2.360999910191201,
    "multiVarLinearReg" : 4.806796033001785,
    "decisionTree" : 4.677096901238484,
    "sink" : 11.7337497070875,
    "blobRead" : 2.4137293927546137,
    "source" : 2.4220368009149245,
    "senMLParse" : 2.413344633652393,
    "mqttPublish" : 11.640820709459941
  },
  "remainingDataPerDevice" : {
    "errorEstimate" : 120000,
    "average" : 60000,
    "multiVarLinearReg" : 536000,
    "decisionTree" : 12000,
    "sink" : 0,
    "blobRead" : 0,
    "source" : 0,
    "senMLParse" : 0,
    "mqttPublish" : 50000
  },
  "executionTime" : 4905.0,
  "networkUsage" : 700952.76,
  "tuplesSentBySensors" : 4800
}