{
  "placement" : {
    "average" : "cloud-0-0-1-0-0-1-1-0-1",
    "blobRead" : "cloud-0-1-0-0-1-0-0-1-0-1",
    "decisionTree" : "cloud-1-0-0-1-0-0-0-0-1-1",
    "errorEstimate" : "cloud-0-0-1-0-1-1-0-1-0",
    "mqttPublish" : "cloud-1-0-0-0-0-1-1-0-0-0",
    "multiVarLinearReg" : "cloud-1-1-1-1-0-1-0",
    "senMLParse" : "cloud-1-0-0-1-0-0-1-1-1-1",
    "sink" : "cloud-0-1-0-1-1-1-1-0-1",
    "source" : "cloud-0-1-1-0-1-1-0-0-1"
  },
  "appLoopLatency" : 38.74227441045042,
  "latencyPerTupleType" : {
    "blobRead_TUPLE" : 0.31043476161602734,
    "average_TUPLE" : 0.27998331111127894,
    "sink_TUPLE" : 0.4804937710292508,
    "errorEstimate_TUPLE" : 0.7284906572956698,
    "mqttPublish_TUPLE" : 0.29299633040968137,
    "decisionTree_TUPLE" : 0.7208994307071709,
    "multiVarLinearReg_TUPLE" : 4.232897043775819,
    "senMLParse_TUPLE" : 0.20771998181805512,
    "TUPLE" : 0.09530989898989403
  },
  "tuplesProcessedPerModule" : {
    "errorEstimate" : 14052,
    "average" : 4800,
    "multiVarLinearReg" : 9440,
    "decisionTree" : 9600,
    "sink" : 23254,
    "blobRead" : 4800,
    "source" : 4800,
    "senMLParse" : 4800,
    "mqttPublish" : 23425
  },
  "recsInPerModule" : {
    "errorEstimate" : 7.033199275838003,
    "average" : 2.4030976970657516,
    "multiVarLinearReg" : 4.806672294970707,
    "decisionTree" : 4.804988216176598,
    "sink" : 11.628752961848921,
    "blobRead" : 2.4144834006835785,
    "source" : 2.4238739464354158,
    "senMLParse" : 2.413997681501225,
    "mqttPublish" : 11.713595985980527
  },
  "recsOutPerModule" : {
    "errorEstimate" : 7.026794004299839,
    "average" : 2.40295233131298,
    "multiVarLinearReg" : 4.7265610900545285,
    "decisionTree" : 4.803108686124653,
    "sink" : 11.628366493217275,
    "blobRead" : 2.4143366542447895,
    "source" : 2.4237492354153742,
    "senMLParse" : 2.4138532931344736,
    "mqttPublish" : 11.712827259765517
  },
  "remainingDataPerDevice" : {
    "errorEstimate" : 204000,
    "average" : 198000,
    "multiVarLinearReg" : 152000,
    "decisionTree" : 250000,
    "sink" : 0,
    "blobRead" : 0,
    "source" : 0,
    "senMLParse" : 0,
    "mqttPublish" : 336000
  },
  "executionTime" : 3985.0,
  "networkUsage" : 663125.64,
  "tuplesSentBySensors" : 4800
}