{
  "placement" : {
    "average" : "cloud-1-0-0-0-1-0-1-1-0",
    "blobRead" : "cloud-1-1-1-0-0-0-0-0-0-1",
    "decisionTree" : "cloud-1-1-0-0-0-0",
    "errorEstimate" : "cloud-0-0-0-0-0-1-0-0",
    "mqttPublish" : "cloud-0-1-0-0-0-0-1-1-0-1",
    "multiVarLinearReg" : "cloud-1-0-1-1-1-1-1-1",
    "senMLParse" : "cloud-1-1-0-1-0-0-0-0-0-0",
    "sink" : "cloud-0-1-1-1-0-0-0-1",
    "source" : "cloud-1-0-0-1-1-1-0-1-1-1"
  },
  "appLoopLatency" : 36.79919779999989,
  "latencyPerTupleType" : {
    "blobRead_TUPLE" : 0.23669366666653896,
    "average_TUPLE" : 1.1616853506151659,
    "sink_TUPLE" : 4.989821278867707,
    "errorEstimate_TUPLE" : 1.9754275286719734,
    "mqttPublish_TUPLE" : 0.7826184586064859,
    "decisionTree_TUPLE" : 0.5644210797826357,
    "multiVarLinearReg_TUPLE" : 0.6043582396662294,
    "senMLParse_TUPLE" : 5.019936322222099,
    "TUPLE" : 0.0968694444444385
  },
  "tuplesProcessedPerModule" : {
    "errorEstimate" : 13998,
    "average" : 4709,
    "multiVarLinearReg" : 9509,
    "decisionTree" : 9509,
    "sink" : 23250,
    "blobRead" : 4800,
    "source" : 4800,
    "senMLParse" : 4800,
    "mqttPublish" : 23328
  },
  "recsInPerModule" : {
    "errorEstimate" : 7.001929459630262,
    "average" : 2.3575629811886065,
    "multiVarLinearReg" : 4.761877243081302,
    "decisionTree" : 4.801075148767957,
    "sink" : 11.792122613311108,
    "blobRead" : 2.4125377010952374,
    "source" : 2.421306284651793,
    "senMLParse" : 2.4119315621353548,
    "mqttPublish" : 11.66557738191973
  },
  "recsOutPerModule" : {
    "errorEstimate" : 6.999477532355168,
    "average" : 2.357266151466355,
    "multiVarLinearReg" : 4.761340761111716,
    "decisionTree" : 4.765988090204248,
    "sink" : 11.763248790710678,
    "blobRead" : 2.412365932512013,
    "source" : 2.4212999232056984,
    "senMLParse" : 2.4060804037833337,
    "mqttPublish" : 11.664577344087935
  },
  "remainingDataPerDevice" : {
    "errorEstimate" : 96000,
    "average" : 102000,
    "multiVarLinearReg" : 328000,
    "decisionTree" : 258000,
    "sink" : 0,
    "blobRead" : 0,
    "source" : 0,
    "senMLParse" : 455000,
    "mqttPublish" : 156000
  },
  "executionTime" : 4474.0,
  "networkUsage" : 613971.42,
  "tuplesSentBySensors" : 4800
}