{
  "placement" : {
    "average" : "cloud-0-1-0-1-0-1-1-0-0",
    "blobRead" : "cloud-0-0-0-1-1-1-0-1-1",
    "decisionTree" : "cloud-0-1-0-0-0-1-1-1-0-1",
    "errorEstimate" : "cloud-1-1-0-1-0-1-1-1-0-1",
    "mqttPublish" : "cloud-1-0-1-1-0-1-0-1-1-0",
    "multiVarLinearReg" : "cloud-0-1-1-1-0-0-0-0-1",
    "senMLParse" : "cloud-0-1-1-0-1-1-1-1-1",
    "sink" : "cloud-0-1-1-0",
    "source" : "cloud-0-0-0-0-1-0-1-1-0"
  },
  "appLoopLatency" : 35.60448956969686,
  "latencyPerTupleType" : {
    "blobRead_TUPLE" : 0.27397193131299613,
    "average_TUPLE" : 1.3434182276463358,
    "sink_TUPLE" : 0.6651664324441505,
    "errorEstimate_TUPLE" : 1.0855610862108316,
    "mqttPublish_TUPLE" : 0.6976806552936751,
    "decisionTree_TUPLE" : 1.605037532742894,
    "multiVarLinearReg_TUPLE" : 1.6123492116028497,
    "senMLParse_TUPLE" : 5.063295428282605,
    "TUPLE" : 0.09758909090908618
  },
  "tuplesProcessedPerModule" : {
    "errorEstimate" : 14005,
    "average" : 4701,
    "multiVarLinearReg" : 9501,
    "decisionTree" : 9501,
    "sink" : 23250,
    "blobRead" : 4800,
    "source" : 4800,
    "senMLParse" : 4800,
    "mqttPublish" : 23256
  },
  "recsInPerModule" : {
    "errorEstimate" : 7.005964436316035,
    "average" : 2.3554371944303814,
    "multiVarLinearReg" : 4.803924676900677,
    "decisionTree" : 4.754484890036002,
    "sink" : 11.78795975008432,
    "blobRead" : 2.413269484202124,
    "source" : 2.4220393470383756,
    "senMLParse" : 2.413269478135593,
    "mqttPublish" : 11.629372156668873
  },
  "recsOutPerModule" : {
    "errorEstimate" : 7.002997607862888,
    "average" : 2.355274482176452,
    "multiVarLinearReg" : 4.758855338846331,
    "decisionTree" : 4.751477599886005,
    "sink" : 11.781202594734598,
    "blobRead" : 2.4131228852795545,
    "source" : 2.421914824726414,
    "senMLParse" : 2.406908846585078,
    "mqttPublish" : 11.628669508313507
  },
  "remainingDataPerDevice" : {
    "errorEstimate" : 110000,
    "average" : 100000,
    "multiVarLinearReg" : 282000,
    "decisionTree" : 390000,
    "sink" : 0,
    "blobRead" : 0,
    "source" : 0,
    "senMLParse" : 495000,
    "mqttPublish" : 12000
  },
  "executionTime" : 3594.0,
  "networkUsage" : 668584.46,
  "tuplesSentBySensors" : 4800
}