{
  "placement" : {
    "average" : "cloud-0-1-0-0-0-1-1-1-1-1",
    "blobRead" : "cloud-1-0-0-1-0-0",
    "decisionTree" : "cloud-1-1-0-1-0-1-1-0",
    "errorEstimate" : "cloud-0-0-0-0-0-1-1-0-0-0",
    "mqttPublish" : "cloud-0-1-0-1-1-1-0-1-1-0",
    "multiVarLinearReg" : "cloud-0-0-0-0-0-1-0-0",
    "senMLParse" : "cloud-1-1-0-0-0-1-0",
    "sink" : "cloud-1-0-1-1-0-0-1-1-1-1",
    "source" : "cloud-0-0-0-1-0-0-1-1-0-1"
  },
  "appLoopLatency" : 40.65751230302872,
  "latencyPerTupleType" : {
    "blobRead_TUPLE" : 4.702373890908976,
    "average_TUPLE" : 4.669407663954537,
    "sink_TUPLE" : 0.6297932393535022,
    "errorEstimate_TUPLE" : 1.151014239393417,
    "mqttPublish_TUPLE" : 0.720319163549567,
    "decisionTree_TUPLE" : 0.6363058759560172,
    "multiVarLinearReg_TUPLE" : 1.5339731099071967,
    "senMLParse_TUPLE" : 0.12470637777765074,
    "TUPLE" : 0.09749999999998653
  },
  "tuplesProcessedPerModule" : {
    "errorEstimate" : 14081,
    "average" : 4704,
    "multiVarLinearReg" : 9506,
    "decisionTree" : 9506,
    "sink" : 23250,
    "blobRead" : 4800,
    "source" : 4800,
    "senMLParse" : 4800,
    "mqttPublish" : 23283
  },
  "recsInPerModule" : {
    "errorEstimate" : 7.043348244267244,
    "average" : 2.3998131962386857,
    "multiVarLinearReg" : 4.756535712301937,
    "decisionTree" : 4.763950036965303,
    "sink" : 11.76933572828898,
    "blobRead" : 2.4129055472442844,
    "source" : 2.422283799816411,
    "senMLParse" : 2.4118143886228447,
    "mqttPublish" : 11.642371498891324
  },
  "recsOutPerModule" : {
    "errorEstimate" : 7.0410002905945595,
    "average" : 2.352307012739767,
    "multiVarLinearReg" : 4.75433789863442,
    "decisionTree" : 4.763636703102345,
    "sink" : 11.762909853106628,
    "blobRead" : 2.406861079698858,
    "source" : 2.422159252368129,
    "senMLParse" : 2.4116805883298693,
    "mqttPublish" : 11.641668095456739
  },
  "remainingDataPerDevice" : {
    "errorEstimate" : 262000,
    "average" : 108000,
    "multiVarLinearReg" : 140000,
    "decisionTree" : 346000,
    "sink" : 0,
    "blobRead" : 376000,
    "source" : 0,
    "senMLParse" : 3000,
    "mqttPublish" : 66000
  },
  "executionTime" : 4164.0,
  "networkUsage" : 702033.0,
  "tuplesSentBySensors" : 4800
}