{
  "placement" : {
    "average" : "cloud-1-0-1-0-1-0-0-1-1-1",
    "blobRead" : "cloud-1-1-0-0-0-0-0-1-0",
    "decisionTree" : "cloud-1-0-1-1-1-1-1-1-0-1",
    "errorEstimate" : "cloud-1-1-0-0-0",
    "mqttPublish" : "cloud-0-0-0-0-1-0-1-0-1-0",
    "multiVarLinearReg" : "cloud-1-0-1-0-1-1-0-0-1",
    "senMLParse" : "cloud-1-1-0-1-0-0-1-1-1",
    "sink" : "cloud-0-1-1-1-1-0-1-0-1-0",
    "source" : "cloud-1-1-1-1-0-0-1-0"
  },
  "appLoopLatency" : 34.67935137575743,
  "latencyPerTupleType" : {
    "blobRead_TUPLE" : 0.28327554444428793,
    "average_TUPLE" : 0.2580651911110539,
    "sink_TUPLE" : 0.44518520953496665,
    "errorEstimate_TUPLE" : 2.066135910866766,
    "mqttPublish_TUPLE" : 0.4151803799053928,
    "decisionTree_TUPLE" : 0.17870643666664338,
    "multiVarLinearReg_TUPLE" : 1.6876740338383642,
    "senMLParse_TUPLE" : 0.11519286666652183,
    "TUPLE" : 0.09567472222223118
  },
  "tuplesProcessedPerModule" : {
    "errorEstimate" : 14127,
    "average" : 4800,
    "multiVarLinearReg" : 9600,
    "decisionTree" : 9600,
    "sink" : 23250,
    "blobRead" : 4800,
    "source" : 4800,
    "senMLParse" : 4800,
    "mqttPublish" : 23279
  },
  "recsInPerModule" : {
    "errorEstimate" : 7.095350762212607,
    "average" : 2.4053795523922963,
    "multiVarLinearReg" : 4.807336264350229,
    "decisionTree" : 4.805170637500677,
    "sink" : 11.848333822341756,
    "blobRead" : 2.4135081476615925,
    "source" : 2.422161567259642,
    "senMLParse" : 2.4155729350119763,
    "mqttPublish" : 11.642076166349474
  },
  "recsOutPerModule" : {
    "errorEstimate" : 7.063849593448306,
    "average" : 2.4052088015568827,
    "multiVarLinearReg" : 4.804839944104736,
    "decisionTree" : 4.80485497922637,
    "sink" : 11.83978847330481,
    "blobRead" : 2.4133362408672063,
    "source" : 2.4221552013186276,
    "senMLParse" : 2.4154260561088323,
    "mqttPublish" : 11.640076102286532
  },
  "remainingDataPerDevice" : {
    "errorEstimate" : 350000,
    "average" : 170000,
    "multiVarLinearReg" : 250000,
    "decisionTree" : 538000,
    "sink" : 0,
    "blobRead" : 0,
    "source" : 0,
    "senMLParse" : 0,
    "mqttPublish" : 58000
  },
  "executionTime" : 3327.0,
  "networkUsage" : 661263.52,
  "tuplesSentBySensors" : 4800
}