{
  "placement" : {
    "average" : "cloud-0-1-0-0-0-0-0-0",
    "blobRead" : "cloud-1-1-1-0-1-1-1-1-1-0",
    "decisionTree" : "cloud-0-0-0-0-0-1-1-0",
    "errorEstimate" : "cloud-1-1-0-0-0-1-1-1-0",
    "mqttPublish" : "cloud-0-0-1-1-1-1-0-1-0",
    "multiVarLinearReg" : "cloud-0-0-0-0-1-1-0-1-1",
    "senMLParse" : "cloud-0-1-0-0-0-1-1-1-1-1",
    "sink" : "cloud-0-1-1-0-0-0-0-1-0-0",
    "source" : "cloud-0-1-0-1-1"
  },
  "appLoopLatency" : 39.35453903030093,
  "latencyPerTupleType" : {
    "blobRead_TUPLE" : 0.2038042444443026,
    "average_TUPLE" : 1.3322557333301632,
    "sink_TUPLE" : 3.4605477624218466,
    "errorEstimate_TUPLE" : 1.8257875378500747,
    "mqttPublish_TUPLE" : 0.6391356573800305,
    "decisionTree_TUPLE" : 1.3571276014150162,
    "multiVarLinearReg_TUPLE" : 1.3571265108501704,
    "senMLParse_TUPLE" : 4.623845444444245,
    "TUPLE" : 0.0995838888888947
  },
  "tuplesProcessedPerModule" : {
    "errorEstimate" : 14012,
    "average" : 4800,
    "multiVarLinearReg" : 9507,
    "decisionTree" : 9507,
    "sink" : 23250,
    "blobRead" : 4800,
    "source" : 4800,
    "senMLParse" : 4800,
    "mqttPublish" : 23354
  },
  "recsInPerModule" : {
    "errorEstimate" : 7.00650629099386,
    "average" : 2.4064294038293528,
    "multiVarLinearReg" : 4.80082466565767,
    "decisionTree" : 4.801785235725391,
    "sink" : 11.780379783575375,
    "blobRead" : 2.4153298408647856,
    "source" : 2.424241199878182,
    "senMLParse" : 2.417884830136089,
    "mqttPublish" : 11.67816146906615
  },
  "recsOutPerModule" : {
    "errorEstimate" : 7.00608297622527,
    "average" : 2.403973794725751,
    "multiVarLinearReg" : 4.760346230991912,
    "decisionTree" : 4.761299867226466,
    "sink" : 11.743216524389611,
    "blobRead" : 2.4151829915219327,
    "source" : 2.4241123934660997,
    "senMLParse" : 2.4118785399975646,
    "mqttPublish" : 11.67735635912252
  },
  "remainingDataPerDevice" : {
    "errorEstimate" : 124000,
    "average" : 186000,
    "multiVarLinearReg" : 404000,
    "decisionTree" : 206000,
    "sink" : 0,
    "blobRead" : 0,
    "source" : 0,
    "senMLParse" : 0,
    "mqttPublish" : 208000
  },
  "executionTime" : 3377.0,
  "networkUsage" : 738977.12,
  "tuplesSentBySensors" : 4800
}