{
  "placement" : {
    "average" : "cloud-0-1-1-0-1-0-0-1-0",
    "blobRead" : "cloud-1-1-1-0-0-1-0-0",
    "decisionTree" : "cloud-1-1-1-0-1-1-0-0-0-0",
    "errorEstimate" : "cloud-1-0-0-1-0-0-0",
    "mqttPublish" : "cloud-1-0-1-0-1-1-0",
    "multiVarLinearReg" : "cloud-1-0-0-0-1-1-0",
    "senMLParse" : "cloud-0-1-0-1-0-1-1-0-1-0",
    "sink" : "cloud-0-1-0-1-0-1-1-1-0-0",
    "source" : "cloud-0-1-1-0-0-1-0-0-0-0"
  },
  "appLoopLatency" : 37.42814238475051,
  "latencyPerTupleType" : {
    "blobRead_TUPLE" : 0.12078403838370187,
    "average_TUPLE" : 0.13788330201364746,
    "sink_TUPLE" : 3.293404330591999,
    "errorEstimate_TUPLE" : 1.5860087629329562,
    "mqttPublish_TUPLE" : 1.5791069148910444,
    "decisionTree_TUPLE" : 3.3411367571165695,
    "multiVarLinearReg_TUPLE" : 19.8429036114648,
    "senMLParse_TUPLE" : 0.3097025050503808,
    "TUPLE" : 0.09459272727272473
  },
  "tuplesProcessedPerModule" : {
    "errorEstimate" : 13976,
    "average" : 4799,
    "multiVarLinearReg" : 9331,
    "decisionTree" : 9438,
    "sink" : 23249,
    "blobRead" : 4800,
    "source" : 4800,
    "senMLParse" : 4800,
    "mqttPublish" : 23280
  },
  "recsInPerModule" : {
    "errorEstimate" : 6.989518745750549,
    "average" : 2.399802988871671,
    "multiVarLinearReg" : 4.79850824308865,
    "decisionTree" : 4.7802365261033115,
    "sink" : 11.722403403549142,
    "blobRead" : 2.4086677124740477,
    "source" : 2.420939919836627,
    "senMLParse" : 2.409635041448734,
    "mqttPublish" : 11.641321390692916
  },
  "recsOutPerModule" : {
    "errorEstimate" : 6.989096396071333,
    "average" : 2.399657991227918,
    "multiVarLinearReg" : 4.669466690941355,
    "decisionTree" : 4.719233573746499,
    "sink" : 11.683767703541402,
    "blobRead" : 2.4085342610801326,
    "source" : 2.4208155105439926,
    "senMLParse" : 2.409488883743403,
    "mqttPublish" : 11.640557392393623
  },
  "remainingDataPerDevice" : {
    "errorEstimate" : 44000,
    "average" : 288000,
    "multiVarLinearReg" : 20000,
    "decisionTree" : 224000,
    "sink" : 0,
    "blobRead" : 0,
    "source" : 0,
    "senMLParse" : 91000,
    "mqttPublish" : 62000
  },
  "executionTime" : 5116.0,
  "networkUsage" : 610679.9,
  "tuplesSentBySensors" : 4800
}