{
  "placement" : {
    "average" : "cloud-1-1-0-0-0-0-1-0-0-1",
    "blobRead" : "cloud-0-1-1-1-1-1-1-1",
    "decisionTree" : "cloud-0-0-0-1-0-1-1-1-1-1",
    "errorEstimate" : "cloud-1-1-0-1-1-0-1-1-1-1",
    "mqttPublish" : "cloud-0-0-0-1-1-0-1",
    "multiVarLinearReg" : "cloud-0-1-0-1-0-0-1-0-0-1",
    "senMLParse" : "cloud-1-0-0-0-1-0-0-0-0-0",
    "sink" : "cloud-1-0-1-1-0-0-0-0-1-1",
    "source" : "cloud-1-1-1-1-1-0-1-1-1-0"
  },
  "appLoopLatency" : 40.747603623154404,
  "latencyPerTupleType" : {
    "blobRead_TUPLE" : 0.2806615434342008,
    "average_TUPLE" : 0.1258843208080246,
    "sink_TUPLE" : 0.5897441379993527,
    "errorEstimate_TUPLE" : 2.2178670521712323,
    "mqttPublish_TUPLE" : 2.2194182563603007,
    "decisionTree_TUPLE" : 2.6025613144444155,
    "multiVarLinearReg_TUPLE" : 19.904866461804783,
    "senMLParse_TUPLE" : 0.2806615434342008,
    "TUPLE" : 0.09460464646463998
  },
  "tuplesProcessedPerModule" : {
    "errorEstimate" : 13968,
    "average" : 4800,
    "multiVarLinearReg" : 9338,
    "decisionTree" : 9600,
    "sink" : 23035,
    "blobRead" : 4800,
    "source" : 4800,
    "senMLParse" : 4800,
    "mqttPublish" : 23425
  },
  "recsInPerModule" : {
    "errorEstimate" : 6.98457915103799,
    "average" : 2.4012671671665946,
    "multiVarLinearReg" : 4.798132952411065,
    "decisionTree" : 4.805900252745915,
    "sink" : 11.63286144025079,
    "blobRead" : 2.412056787735456,
    "source" : 2.421306284651793,
    "senMLParse" : 2.4115720442830284,
    "mqttPublish" : 11.723322434707729
  },
  "recsOutPerModule" : {
    "errorEstimate" : 6.984163770492228,
    "average" : 2.40112202278391,
    "multiVarLinearReg" : 4.67133329828316,
    "decisionTree" : 4.800062100657971,
    "sink" : 11.626170957365598,
    "blobRead" : 2.411885087623397,
    "source" : 2.4213039713948006,
    "senMLParse" : 2.41140041317364,
    "mqttPublish" : 11.713464969264832
  },
  "remainingDataPerDevice" : {
    "errorEstimate" : 36000,
    "average" : 264000,
    "multiVarLinearReg" : 76000,
    "decisionTree" : 208000,
    "sink" : 0,
    "blobRead" : 0,
    "source" : 0,
    "senMLParse" : 8000,
    "mqttPublish" : 340000
  },
  "executionTime" : 4348.0,
  "networkUsage" : 692428.74,
  "tuplesSentBySensors" : 4800
}