{
  "placement" : {
    "average" : "cloud-0-1-1-0-1-1-1-0-1",
    "blobRead" : "cloud-1-0-0-1-1-1-1-0",
    "decisionTree" : "cloud-1-1-0-1-1-0-0-0-1",
    "errorEstimate" : "cloud-0-1-0-0-0-0-0-1-0-0",
    "mqttPublish" : "cloud-0-1-1-1-0-0-1-1-1-1",
    "multiVarLinearReg" : "cloud-1-0-1-0-0-1-1-0-1-1",
    "senMLParse" : "cloud-0-0-0-0-0-0-1-0-0-1",
    "sink" : "cloud-0-0-1-1-0-1-1-0-1",
    "source" : "cloud-1-1-0-1-1-1-0-0-1"
  },
  "appLoopLatency" : 39.50215362727237,
  "latencyPerTupleType" : {
    "blobRead_TUPLE" : 0.21226659898995454,
    "average_TUPLE" : 0.2870628345456909,
    "sink_TUPLE" : 0.4008582496561557,
    "errorEstimate_TUPLE" : 0.26746567868440907,
    "mqttPublish_TUPLE" : 2.2095848480486477,
    "decisionTree_TUPLE" : 0.1805481407302451,
    "multiVarLinearReg_TUPLE" : 2.4662285963442185,
    "senMLParse_TUPLE" : 0.21226659898995617,
    "TUPLE" : 0.09475777777777987
  },
  "tuplesProcessedPerModule" : {
    "errorEstimate" : 13968,
    "average" : 4800,
    "multiVarLinearReg" : 9512,
    "decisionTree" : 9598,
    "sink" : 23250,
    "blobRead" : 4800,
    "source" : 4800,
    "senMLParse" : 4800,
    "mqttPublish" : 23274
  },
  "recsInPerModule" : {
    "errorEstimate" : 6.984512259050538,
    "average" : 2.400670863726367,
    "multiVarLinearReg" : 4.799141399211759,
    "decisionTree" : 4.800141476678896,
    "sink" : 11.807762467485507,
    "blobRead" : 2.4126627593617296,
    "source" : 2.4216727603689217,
    "senMLParse" : 2.4106029353641087,
    "mqttPublish" : 11.63880271652956
  },
  "recsOutPerModule" : {
    "errorEstimate" : 6.984169471612976,
    "average" : 2.400505328085224,
    "multiVarLinearReg" : 4.7561402987163515,
    "decisionTree" : 4.800506631514602,
    "sink" : 11.803473206222183,
    "blobRead" : 2.4124955658715117,
    "source" : 2.4216702150161464,
    "senMLParse" : 2.4104360272268583,
    "mqttPublish" : 11.63744012825014
  },
  "remainingDataPerDevice" : {
    "errorEstimate" : 36000,
    "average" : 286000,
    "multiVarLinearReg" : 402000,
    "decisionTree" : 542000,
    "sink" : 0,
    "blobRead" : 0,
    "source" : 0,
    "senMLParse" : 4000,
    "mqttPublish" : 48000
  },
  "executionTime" : 3261.0,
  "networkUsage" : 692997.32,
  "tuplesSentBySensors" : 4800
}