{
  "placement" : {
    "average" : "cloud-1-0-0-0-0-1-0-0-1",
    "blobRead" : "cloud-0-0-1-1-0-1-1",
    "decisionTree" : "cloud-1-0-1-1-1",
    "errorEstimate" : "cloud-1-1-1-1-0-0-1",
    "mqttPublish" : "cloud-1-1-0-1-1-1-1-0-0-0",
    "multiVarLinearReg" : "cloud-1-0-0-1-1-0-1-1-1-1",
    "senMLParse" : "cloud-0-0-1-0-0-0-0-0-1-1",
    "sink" : "cloud-0-1-1-0-0-1-0-0-0-0",
    "source" : "cloud-1-0-0-1-1-0-0-1-1-0"
  },
  "appLoopLatency" : 38.58361341818163,
  "latencyPerTupleType" : {
    "blobRead_TUPLE" : 5.057859933333226,
    "average_TUPLE" : 0.21813256080802224,
    "sink_TUPLE" : 1.072779916609298,
    "errorEstimate_TUPLE" : 0.4227283793724625,
    "mqttPublish_TUPLE" : 4.417734739612854,
    "decisionTree_TUPLE" : 17.268788994499342,
    "multiVarLinearReg_TUPLE" : 2.1930303867203094,
    "senMLParse_TUPLE" : 0.2432580606059267,
    "TUPLE" : 0.09697424242424292
  },
  "tuplesProcessedPerModule" : {
    "errorEstimate" : 14177,
    "average" : 4800,
    "multiVarLinearReg" : 9509,
    "decisionTree" : 9351,
    "sink" : 23250,
    "blobRead" : 4800,
    "source" : 4800,
    "senMLParse" : 4800,
    "mqttPublish" : 23282
  },
  "recsInPerModule" : {
    "errorEstimate" : 7.090350901466114,
    "average" : 2.4064437529596248,
    "multiVarLinearReg" : 4.801809988800598,
    "decisionTree" : 4.806377817583272,
    "sink" : 11.749250088302112,
    "blobRead" : 2.4152123369456637,
    "source" : 2.4228951476981737,
    "senMLParse" : 2.4149693032177026,
    "mqttPublish" : 11.650400129581064
  },
  "recsOutPerModule" : {
    "errorEstimate" : 7.0888508414058435,
    "average" : 2.4062774202622776,
    "multiVarLinearReg" : 4.76161067605521,
    "decisionTree" : 4.681720831234366,
    "sink" : 11.740678581947376,
    "blobRead" : 2.4093452693189312,
    "source" : 2.422892831404264,
    "senMLParse" : 2.4147971882204597,
    "mqttPublish" : 11.649361770497975
  },
  "remainingDataPerDevice" : {
    "errorEstimate" : 454000,
    "average" : 36000,
    "multiVarLinearReg" : 222000,
    "decisionTree" : 38000,
    "sink" : 0,
    "blobRead" : 0,
    "source" : 0,
    "senMLParse" : 0,
    "mqttPublish" : 64000
  },
  "executionTime" : 4990.0,
  "networkUsage" : 696746.34,
  "tuplesSentBySensors" : 4800
}