{
  "placement" : {
    "average" : "cloud-0-0-0-1-0-1-1-1-0-0",
    "blobRead" : "cloud-1-1-0-0-1-0-1-1-0",
    "decisionTree" : "cloud-0-1-0-0-0-0-1-0-1-0",
    "errorEstimate" : "cloud-0-1-1-1-1-1-0-1-0",
    "mqttPublish" : "cloud-1-0-1-0-1-0-1-0-1-0",
    "multiVarLinearReg" : "cloud-1-0-0-0-1-0-0-0-1-1",
    "senMLParse" : "cloud-0-0-0-1-1-1-1-1",
    "sink" : "cloud-0-1-0-0-1-0-1-0-0-1",
    "source" : "cloud-0-1-0-0-0-1-1-1-1-1"
  },
  "appLoopLatency" : 44.64678903636351,
  "latencyPerTupleType" : {
    "blobRead_TUPLE" : 0.11708136666653032,
    "average_TUPLE" : 0.2691617488888264,
    "sink_TUPLE" : 0.8134931487673663,
    "errorEstimate_TUPLE" : 16.683839569177614,
    "mqttPublish_TUPLE" : 0.8151936611691071,
    "decisionTree_TUPLE" : 4.5229160288662245,
    "multiVarLinearReg_TUPLE" : 0.5350918422221976,
    "senMLParse_TUPLE" : 0.11708136666653075,
    "TUPLE" : 0.09884777777777351
  },
  "tuplesProcessedPerModule" : {
    "errorEstimate" : 14005,
    "average" : 4800,
    "multiVarLinearReg" : 9600,
    "decisionTree" : 9407,
    "sink" : 23250,
    "blobRead" : 4800,
    "source" : 4800,
    "senMLParse" : 4800,
    "mqttPublish" : 23250
  },
  "recsInPerModule" : {
    "errorEstimate" : 7.042348473008316,
    "average" : 2.4052715832182363,
    "multiVarLinearReg" : 4.800680162765802,
    "decisionTree" : 4.796237387371369,
    "sink" : 11.683770244507315,
    "blobRead" : 2.409147275228333,
    "source" : 2.4208178228677513,
    "senMLParse" : 2.409752003292732,
    "mqttPublish" : 11.762400921970755
  },
  "recsOutPerModule" : {
    "errorEstimate" : 7.00334630304285,
    "average" : 2.405125954353436,
    "multiVarLinearReg" : 4.800402600165271,
    "decisionTree" : 4.704673799646654,
    "sink" : 11.675543822283391,
    "blobRead" : 2.4090137706905868,
    "source" : 2.420689379975507,
    "senMLParse" : 2.4096184317255966,
    "mqttPublish" : 11.754063440566132
  },
  "remainingDataPerDevice" : {
    "errorEstimate" : 110000,
    "average" : 58000,
    "multiVarLinearReg" : 574000,
    "decisionTree" : 214000,
    "sink" : 0,
    "blobRead" : 16000,
    "source" : 0,
    "senMLParse" : 0,
    "mqttPublish" : 0
  },
  "executionTime" : 6397.0,
  "networkUsage" : 794621.56,
  "tuplesSentBySensors" : 4800
}