{
  "placement" : {
    "average" : "cloud-1-0-1-0-0-1-1-0-1-0",
    "blobRead" : "cloud-1-0-0-1-1-1-0-0-1-1",
    "decisionTree" : "cloud-0-1-1-1-0-1-1",
    "errorEstimate" : "cloud-1-0-1-1-1-0-1-1-0-0",
    "mqttPublish" : "cloud-0-1-0-1-0-1-1-1-0-0",
    "multiVarLinearReg" : "cloud-0-1-0-1-1-1-1-0-0-0",
    "senMLParse" : "cloud-1-1-1-0-0-1-1-0-0",
    "sink" : "cloud-1-1-0-0-0-0-0-1-1-1",
    "source" : "cloud-1-0-0-1-0-0-1-1-0-1"
  },
  "appLoopLatency" : 45.58755513333316,
  "latencyPerTupleType" : {
    "blobRead_TUPLE" : 0.10404856666654073,
    "average_TUPLE" : 0.6612778482954857,
    "sink_TUPLE" : 0.6167958576471496,
    "errorEstimate_TUPLE" : 1.9542724306774746,
    "mqttPublish_TUPLE" : 2.795928822393404,
    "decisionTree_TUPLE" : 16.638705759088136,
    "multiVarLinearReg_TUPLE" : 16.638713352748077,
    "senMLParse_TUPLE" : 4.809797899999861,
    "TUPLE" : 0.097008333333333
  },
  "tuplesProcessedPerModule" : {
    "errorEstimate" : 13964,
    "average" : 4711,
    "multiVarLinearReg" : 9337,
    "decisionTree" : 9337,
    "sink" : 23140,
    "blobRead" : 4800,
    "source" : 4800,
    "senMLParse" : 4800,
    "mqttPublish" : 23278
  },
  "recsInPerModule" : {
    "errorEstimate" : 6.982603748505579,
    "average" : 2.357502356413933,
    "multiVarLinearReg" : 4.756448293096196,
    "decisionTree" : 4.761687241167429,
    "sink" : 11.60588414614752,
    "blobRead" : 2.4138722664354963,
    "source" : 2.4216727603689217,
    "senMLParse" : 2.4119315621353548,
    "mqttPublish" : 11.640157922169545
  },
  "recsOutPerModule" : {
    "errorEstimate" : 6.982181871873398,
    "average" : 2.3573352365572573,
    "multiVarLinearReg" : 4.674574588642355,
    "decisionTree" : 4.679728993340469,
    "sink" : 11.601059623272612,
    "blobRead" : 2.413725594271561,
    "source" : 2.421666396997016,
    "senMLParse" : 2.406206044521424,
    "mqttPublish" : 11.639272764417356
  },
  "remainingDataPerDevice" : {
    "errorEstimate" : 28000,
    "average" : 100000,
    "multiVarLinearReg" : 68000,
    "decisionTree" : 18000,
    "sink" : 0,
    "blobRead" : 0,
    "source" : 0,
    "senMLParse" : 623000,
    "mqttPublish" : 276000
  },
  "executionTime" : 5855.0,
  "networkUsage" : 864011.44,
  "tuplesSentBySensors" : 4800
}