{
  "placement" : {
    "average" : "cloud-1-1-0-1-1-1-1-0-0",
    "blobRead" : "cloud-1-1-0-1-1-0-1-0",
    "decisionTree" : "cloud-0-1-1-0-0-0-1-1-1-1",
    "errorEstimate" : "cloud-0-0-1-1-1-1-0-0-1-1",
    "mqttPublish" : "cloud-0-0-1-0-1-1-0-1-1-1",
    "multiVarLinearReg" : "cloud-0-0-0-1-1-0-0-0-0",
    "senMLParse" : "cloud-1-1-1-0-1-0-1",
    "sink" : "cloud-0-1-1-1-1-0-0-0-1",
    "source" : "cloud-0-0-1-0-1-1-0-0-0-0"
  },
  "appLoopLatency" : 31.367808777648808,
  "latencyPerTupleType" : {
    "blobRead_TUPLE" : 5.413303666666557,
    "average_TUPLE" : 0.3700218050507026,
    "sink_TUPLE" : 0.37139178644951953,
    "errorEstimate_TUPLE" : 1.0204713530752554,
    "mqttPublish_TUPLE" : 0.5158358208086535,
    "decisionTree_TUPLE" : 0.7281508485346563,
    "multiVarLinearReg_TUPLE" : 2.1649011913181977,
    "senMLParse_TUPLE" : 0.21132835454532567,
    "TUPLE" : 0.09918694444444141
  },
  "tuplesProcessedPerModule" : {
    "errorEstimate" : 14054,
    "average" : 4800,
    "multiVarLinearReg" : 9498,
    "decisionTree" : 9498,
    "sink" : 23261,
    "blobRead" : 4800,
    "source" : 4800,
    "senMLParse" : 4800,
    "mqttPublish" : 23436
  },
  "recsInPerModule" : {
    "errorEstimate" : 7.0373480390846215,
    "average" : 2.4088824798603663,
    "multiVarLinearReg" : 4.757044566711098,
    "decisionTree" : 4.761337076692735,
    "sink" : 11.631502100367307,
    "blobRead" : 2.414600833683864,
    "source" : 2.4235068042478014,
    "senMLParse" : 2.416180899719003,
    "mqttPublish" : 11.721615461002207
  },
  "recsOutPerModule" : {
    "errorEstimate" : 7.027347670998675,
    "average" : 2.4087364134320652,
    "multiVarLinearReg" : 4.756061967271175,
    "decisionTree" : 4.760911956444665,
    "sink" : 11.631635031336392,
    "blobRead" : 2.4080444175297915,
    "source" : 2.4233780758626304,
    "senMLParse" : 2.4160362500724513,
    "mqttPublish" : 11.71861536207059
  },
  "remainingDataPerDevice" : {
    "errorEstimate" : 200000,
    "average" : 166000,
    "multiVarLinearReg" : 282000,
    "decisionTree" : 20000,
    "sink" : 0,
    "blobRead" : 408000,
    "source" : 0,
    "senMLParse" : 0,
    "mqttPublish" : 346000
  },
  "executionTime" : 2872.0,
  "networkUsage" : 584495.52,
  "tuplesSentBySensors" : 4800
}