{
  "placement" : {
    "average" : "cloud-1-1-1-1-0-0-0-0-0-1",
    "blobRead" : "cloud-0-1-1-0-1-0-0",
    "decisionTree" : "cloud-1-1-1-0-0-1-1-1-1",
    "errorEstimate" : "cloud-1-0-1-0-0-0-1-1-0",
    "mqttPublish" : "cloud-0-1-1-1-1-0-1",
    "multiVarLinearReg" : "cloud-1-1-1-0-0-1-1-0-0-0",
    "senMLParse" : "cloud-1-1-0-1-0-0-1-1-0-1",
    "sink" : "cloud-0-1-0-1-1-0-0-0-0",
    "source" : "cloud-0-1-1-1-1-0-1-1-0"
  },
  "appLoopLatency" : 30.85338623856347,
  "latencyPerTupleType" : {
    "blobRead_TUPLE" : 5.187500325252366,
    "average_TUPLE" : 1.5263788352095242,
    "sink_TUPLE" : 0.7766115236176229,
    "errorEstimate_TUPLE" : 12.917514842524417,
    "mqttPublish_TUPLE" : 3.7694183718644183,
    "decisionTree_TUPLE" : 2.063676371034344,
    "multiVarLinearReg_TUPLE" : 2.2643235360948517,
    "senMLParse_TUPLE" : 5.188000325252352,
    "TUPLE" : 0.09574929292929958
  },
  "tuplesProcessedPerModule" : {
    "errorEstimate" : 14024,
    "average" : 4699,
    "multiVarLinearReg" : 9499,
    "decisionTree" : 9499,
    "sink" : 23297,
    "blobRead" : 4800,
    "source" : 4800,
    "senMLParse" : 4800,
    "mqttPublish" : 23346
  },
  "recsInPerModule" : {
    "errorEstimate" : 7.026847632206062,
    "average" : 2.4009959443951616,
    "multiVarLinearReg" : 4.800311154714452,
    "decisionTree" : 4.801751821662063,
    "sink" : 11.650023776243208,
    "blobRead" : 2.4205713479124378,
    "source" : 2.424853536320517,
    "senMLParse" : 2.4161849308091194,
    "mqttPublish" : 11.67432003712329
  },
  "recsOutPerModule" : {
    "errorEstimate" : 7.012346928851959,
    "average" : 2.3569121179329033,
    "multiVarLinearReg" : 4.750631587127915,
    "decisionTree" : 4.752739814911953,
    "sink" : 11.650506212756769,
    "blobRead" : 2.414045744219005,
    "source" : 2.424728724480716,
    "senMLParse" : 2.409682924552841,
    "mqttPublish" : 11.673432269496256
  },
  "remainingDataPerDevice" : {
    "errorEstimate" : 142000,
    "average" : 24000,
    "multiVarLinearReg" : 266000,
    "decisionTree" : 212000,
    "sink" : 0,
    "blobRead" : 0,
    "source" : 0,
    "senMLParse" : 0,
    "mqttPublish" : 94000
  },
  "executionTime" : 4340.0,
  "networkUsage" : 587121.4,
  "tuplesSentBySensors" : 4800
}