{
  "placement" : {
    "average" : "cloud-0-0-1-0-0-0-1-1-0-1",
    "blobRead" : "cloud-1-1-1-1-1",
    "decisionTree" : "cloud-1-0-0-1-1-0-0-0-0-0",
    "errorEstimate" : "cloud-0-1-0-0-1-0-0-0-0-0",
    "mqttPublish" : "cloud-0-1-1-0-1-0-1-1-1",
    "multiVarLinearReg" : "cloud-0-1-0-1-0-1-1-0-1-1",
    "senMLParse" : "cloud-1-1-0-1-0-1-1-1-1",
    "sink" : "cloud-0-0-1-1-1-0-1-0",
    "source" : "cloud-0-0-0-0-1-1-1-0"
  },
  "appLoopLatency" : 34.158521931673164,
  "latencyPerTupleType" : {
    "blobRead_TUPLE" : 0.2562967888887569,
    "average_TUPLE" : 0.12637412444438595,
    "sink_TUPLE" : 0.2560782824941757,
    "errorEstimate_TUPLE" : 0.9292331347531346,
    "mqttPublish_TUPLE" : 0.2118174942044225,
    "decisionTree_TUPLE" : 0.16740430999996847,
    "multiVarLinearReg_TUPLE" : 0.6780093575359316,
    "senMLParse_TUPLE" : 0.1250056222220997,
    "TUPLE" : 0.09984666666665963
  },
  "tuplesProcessedPerModule" : {
    "errorEstimate" : 14045,
    "average" : 4800,
    "multiVarLinearReg" : 9592,
    "decisionTree" : 9600,
    "sink" : 23257,
    "blobRead" : 4800,
    "source" : 4800,
    "senMLParse" : 4800,
    "mqttPublish" : 23430
  },
  "recsInPerModule" : {
    "errorEstimate" : 7.023901025930089,
    "average" : 2.401060497999696,
    "multiVarLinearReg" : 4.800440106749207,
    "decisionTree" : 4.807893029039754,
    "sink" : 11.630620847965924,
    "blobRead" : 2.41605928837685,
    "source" : 2.4235068042478014,
    "senMLParse" : 2.4127802335016826,
    "mqttPublish" : 11.715649730973839
  },
  "recsOutPerModule" : {
    "errorEstimate" : 7.023350221557611,
    "average" : 2.4009278882015717,
    "multiVarLinearReg" : 4.796439739993582,
    "decisionTree" : 4.807614631779222,
    "sink" : 11.629299037331355,
    "blobRead" : 2.4159123503241213,
    "source" : 2.4233780758626304,
    "senMLParse" : 2.4126463260258184,
    "mqttPublish" : 11.715480435699506
  },
  "remainingDataPerDevice" : {
    "errorEstimate" : 184000,
    "average" : 294000,
    "multiVarLinearReg" : 400000,
    "decisionTree" : 244000,
    "sink" : 0,
    "blobRead" : 0,
    "source" : 0,
    "senMLParse" : 0,
    "mqttPublish" : 338000
  },
  "executionTime" : 3083.0,
  "networkUsage" : 651531.68,
  "tuplesSentBySensors" : 4800
}