{
  "placement" : {
    "average" : "cloud-0-1-1-1-1-0-1-1-0-1",
    "blobRead" : "cloud-0-0-0-0-1-1-1-0-0-1",
    "decisionTree" : "cloud-0-1-0-0-0-0-0-1-1",
    "errorEstimate" : "cloud-0-0-0-0-0-0-1-0-1-0",
    "mqttPublish" : "cloud-1-0-0-1-0-1-0-1-0",
    "multiVarLinearReg" : "cloud-0-1-0-0-1-1-0-1-1-1",
    "senMLParse" : "cloud-1-1-1-1-1",
    "sink" : "cloud-1-1-0-1-0-1-0-0-1-1",
    "source" : "cloud-0-0-1-1-1-0-1-0-0"
  },
  "appLoopLatency" : 39.8672781999998,
  "latencyPerTupleType" : {
    "blobRead_TUPLE" : 0.11987272000004429,
    "average_TUPLE" : 0.34958745111103035,
    "sink_TUPLE" : 5.060666515780082,
    "errorEstimate_TUPLE" : 12.95994101460433,
    "mqttPublish_TUPLE" : 1.5562049415966182,
    "decisionTree_TUPLE" : 19.788435228751613,
    "multiVarLinearReg_TUPLE" : 5.3004672145761464,
    "senMLParse_TUPLE" : 0.2739143866667038,
    "TUPLE" : 0.0970066666666596
  },
  "tuplesProcessedPerModule" : {
    "errorEstimate" : 13991,
    "average" : 4800,
    "multiVarLinearReg" : 9424,
    "decisionTree" : 9334,
    "sink" : 23250,
    "blobRead" : 4800,
    "source" : 4800,
    "senMLParse" : 4800,
    "mqttPublish" : 23256
  },
  "recsInPerModule" : {
    "errorEstimate" : 7.024661103577751,
    "average" : 2.4065905891138377,
    "multiVarLinearReg" : 4.803332401115202,
    "decisionTree" : 4.804053514232015,
    "sink" : 11.665537625621596,
    "blobRead" : 2.412906586458855,
    "source" : 2.422283799816411,
    "senMLParse" : 2.4136345701961677,
    "mqttPublish" : 11.62915696738295
  },
  "recsOutPerModule" : {
    "errorEstimate" : 6.997759814567959,
    "average" : 2.4064448004897994,
    "multiVarLinearReg" : 4.715271307094756,
    "decisionTree" : 4.673072652070025,
    "sink" : 11.63818983112359,
    "blobRead" : 2.412772664958026,
    "source" : 2.422160294068762,
    "senMLParse" : 2.4134879269158205,
    "mqttPublish" : 11.628514912578416
  },
  "remainingDataPerDevice" : {
    "errorEstimate" : 82000,
    "average" : 126000,
    "multiVarLinearReg" : 224000,
    "decisionTree" : 56000,
    "sink" : 0,
    "blobRead" : 0,
    "source" : 0,
    "senMLParse" : 0,
    "mqttPublish" : 12000
  },
  "executionTime" : 7233.0,
  "networkUsage" : 749598.18,
  "tuplesSentBySensors" : 4800
}