{
  "placement" : {
    "average" : "cloud-1-1-1-1-1-1-0-0-0-0",
    "blobRead" : "cloud-0-0-0-1-0-0-1-1",
    "decisionTree" : "cloud-1-1-1-1-0-0-0",
    "errorEstimate" : "cloud-0-0-0-1-1-1-1-1-1-0",
    "mqttPublish" : "cloud-1-0-0-1-0-0-1-0-0-1",
    "multiVarLinearReg" : "cloud-1-0-0-1-0-0-0-1-1",
    "senMLParse" : "cloud-0-1-0-0-1-0-0-1-1-1",
    "sink" : "cloud-0-1-1-0-1-0-0-1-1-1",
    "source" : "cloud-0-0-0-1-1-1-1-1-0-1"
  },
  "appLoopLatency" : 45.011003260605776,
  "latencyPerTupleType" : {
    "blobRead_TUPLE" : 0.23410674343421703,
    "average_TUPLE" : 1.2218873925960483,
    "sink_TUPLE" : 0.48322685123233733,
    "errorEstimate_TUPLE" : 0.48576721930395445,
    "mqttPublish_TUPLE" : 0.4603308414951463,
    "decisionTree_TUPLE" : 1.3179676223649717,
    "multiVarLinearReg_TUPLE" : 0.5443194300834846,
    "senMLParse_TUPLE" : 4.259072523232199,
    "TUPLE" : 0.09634343434341872
  },
  "tuplesProcessedPerModule" : {
    "errorEstimate" : 13977,
    "average" : 4702,
    "multiVarLinearReg" : 9502,
    "decisionTree" : 9504,
    "sink" : 23250,
    "blobRead" : 4800,
    "source" : 4800,
    "senMLParse" : 4800,
    "mqttPublish" : 23338
  },
  "recsInPerModule" : {
    "errorEstimate" : 6.989086150193618,
    "average" : 2.351233606815006,
    "multiVarLinearReg" : 4.7528981649401345,
    "decisionTree" : 4.753219166614666,
    "sink" : 11.72907550043183,
    "blobRead" : 2.417158320477653,
    "source" : 2.4225283019439274,
    "senMLParse" : 2.411087501681747,
    "mqttPublish" : 11.670744688800392
  },
  "recsOutPerModule" : {
    "errorEstimate" : 6.988663883003281,
    "average" : 2.351018075410637,
    "multiVarLinearReg" : 4.752511869075793,
    "decisionTree" : 4.753750330871828,
    "sink" : 11.7230013531016,
    "blobRead" : 2.4170112487183952,
    "source" : 2.4224037293517133,
    "senMLParse" : 2.405365985927147,
    "mqttPublish" : 11.669917946020705
  },
  "remainingDataPerDevice" : {
    "errorEstimate" : 54000,
    "average" : 104000,
    "multiVarLinearReg" : 350000,
    "decisionTree" : 232000,
    "sink" : 0,
    "blobRead" : 0,
    "source" : 0,
    "senMLParse" : 678000,
    "mqttPublish" : 176000
  },
  "executionTime" : 2548.0,
  "networkUsage" : 860973.36,
  "tuplesSentBySensors" : 4800
}