{
  "placement" : {
    "average" : "cloud-0-1-0-0-1-1-0",
    "blobRead" : "cloud-0-0-1-1-0-1-0-0-1-1",
    "decisionTree" : "cloud-1-0-0-0-1-1",
    "errorEstimate" : "cloud-0-0-0-0-0-1-0-1-0-0",
    "mqttPublish" : "cloud-0-0-1-0-0-0-1-0-1-1",
    "multiVarLinearReg" : "cloud-1-1-0-1-1-0-0-0",
    "senMLParse" : "cloud-0-1-0-1-1-0-0-1",
    "sink" : "cloud-0-0-0-1-0",
    "source" : "cloud-1-1-1-1-0-1-1-0-0-0"
  },
  "appLoopLatency" : 30.664902216753347,
  "latencyPerTupleType" : {
    "blobRead_TUPLE" : 0.28341449999986024,
    "average_TUPLE" : 4.881847518786753,
    "sink_TUPLE" : 4.094785729970222,
    "errorEstimate_TUPLE" : 2.249994924852821,
    "mqttPublish_TUPLE" : 0.7171957945010954,
    "decisionTree_TUPLE" : 6.2160446046238205,
    "multiVarLinearReg_TUPLE" : 6.2175199400194865,
    "senMLParse_TUPLE" : 0.19866273939380663,
    "TUPLE" : 0.09570944444444059
  },
  "tuplesProcessedPerModule" : {
    "errorEstimate" : 13963,
    "average" : 4710,
    "multiVarLinearReg" : 9399,
    "decisionTree" : 9406,
    "sink" : 23253,
    "blobRead" : 4800,
    "source" : 4800,
    "senMLParse" : 4800,
    "mqttPublish" : 23296
  },
  "recsInPerModule" : {
    "errorEstimate" : 6.983610359031761,
    "average" : 2.403070839623504,
    "multiVarLinearReg" : 4.7991338787473925,
    "decisionTree" : 4.801094200284382,
    "sink" : 11.627874932257429,
    "blobRead" : 2.4085428445584123,
    "source" : 2.4198414902997123,
    "senMLParse" : 2.4080595123078643,
    "mqttPublish" : 11.649825477943065
  },
  "recsOutPerModule" : {
    "errorEstimate" : 6.981964529670818,
    "average" : 2.358013344016629,
    "multiVarLinearReg" : 4.699857461758827,
    "decisionTree" : 4.704072253000362,
    "sink" : 11.627142093419256,
    "blobRead" : 2.408371644338018,
    "source" : 2.4198351365481248,
    "senMLParse" : 2.407892956181622,
    "mqttPublish" : 11.648325459331536
  },
  "remainingDataPerDevice" : {
    "errorEstimate" : 24000,
    "average" : 90000,
    "multiVarLinearReg" : 194000,
    "decisionTree" : 116000,
    "sink" : 0,
    "blobRead" : 0,
    "source" : 0,
    "senMLParse" : 4000,
    "mqttPublish" : 86000
  },
  "executionTime" : 5205.0,
  "networkUsage" : 506265.62,
  "tuplesSentBySensors" : 4800
}