{
  "placement" : {
    "average" : "cloud-1-1-0-0-0-1-0-0-0-0",
    "blobRead" : "cloud-0-0-0-1-0-1-0-1-1",
    "decisionTree" : "cloud-0-0-0-0-1-1-0-0-0",
    "errorEstimate" : "cloud-1-1-1-1-1-1-1",
    "mqttPublish" : "cloud-1-0-1-1-1-1-1-1-1-0",
    "multiVarLinearReg" : "cloud-0-0-0-0-0-1-1-1",
    "senMLParse" : "cloud-0-1-0-1-0-1-0-0-0",
    "sink" : "cloud-0-0-0-1-0-1-1-1-0-0",
    "source" : "cloud-0-1-1-1-0-0-0-0-0-0"
  },
  "appLoopLatency" : 40.436357836363435,
  "latencyPerTupleType" : {
    "blobRead_TUPLE" : 5.616401499999839,
    "average_TUPLE" : 0.12288103555549969,
    "sink_TUPLE" : 0.9679194161630759,
    "errorEstimate_TUPLE" : 1.5644572657400304,
    "mqttPublish_TUPLE" : 0.5802182585780018,
    "decisionTree_TUPLE" : 1.6003165325454909,
    "multiVarLinearReg_TUPLE" : 0.7158862550368331,
    "senMLParse_TUPLE" : 0.11912871111096389,
    "TUPLE" : 0.09716722222221637
  },
  "tuplesProcessedPerModule" : {
    "errorEstimate" : 13991,
    "average" : 4800,
    "multiVarLinearReg" : 9494,
    "decisionTree" : 9494,
    "sink" : 23250,
    "blobRead" : 4800,
    "source" : 4800,
    "senMLParse" : 4800,
    "mqttPublish" : 23260
  },
  "recsInPerModule" : {
    "errorEstimate" : 6.997181905738005,
    "average" : 2.400580169814861,
    "multiVarLinearReg" : 4.753139537654568,
    "decisionTree" : 4.752901589975593,
    "sink" : 11.813413171624433,
    "blobRead" : 2.4144793752690217,
    "source" : 2.4238739464354158,
    "senMLParse" : 2.4143579230006784,
    "mqttPublish" : 11.630819463189523
  },
  "recsOutPerModule" : {
    "errorEstimate" : 6.995779878787654,
    "average" : 2.4004476130667074,
    "multiVarLinearReg" : 4.752864407300508,
    "decisionTree" : 4.75117714705091,
    "sink" : 11.806189653067735,
    "blobRead" : 2.4076719906190944,
    "source" : 2.423745179045654,
    "senMLParse" : 2.4142238403512803,
    "mqttPublish" : 11.630598031253074
  },
  "remainingDataPerDevice" : {
    "errorEstimate" : 82000,
    "average" : 298000,
    "multiVarLinearReg" : 302000,
    "decisionTree" : 366000,
    "sink" : 0,
    "blobRead" : 424000,
    "source" : 0,
    "senMLParse" : 0,
    "mqttPublish" : 20000
  },
  "executionTime" : 3065.0,
  "networkUsage" : 718667.0,
  "tuplesSentBySensors" : 4800
}