{
  "placement" : {
    "average" : "cloud-0-1-1-1-1-1",
    "blobRead" : "cloud-0-1-1-0-0-1",
    "decisionTree" : "cloud-1-0-1-1-0-0-1-0-1-0",
    "errorEstimate" : "cloud-1-1-1-1-1-1-0-1-1",
    "mqttPublish" : "cloud-0-1-0-0-1-1-0-1-1-1",
    "multiVarLinearReg" : "cloud-1-1-0-1-0-1-0-1-1-1",
    "senMLParse" : "cloud-1-1-1-0-1-0-1-0-0-0",
    "sink" : "cloud-0-1-0-1-1-1-0",
    "source" : "cloud-0-0-1-1-1-1-0-0-0"
  },
  "appLoopLatency" : 35.738705125679715,
  "latencyPerTupleType" : {
    "blobRead_TUPLE" : 0.27460189333336177,
    "average_TUPLE" : 5.206003206666558,
    "sink_TUPLE" : 4.422669535427837,
    "errorEstimate_TUPLE" : 2.457874790849237,
    "mqttPublish_TUPLE" : 1.6839754126968083,
    "decisionTree_TUPLE" : 6.379974375555425,
    "multiVarLinearReg_TUPLE" : 6.563998565555394,
    "senMLParse_TUPLE" : 0.12039356000003965,
    "TUPLE" : 0.09668722222223496
  },
  "tuplesProcessedPerModule" : {
    "errorEstimate" : 14075,
    "average" : 4800,
    "multiVarLinearReg" : 9600,
    "decisionTree" : 9600,
    "sink" : 23252,
    "blobRead" : 4800,
    "source" : 4800,
    "senMLParse" : 4800,
    "mqttPublish" : 23325
  },
  "recsInPerModule" : {
    "errorEstimate" : 7.038768632464474,
    "average" : 2.4091384548071435,
    "multiVarLinearReg" : 4.817309786346516,
    "decisionTree" : 4.816343048825915,
    "sink" : 11.628743814700888,
    "blobRead" : 2.4178886478109973,
    "source" : 2.424241199878182,
    "senMLParse" : 2.4160630936004757,
    "mqttPublish" : 11.665410435329392
  },
  "recsOutPerModule" : {
    "errorEstimate" : 7.038349988469193,
    "average" : 2.402674266959857,
    "multiVarLinearReg" : 4.8009577790745315,
    "decisionTree" : 4.800672687059266,
    "sink" : 11.627859404214412,
    "blobRead" : 2.4177414871676293,
    "source" : 2.4241162192018875,
    "senMLParse" : 2.4159288214943535,
    "mqttPublish" : 11.664462461241754
  },
  "remainingDataPerDevice" : {
    "errorEstimate" : 250000,
    "average" : 202000,
    "multiVarLinearReg" : 448000,
    "decisionTree" : 450000,
    "sink" : 0,
    "blobRead" : 0,
    "source" : 0,
    "senMLParse" : 0,
    "mqttPublish" : 146000
  },
  "executionTime" : 7245.0,
  "networkUsage" : 643931.86,
  "tuplesSentBySensors" : 4800
}