{
  "placement" : {
    "average" : "cloud-1-1-0-0-0-0-1-0-0",
    "blobRead" : "cloud-1-1-1-0-0-0-0-0-1",
    "decisionTree" : "cloud-1-1-0-1-0-0-1-1-1-0",
    "errorEstimate" : "cloud-0-0-0-1",
    "mqttPublish" : "cloud-0-1-0-1-1-1-0-0-0",
    "multiVarLinearReg" : "cloud-0-1-0-0-1-0-1-1-1-0",
    "senMLParse" : "cloud-1-0-0-0-0-0-0-1-1-1",
    "sink" : "cloud-1-1-1-0-0-0-1-0-0",
    "source" : "cloud-1-0-0-0-1-1-0"
  },
  "appLoopLatency" : 31.10096466666651,
  "latencyPerTupleType" : {
    "blobRead_TUPLE" : 0.10470715555541683,
    "average_TUPLE" : 0.2711617111110352,
    "sink_TUPLE" : 0.5051159193168758,
    "errorEstimate_TUPLE" : 0.658667384508857,
    "mqttPublish_TUPLE" : 0.27093658589829633,
    "decisionTree_TUPLE" : 0.5485241455554999,
    "multiVarLinearReg_TUPLE" : 4.903509510814611,
    "senMLParse_TUPLE" : 0.24394233333319146,
    "TUPLE" : 0.09714722222222068
  },
  "tuplesProcessedPerModule" : {
    "errorEstimate" : 14219,
    "average" : 4800,
    "multiVarLinearReg" : 9447,
    "decisionTree" : 9600,
    "sink" : 23268,
    "blobRead" : 4800,
    "source" : 4800,
    "senMLParse" : 4800,
    "mqttPublish" : 23619
  },
  "recsInPerModule" : {
    "errorEstimate" : 7.115748684683818,
    "average" : 2.4087341918206184,
    "multiVarLinearReg" : 4.811241333869323,
    "decisionTree" : 4.818002338865108,
    "sink" : 11.634894044774065,
    "blobRead" : 2.4156945095544944,
    "source" : 2.423139773264792,
    "senMLParse" : 2.418372108905735,
    "mqttPublish" : 11.812653873598135
  },
  "recsOutPerModule" : {
    "errorEstimate" : 7.112137512489383,
    "average" : 2.4085629643980253,
    "multiVarLinearReg" : 4.734562184602081,
    "decisionTree" : 4.8176849925312535,
    "sink" : 11.634394027839742,
    "blobRead" : 2.4155476158667484,
    "source" : 2.4231334021808917,
    "senMLParse" : 2.4181995085478025,
    "mqttPublish" : 11.80968468378565
  },
  "remainingDataPerDevice" : {
    "errorEstimate" : 388000,
    "average" : 0,
    "multiVarLinearReg" : 34000,
    "decisionTree" : 0,
    "sink" : 0,
    "blobRead" : 0,
    "source" : 0,
    "senMLParse" : 0,
    "mqttPublish" : 700000
  },
  "executionTime" : 3796.0,
  "networkUsage" : 570290.58,
  "tuplesSentBySensors" : 4800
}