{
  "placement" : {
    "average" : "cloud-1-1-1-0",
    "blobRead" : "cloud-1-0-1-0-1-1-0-0-0-1",
    "decisionTree" : "cloud-1-0-0-1-0-1-1-1-0",
    "errorEstimate" : "cloud-0-1-0-1-1-1-0-1-1-1",
    "mqttPublish" : "cloud-0-1-1-1-1-1-1",
    "multiVarLinearReg" : "cloud-1-1-1-0-1-1-1-1-0",
    "senMLParse" : "cloud-1-0-1-1-0-1-0-0",
    "sink" : "cloud-0-0-0-1-0-1-1-1-1-1",
    "source" : "cloud-0-1-0-0-0-1-0-1-1-0"
  },
  "appLoopLatency" : 31.12745582470259,
  "latencyPerTupleType" : {
    "blobRead_TUPLE" : 0.21666223434330353,
    "average_TUPLE" : 1.3386786881319395,
    "sink_TUPLE" : 0.86065991477915,
    "errorEstimate_TUPLE" : 9.896638383772496,
    "mqttPublish_TUPLE" : 0.6770696595687093,
    "decisionTree_TUPLE" : 0.5851019126214434,
    "multiVarLinearReg_TUPLE" : 1.8750778454358072,
    "senMLParse_TUPLE" : 4.636795874747343,
    "TUPLE" : 0.09855484848484497
  },
  "tuplesProcessedPerModule" : {
    "errorEstimate" : 14029,
    "average" : 4706,
    "multiVarLinearReg" : 9506,
    "decisionTree" : 9506,
    "sink" : 23252,
    "blobRead" : 4800,
    "source" : 4800,
    "senMLParse" : 4800,
    "mqttPublish" : 23283
  },
  "recsInPerModule" : {
    "errorEstimate" : 7.026108135956004,
    "average" : 2.401314338664664,
    "multiVarLinearReg" : 4.760322002953913,
    "decisionTree" : 4.757463132512148,
    "sink" : 11.626858022315792,
    "blobRead" : 2.41072422854531,
    "source" : 2.421428430899243,
    "senMLParse" : 2.411450890375666,
    "mqttPublish" : 11.645024009671538
  },
  "recsOutPerModule" : {
    "errorEstimate" : 7.014607980005632,
    "average" : 2.3604783258031103,
    "multiVarLinearReg" : 4.756213449356642,
    "decisionTree" : 4.7571878493374165,
    "sink" : 11.627399650346986,
    "blobRead" : 2.4105779386836725,
    "source" : 2.4213039713948006,
    "senMLParse" : 2.4054136995146482,
    "mqttPublish" : 11.64286543715455
  },
  "remainingDataPerDevice" : {
    "errorEstimate" : 138000,
    "average" : 0,
    "multiVarLinearReg" : 320000,
    "decisionTree" : 354000,
    "sink" : 0,
    "blobRead" : 0,
    "source" : 0,
    "senMLParse" : 376000,
    "mqttPublish" : 60000
  },
  "executionTime" : 3429.0,
  "networkUsage" : 505915.4,
  "tuplesSentBySensors" : 4800
}