{
  "placement" : {
    "average" : "cloud-0-0-1-1-0-1-0-1-0",
    "blobRead" : "cloud-0-1-0-1-0-0-1-0-1",
    "decisionTree" : "cloud-0-0-0-1-0-0-1",
    "errorEstimate" : "cloud-0-1-0-0-1-0-0-1-0-1",
    "mqttPublish" : "cloud-0-0-0-0-1-0-1-0-0-0",
    "multiVarLinearReg" : "cloud-0-1-0-0-1-1-1-0-0",
    "senMLParse" : "cloud-0-0-0-1-0-1",
    "sink" : "cloud-1-1-1",
    "source" : "cloud-0-0-0-0-1-1-1-0-0"
  },
  "appLoopLatency" : 31.857965020881636,
  "latencyPerTupleType" : {
    "blobRead_TUPLE" : 5.062005920000053,
    "average_TUPLE" : 4.414874305252744,
    "sink_TUPLE" : 0.5039885804143079,
    "errorEstimate_TUPLE" : 1.1619770493986699,
    "mqttPublish_TUPLE" : 0.4995756402515551,
    "decisionTree_TUPLE" : 1.370661300455287,
    "multiVarLinearReg_TUPLE" : 0.6373242137020231,
    "senMLParse_TUPLE" : 0.22409359050509625,
    "TUPLE" : 0.09784666666665434
  },
  "tuplesProcessedPerModule" : {
    "errorEstimate" : 14193,
    "average" : 4800,
    "multiVarLinearReg" : 9501,
    "decisionTree" : 9501,
    "sink" : 23355,
    "blobRead" : 4800,
    "source" : 4800,
    "senMLParse" : 4800,
    "mqttPublish" : 23412
  },
  "recsInPerModule" : {
    "errorEstimate" : 7.0989839075623,
    "average" : 2.41191358436714,
    "multiVarLinearReg" : 4.756909446706993,
    "decisionTree" : 4.7547669623440685,
    "sink" : 11.679847402281393,
    "blobRead" : 2.411088545386449,
    "source" : 2.4225283019439274,
    "senMLParse" : 2.4167942516967638,
    "mqttPublish" : 11.708554836215162
  },
  "recsOutPerModule" : {
    "errorEstimate" : 7.0985923047578865,
    "average" : 2.4060625131343296,
    "multiVarLinearReg" : 4.756596873877374,
    "decisionTree" : 4.754393839802392,
    "sink" : 11.678931483800717,
    "blobRead" : 2.404739390045434,
    "source" : 2.422404771262642,
    "senMLParse" : 2.416649528603931,
    "mqttPublish" : 11.70780274236545
  },
  "remainingDataPerDevice" : {
    "errorEstimate" : 476000,
    "average" : 182000,
    "multiVarLinearReg" : 26000,
    "decisionTree" : 80000,
    "sink" : 0,
    "blobRead" : 396000,
    "source" : 0,
    "senMLParse" : 0,
    "mqttPublish" : 114000
  },
  "executionTime" : 3166.0,
  "networkUsage" : 588847.78,
  "tuplesSentBySensors" : 4800
}