{
  "placement" : {
    "average" : "cloud-1-0-1-1",
    "blobRead" : "cloud-0-1-0-0-0-0-1-1-0",
    "decisionTree" : "cloud-0-0-0-1-0-1",
    "errorEstimate" : "cloud-1-1-0-0-1-1-0-1",
    "mqttPublish" : "cloud-1-1-0-0-0-0-1-0-0",
    "multiVarLinearReg" : "cloud-0-0-1-1-1-1",
    "senMLParse" : "cloud-1-0-0-1-1-0-1-0-0",
    "sink" : "cloud-1-1-0-0-0-0-1-0-1",
    "source" : "cloud-0-0-1-1-1-0-0"
  },
  "appLoopLatency" : 28.031407447832553,
  "latencyPerTupleType" : {
    "blobRead_TUPLE" : 5.24082614444436,
    "average_TUPLE" : 1.5227127615768472,
    "sink_TUPLE" : 2.247601140566459,
    "errorEstimate_TUPLE" : 2.6433987143348436,
    "mqttPublish_TUPLE" : 1.8031254511333183,
    "decisionTree_TUPLE" : 4.703115736919341,
    "multiVarLinearReg_TUPLE" : 30.76218056377551,
    "senMLParse_TUPLE" : 5.24082614444436,
    "TUPLE" : 0.0983399999999946
  },
  "tuplesProcessedPerModule" : {
    "errorEstimate" : 14054,
    "average" : 4699,
    "multiVarLinearReg" : 9398,
    "decisionTree" : 9398,
    "sink" : 23114,
    "blobRead" : 4800,
    "source" : 4800,
    "senMLParse" : 4800,
    "mqttPublish" : 23127
  },
  "recsInPerModule" : {
    "errorEstimate" : 7.028734574547424,
    "average" : 2.401592610135451,
    "multiVarLinearReg" : 4.753134555635008,
    "decisionTree" : 4.753372453703745,
    "sink" : 11.560210066357225,
    "blobRead" : 2.415208309100184,
    "source" : 2.4235068042478014,
    "senMLParse" : 2.4138722603659346,
    "mqttPublish" : 11.564735187311777
  },
  "recsOutPerModule" : {
    "errorEstimate" : 7.027783991896928,
    "average" : 2.3572469486977057,
    "multiVarLinearReg" : 4.7065009663046276,
    "decisionTree" : 4.70998687469883,
    "sink" : 11.557306168450147,
    "blobRead" : 2.408711550935595,
    "source" : 2.4233780758626304,
    "senMLParse" : 2.407382678330439,
    "mqttPublish" : 11.563976220309813
  },
  "remainingDataPerDevice" : {
    "errorEstimate" : 608000,
    "average" : 0,
    "multiVarLinearReg" : 86000,
    "decisionTree" : 42000,
    "sink" : 0,
    "blobRead" : 0,
    "source" : 0,
    "senMLParse" : 404000,
    "mqttPublish" : 14000
  },
  "executionTime" : 6660.0,
  "networkUsage" : 395231.58,
  "tuplesSentBySensors" : 4800
}