{
  "placement" : {
    "average" : "cloud-1-0-0-1",
    "blobRead" : "cloud-0-1-0-0-1-1-1-1",
    "decisionTree" : "cloud-1-0-1-0-0-0-1-0-1-0",
    "errorEstimate" : "cloud-1-1-0-0-1-1-0-0",
    "mqttPublish" : "cloud-0-1-0-1-1-0-0",
    "multiVarLinearReg" : "cloud-1-0-0-1-1-0-0-1-1-1",
    "senMLParse" : "cloud-1-0-1-1-1-0-0-0-1-1",
    "sink" : "cloud-1-0-0-1-1-1-0-1-0-0",
    "source" : "cloud-0-1-1-0-1-1-1-0-1-0"
  },
  "appLoopLatency" : 37.96467056363625,
  "latencyPerTupleType" : {
    "blobRead_TUPLE" : 5.067354484848334,
    "average_TUPLE" : 0.3287589503029587,
    "sink_TUPLE" : 0.4767142503186299,
    "errorEstimate_TUPLE" : 1.083996705792941,
    "mqttPublish_TUPLE" : 0.24896274611394523,
    "decisionTree_TUPLE" : 0.6326318392778627,
    "multiVarLinearReg_TUPLE" : 0.6607564014716611,
    "senMLParse_TUPLE" : 0.3101443575756288,
    "TUPLE" : 0.0959891919191845
  },
  "tuplesProcessedPerModule" : {
    "errorEstimate" : 14040,
    "average" : 4800,
    "multiVarLinearReg" : 9501,
    "decisionTree" : 9500,
    "sink" : 23250,
    "blobRead" : 4800,
    "source" : 4800,
    "senMLParse" : 4800,
    "mqttPublish" : 23253
  },
  "recsInPerModule" : {
    "errorEstimate" : 7.032578274194504,
    "average" : 2.4036971936292657,
    "multiVarLinearReg" : 4.754484873381346,
    "decisionTree" : 4.750681145199587,
    "sink" : 11.808606202461455,
    "blobRead" : 2.413269484202124,
    "source" : 2.422283799816411,
    "senMLParse" : 2.410482097175754,
    "mqttPublish" : 11.632528330973225
  },
  "recsOutPerModule" : {
    "errorEstimate" : 7.0200781420852705,
    "average" : 2.403551755341364,
    "multiVarLinearReg" : 4.7542097900724585,
    "decisionTree" : 4.750525565974605,
    "sink" : 11.801825363057947,
    "blobRead" : 2.4069088526196722,
    "source" : 2.422159252368129,
    "senMLParse" : 2.410335836698242,
    "mqttPublish" : 11.631916126455604
  },
  "remainingDataPerDevice" : {
    "errorEstimate" : 178000,
    "average" : 156000,
    "multiVarLinearReg" : 316000,
    "decisionTree" : 396000,
    "sink" : 0,
    "blobRead" : 396000,
    "source" : 0,
    "senMLParse" : 0,
    "mqttPublish" : 6000
  },
  "executionTime" : 3517.0,
  "networkUsage" : 689255.82,
  "tuplesSentBySensors" : 4800
}