{
  "placement" : {
    "average" : "cloud-1-0-0-1-0-0-0-1-0",
    "blobRead" : "cloud-1-0-1-1-0-1-0-1-1-0",
    "decisionTree" : "cloud-0-0-0-0-1-1-1-1-1-1",
    "errorEstimate" : "cloud-0-1-1-0-0-1",
    "mqttPublish" : "cloud-0-0-0-1-1-1-0-0-0-1",
    "multiVarLinearReg" : "cloud-0-1-1-1-0-1-0-1-0",
    "senMLParse" : "cloud-0-0-1-0-1-0-1-0-0",
    "sink" : "cloud-0-1-0-0-0-1-0-0-0-0",
    "source" : "cloud-0-0-0-1-1-1-0-1-1-1"
  },
  "appLoopLatency" : 37.16801383636361,
  "latencyPerTupleType" : {
    "blobRead_TUPLE" : 0.23376274444432005,
    "average_TUPLE" : 0.2435526848486343,
    "sink_TUPLE" : 0.5715219696565865,
    "errorEstimate_TUPLE" : 1.2860047456092978,
    "mqttPublish_TUPLE" : 0.2841024815489146,
    "decisionTree_TUPLE" : 2.5023922022188785,
    "multiVarLinearReg_TUPLE" : 2.752041135849884,
    "senMLParse_TUPLE" : 0.1713561787877565,
    "TUPLE" : 0.09888194444443403
  },
  "tuplesProcessedPerModule" : {
    "errorEstimate" : 14065,
    "average" : 4800,
    "multiVarLinearReg" : 9494,
    "decisionTree" : 9511,
    "sink" : 23250,
    "blobRead" : 4800,
    "source" : 4800,
    "senMLParse" : 4800,
    "mqttPublish" : 23318
  },
  "recsInPerModule" : {
    "errorEstimate" : 7.035414541015378,
    "average" : 2.4028531144758465,
    "multiVarLinearReg" : 4.80377804974041,
    "decisionTree" : 4.802816735146623,
    "sink" : 11.826034455524447,
    "blobRead" : 2.4107202156555303,
    "source" : 2.4216727603689217,
    "senMLParse" : 2.4129015210245015,
    "mqttPublish" : 11.659856356206772
  },
  "recsOutPerModule" : {
    "errorEstimate" : 7.033029673448865,
    "average" : 2.4027100561714527,
    "multiVarLinearReg" : 4.750736333774526,
    "decisionTree" : 4.758290621664535,
    "sink" : 11.818795498441016,
    "blobRead" : 2.410573926280906,
    "source" : 2.4215442267411253,
    "senMLParse" : 2.4127572637532837,
    "mqttPublish" : 11.659121534682878
  },
  "remainingDataPerDevice" : {
    "errorEstimate" : 228000,
    "average" : 272000,
    "multiVarLinearReg" : 176000,
    "decisionTree" : 288000,
    "sink" : 0,
    "blobRead" : 0,
    "source" : 0,
    "senMLParse" : 0,
    "mqttPublish" : 136000
  },
  "executionTime" : 4218.0,
  "networkUsage" : 668579.84,
  "tuplesSentBySensors" : 4800
}