{
  "placement" : {
    "average" : "cloud-0-1-0-1-0-1-0-0-1-1",
    "blobRead" : "cloud-0-1-1-0-1-0-1-1-1-1",
    "decisionTree" : "cloud-0-1-1-1-1-0-1-1-0-1",
    "errorEstimate" : "cloud-0-1-1-0-1-0-1-1-1-0",
    "mqttPublish" : "cloud-1-0-1-1-0-1-1-1-0-1",
    "multiVarLinearReg" : "cloud-1-1-1-0-0-0-0",
    "senMLParse" : "cloud-0-0-0-1-1-0",
    "sink" : "cloud-0-0-0-0-1-1-1-0-0",
    "source" : "cloud-0-1-0-1-0-0-1-1-1-1"
  },
  "appLoopLatency" : 44.95412954848296,
  "latencyPerTupleType" : {
    "blobRead_TUPLE" : 0.179437576565704,
    "average_TUPLE" : 3.9647330046668814,
    "sink_TUPLE" : 0.9335633577768921,
    "errorEstimate_TUPLE" : 2.162019275015049,
    "mqttPublish_TUPLE" : 5.66281200326923,
    "decisionTree_TUPLE" : 5.909722318858811,
    "multiVarLinearReg_TUPLE" : 4.466001418282492,
    "senMLParse_TUPLE" : 0.20316525333337815,
    "TUPLE" : 0.09936166666666489
  },
  "tuplesProcessedPerModule" : {
    "errorEstimate" : 13999,
    "average" : 4714,
    "multiVarLinearReg" : 9429,
    "decisionTree" : 9400,
    "sink" : 23250,
    "blobRead" : 4800,
    "source" : 4800,
    "senMLParse" : 4800,
    "mqttPublish" : 23260
  },
  "recsInPerModule" : {
    "errorEstimate" : 7.001346339100031,
    "average" : 2.3998025559071703,
    "multiVarLinearReg" : 4.806676321453983,
    "decisionTree" : 4.809320656606884,
    "sink" : 11.717705033492258,
    "blobRead" : 2.4114506724380984,
    "source" : 2.421184150726784,
    "senMLParse" : 2.4115718257177616,
    "mqttPublish" : 11.631133025499937
  },
  "recsOutPerModule" : {
    "errorEstimate" : 7.000050513139232,
    "average" : 2.357297205281462,
    "multiVarLinearReg" : 4.721057399478084,
    "decisionTree" : 4.709786779256479,
    "sink" : 11.709000781421052,
    "blobRead" : 2.41130658858986,
    "source" : 2.421059485053257,
    "senMLParse" : 2.4114254329717673,
    "mqttPublish" : 11.630248555857012
  },
  "remainingDataPerDevice" : {
    "errorEstimate" : 98000,
    "average" : 128000,
    "multiVarLinearReg" : 154000,
    "decisionTree" : 180000,
    "sink" : 0,
    "blobRead" : 0,
    "source" : 0,
    "senMLParse" : 3000,
    "mqttPublish" : 20000
  },
  "executionTime" : 6417.0,
  "networkUsage" : 778638.32,
  "tuplesSentBySensors" : 4800
}