{
  "placement" : {
    "average" : "cloud-0-0-0-0-0-0-0",
    "blobRead" : "cloud-1-0-0-0-1-0-1-0-0-1",
    "decisionTree" : "cloud-1-0-0-0-1-0-1-1-0",
    "errorEstimate" : "cloud-1-1-0-0-1-0-1-1",
    "mqttPublish" : "cloud-0-0-0-0-1-1-1-0-1-0",
    "multiVarLinearReg" : "cloud-1-1-1-1-1-0-0-1-1",
    "senMLParse" : "cloud-0-0-1-1-1-0-1-1-1-1",
    "sink" : "cloud-1-1-1-1-0-0-1-0-0-1",
    "source" : "cloud-0-1-1-0-1-1-0-0-0"
  },
  "appLoopLatency" : 41.410797969696745,
  "latencyPerTupleType" : {
    "blobRead_TUPLE" : 0.12116907272712651,
    "average_TUPLE" : 0.32903677474740883,
    "sink_TUPLE" : 2.737151365369403,
    "errorEstimate_TUPLE" : 2.733075065665846,
    "mqttPublish_TUPLE" : 4.539461965357876,
    "decisionTree_TUPLE" : 0.7743669651514918,
    "multiVarLinearReg_TUPLE" : 19.911602243239667,
    "senMLParse_TUPLE" : 0.31043476161602734,
    "TUPLE" : 0.09530989898989403
  },
  "tuplesProcessedPerModule" : {
    "errorEstimate" : 14055,
    "average" : 4800,
    "multiVarLinearReg" : 9327,
    "decisionTree" : 9600,
    "sink" : 22999,
    "blobRead" : 4800,
    "source" : 4800,
    "senMLParse" : 4800,
    "mqttPublish" : 23370
  },
  "recsInPerModule" : {
    "errorEstimate" : 7.029638103950663,
    "average" : 2.406951583935989,
    "multiVarLinearReg" : 4.806912962680074,
    "decisionTree" : 4.807875927541502,
    "sink" : 11.6362865196697,
    "blobRead" : 2.4139976875714177,
    "source" : 2.4238739464354158,
    "senMLParse" : 2.4150908109296374,
    "mqttPublish" : 11.703450242612362
  },
  "recsOutPerModule" : {
    "errorEstimate" : 7.027638134935744,
    "average" : 2.406805751572653,
    "multiVarLinearReg" : 4.670862497116696,
    "decisionTree" : 4.805994138125673,
    "sink" : 11.656350408070429,
    "blobRead" : 2.413863644929656,
    "source" : 2.4237492354153742,
    "senMLParse" : 2.414943990649966,
    "mqttPublish" : 11.686448135782385
  },
  "remainingDataPerDevice" : {
    "errorEstimate" : 210000,
    "average" : 126000,
    "multiVarLinearReg" : 10000,
    "decisionTree" : 292000,
    "sink" : 0,
    "blobRead" : 0,
    "source" : 0,
    "senMLParse" : 0,
    "mqttPublish" : 240000
  },
  "executionTime" : 5582.0,
  "networkUsage" : 714040.54,
  "tuplesSentBySensors" : 4800
}