{
  "placement" : {
    "average" : "cloud-1-0-0-1-0-0",
    "blobRead" : "cloud-0-0-0-0-0-1-1-0-0-0",
    "decisionTree" : "cloud-0-0-1-0-0",
    "errorEstimate" : "cloud-0-1-0-0-1-1-0-0-0-0",
    "mqttPublish" : "cloud-0-0-1-0-1-1-0-0-1-0",
    "multiVarLinearReg" : "cloud-1-0-0-1-1-1-1-1-0-0",
    "senMLParse" : "cloud-0-0-0-1-0-1-0",
    "sink" : "cloud-1-1-1-0-1-1-1-1-1-1",
    "source" : "cloud-1-1-0-1-1-1-0"
  },
  "appLoopLatency" : 36.30652582590211,
  "latencyPerTupleType" : {
    "blobRead_TUPLE" : 0.2121207656566105,
    "average_TUPLE" : 5.382753923006101,
    "sink_TUPLE" : 2.0554673837554924,
    "errorEstimate_TUPLE" : 10.907267590607736,
    "mqttPublish_TUPLE" : 0.827364785278702,
    "decisionTree_TUPLE" : 3.8435101163635887,
    "multiVarLinearReg_TUPLE" : 3.8106880120905178,
    "senMLParse_TUPLE" : 0.11628122444448342,
    "TUPLE" : 0.09436888888888298
  },
  "tuplesProcessedPerModule" : {
    "errorEstimate" : 13980,
    "average" : 4706,
    "multiVarLinearReg" : 9484,
    "decisionTree" : 9600,
    "sink" : 23287,
    "blobRead" : 4800,
    "source" : 4800,
    "senMLParse" : 4800,
    "mqttPublish" : 23434
  },
  "recsInPerModule" : {
    "errorEstimate" : 6.991546335744284,
    "average" : 2.405625687980756,
    "multiVarLinearReg" : 4.801344374133207,
    "decisionTree" : 4.812174848190952,
    "sink" : 11.65033386555931,
    "blobRead" : 2.41205782621905,
    "source" : 2.4224060447105504,
    "senMLParse" : 2.4136345701961677,
    "mqttPublish" : 11.726146365115929
  },
  "recsOutPerModule" : {
    "errorEstimate" : 6.990546257595844,
    "average" : 2.3585155265319533,
    "multiVarLinearReg" : 4.743328224505565,
    "decisionTree" : 4.8032061858686905,
    "sink" : 11.646084037008162,
    "blobRead" : 2.4118907165571257,
    "source" : 2.422404771262642,
    "senMLParse" : 2.4134879269158205,
    "mqttPublish" : 11.723604268028426
  },
  "remainingDataPerDevice" : {
    "errorEstimate" : 60000,
    "average" : 64000,
    "multiVarLinearReg" : 352000,
    "decisionTree" : 232000,
    "sink" : 0,
    "blobRead" : 0,
    "source" : 0,
    "senMLParse" : 0,
    "mqttPublish" : 268000
  },
  "executionTime" : 4501.0,
  "networkUsage" : 643950.24,
  "tuplesSentBySensors" : 4800
}