{
  "placement" : {
    "average" : "cloud-0-1-1-0-0-1-0",
    "blobRead" : "cloud-1-1-1-1-1-0-1-0-0",
    "decisionTree" : "cloud-0-1-1-0-0-1-0-1",
    "errorEstimate" : "cloud-1-1-0-1-0-1-1-1",
    "mqttPublish" : "cloud-1-1-1-1-1-1-0-1-0",
    "multiVarLinearReg" : "cloud-0-0-0-0-0-0-1-0-0",
    "senMLParse" : "cloud-0-1-0-1-1-0",
    "sink" : "cloud-1-1-0-1-1-0-0-0-0-0",
    "source" : "cloud-1-1-1-0-1-1-1-1-1-0"
  },
  "appLoopLatency" : 41.92096918484817,
  "latencyPerTupleType" : {
    "blobRead_TUPLE" : 0.11463709555561157,
    "average_TUPLE" : 1.6743816098525506,
    "sink_TUPLE" : 3.3417410552311013,
    "errorEstimate_TUPLE" : 2.7314390365138146,
    "mqttPublish_TUPLE" : 0.9801029608950435,
    "decisionTree_TUPLE" : 2.142629102194026,
    "multiVarLinearReg_TUPLE" : 1.8556359336404042,
    "senMLParse_TUPLE" : 6.362463668888999,
    "TUPLE" : 0.0946261111111189
  },
  "tuplesProcessedPerModule" : {
    "errorEstimate" : 13988,
    "average" : 4694,
    "multiVarLinearReg" : 9494,
    "decisionTree" : 9472,
    "sink" : 23250,
    "blobRead" : 4800,
    "source" : 4800,
    "senMLParse" : 4800,
    "mqttPublish" : 23252
  },
  "recsInPerModule" : {
    "errorEstimate" : 6.994647118998435,
    "average" : 2.3529986394349316,
    "multiVarLinearReg" : 4.749555438538466,
    "decisionTree" : 4.747417955160027,
    "sink" : 11.7723086777083,
    "blobRead" : 2.412662759361729,
    "source" : 2.421794943594882,
    "senMLParse" : 2.4127840344675664,
    "mqttPublish" : 11.63024594111257
  },
  "recsOutPerModule" : {
    "errorEstimate" : 6.99400594246775,
    "average" : 2.352782416483385,
    "multiVarLinearReg" : 4.749047880793414,
    "decisionTree" : 4.736416996125846,
    "sink" : 11.738899424078523,
    "blobRead" : 2.4125162341411044,
    "source" : 2.4217923979852536,
    "senMLParse" : 2.4059861926938537,
    "mqttPublish" : 11.629554082473371
  },
  "remainingDataPerDevice" : {
    "errorEstimate" : 76000,
    "average" : 46000,
    "multiVarLinearReg" : 354000,
    "decisionTree" : 340000,
    "sink" : 0,
    "blobRead" : 0,
    "source" : 0,
    "senMLParse" : 742000,
    "mqttPublish" : 4000
  },
  "executionTime" : 4381.0,
  "networkUsage" : 709033.16,
  "tuplesSentBySensors" : 4800
}