{
  "placement" : {
    "average" : "cloud-0-0-1-0-0-1-1-1",
    "blobRead" : "cloud-1-0-0-0-1-0-0",
    "decisionTree" : "cloud-0-1-1-0-0-0-1-0-1",
    "errorEstimate" : "cloud-1-1-0-1-0-1-0-0-1-1",
    "mqttPublish" : "cloud-0-0-1-1-1-1-1-0",
    "multiVarLinearReg" : "cloud-1-1-1-0-0-1-0-1-1",
    "senMLParse" : "cloud-0-0-1-1-0-0-0-0-1",
    "sink" : "cloud-0-0-1-0-1-0-0-1",
    "source" : "cloud-0-1-1-1-0-0-1-1-0"
  },
  "appLoopLatency" : 37.38258705423591,
  "latencyPerTupleType" : {
    "blobRead_TUPLE" : 0.23877620444449713,
    "average_TUPLE" : 0.12410317777771304,
    "sink_TUPLE" : 6.120284111684091,
    "errorEstimate_TUPLE" : 20.37284049770873,
    "mqttPublish_TUPLE" : 1.2096960471605134,
    "decisionTree_TUPLE" : 5.76926468833347,
    "multiVarLinearReg_TUPLE" : 0.24864216297982064,
    "senMLParse_TUPLE" : 0.11714953777782805,
    "TUPLE" : 0.09622277777777735
  },
  "tuplesProcessedPerModule" : {
    "errorEstimate" : 13986,
    "average" : 4800,
    "multiVarLinearReg" : 9600,
    "decisionTree" : 9600,
    "sink" : 23289,
    "blobRead" : 4800,
    "source" : 4800,
    "senMLParse" : 4800,
    "mqttPublish" : 23348
  },
  "recsInPerModule" : {
    "errorEstimate" : 7.09135097223367,
    "average" : 2.409139714345149,
    "multiVarLinearReg" : 4.808625560256846,
    "decisionTree" : 4.814896178139111,
    "sink" : 11.64801316862859,
    "blobRead" : 2.415942755306139,
    "source" : 2.423751553347024,
    "senMLParse" : 2.4154564543214656,
    "mqttPublish" : 11.677356535470107
  },
  "recsOutPerModule" : {
    "errorEstimate" : 6.9961447320763455,
    "average" : 2.4090062106453614,
    "multiVarLinearReg" : 4.808347078159022,
    "decisionTree" : 4.800837511632142,
    "sink" : 11.645670473343213,
    "blobRead" : 2.4157981341713404,
    "source" : 2.4236278978842254,
    "senMLParse" : 2.4153222496326596,
    "mqttPublish" : 11.676468382063034
  },
  "remainingDataPerDevice" : {
    "errorEstimate" : 72000,
    "average" : 30000,
    "multiVarLinearReg" : 406000,
    "decisionTree" : 404000,
    "sink" : 0,
    "blobRead" : 0,
    "source" : 0,
    "senMLParse" : 0,
    "mqttPublish" : 108000
  },
  "executionTime" : 9305.0,
  "networkUsage" : 576884.0,
  "tuplesSentBySensors" : 4800
}