{
  "placement" : {
    "average" : "cloud-1-0-0-0-1-0-0-1-0-0",
    "blobRead" : "cloud-1-0-0-1-1-0-1-0-0",
    "decisionTree" : "cloud-1-0-0-0-1-0-0-0",
    "errorEstimate" : "cloud-1-0-1-0-1-0-1-0-1-0",
    "mqttPublish" : "cloud-0-1-0-0-0-0-1-1",
    "multiVarLinearReg" : "cloud-1-1-1-1-1-0-0-0-1",
    "senMLParse" : "cloud-1-1-1-0-0-1-1-0",
    "sink" : "cloud-0-1-1-1-1-1-0-0-0-0",
    "source" : "cloud-0-0-0-1-0-1-0-0-1-1"
  },
  "appLoopLatency" : 38.37942968365088,
  "latencyPerTupleType" : {
    "blobRead_TUPLE" : 4.7165272999999015,
    "average_TUPLE" : 0.719207069695128,
    "sink_TUPLE" : 4.004720092203808,
    "errorEstimate_TUPLE" : 1.524891510691915,
    "mqttPublish_TUPLE" : 5.263776599008852,
    "decisionTree_TUPLE" : 17.388506473972555,
    "multiVarLinearReg_TUPLE" : 17.33245984551966,
    "senMLParse_TUPLE" : 4.7165272999999015,
    "TUPLE" : 0.09895833333332672
  },
  "tuplesProcessedPerModule" : {
    "errorEstimate" : 13953,
    "average" : 4706,
    "multiVarLinearReg" : 9354,
    "decisionTree" : 9350,
    "sink" : 23062,
    "blobRead" : 4800,
    "source" : 4800,
    "senMLParse" : 4800,
    "mqttPublish" : 23274
  },
  "recsInPerModule" : {
    "errorEstimate" : 6.979513468919079,
    "average" : 2.3558194938498125,
    "multiVarLinearReg" : 4.708574899879249,
    "decisionTree" : 4.713998929441762,
    "sink" : 11.635526422421735,
    "blobRead" : 2.411204610630441,
    "source" : 2.422161567259642,
    "senMLParse" : 2.4114468750663227,
    "mqttPublish" : 11.638739584211955
  },
  "recsOutPerModule" : {
    "errorEstimate" : 6.979127996463008,
    "average" : 2.355677001159439,
    "multiVarLinearReg" : 4.680234814495561,
    "decisionTree" : 4.682946401993069,
    "sink" : 11.594034928318504,
    "blobRead" : 2.4051686513110653,
    "source" : 2.4220329817397843,
    "senMLParse" : 2.4054097042851863,
    "mqttPublish" : 11.63785449006951
  },
  "remainingDataPerDevice" : {
    "errorEstimate" : 6000,
    "average" : 110000,
    "multiVarLinearReg" : 104000,
    "decisionTree" : 52000,
    "sink" : 0,
    "blobRead" : 376000,
    "source" : 0,
    "senMLParse" : 658000,
    "mqttPublish" : 44000
  },
  "executionTime" : 7188.0,
  "networkUsage" : 645222.24,
  "tuplesSentBySensors" : 4800
}