{
  "placement" : {
    "average" : "cloud-1-1-1-1-1-1-0-0-1",
    "blobRead" : "cloud-0-0-1-1-0-0-0-1-0-1",
    "decisionTree" : "cloud-1-0-1-0-1-1-1-1-1",
    "errorEstimate" : "cloud-1-0-0-1-0-0-0-1-1-0",
    "mqttPublish" : "cloud-0-0-1-0-0-0-0-0-1-0",
    "multiVarLinearReg" : "cloud-1-0-0-0-0-1-1-1-0-0",
    "senMLParse" : "cloud-0-0-0-0-1-0-0-1-1",
    "sink" : "cloud-1-1-1-1-0-1",
    "source" : "cloud-1-1-1-0-0-1-1-1-0"
  },
  "appLoopLatency" : 37.517359478787775,
  "latencyPerTupleType" : {
    "blobRead_TUPLE" : 6.340757494949416,
    "average_TUPLE" : 4.037013274974684,
    "sink_TUPLE" : 1.9552247503430111,
    "errorEstimate_TUPLE" : 3.0690782152292684,
    "mqttPublish_TUPLE" : 2.1415710121502016,
    "decisionTree_TUPLE" : 4.784734321945545,
    "multiVarLinearReg_TUPLE" : 4.784734321945545,
    "senMLParse_TUPLE" : 6.340757494949416,
    "TUPLE" : 0.0946046464646555
  },
  "tuplesProcessedPerModule" : {
    "errorEstimate" : 13953,
    "average" : 4684,
    "multiVarLinearReg" : 9374,
    "decisionTree" : 9374,
    "sink" : 23250,
    "blobRead" : 4800,
    "source" : 4800,
    "senMLParse" : 4800,
    "mqttPublish" : 23254
  },
  "recsInPerModule" : {
    "errorEstimate" : 6.977057712952846,
    "average" : 2.3432872145326877,
    "multiVarLinearReg" : 4.6886377411629905,
    "decisionTree" : 4.688637788065751,
    "sink" : 11.734835818350266,
    "blobRead" : 2.409997998474601,
    "source" : 2.421550589470997,
    "senMLParse" : 2.4107242224915684,
    "mqttPublish" : 11.629422197199638
  },
  "recsOutPerModule" : {
    "errorEstimate" : 6.976787522927621,
    "average" : 2.34286477872325,
    "multiVarLinearReg" : 4.688003573710491,
    "decisionTree" : 4.688003620600565,
    "sink" : 11.716436557461861,
    "blobRead" : 2.4032158244763586,
    "source" : 2.421548275747175,
    "senMLParse" : 2.403937966178633,
    "mqttPublish" : 11.628780057888
  },
  "remainingDataPerDevice" : {
    "errorEstimate" : 6000,
    "average" : 66000,
    "multiVarLinearReg" : 142000,
    "decisionTree" : 140000,
    "sink" : 0,
    "blobRead" : 464000,
    "source" : 0,
    "senMLParse" : 788000,
    "mqttPublish" : 8000
  },
  "executionTime" : 8884.0,
  "networkUsage" : 668185.24,
  "tuplesSentBySensors" : 4800
}