{
  "placement" : {
    "average" : "cloud-0-0-0-0-1-1-1-1-1-1",
    "blobRead" : "cloud-1-1-1-0-0",
    "decisionTree" : "cloud-1-0-0-0-1-1-1-0-0-1",
    "errorEstimate" : "cloud-0-0-1-0-0-0-1-0-0",
    "mqttPublish" : "cloud-0-0-1-0-1-1-0-1-0-1",
    "multiVarLinearReg" : "cloud-1-1-0-1-1-1-0",
    "senMLParse" : "cloud-1-1-1-1-1-1-0-1-1",
    "sink" : "cloud-1-0-1-1-1-0-0-0-0-1",
    "source" : "cloud-1-1-1-1-0-0-1-1-0-0"
  },
  "appLoopLatency" : 33.8723116864799,
  "latencyPerTupleType" : {
    "blobRead_TUPLE" : 0.2818736377778242,
    "average_TUPLE" : 0.28162052497905693,
    "sink_TUPLE" : 0.6591217256337419,
    "errorEstimate_TUPLE" : 0.26039998966371136,
    "mqttPublish_TUPLE" : 0.6757661596904626,
    "decisionTree_TUPLE" : 18.113713541776942,
    "multiVarLinearReg_TUPLE" : 0.16048537969706742,
    "senMLParse_TUPLE" : 0.19693993898994708,
    "TUPLE" : 0.0943136111111086
  },
  "tuplesProcessedPerModule" : {
    "errorEstimate" : 14125,
    "average" : 4798,
    "multiVarLinearReg" : 9600,
    "decisionTree" : 9352,
    "sink" : 23251,
    "blobRead" : 4800,
    "source" : 4800,
    "senMLParse" : 4800,
    "mqttPublish" : 23281
  },
  "recsInPerModule" : {
    "errorEstimate" : 7.062941536847285,
    "average" : 2.3997918575739408,
    "multiVarLinearReg" : 4.80422764477,
    "decisionTree" : 4.80062405363249,
    "sink" : 11.629503798783972,
    "blobRead" : 2.413270523730206,
    "source" : 2.420085499603963,
    "senMLParse" : 2.411330791949648,
    "mqttPublish" : 11.641954933643106
  },
  "recsOutPerModule" : {
    "errorEstimate" : 7.062514816567544,
    "average" : 2.399621828256656,
    "multiVarLinearReg" : 4.80391211037245,
    "decisionTree" : 4.676608095949547,
    "sink" : 11.628861567611287,
    "blobRead" : 2.413098650783398,
    "source" : 2.420084228594686,
    "senMLParse" : 2.4111637830083064,
    "mqttPublish" : 11.640954906205906
  },
  "remainingDataPerDevice" : {
    "errorEstimate" : 328000,
    "average" : 264000,
    "multiVarLinearReg" : 282000,
    "decisionTree" : 60000,
    "sink" : 0,
    "blobRead" : 0,
    "source" : 0,
    "senMLParse" : 6000,
    "mqttPublish" : 60000
  },
  "executionTime" : 3879.0,
  "networkUsage" : 664511.68,
  "tuplesSentBySensors" : 4800
}