{
  "placement" : {
    "average" : "cloud-1-1-0-0-0-1-0-1-1-1",
    "blobRead" : "cloud-0-0-1-1-0-1-0-1-0-0",
    "decisionTree" : "cloud-0-1-0-1-0-0-0-0",
    "errorEstimate" : "cloud-0-0",
    "mqttPublish" : "cloud-0-1-1-0-0-1-1-0-1-1",
    "multiVarLinearReg" : "cloud-0-0-1-1-1-0-0",
    "senMLParse" : "cloud-0-0-1-0-0-1-1-1-1",
    "sink" : "cloud-0-0-0-1-1-0-1-0-1",
    "source" : "cloud-0-1-0-1-0-0-0-0-0-0"
  },
  "appLoopLatency" : 36.56655688484819,
  "latencyPerTupleType" : {
    "blobRead_TUPLE" : 4.09938983838369,
    "average_TUPLE" : 0.25565940795740083,
    "sink_TUPLE" : 1.1239655301799003,
    "errorEstimate_TUPLE" : 1.554053818692025,
    "mqttPublish_TUPLE" : 3.080148584859138,
    "decisionTree_TUPLE" : 1.7506289722737471,
    "multiVarLinearReg_TUPLE" : 17.888291899490998,
    "senMLParse_TUPLE" : 0.11550699393926754,
    "TUPLE" : 0.09929727272726854
  },
  "tuplesProcessedPerModule" : {
    "errorEstimate" : 13980,
    "average" : 4799,
    "multiVarLinearReg" : 9326,
    "decisionTree" : 9428,
    "sink" : 23250,
    "blobRead" : 4800,
    "source" : 4800,
    "senMLParse" : 4800,
    "mqttPublish" : 23264
  },
  "recsInPerModule" : {
    "errorEstimate" : 6.990929224037912,
    "average" : 2.399827990236468,
    "multiVarLinearReg" : 4.762946112081591,
    "decisionTree" : 4.753156626940092,
    "sink" : 11.716471166758982,
    "blobRead" : 2.4086677124740477,
    "source" : 2.420329558123458,
    "senMLParse" : 2.4097560129597793,
    "mqttPublish" : 11.632596368129597
  },
  "recsOutPerModule" : {
    "errorEstimate" : 6.990513445056941,
    "average" : 2.399657991227918,
    "multiVarLinearReg" : 4.67351303485732,
    "decisionTree" : 4.715147377818939,
    "sink" : 11.707830159455625,
    "blobRead" : 2.403145638810744,
    "source" : 2.4202052115528647,
    "senMLParse" : 2.409622440948147,
    "mqttPublish" : 11.632895529027554
  },
  "remainingDataPerDevice" : {
    "errorEstimate" : 34000,
    "average" : 290000,
    "multiVarLinearReg" : 0,
    "decisionTree" : 252000,
    "sink" : 0,
    "blobRead" : 364000,
    "source" : 0,
    "senMLParse" : 3000,
    "mqttPublish" : 28000
  },
  "executionTime" : 4636.0,
  "networkUsage" : 593122.62,
  "tuplesSentBySensors" : 4800
}