{
  "placement" : {
    "average" : "cloud-0-1-1-1-0-1-1-0-0",
    "blobRead" : "cloud-1-0-0-1-0-0-1-0-1-0",
    "decisionTree" : "cloud-0-1-0-0-1-0-0-1-0-1",
    "errorEstimate" : "cloud-1-0-0-1-1-0-0-1",
    "mqttPublish" : "cloud-1-1-1-1-0-0-0-0-1-1",
    "multiVarLinearReg" : "cloud-1-1-1-0-0-0-1-1-1-0",
    "senMLParse" : "cloud-1-1-0-0-0-0-0-1-0",
    "sink" : "cloud-0-1-1-0-1-0-0-1-0-0",
    "source" : "cloud-0-1-1-1-0-1-0-0-0-1"
  },
  "appLoopLatency" : 44.110608533333284,
  "latencyPerTupleType" : {
    "blobRead_TUPLE" : 0.116843995555601,
    "average_TUPLE" : 4.5280656536140755,
    "sink_TUPLE" : 1.1338198453328279,
    "errorEstimate_TUPLE" : 3.279705695088395,
    "mqttPublish_TUPLE" : 1.137747302444454,
    "decisionTree_TUPLE" : 6.329866654516118,
    "multiVarLinearReg_TUPLE" : 20.05029087719754,
    "senMLParse_TUPLE" : 0.31113734222227,
    "TUPLE" : 0.09691027777777508
  },
  "tuplesProcessedPerModule" : {
    "errorEstimate" : 13955,
    "average" : 4699,
    "multiVarLinearReg" : 9328,
    "decisionTree" : 9355,
    "sink" : 23250,
    "blobRead" : 4800,
    "source" : 4800,
    "senMLParse" : 4800,
    "mqttPublish" : 23250
  },
  "recsInPerModule" : {
    "errorEstimate" : 6.979164879782073,
    "average" : 2.3961160518874456,
    "multiVarLinearReg" : 4.773236178532805,
    "decisionTree" : 4.690732185379761,
    "sink" : 11.678016125226597,
    "blobRead" : 2.409394177098447,
    "source" : 2.4220393470383756,
    "senMLParse" : 2.4101200426431646,
    "mqttPublish" : 11.742071663001287
  },
  "recsOutPerModule" : {
    "errorEstimate" : 6.978743146779213,
    "average" : 2.3499688093775957,
    "multiVarLinearReg" : 4.668199034528111,
    "decisionTree" : 4.677731541864158,
    "sink" : 11.67004186376559,
    "blobRead" : 2.409260645195586,
    "source" : 2.4219158662168154,
    "senMLParse" : 2.4099738260976826,
    "mqttPublish" : 11.73400971195696
  },
  "remainingDataPerDevice" : {
    "errorEstimate" : 10000,
    "average" : 94000,
    "multiVarLinearReg" : 50000,
    "decisionTree" : 110000,
    "sink" : 0,
    "blobRead" : 354000,
    "source" : 0,
    "senMLParse" : 216000,
    "mqttPublish" : 0
  },
  "executionTime" : 7847.0,
  "networkUsage" : 774086.06,
  "tuplesSentBySensors" : 4800
}