{
  "placement" : {
    "average" : "cloud-0-0-1-1-1-0-0-0-1-0",
    "blobRead" : "cloud-1-1-1-0-0-1-1-0",
    "decisionTree" : "cloud-0-1-1-0-1-0-0-1-1",
    "errorEstimate" : "cloud-1-1-1-0-1-1-1-0-1-1",
    "mqttPublish" : "cloud-1-0-0-1-1-0-1-1-0-0",
    "multiVarLinearReg" : "cloud-1-1-0-0-1-0-1-1",
    "senMLParse" : "cloud-0-0-0-1-0-1-0-0-1-1",
    "sink" : "cloud-0-0-1-0-1-1-0-0-1-0",
    "source" : "cloud-0-1-1-0-0-1-0-1-0-0"
  },
  "appLoopLatency" : 40.42561145454532,
  "latencyPerTupleType" : {
    "blobRead_TUPLE" : 4.571950644444281,
    "average_TUPLE" : 0.7071294768566153,
    "sink_TUPLE" : 1.2067306818178969,
    "errorEstimate_TUPLE" : 11.158718034808901,
    "mqttPublish_TUPLE" : 1.207557245458893,
    "decisionTree_TUPLE" : 3.657876571776153,
    "multiVarLinearReg_TUPLE" : 4.000721276101276,
    "senMLParse_TUPLE" : 4.571950644444281,
    "TUPLE" : 0.09565333333332877
  },
  "tuplesProcessedPerModule" : {
    "errorEstimate" : 13966,
    "average" : 4696,
    "multiVarLinearReg" : 9394,
    "decisionTree" : 9381,
    "sink" : 23250,
    "blobRead" : 4800,
    "source" : 4800,
    "senMLParse" : 4800,
    "mqttPublish" : 23251
  },
  "recsInPerModule" : {
    "errorEstimate" : 6.984246285159289,
    "average" : 2.348233390916724,
    "multiVarLinearReg" : 4.700219844949549,
    "decisionTree" : 4.6927319500084606,
    "sink" : 11.658308654958294,
    "blobRead" : 2.407093447633542,
    "source" : 2.4199634888008625,
    "senMLParse" : 2.4075763800409002,
    "mqttPublish" : 11.627902610972484
  },
  "recsOutPerModule" : {
    "errorEstimate" : 6.983345448640981,
    "average" : 2.348079282896988,
    "multiVarLinearReg" : 4.697603417835392,
    "decisionTree" : 4.691470354939649,
    "sink" : 11.646409879206514,
    "blobRead" : 2.4011405857991654,
    "source" : 2.4198351365481248,
    "senMLParse" : 2.4016211322899634,
    "mqttPublish" : 11.627260556631684
  },
  "remainingDataPerDevice" : {
    "errorEstimate" : 32000,
    "average" : 90000,
    "multiVarLinearReg" : 154000,
    "decisionTree" : 160000,
    "sink" : 0,
    "blobRead" : 402000,
    "source" : 0,
    "senMLParse" : 740000,
    "mqttPublish" : 2000
  },
  "executionTime" : 4777.0,
  "networkUsage" : 671610.9,
  "tuplesSentBySensors" : 4800
}