{
  "placement" : {
    "average" : "cloud-1-1-0-0-0-0-1-0-0-0",
    "blobRead" : "cloud-1-1-1-0-0-1-1-1-1-1",
    "decisionTree" : "cloud-0-1-0-1-1-0-1-0-1",
    "errorEstimate" : "cloud-0-0-1-0-1-0-1",
    "mqttPublish" : "cloud-1-1-0-1-0-1-0-0-1",
    "multiVarLinearReg" : "cloud-0-0-0-1-0-1-0-0-0-0",
    "senMLParse" : "cloud-1-0-0-0-0-0-1-1-1-0",
    "sink" : "cloud-0-0-1-0-0-1-1-0-0-0",
    "source" : "cloud-1-0-0-1-0"
  },
  "appLoopLatency" : 38.133574721211914,
  "latencyPerTupleType" : {
    "blobRead_TUPLE" : 0.23946307272714568,
    "average_TUPLE" : 1.2892939898959594,
    "sink_TUPLE" : 1.061161758172435,
    "errorEstimate_TUPLE" : 1.0727349490002038,
    "mqttPublish_TUPLE" : 1.1547699831843579,
    "decisionTree_TUPLE" : 16.654899613021172,
    "multiVarLinearReg_TUPLE" : 16.6549069373048,
    "senMLParse_TUPLE" : 5.017439812121054,
    "TUPLE" : 0.09629494949494706
  },
  "tuplesProcessedPerModule" : {
    "errorEstimate" : 14048,
    "average" : 4800,
    "multiVarLinearReg" : 9356,
    "decisionTree" : 9356,
    "sink" : 23250,
    "blobRead" : 4800,
    "source" : 4800,
    "senMLParse" : 4800,
    "mqttPublish" : 23295
  },
  "recsInPerModule" : {
    "errorEstimate" : 7.0284629906282285,
    "average" : 2.404028120676401,
    "multiVarLinearReg" : 4.805890033289975,
    "decisionTree" : 4.806852631632229,
    "sink" : 11.72104727442318,
    "blobRead" : 2.4174017889296553,
    "source" : 2.4243636424245456,
    "senMLParse" : 2.419473246633564,
    "mqttPublish" : 11.649076355526304
  },
  "recsOutPerModule" : {
    "errorEstimate" : 7.0253648679813505,
    "average" : 2.4016274741382406,
    "multiVarLinearReg" : 4.6837551002099955,
    "decisionTree" : 4.684693238429158,
    "sink" : 11.71117601942766,
    "blobRead" : 2.417229327043387,
    "source" : 2.424361323322017,
    "senMLParse" : 2.4135854846559375,
    "mqttPublish" : 11.648659189492031
  },
  "remainingDataPerDevice" : {
    "errorEstimate" : 180000,
    "average" : 182000,
    "multiVarLinearReg" : 18000,
    "decisionTree" : 34000,
    "sink" : 0,
    "blobRead" : 0,
    "source" : 0,
    "senMLParse" : 0,
    "mqttPublish" : 90000
  },
  "executionTime" : 4710.0,
  "networkUsage" : 730378.56,
  "tuplesSentBySensors" : 4800
}