{
  "placement" : {
    "average" : "cloud-1-0-1-1-1-1-0-0-1-0",
    "blobRead" : "cloud-1-1-1-0-1-1-0-0",
    "decisionTree" : "cloud-1-1-0-0-0-0-0-1-1",
    "errorEstimate" : "cloud-1-0-1-0-1-1-1-1",
    "mqttPublish" : "cloud-1-1-0-1-0-1-1-1-0-1",
    "multiVarLinearReg" : "cloud-0-1-1-1-0-0-1-0-1-0",
    "senMLParse" : "cloud-0-0-1-0-0-1-1-0-0-1",
    "sink" : "cloud-1-1-1-0-1-1-0-0-0-1",
    "source" : "cloud-1-1-1-1-1"
  },
  "appLoopLatency" : 38.09824757614558,
  "latencyPerTupleType" : {
    "blobRead_TUPLE" : 0.28082506000004526,
    "average_TUPLE" : 0.6744245966000385,
    "sink_TUPLE" : 0.6472324443691653,
    "errorEstimate_TUPLE" : 10.844684335420931,
    "mqttPublish_TUPLE" : 0.6495039644554265,
    "decisionTree_TUPLE" : 1.2450372675702157,
    "multiVarLinearReg_TUPLE" : 1.2493480084936277,
    "senMLParse_TUPLE" : 5.0323250333334295,
    "TUPLE" : 0.09539000000001621
  },
  "tuplesProcessedPerModule" : {
    "errorEstimate" : 14030,
    "average" : 4710,
    "multiVarLinearReg" : 9510,
    "decisionTree" : 9510,
    "sink" : 23271,
    "blobRead" : 4800,
    "source" : 4800,
    "senMLParse" : 4800,
    "mqttPublish" : 23419
  },
  "recsInPerModule" : {
    "errorEstimate" : 7.0902765975986375,
    "average" : 2.3595992116235385,
    "multiVarLinearReg" : 4.800967744671073,
    "decisionTree" : 4.762139277770687,
    "sink" : 11.63712574093659,
    "blobRead" : 2.4202049798271617,
    "source" : 2.4239963518854903,
    "senMLParse" : 2.415212111643744,
    "mqttPublish" : 11.711657693389508
  },
  "recsOutPerModule" : {
    "errorEstimate" : 7.019134353193789,
    "average" : 2.3593578901339267,
    "multiVarLinearReg" : 4.76647346906705,
    "decisionTree" : 4.761223533572639,
    "sink" : 11.636433629064783,
    "blobRead" : 2.420032117753713,
    "source" : 2.4239938016458495,
    "senMLParse" : 2.4094080344257183,
    "mqttPublish" : 11.709968375936088
  },
  "remainingDataPerDevice" : {
    "errorEstimate" : 152000,
    "average" : 38000,
    "multiVarLinearReg" : 42000,
    "decisionTree" : 82000,
    "sink" : 0,
    "blobRead" : 0,
    "source" : 0,
    "senMLParse" : 450000,
    "mqttPublish" : 296000
  },
  "executionTime" : 2993.0,
  "networkUsage" : 678242.5,
  "tuplesSentBySensors" : 4800
}