{
  "placement" : {
    "average" : "cloud-1-0-1-1-0-0-1-1-0",
    "blobRead" : "cloud-1-1-1-0-1-1-1-1-0",
    "decisionTree" : "cloud-0-1-0-0-1-0-0-1-1-1",
    "errorEstimate" : "cloud-1-1-1-0-0-0-0-1-1-0",
    "mqttPublish" : "cloud-1-1-0-0-1-1-0-0-1-0",
    "multiVarLinearReg" : "cloud-0-0-1-0-1-1-1-0",
    "senMLParse" : "cloud-1-0-1-0-0-0-1-0-1-1",
    "sink" : "cloud-0-0-0-0-1-0-0-0-1",
    "source" : "cloud-1-0-0-0-0-0-0-1-1-1"
  },
  "appLoopLatency" : 39.74740623636352,
  "latencyPerTupleType" : {
    "blobRead_TUPLE" : 0.24574840000004927,
    "average_TUPLE" : 0.24014285111104916,
    "sink_TUPLE" : 0.5925613079981951,
    "errorEstimate_TUPLE" : 0.2114094395535916,
    "mqttPublish_TUPLE" : 4.05183552585701,
    "decisionTree_TUPLE" : 20.284524035126157,
    "multiVarLinearReg_TUPLE" : 1.5978843180808064,
    "senMLParse_TUPLE" : 0.10506793777782054,
    "TUPLE" : 0.095800000000005
  },
  "tuplesProcessedPerModule" : {
    "errorEstimate" : 14134,
    "average" : 4800,
    "multiVarLinearReg" : 9600,
    "decisionTree" : 9333,
    "sink" : 23250,
    "blobRead" : 4800,
    "source" : 4800,
    "senMLParse" : 4800,
    "mqttPublish" : 23253
  },
  "recsInPerModule" : {
    "errorEstimate" : 7.0748501414083504,
    "average" : 2.405383330076642,
    "multiVarLinearReg" : 4.804506798737958,
    "decisionTree" : 4.799662529416686,
    "sink" : 11.71001870746433,
    "blobRead" : 2.4150905923336494,
    "source" : 2.4224060447105504,
    "senMLParse" : 2.4131479347681797,
    "mqttPublish" : 11.627321134982429
  },
  "recsOutPerModule" : {
    "errorEstimate" : 7.067703201129999,
    "average" : 2.405212578704913,
    "multiVarLinearReg" : 4.801945177336434,
    "decisionTree" : 4.667144253370593,
    "sink" : 11.702890361741067,
    "blobRead" : 2.4149184600480242,
    "source" : 2.4224034978160724,
    "senMLParse" : 2.4130013506123213,
    "mqttPublish" : 11.626821121172547
  },
  "remainingDataPerDevice" : {
    "errorEstimate" : 366000,
    "average" : 58000,
    "multiVarLinearReg" : 444000,
    "decisionTree" : 60000,
    "sink" : 0,
    "blobRead" : 0,
    "source" : 0,
    "senMLParse" : 4000,
    "mqttPublish" : 6000
  },
  "executionTime" : 5378.0,
  "networkUsage" : 735569.36,
  "tuplesSentBySensors" : 4800
}