{
  "placement" : {
    "average" : "cloud-0-1-1-1-0-1-1-1-0-0",
    "blobRead" : "cloud-1-0-1-1-1-0-1-0-0-1",
    "decisionTree" : "cloud-0-1-0-0-1-0-1-0-0",
    "errorEstimate" : "cloud-1-0-0-0-0-1-1",
    "mqttPublish" : "cloud-1-1-0-1-1-1-0-0",
    "multiVarLinearReg" : "cloud-0-1-1-1-1-0-0-1-1-0",
    "senMLParse" : "cloud-1-0-0-1-1-0-1-0-0-0",
    "sink" : "cloud-1-0-0-1-0",
    "source" : "cloud-1-0-1-0-0-0-0-0-0"
  },
  "appLoopLatency" : 34.78166946060588,
  "latencyPerTupleType" : {
    "blobRead_TUPLE" : 0.21005458686854367,
    "average_TUPLE" : 0.636800867102435,
    "sink_TUPLE" : 1.4268593414514592,
    "errorEstimate_TUPLE" : 0.5915121498147351,
    "mqttPublish_TUPLE" : 4.625439305359866,
    "decisionTree_TUPLE" : 2.3281523615837534,
    "multiVarLinearReg_TUPLE" : 2.3281523615837654,
    "senMLParse_TUPLE" : 4.675950222222113,
    "TUPLE" : 0.0966394444444511
  },
  "tuplesProcessedPerModule" : {
    "errorEstimate" : 14044,
    "average" : 4713,
    "multiVarLinearReg" : 9513,
    "decisionTree" : 9513,
    "sink" : 23250,
    "blobRead" : 4800,
    "source" : 4800,
    "senMLParse" : 4800,
    "mqttPublish" : 23256
  },
  "recsInPerModule" : {
    "errorEstimate" : 7.029237321110438,
    "average" : 2.3611024616118845,
    "multiVarLinearReg" : 4.76640417768159,
    "decisionTree" : 4.763778691504725,
    "sink" : 11.801006277270279,
    "blobRead" : 2.41605928837685,
    "source" : 2.4233844482332265,
    "senMLParse" : 2.4156945034757653,
    "mqttPublish" : 11.639893499266142
  },
  "recsOutPerModule" : {
    "errorEstimate" : 7.0229030727651605,
    "average" : 2.3609102630031504,
    "multiVarLinearReg" : 4.760649686659949,
    "decisionTree" : 4.758030534425766,
    "sink" : 11.78562294188654,
    "blobRead" : 2.4158916238240824,
    "source" : 2.4233780758626304,
    "senMLParse" : 2.4100771733405857,
    "mqttPublish" : 11.639730722377346
  },
  "remainingDataPerDevice" : {
    "errorEstimate" : 188000,
    "average" : 68000,
    "multiVarLinearReg" : 268000,
    "decisionTree" : 414000,
    "sink" : 0,
    "blobRead" : 0,
    "source" : 0,
    "senMLParse" : 609000,
    "mqttPublish" : 12000
  },
  "executionTime" : 5485.0,
  "networkUsage" : 665007.38,
  "tuplesSentBySensors" : 4800
}