{
  "placement" : {
    "average" : "cloud-0-0-1-1-0-0-0",
    "blobRead" : "cloud-1-1-1-1-1-1-0-1-0-0",
    "decisionTree" : "cloud-1-0-1-1-1-0-0-1-0-0",
    "errorEstimate" : "cloud-1-1-0-1-0-0-0-1-0-0",
    "mqttPublish" : "cloud-0-1-0-0-0-0-0-1-1-1",
    "multiVarLinearReg" : "cloud-1-0-0-0-1-0-1-0-0-1",
    "senMLParse" : "cloud-1-0-1-0-0-0-0-1",
    "sink" : "cloud-0-1-1-0-1-1-1-0",
    "source" : "cloud-0-0-1-1-1-1-1-1"
  },
  "appLoopLatency" : 46.18034113333116,
  "latencyPerTupleType" : {
    "blobRead_TUPLE" : 0.1199560600000403,
    "average_TUPLE" : 0.2894751088888181,
    "sink_TUPLE" : 1.5316984942016594,
    "errorEstimate_TUPLE" : 19.25539014479132,
    "mqttPublish_TUPLE" : 1.6736637766290967,
    "decisionTree_TUPLE" : 17.90993736130453,
    "multiVarLinearReg_TUPLE" : 0.17699794611107536,
    "senMLParse_TUPLE" : 0.1199560600000405,
    "TUPLE" : 0.09701361111110499
  },
  "tuplesProcessedPerModule" : {
    "errorEstimate" : 13996,
    "average" : 4800,
    "multiVarLinearReg" : 9600,
    "decisionTree" : 9349,
    "sink" : 23250,
    "blobRead" : 4800,
    "source" : 4800,
    "senMLParse" : 4800,
    "mqttPublish" : 23274
  },
  "recsInPerModule" : {
    "errorEstimate" : 7.094851131277339,
    "average" : 2.4072066153259435,
    "multiVarLinearReg" : 4.801410503561634,
    "decisionTree" : 4.802611514061914,
    "sink" : 11.709207472973256,
    "blobRead" : 2.41205782621905,
    "source" : 2.4233844482332265,
    "senMLParse" : 2.41509185749553,
    "mqttPublish" : 11.639321678036138
  },
  "recsOutPerModule" : {
    "errorEstimate" : 6.998346393652274,
    "average" : 2.407060752058227,
    "multiVarLinearReg" : 4.801132856504385,
    "decisionTree" : 4.677689296508675,
    "sink" : 11.694786509958519,
    "blobRead" : 2.4119239989150723,
    "source" : 2.4232608302247267,
    "senMLParse" : 2.414957693317123,
    "mqttPublish" : 11.638557745303586
  },
  "remainingDataPerDevice" : {
    "errorEstimate" : 92000,
    "average" : 50000,
    "multiVarLinearReg" : 372000,
    "decisionTree" : 50000,
    "sink" : 0,
    "blobRead" : 0,
    "source" : 0,
    "senMLParse" : 0,
    "mqttPublish" : 48000
  },
  "executionTime" : 6408.0,
  "networkUsage" : 684343.24,
  "tuplesSentBySensors" : 4800
}