{
  "placement" : {
    "average" : "cloud-0-0-1-0-1-1-1-0-0-1",
    "blobRead" : "cloud-1-0-0-0-0-1-0-0",
    "decisionTree" : "cloud-1-1-0-1-1-1-1-0",
    "errorEstimate" : "cloud-0-1-1-0-0-1-1",
    "mqttPublish" : "cloud-1-1-1",
    "multiVarLinearReg" : "cloud-1-1-0-0-1-1-0-1-1-0",
    "senMLParse" : "cloud-1-0-1-1-0-0-0-1-1",
    "sink" : "cloud-1-1-0-1-1-0-1-0-0",
    "source" : "cloud-1-0-1-1-1-1-0-0"
  },
  "appLoopLatency" : 27.866811217139528,
  "latencyPerTupleType" : {
    "blobRead_TUPLE" : 3.9998341737372525,
    "average_TUPLE" : 0.20497043292926395,
    "sink_TUPLE" : 0.6419902051697057,
    "errorEstimate_TUPLE" : 0.8415138640607316,
    "mqttPublish_TUPLE" : 0.5473534214405325,
    "decisionTree_TUPLE" : 2.1049905285450445,
    "multiVarLinearReg_TUPLE" : 2.109129914140479,
    "senMLParse_TUPLE" : 0.11025987878775836,
    "TUPLE" : 0.09482808080807811
  },
  "tuplesProcessedPerModule" : {
    "errorEstimate" : 14210,
    "average" : 4800,
    "multiVarLinearReg" : 9600,
    "decisionTree" : 9520,
    "sink" : 23362,
    "blobRead" : 4800,
    "source" : 4800,
    "senMLParse" : 4800,
    "mqttPublish" : 23530
  },
  "recsInPerModule" : {
    "errorEstimate" : 7.115992177383312,
    "average" : 2.4075552076539384,
    "multiVarLinearReg" : 4.8063136562729305,
    "decisionTree" : 4.805832489012766,
    "sink" : 11.686471547546203,
    "blobRead" : 2.41606331906119,
    "source" : 2.4226505715184117,
    "senMLParse" : 2.4176453003448026,
    "mqttPublish" : 11.778937067989563
  },
  "recsOutPerModule" : {
    "errorEstimate" : 7.106614050737572,
    "average" : 2.407388721279569,
    "multiVarLinearReg" : 4.800065363435541,
    "decisionTree" : 4.770970213853205,
    "sink" : 11.68566556748837,
    "blobRead" : 2.410885672448166,
    "source" : 2.422648255692109,
    "senMLParse" : 2.417498169320895,
    "mqttPublish" : 11.765437155335093
  },
  "remainingDataPerDevice" : {
    "errorEstimate" : 346000,
    "average" : 0,
    "multiVarLinearReg" : 338000,
    "decisionTree" : 0,
    "sink" : 0,
    "blobRead" : 0,
    "source" : 0,
    "senMLParse" : 0,
    "mqttPublish" : 336000
  },
  "executionTime" : 3356.0,
  "networkUsage" : 475332.38,
  "tuplesSentBySensors" : 4800
}