{
  "placement" : {
    "average" : "cloud-1-1-0-0-0-1-0-0-1-0",
    "blobRead" : "cloud-0-1-1-1-1-0-0-1-1-1",
    "decisionTree" : "cloud-0-1-1-1-0-0-1-0",
    "errorEstimate" : "cloud-0-0-1-0-1-1",
    "mqttPublish" : "cloud-0-1-1-0-1-1-1-1-1",
    "multiVarLinearReg" : "cloud-0-1-0-1-0-0",
    "senMLParse" : "cloud-1-1-1-1-1-0-1-0-0-0",
    "sink" : "cloud-0-1-0-0-1-0",
    "source" : "cloud-1-0-0-1-1-0-1-1-0"
  },
  "appLoopLatency" : 31.676323818374474,
  "latencyPerTupleType" : {
    "blobRead_TUPLE" : 0.18810428686856748,
    "average_TUPLE" : 0.21813256080801524,
    "sink_TUPLE" : 1.3408128616662753,
    "errorEstimate_TUPLE" : 0.29309739205886576,
    "mqttPublish_TUPLE" : 4.11977159672893,
    "decisionTree_TUPLE" : 20.26383916467839,
    "multiVarLinearReg_TUPLE" : 2.1854541759265973,
    "senMLParse_TUPLE" : 0.24325806060593294,
    "TUPLE" : 0.09697424242424037
  },
  "tuplesProcessedPerModule" : {
    "errorEstimate" : 14036,
    "average" : 4800,
    "multiVarLinearReg" : 9505,
    "decisionTree" : 9333,
    "sink" : 23261,
    "blobRead" : 4800,
    "source" : 4800,
    "senMLParse" : 4800,
    "mqttPublish" : 23281
  },
  "recsInPerModule" : {
    "errorEstimate" : 7.02084720195668,
    "average" : 2.4010269377018862,
    "multiVarLinearReg" : 4.8003330966494575,
    "decisionTree" : 4.802774611867022,
    "sink" : 11.631423926630715,
    "blobRead" : 2.4119355851187962,
    "source" : 2.422161567259642,
    "senMLParse" : 2.411693210364809,
    "mqttPublish" : 11.641228598276841
  },
  "recsOutPerModule" : {
    "errorEstimate" : 7.018347288878896,
    "average" : 2.40086135295341,
    "multiVarLinearReg" : 4.753820196227603,
    "decisionTree" : 4.669197459326108,
    "sink" : 11.631450977739068,
    "blobRead" : 2.4117684923938154,
    "source" : 2.422159252368129,
    "senMLParse" : 2.411521562008869,
    "mqttPublish" : 11.641741197290614
  },
  "remainingDataPerDevice" : {
    "errorEstimate" : 164000,
    "average" : 284000,
    "multiVarLinearReg" : 244000,
    "decisionTree" : 10000,
    "sink" : 0,
    "blobRead" : 0,
    "source" : 0,
    "senMLParse" : 4000,
    "mqttPublish" : 38000
  },
  "executionTime" : 5626.0,
  "networkUsage" : 524154.86,
  "tuplesSentBySensors" : 4800
}