{
  "placement" : {
    "average" : "cloud-1-0-0-0-1-0-0-0-1-1",
    "blobRead" : "cloud-0-0-1-0-1-1-1",
    "decisionTree" : "cloud-1-1-0-0-1-0-1-0-0",
    "errorEstimate" : "cloud-0-0-1-1-0-0-0-0-0-0",
    "mqttPublish" : "cloud-0-0-1-0-0-1-0-0",
    "multiVarLinearReg" : "cloud-0-0-0-1-0-0-0-1-0-1",
    "senMLParse" : "cloud-0-0-1-0-0-1-1-1",
    "sink" : "cloud-1-1-0-1-1-1-0-1-0-0",
    "source" : "cloud-0-0-0-1-0-0-0-0-1-0"
  },
  "appLoopLatency" : 32.62275486489075,
  "latencyPerTupleType" : {
    "blobRead_TUPLE" : 4.705639042424162,
    "average_TUPLE" : 0.12938879010098292,
    "sink_TUPLE" : 0.8474984239191793,
    "errorEstimate_TUPLE" : 1.6004997225660953,
    "mqttPublish_TUPLE" : 3.2646009695744276,
    "decisionTree_TUPLE" : 2.229136138629059,
    "multiVarLinearReg_TUPLE" : 17.745879646435196,
    "senMLParse_TUPLE" : 0.12477582222209141,
    "TUPLE" : 0.0975126262626159
  },
  "tuplesProcessedPerModule" : {
    "errorEstimate" : 13982,
    "average" : 4800,
    "multiVarLinearReg" : 9329,
    "decisionTree" : 9506,
    "sink" : 23252,
    "blobRead" : 4800,
    "source" : 4800,
    "senMLParse" : 4800,
    "mqttPublish" : 23304
  },
  "recsInPerModule" : {
    "errorEstimate" : 6.9941142667657195,
    "average" : 2.404191313741686,
    "multiVarLinearReg" : 4.76153904746942,
    "decisionTree" : 4.761062090676819,
    "sink" : 11.630823091395166,
    "blobRead" : 2.4131481596851523,
    "source" : 2.42106202912235,
    "senMLParse" : 2.4125417139752097,
    "mqttPublish" : 11.659615826647899
  },
  "recsOutPerModule" : {
    "errorEstimate" : 6.99117370821015,
    "average" : 2.4040583578997787,
    "multiVarLinearReg" : 4.675485019324508,
    "decisionTree" : 4.7559110393910045,
    "sink" : 11.630186250826645,
    "blobRead" : 2.407102478085081,
    "source" : 2.4209376072796127,
    "senMLParse" : 2.4124078329726086,
    "mqttPublish" : 11.653115262808727
  },
  "remainingDataPerDevice" : {
    "errorEstimate" : 58000,
    "average" : 266000,
    "multiVarLinearReg" : 16000,
    "decisionTree" : 284000,
    "sink" : 0,
    "blobRead" : 376000,
    "source" : 0,
    "senMLParse" : 0,
    "mqttPublish" : 104000
  },
  "executionTime" : 4258.0,
  "networkUsage" : 625028.9,
  "tuplesSentBySensors" : 4800
}