{
  "placement" : {
    "average" : "cloud-1-0-0-0-1-0-0-0-0",
    "blobRead" : "cloud-1-1-0-0-0-0-1-1-1",
    "decisionTree" : "cloud-1-0-1-0-0-1-0",
    "errorEstimate" : "cloud-1-0-1-1-0-1-1-1-0-1",
    "mqttPublish" : "cloud-0-1-0-1-1-1-1-0-1-0",
    "multiVarLinearReg" : "cloud-1-1-1-0-0-1-1-1-0-1",
    "senMLParse" : "cloud-0-1-0-1-1-0-0-0-0",
    "sink" : "cloud-0-0-1-0-1-1-1-0-0",
    "source" : "cloud-0-0-1-1-1-0-0-1-0"
  },
  "appLoopLatency" : 43.06299351827952,
  "latencyPerTupleType" : {
    "blobRead_TUPLE" : 0.1207763666665315,
    "average_TUPLE" : 5.20867094225714,
    "sink_TUPLE" : 0.4970712900922578,
    "errorEstimate_TUPLE" : 19.522728958625763,
    "mqttPublish_TUPLE" : 0.5369119094739964,
    "decisionTree_TUPLE" : 0.3893445766666239,
    "multiVarLinearReg_TUPLE" : 6.293893972074341,
    "senMLParse_TUPLE" : 0.1207763666665315,
    "TUPLE" : 0.09833999999999243
  },
  "tuplesProcessedPerModule" : {
    "errorEstimate" : 13954,
    "average" : 4699,
    "multiVarLinearReg" : 9394,
    "decisionTree" : 9600,
    "sink" : 23049,
    "blobRead" : 4800,
    "source" : 4800,
    "senMLParse" : 4800,
    "mqttPublish" : 23065
  },
  "recsInPerModule" : {
    "errorEstimate" : 6.977957944772028,
    "average" : 2.40310403902202,
    "multiVarLinearReg" : 4.799622601559734,
    "decisionTree" : 4.802601492386803,
    "sink" : 11.671161218243437,
    "blobRead" : 2.4107202156555307,
    "source" : 2.4226505715184117,
    "senMLParse" : 2.4131441326556744,
    "mqttPublish" : 11.533710299906753
  },
  "recsOutPerModule" : {
    "errorEstimate" : 6.98036649464322,
    "average" : 2.3525387248675984,
    "multiVarLinearReg" : 4.697120002021811,
    "decisionTree" : 4.802323707575871,
    "sink" : 11.667462581872856,
    "blobRead" : 2.4105865367345793,
    "source" : 2.422521934075061,
    "senMLParse" : 2.4130101847856307,
    "mqttPublish" : 11.533257023768947
  },
  "remainingDataPerDevice" : {
    "errorEstimate" : 410000,
    "average" : 88000,
    "multiVarLinearReg" : 188000,
    "decisionTree" : 564000,
    "sink" : 0,
    "blobRead" : 2000,
    "source" : 0,
    "senMLParse" : 0,
    "mqttPublish" : 32000
  },
  "executionTime" : 4119.0,
  "networkUsage" : 762674.88,
  "tuplesSentBySensors" : 4800
}