{
  "placement" : {
    "average" : "cloud-1-1-1-1-0-0-0-1-1-1",
    "blobRead" : "cloud-1-1-1-1-0-1-0-0",
    "decisionTree" : "cloud-0-1-1-0-1-1-1-0-1-0",
    "errorEstimate" : "cloud-0-1-0-1-0-1-1-0-1-1",
    "mqttPublish" : "cloud-0-1-0-1-0-0-0-1",
    "multiVarLinearReg" : "cloud-0-1-0-0-0-1-1-0-0",
    "senMLParse" : "cloud-0",
    "sink" : "cloud-0-1-0-0-0-0-1-0-0",
    "source" : "cloud-1-1-0-1-0-0-0-1-1"
  },
  "appLoopLatency" : 28.699768559263397,
  "latencyPerTupleType" : {
    "blobRead_TUPLE" : 0.2346393919190462,
    "average_TUPLE" : 5.326177795959812,
    "sink_TUPLE" : 0.34389616188918865,
    "errorEstimate_TUPLE" : 0.6921350455963572,
    "mqttPublish_TUPLE" : 0.31222287838810475,
    "decisionTree_TUPLE" : 0.9322204195960961,
    "multiVarLinearReg_TUPLE" : 0.17108893151524213,
    "senMLParse_TUPLE" : 0.2118592222220854,
    "TUPLE" : 0.095353737373727
  },
  "tuplesProcessedPerModule" : {
    "errorEstimate" : 14284,
    "average" : 4800,
    "multiVarLinearReg" : 9600,
    "decisionTree" : 9600,
    "sink" : 23301,
    "blobRead" : 4800,
    "source" : 4800,
    "senMLParse" : 4800,
    "mqttPublish" : 23658
  },
  "recsInPerModule" : {
    "errorEstimate" : 7.151086429439135,
    "average" : 2.41152598160166,
    "multiVarLinearReg" : 4.812404999877348,
    "decisionTree" : 4.812887537287012,
    "sink" : 11.653299615161366,
    "blobRead" : 2.4163065669638586,
    "source" : 2.4226505715184117,
    "senMLParse" : 2.4176453003448026,
    "mqttPublish" : 11.830880981614488
  },
  "recsOutPerModule" : {
    "errorEstimate" : 7.142211149733263,
    "average" : 2.4054884152160083,
    "multiVarLinearReg" : 4.812088390448421,
    "decisionTree" : 4.812509179683715,
    "sink" : 11.651808211886726,
    "blobRead" : 2.416134261306917,
    "source" : 2.422648255692109,
    "senMLParse" : 2.4174774156020504,
    "mqttPublish" : 11.829380933309478
  },
  "remainingDataPerDevice" : {
    "errorEstimate" : 294000,
    "average" : 188000,
    "multiVarLinearReg" : 8000,
    "decisionTree" : 152000,
    "sink" : 0,
    "blobRead" : 0,
    "source" : 0,
    "senMLParse" : 0,
    "mqttPublish" : 704000
  },
  "executionTime" : 3206.0,
  "networkUsage" : 527290.34,
  "tuplesSentBySensors" : 4800
}