{
  "placement" : {
    "average" : "cloud-1-1-1-1-0-1-0-0-0-0",
    "blobRead" : "cloud-1-1-1-1-1-1-1-1-0",
    "decisionTree" : "cloud-1-1-0-0-0-1-1-0-1-0",
    "errorEstimate" : "cloud-1-0-1-1-0-0-1-0",
    "mqttPublish" : "cloud-0-0-0-1-0-0",
    "multiVarLinearReg" : "cloud-0-1-1-1-0-1-0-0-1",
    "senMLParse" : "cloud-1-0-0-1-0-1-1-1-1-0",
    "sink" : "cloud-1-0-0-1-0-0-0-1",
    "source" : "cloud-1-1-1-1-0-0-1-0-0"
  },
  "appLoopLatency" : 34.91250128234232,
  "latencyPerTupleType" : {
    "blobRead_TUPLE" : 5.037922248888887,
    "average_TUPLE" : 0.12284930297339758,
    "sink_TUPLE" : 1.5442025709177334,
    "errorEstimate_TUPLE" : 16.566209706594886,
    "mqttPublish_TUPLE" : 1.4132439717085812,
    "decisionTree_TUPLE" : 3.3785562633706188,
    "multiVarLinearReg_TUPLE" : 1.0204994890581878,
    "senMLParse_TUPLE" : 0.11376234222226232,
    "TUPLE" : 0.09431361111109945
  },
  "tuplesProcessedPerModule" : {
    "errorEstimate" : 14000,
    "average" : 4798,
    "multiVarLinearReg" : 9504,
    "decisionTree" : 9443,
    "sink" : 23251,
    "blobRead" : 4800,
    "source" : 4800,
    "senMLParse" : 4800,
    "mqttPublish" : 23278
  },
  "recsInPerModule" : {
    "errorEstimate" : 7.001822800283702,
    "average" : 2.399212462259596,
    "multiVarLinearReg" : 4.800185078335973,
    "decisionTree" : 4.790737100765223,
    "sink" : 11.630181804136043,
    "blobRead" : 2.4161859789316087,
    "source" : 2.421428430899243,
    "senMLParse" : 2.4107252652764095,
    "mqttPublish" : 11.642092597716266
  },
  "recsOutPerModule" : {
    "errorEstimate" : 7.000560912359164,
    "average" : 2.399067505761167,
    "multiVarLinearReg" : 4.755435374861727,
    "decisionTree" : 4.721733718736478,
    "sink" : 11.629539498078506,
    "blobRead" : 2.4103772257322977,
    "source" : 2.4214271584789815,
    "senMLParse" : 2.4105789752889524,
    "mqttPublish" : 11.641234710679534
  },
  "remainingDataPerDevice" : {
    "errorEstimate" : 96000,
    "average" : 292000,
    "multiVarLinearReg" : 312000,
    "decisionTree" : 234000,
    "sink" : 0,
    "blobRead" : 0,
    "source" : 0,
    "senMLParse" : 44000,
    "mqttPublish" : 54000
  },
  "executionTime" : 6052.0,
  "networkUsage" : 658501.4,
  "tuplesSentBySensors" : 4800
}