{
  "placement" : {
    "average" : "cloud-0-1-1-0-0-1-0-1-1-1",
    "blobRead" : "cloud-1-1-1-1-1-1-0-1-1-0",
    "decisionTree" : "cloud-0-0-0-0-1-0-0-0-0",
    "errorEstimate" : "cloud-1-0-1-1-0-1-0-0-1",
    "mqttPublish" : "cloud-0-1-0-1-0-1-1-0-0-1",
    "multiVarLinearReg" : "cloud-0-0-0-1-1-0-1-0-1-0",
    "senMLParse" : "cloud-1-0-0-1-0-0-0-0-0-0",
    "sink" : "cloud-0-0-0-0-1-1-1-1",
    "source" : "cloud-1-0-0-0-0-1-1-1"
  },
  "appLoopLatency" : 40.46088012727266,
  "latencyPerTupleType" : {
    "blobRead_TUPLE" : 5.197581733333397,
    "average_TUPLE" : 3.1737907860602403,
    "sink_TUPLE" : 1.1548829457169207,
    "errorEstimate_TUPLE" : 1.199790193569796,
    "mqttPublish_TUPLE" : 1.0237774844013539,
    "decisionTree_TUPLE" : 1.7989960014266848,
    "multiVarLinearReg_TUPLE" : 1.966596341906857,
    "senMLParse_TUPLE" : 5.197581733333397,
    "TUPLE" : 0.09580000000000341
  },
  "tuplesProcessedPerModule" : {
    "errorEstimate" : 13969,
    "average" : 4707,
    "multiVarLinearReg" : 9406,
    "decisionTree" : 9414,
    "sink" : 23250,
    "blobRead" : 4800,
    "source" : 4800,
    "senMLParse" : 4800,
    "mqttPublish" : 23268
  },
  "recsInPerModule" : {
    "errorEstimate" : 6.984896535486693,
    "average" : 2.3563257517899006,
    "multiVarLinearReg" : 4.70440878107748,
    "decisionTree" : 4.709822831136388,
    "sink" : 11.759203685743575,
    "blobRead" : 2.412905322979005,
    "source" : 2.422895147698174,
    "senMLParse" : 2.415576744781907,
    "mqttPublish" : 11.636422608597098
  },
  "recsOutPerModule" : {
    "errorEstimate" : 6.984510910388085,
    "average" : 2.3557164610307746,
    "multiVarLinearReg" : 4.704026464438799,
    "decisionTree" : 4.709051796904993,
    "sink" : 11.748143678018678,
    "blobRead" : 2.406923716044447,
    "source" : 2.4228925997751167,
    "senMLParse" : 2.409581902027112,
    "mqttPublish" : 11.635780082803047
  },
  "remainingDataPerDevice" : {
    "errorEstimate" : 38000,
    "average" : 104000,
    "multiVarLinearReg" : 184000,
    "decisionTree" : 192000,
    "sink" : 0,
    "blobRead" : 388000,
    "source" : 0,
    "senMLParse" : 651000,
    "mqttPublish" : 36000
  },
  "executionTime" : 4419.0,
  "networkUsage" : 773686.58,
  "tuplesSentBySensors" : 4800
}