{
  "placement" : {
    "average" : "cloud-0-0-0-0-0-0-0-0-0-1",
    "blobRead" : "cloud-0-0-0-1-0-1-1-0-1-0",
    "decisionTree" : "cloud-1-0-0-1-0-0-0-0-0-0",
    "errorEstimate" : "cloud-1-1-1-1-0-0-0-0-1-1",
    "mqttPublish" : "cloud-0-1-0-1-0-0-1-1-1-0",
    "multiVarLinearReg" : "cloud-0-0-0-1-1-0",
    "senMLParse" : "cloud-1-1-0-1-1-1-1-0-0",
    "sink" : "cloud-0-1-1-1-0-1-1-0",
    "source" : "cloud-0-1-0-0-0-1-1-1-1-0"
  },
  "appLoopLatency" : 45.024593548484546,
  "latencyPerTupleType" : {
    "blobRead_TUPLE" : 0.21701243555559316,
    "average_TUPLE" : 0.2332092400566574,
    "sink_TUPLE" : 0.9561744396753712,
    "errorEstimate_TUPLE" : 0.17250176659270353,
    "mqttPublish_TUPLE" : 0.8659924172107276,
    "decisionTree_TUPLE" : 19.501625574357885,
    "multiVarLinearReg_TUPLE" : 0.8531806679290174,
    "senMLParse_TUPLE" : 0.21701243555559316,
    "TUPLE" : 0.09793111111110563
  },
  "tuplesProcessedPerModule" : {
    "errorEstimate" : 13967,
    "average" : 4659,
    "multiVarLinearReg" : 9506,
    "decisionTree" : 9331,
    "sink" : 23250,
    "blobRead" : 4800,
    "source" : 4800,
    "senMLParse" : 4800,
    "mqttPublish" : 23250
  },
  "recsInPerModule" : {
    "errorEstimate" : 6.985845755703372,
    "average" : 2.330469838229175,
    "multiVarLinearReg" : 4.759735578352715,
    "decisionTree" : 4.734234329213035,
    "sink" : 11.720597721833911,
    "blobRead" : 2.4095138644951697,
    "source" : 2.420939919836627,
    "senMLParse" : 2.407459411471907,
    "mqttPublish" : 11.780928364277493
  },
  "recsOutPerModule" : {
    "errorEstimate" : 6.984791557224781,
    "average" : 2.3302870464704775,
    "multiVarLinearReg" : 4.753235273262939,
    "decisionTree" : 4.667364606326022,
    "sink" : 11.705378527144996,
    "blobRead" : 2.4093677214891294,
    "source" : 2.4208152793118596,
    "senMLParse" : 2.407313517567443,
    "mqttPublish" : 11.766894226700902
  },
  "remainingDataPerDevice" : {
    "errorEstimate" : 34000,
    "average" : 18000,
    "multiVarLinearReg" : 370000,
    "decisionTree" : 62000,
    "sink" : 0,
    "blobRead" : 76000,
    "source" : 0,
    "senMLParse" : 773000,
    "mqttPublish" : 0
  },
  "executionTime" : 4375.0,
  "networkUsage" : 801483.26,
  "tuplesSentBySensors" : 4800
}