{
  "placement" : {
    "average" : "cloud-0-1-0-1-0-1-1-1-1-0",
    "blobRead" : "cloud-0-1-0-1-0-0-1-1-0",
    "decisionTree" : "cloud-1-1-0-0-1-0-0-0-0-1",
    "errorEstimate" : "cloud-0-1-1-1-1-1-0",
    "mqttPublish" : "cloud-1-1-1-1-1-0-1-1-0-0",
    "multiVarLinearReg" : "cloud-1-1-0-0-1-0-1-0",
    "senMLParse" : "cloud-1-1-0-0-0-0-1-0-1",
    "sink" : "cloud-0-0-0-0-1-0-1-1-0",
    "source" : "cloud-1-0-1-1-0-1-0-1-1-0"
  },
  "appLoopLatency" : 35.87141426709385,
  "latencyPerTupleType" : {
    "blobRead_TUPLE" : 4.001700180000029,
    "average_TUPLE" : 3.604855681202318,
    "sink_TUPLE" : 0.6304665009897261,
    "errorEstimate_TUPLE" : 1.6600635047480345,
    "mqttPublish_TUPLE" : 0.38850167911193634,
    "decisionTree_TUPLE" : 0.47725121705665013,
    "multiVarLinearReg_TUPLE" : 13.601805363411328,
    "senMLParse_TUPLE" : 0.24167139777782254,
    "TUPLE" : 0.09496444444444611
  },
  "tuplesProcessedPerModule" : {
    "errorEstimate" : 14003,
    "average" : 4724,
    "multiVarLinearReg" : 9375,
    "decisionTree" : 9509,
    "sink" : 23251,
    "blobRead" : 4800,
    "source" : 4800,
    "senMLParse" : 4800,
    "mqttPublish" : 23399
  },
  "recsInPerModule" : {
    "errorEstimate" : 7.003532610484241,
    "average" : 2.400066283830594,
    "multiVarLinearReg" : 4.7607110586135395,
    "decisionTree" : 4.756735124228007,
    "sink" : 11.629310011990095,
    "blobRead" : 2.4109661786037133,
    "source" : 2.422283799816411,
    "senMLParse" : 2.4127840344675664,
    "mqttPublish" : 11.704579358998819
  },
  "recsOutPerModule" : {
    "errorEstimate" : 7.002253578604624,
    "average" : 2.362065242604066,
    "multiVarLinearReg" : 4.688200791082202,
    "decisionTree" : 4.756764278066723,
    "sink" : 11.628673309721055,
    "blobRead" : 2.4058103320768045,
    "source" : 2.4222812531789812,
    "senMLParse" : 2.412612230806765,
    "mqttPublish" : 11.69980480331474
  },
  "remainingDataPerDevice" : {
    "errorEstimate" : 80000,
    "average" : 122000,
    "multiVarLinearReg" : 64000,
    "decisionTree" : 126000,
    "sink" : 0,
    "blobRead" : 334000,
    "source" : 0,
    "senMLParse" : 0,
    "mqttPublish" : 296000
  },
  "executionTime" : 3146.0,
  "networkUsage" : 651456.06,
  "tuplesSentBySensors" : 4800
}