{
  "placement" : {
    "average" : "cloud-0-1-1-1-1-1-0-1-1",
    "blobRead" : "cloud-0-0-0-1-1-0-1-1-0-1",
    "decisionTree" : "cloud-1-1-0-0-0-1",
    "errorEstimate" : "cloud-0-0-0-0-1-0-0-1-0",
    "mqttPublish" : "cloud-1-1-0-1-0-1-1-0",
    "multiVarLinearReg" : "cloud-1-0-1-0-0-0-0-0-0",
    "senMLParse" : "cloud-0-1-0-1-1-1-0-0-1-0",
    "sink" : "cloud-1-1-1-0-1-0-1-0-0-0",
    "source" : "cloud-0-1-1-1-0-0-1-0-1-0"
  },
  "appLoopLatency" : 37.442202642424085,
  "latencyPerTupleType" : {
    "blobRead_TUPLE" : 0.31179753131299637,
    "average_TUPLE" : 0.3245590848484197,
    "sink_TUPLE" : 0.9627223057373849,
    "errorEstimate_TUPLE" : 2.998085620944786,
    "mqttPublish_TUPLE" : 0.8441791482425081,
    "decisionTree_TUPLE" : 5.364390250039416,
    "multiVarLinearReg_TUPLE" : 20.501377796523663,
    "senMLParse_TUPLE" : 0.1175444686867274,
    "TUPLE" : 0.09641595959595596
  },
  "tuplesProcessedPerModule" : {
    "errorEstimate" : 14021,
    "average" : 4800,
    "multiVarLinearReg" : 9324,
    "decisionTree" : 9403,
    "sink" : 23250,
    "blobRead" : 4800,
    "source" : 4800,
    "senMLParse" : 4800,
    "mqttPublish" : 23319
  },
  "recsInPerModule" : {
    "errorEstimate" : 7.016847246228098,
    "average" : 2.405396112166473,
    "multiVarLinearReg" : 4.807153678562466,
    "decisionTree" : 4.805469262492838,
    "sink" : 11.68864197531457,
    "blobRead" : 2.4136335309612686,
    "source" : 2.4233844482332265,
    "senMLParse" : 2.414240513626328,
    "mqttPublish" : 11.660659611786086
  },
  "recsOutPerModule" : {
    "errorEstimate" : 7.010846970321985,
    "average" : 2.405250468222353,
    "multiVarLinearReg" : 4.671516708233423,
    "decisionTree" : 4.706857028668766,
    "sink" : 11.687717752832647,
    "blobRead" : 2.413486887807198,
    "source" : 2.423259787577261,
    "senMLParse" : 2.414106444017035,
    "mqttPublish" : 11.659924720531231
  },
  "remainingDataPerDevice" : {
    "errorEstimate" : 142000,
    "average" : 168000,
    "multiVarLinearReg" : 14000,
    "decisionTree" : 68000,
    "sink" : 0,
    "blobRead" : 0,
    "source" : 0,
    "senMLParse" : 0,
    "mqttPublish" : 138000
  },
  "executionTime" : 6670.0,
  "networkUsage" : 628492.7,
  "tuplesSentBySensors" : 4800
}