{
  "placement" : {
    "average" : "cloud-1-0-1-1-0-0-1-0-0",
    "blobRead" : "cloud-1-1-1-1-1-0-1-1-1",
    "decisionTree" : "cloud-1-1-1-0-1-0-1-0-0",
    "errorEstimate" : "cloud-0-0-0-0-0-1-1-1-1-1",
    "mqttPublish" : "cloud-1-1-0-0-1-0-0-0-0-0",
    "multiVarLinearReg" : "cloud-1-0-1-0-1-1-0-0-0-1",
    "senMLParse" : "cloud-1-1-0-0-1-1-0-0-1-0",
    "sink" : "cloud-0-0-0-0-1-0-0-0-0",
    "source" : "cloud-0-0-1-0-0-1-0-1-1-0"
  },
  "appLoopLatency" : 41.00964126236538,
  "latencyPerTupleType" : {
    "blobRead_TUPLE" : 0.27441515555541685,
    "average_TUPLE" : 0.8303100063887333,
    "sink_TUPLE" : 1.3261245577994856,
    "errorEstimate_TUPLE" : 13.21139708155041,
    "mqttPublish_TUPLE" : 3.8272724593873333,
    "decisionTree_TUPLE" : 16.61950930528061,
    "multiVarLinearReg_TUPLE" : 2.5012025991850426,
    "senMLParse_TUPLE" : 5.41397727777761,
    "TUPLE" : 0.09988833333332758
  },
  "tuplesProcessedPerModule" : {
    "errorEstimate" : 13954,
    "average" : 4693,
    "multiVarLinearReg" : 9430,
    "decisionTree" : 9330,
    "sink" : 23046,
    "blobRead" : 4800,
    "source" : 4800,
    "senMLParse" : 4800,
    "mqttPublish" : 23274
  },
  "recsInPerModule" : {
    "errorEstimate" : 6.977957787757674,
    "average" : 2.349096330567777,
    "multiVarLinearReg" : 4.749669810310827,
    "decisionTree" : 4.753473172743432,
    "sink" : 11.597881223342748,
    "blobRead" : 2.4096310382325044,
    "source" : 2.421428430899243,
    "senMLParse" : 2.4089054605153457,
    "mqttPublish" : 11.639321771169287
  },
  "recsOutPerModule" : {
    "errorEstimate" : 6.977646972079016,
    "average" : 2.347376224684858,
    "multiVarLinearReg" : 4.71566567515587,
    "decisionTree" : 4.6738780149307875,
    "sink" : 11.593540753443898,
    "blobRead" : 2.409484881012793,
    "source" : 2.4212999232056984,
    "senMLParse" : 2.402379895621782,
    "mqttPublish" : 11.63843658848056
  },
  "remainingDataPerDevice" : {
    "errorEstimate" : 8000,
    "average" : 84000,
    "multiVarLinearReg" : 252000,
    "decisionTree" : 12000,
    "sink" : 0,
    "blobRead" : 0,
    "source" : 0,
    "senMLParse" : 714000,
    "mqttPublish" : 456000
  },
  "executionTime" : 5329.0,
  "networkUsage" : 683402.18,
  "tuplesSentBySensors" : 4800
}