{
  "placement" : {
    "average" : "cloud-0-1-0-0-0-0-1-1-0-1",
    "blobRead" : "cloud-0-0-0-1-1-1-1-0-1",
    "decisionTree" : "cloud-0-0-0-1-0-0-1-1-0-0",
    "errorEstimate" : "cloud-0-1-1-0-1-0-0-0-1",
    "mqttPublish" : "cloud-0-1-1-1-1-0-0-1-1-0",
    "multiVarLinearReg" : "cloud-1-1-0-0-1-0-1",
    "senMLParse" : "cloud-1-0-0-1-0-0-1-1-0-0",
    "sink" : "cloud-0-1-1-0-1-0",
    "source" : "cloud-0-1-1-1-1-0-1-1-0-1"
  },
  "appLoopLatency" : 34.29117981400527,
  "latencyPerTupleType" : {
    "blobRead_TUPLE" : 0.2388406250505586,
    "average_TUPLE" : 0.24083766464640136,
    "sink_TUPLE" : 3.9077497770034095,
    "errorEstimate_TUPLE" : 18.77275055666834,
    "mqttPublish_TUPLE" : 1.4473373969495587,
    "decisionTree_TUPLE" : 1.192678433077396,
    "multiVarLinearReg_TUPLE" : 0.8795642163636442,
    "senMLParse_TUPLE" : 0.1175384533333735,
    "TUPLE" : 0.09579222222222232
  },
  "tuplesProcessedPerModule" : {
    "errorEstimate" : 13991,
    "average" : 4800,
    "multiVarLinearReg" : 9600,
    "decisionTree" : 9566,
    "sink" : 23253,
    "blobRead" : 4800,
    "source" : 4800,
    "senMLParse" : 4800,
    "mqttPublish" : 23306
  },
  "recsInPerModule" : {
    "errorEstimate" : 7.0329407704863,
    "average" : 2.4014246355593474,
    "multiVarLinearReg" : 4.8107917966709035,
    "decisionTree" : 4.801888335385058,
    "sink" : 11.62810256210318,
    "blobRead" : 2.4152121122513743,
    "source" : 2.4238739464354158,
    "senMLParse" : 2.4136333059538093,
    "mqttPublish" : 11.653559470674232
  },
  "recsOutPerModule" : {
    "errorEstimate" : 6.99654595913298,
    "average" : 2.4012817472936048,
    "multiVarLinearReg" : 4.809496338496622,
    "decisionTree" : 4.78488164753057,
    "sink" : 11.627218287176904,
    "blobRead" : 2.415067578575013,
    "source" : 2.423749003622453,
    "senMLParse" : 2.413499303774085,
    "mqttPublish" : 11.653212481763092
  },
  "remainingDataPerDevice" : {
    "errorEstimate" : 80000,
    "average" : 292000,
    "multiVarLinearReg" : 380000,
    "decisionTree" : 420000,
    "sink" : 0,
    "blobRead" : 0,
    "source" : 0,
    "senMLParse" : 0,
    "mqttPublish" : 106000
  },
  "executionTime" : 7170.0,
  "networkUsage" : 608988.8,
  "tuplesSentBySensors" : 4800
}