{
  "placement" : {
    "average" : "cloud-0-0-1-1-1-0-0-1-0-0",
    "blobRead" : "cloud-0-1-0-0-1-1-0-1-1-1",
    "decisionTree" : "cloud-0-1-0-0-1-1-1-0-0-0",
    "errorEstimate" : "cloud-1-1-0-1-1-0-1-0-1-1",
    "mqttPublish" : "cloud-0-0-0-1-1-0-0-0-1-1",
    "multiVarLinearReg" : "cloud-1-0-0-1-1-0-1",
    "senMLParse" : "cloud-1-0-1-1-0-1-0-1-1-1",
    "sink" : "cloud-1-1-0-1-1-1-0-0-1-0",
    "source" : "cloud-0-0-1-0-0-1-1-0-1-0"
  },
  "appLoopLatency" : 43.46570081212101,
  "latencyPerTupleType" : {
    "blobRead_TUPLE" : 0.274067622222099,
    "average_TUPLE" : 1.559653280001911,
    "sink_TUPLE" : 1.9510354696613776,
    "errorEstimate_TUPLE" : 10.992574793442111,
    "mqttPublish_TUPLE" : 0.6798605630488586,
    "decisionTree_TUPLE" : 1.4228629594940674,
    "multiVarLinearReg_TUPLE" : 2.1614537695795186,
    "senMLParse_TUPLE" : 5.4122758888887414,
    "TUPLE" : 0.09869515151514446
  },
  "tuplesProcessedPerModule" : {
    "errorEstimate" : 13971,
    "average" : 4688,
    "multiVarLinearReg" : 9435,
    "decisionTree" : 9488,
    "sink" : 23148,
    "blobRead" : 4800,
    "source" : 4800,
    "senMLParse" : 4800,
    "mqttPublish" : 23256
  },
  "recsInPerModule" : {
    "errorEstimate" : 6.987825884153424,
    "average" : 2.344467217149371,
    "multiVarLinearReg" : 4.750368732595883,
    "decisionTree" : 4.744945715130485,
    "sink" : 11.62944521009104,
    "blobRead" : 2.410119006432551,
    "source" : 2.421550589470997,
    "senMLParse" : 2.4099979924245067,
    "mqttPublish" : 11.630022673983879
  },
  "recsOutPerModule" : {
    "errorEstimate" : 6.986660516916277,
    "average" : 2.3442034416956887,
    "multiVarLinearReg" : 4.718859653826296,
    "decisionTree" : 4.744304027941123,
    "sink" : 11.612605272408015,
    "blobRead" : 2.4099727900127945,
    "source" : 2.421426117408853,
    "senMLParse" : 2.4034665150205132,
    "mqttPublish" : 11.629380523585754
  },
  "remainingDataPerDevice" : {
    "errorEstimate" : 42000,
    "average" : 76000,
    "multiVarLinearReg" : 222000,
    "decisionTree" : 364000,
    "sink" : 0,
    "blobRead" : 0,
    "source" : 0,
    "senMLParse" : 764000,
    "mqttPublish" : 216000
  },
  "executionTime" : 4447.0,
  "networkUsage" : 791742.88,
  "tuplesSentBySensors" : 4800
}