{
  "placement" : {
    "average" : "cloud-0-0-0-0-0-1-1-1",
    "blobRead" : "cloud-0-0-0-0-0-0-0-0-0-0",
    "decisionTree" : "cloud-0-1-0-1-1-0",
    "errorEstimate" : "cloud-1-1-1-0-0-0-0-1-0",
    "mqttPublish" : "cloud-0-0-1-1-0-1-1-0-1-0",
    "multiVarLinearReg" : "cloud-1-0-0-0-0-0-0-0-1-0",
    "senMLParse" : "cloud-0-0-0-1-1-1-1-0-0-0",
    "sink" : "cloud-1-0-1-1-0-1-1-0-1-0",
    "source" : "cloud-1-1-0-0-1-0-1"
  },
  "appLoopLatency" : 42.56242503939359,
  "latencyPerTupleType" : {
    "blobRead_TUPLE" : 0.23399865111116805,
    "average_TUPLE" : 0.14260415555574477,
    "sink_TUPLE" : 1.4047341372299382,
    "errorEstimate_TUPLE" : 1.83419894312079,
    "mqttPublish_TUPLE" : 3.659405305545489,
    "decisionTree_TUPLE" : 20.6632171089194,
    "multiVarLinearReg_TUPLE" : 1.0006037880446892,
    "senMLParse_TUPLE" : 0.2112575028283371,
    "TUPLE" : 0.09501499999999329
  },
  "tuplesProcessedPerModule" : {
    "errorEstimate" : 13965,
    "average" : 4800,
    "multiVarLinearReg" : 9505,
    "decisionTree" : 9328,
    "sink" : 23250,
    "blobRead" : 4800,
    "source" : 4800,
    "senMLParse" : 4800,
    "mqttPublish" : 23267
  },
  "recsInPerModule" : {
    "errorEstimate" : 6.983632893454958,
    "average" : 2.4025947284815774,
    "multiVarLinearReg" : 4.796134970831961,
    "decisionTree" : 4.804218789098359,
    "sink" : 11.712562877033024,
    "blobRead" : 2.412664022587563,
    "source" : 2.423751553347024,
    "senMLParse" : 2.4127852978203976,
    "mqttPublish" : 11.634984661856556
  },
  "recsOutPerModule" : {
    "errorEstimate" : 6.982648442747876,
    "average" : 2.4024494235707308,
    "multiVarLinearReg" : 4.75263375614417,
    "decisionTree" : 4.672407992341709,
    "sink" : 11.711727047724578,
    "blobRead" : 2.4124922360167567,
    "source" : 2.4237502784840683,
    "senMLParse" : 2.412618087346917,
    "mqttPublish" : 11.634099872610092
  },
  "remainingDataPerDevice" : {
    "errorEstimate" : 30000,
    "average" : 268000,
    "multiVarLinearReg" : 408000,
    "decisionTree" : 22000,
    "sink" : 0,
    "blobRead" : 8000,
    "source" : 0,
    "senMLParse" : 8000,
    "mqttPublish" : 34000
  },
  "executionTime" : 5472.0,
  "networkUsage" : 771789.18,
  "tuplesSentBySensors" : 4800
}