{
  "placement" : {
    "average" : "cloud-1-0-0-1-1-1-0-0-0-0",
    "blobRead" : "cloud-0-0-1-1-0-1-0-1-1-0",
    "decisionTree" : "cloud-1-0-0-1-0-1-0-0-1-0",
    "errorEstimate" : "cloud-0-0-1-0-1-1-0-0-1-1",
    "mqttPublish" : "cloud-1-0-0-0-0-0-0-0-0-1",
    "multiVarLinearReg" : "cloud-0-1-0-1-0-0-0-0-0-0",
    "senMLParse" : "cloud-0-1-1-1-1",
    "sink" : "cloud-1-1-1-1-0-0-1-1-1",
    "source" : "cloud-1-0-0-0-1-0-1-0-0-1"
  },
  "appLoopLatency" : 38.21290614083112,
  "latencyPerTupleType" : {
    "blobRead_TUPLE" : 0.2465331222222695,
    "average_TUPLE" : 3.1807746653889035,
    "sink_TUPLE" : 0.9635487763048097,
    "errorEstimate_TUPLE" : 2.4828318087994004,
    "mqttPublish_TUPLE" : 0.5476046118336655,
    "decisionTree_TUPLE" : 2.1995086784637095,
    "multiVarLinearReg_TUPLE" : 2.14620781503084,
    "senMLParse_TUPLE" : 5.231692844444478,
    "TUPLE" : 0.09687638888888277
  },
  "tuplesProcessedPerModule" : {
    "errorEstimate" : 13993,
    "average" : 4707,
    "multiVarLinearReg" : 9473,
    "decisionTree" : 9481,
    "sink" : 23251,
    "blobRead" : 4800,
    "source" : 4800,
    "senMLParse" : 4800,
    "mqttPublish" : 23305
  },
  "recsInPerModule" : {
    "errorEstimate" : 6.9966703388688725,
    "average" : 2.3592783906402865,
    "multiVarLinearReg" : 4.799135055259087,
    "decisionTree" : 4.801815771020345,
    "sink" : 11.631370304128454,
    "blobRead" : 2.4104831403563907,
    "source" : 2.421184150726784,
    "senMLParse" : 2.4137559436292833,
    "mqttPublish" : 11.65326727059817
  },
  "recsOutPerModule" : {
    "errorEstimate" : 6.99650594459188,
    "average" : 2.358667572155603,
    "multiVarLinearReg" : 4.736633305834163,
    "decisionTree" : 4.74229327251358,
    "sink" : 11.630733376244489,
    "blobRead" : 2.4103116642006572,
    "source" : 2.42118287856324,
    "senMLParse" : 2.4077701237949896,
    "mqttPublish" : 11.653580519014593
  },
  "remainingDataPerDevice" : {
    "errorEstimate" : 86000,
    "average" : 86000,
    "multiVarLinearReg" : 288000,
    "decisionTree" : 250000,
    "sink" : 0,
    "blobRead" : 4000,
    "source" : 0,
    "senMLParse" : 279000,
    "mqttPublish" : 108000
  },
  "executionTime" : 4210.0,
  "networkUsage" : 677430.6,
  "tuplesSentBySensors" : 4800
}