{
  "placement" : {
    "average" : "cloud-0-1-0-0-0-0-0-1",
    "blobRead" : "cloud-1-0-0-0-1-0-0-1-0-1",
    "decisionTree" : "cloud-1-1-1-0-1-1-0",
    "errorEstimate" : "cloud-0-1-1-0-0-0-0-0-1-0",
    "mqttPublish" : "cloud-1-0-0-1-0-1-1-1",
    "multiVarLinearReg" : "cloud-0-1-1-0-1-1-0-1-1",
    "senMLParse" : "cloud-0-0-1-0-1-1-0-0-1-0",
    "sink" : "cloud-1-0-1-0-0-1-0-1-1-0",
    "source" : "cloud-1-1-1-1-1-1-1-1-1-1"
  },
  "appLoopLatency" : 34.0830752611463,
  "latencyPerTupleType" : {
    "blobRead_TUPLE" : 0.11337348666672137,
    "average_TUPLE" : 0.1259512399999635,
    "sink_TUPLE" : 0.9692366869432365,
    "errorEstimate_TUPLE" : 4.112248551799056,
    "mqttPublish_TUPLE" : 5.79490800005688,
    "decisionTree_TUPLE" : 5.1524673385051685,
    "multiVarLinearReg_TUPLE" : 0.9301182294444317,
    "senMLParse_TUPLE" : 0.28068617111116245,
    "TUPLE" : 0.0953761111111111
  },
  "tuplesProcessedPerModule" : {
    "errorEstimate" : 14109,
    "average" : 4800,
    "multiVarLinearReg" : 9600,
    "decisionTree" : 9442,
    "sink" : 23258,
    "blobRead" : 4800,
    "source" : 4800,
    "senMLParse" : 4800,
    "mqttPublish" : 23371
  },
  "recsInPerModule" : {
    "errorEstimate" : 7.116552290715349,
    "average" : 2.4040330479117555,
    "multiVarLinearReg" : 4.80854776587102,
    "decisionTree" : 4.809993338359644,
    "sink" : 11.629845320151324,
    "blobRead" : 2.4138760653801996,
    "source" : 2.422283799816411,
    "senMLParse" : 2.4126627587553813,
    "mqttPublish" : 11.686518427691809
  },
  "recsOutPerModule" : {
    "errorEstimate" : 7.055047538711956,
    "average" : 2.403887568979794,
    "multiVarLinearReg" : 4.808156407476796,
    "decisionTree" : 4.730828881258182,
    "sink" : 11.629345305304591,
    "blobRead" : 2.413729392754614,
    "source" : 2.4222812531789812,
    "senMLParse" : 2.4124909723645436,
    "mqttPublish" : 11.68559759421591
  },
  "remainingDataPerDevice" : {
    "errorEstimate" : 314000,
    "average" : 144000,
    "multiVarLinearReg" : 192000,
    "decisionTree" : 42000,
    "sink" : 0,
    "blobRead" : 0,
    "source" : 0,
    "senMLParse" : 0,
    "mqttPublish" : 224000
  },
  "executionTime" : 7168.0,
  "networkUsage" : 580961.74,
  "tuplesSentBySensors" : 4800
}