{
  "placement" : {
    "average" : "cloud-0-0-1-0-0-0-1-0-1-1",
    "blobRead" : "cloud-1-1-0-1-1-1-1-0-1-0",
    "decisionTree" : "cloud-1-0-1-0-0-1-1-0-0-1",
    "errorEstimate" : "cloud-1-1-1-1-1-1-1-1-0-0",
    "mqttPublish" : "cloud-0-1-0-1-0-0-1-1-0-0",
    "multiVarLinearReg" : "cloud-0-1-1-0-0-1-0-1-0-0",
    "senMLParse" : "cloud-1-0-0-0-0-0-0-1",
    "sink" : "cloud-0-1-1-0-0-0-1-0-1",
    "source" : "cloud-0-0-1-1-0-1-0-0-1-1"
  },
  "appLoopLatency" : 50.0440259696953,
  "latencyPerTupleType" : {
    "blobRead_TUPLE" : 0.27528240222226025,
    "average_TUPLE" : 0.129069886666616,
    "sink_TUPLE" : 0.7024223894264863,
    "errorEstimate_TUPLE" : 5.904445038612883,
    "mqttPublish_TUPLE" : 1.9199447203926956,
    "decisionTree_TUPLE" : 0.8047911540908576,
    "multiVarLinearReg_TUPLE" : 18.77570543992308,
    "senMLParse_TUPLE" : 0.27528240222226025,
    "TUPLE" : 0.09589555555555805
  },
  "tuplesProcessedPerModule" : {
    "errorEstimate" : 13993,
    "average" : 4800,
    "multiVarLinearReg" : 9338,
    "decisionTree" : 9600,
    "sink" : 23063,
    "blobRead" : 4800,
    "source" : 4800,
    "senMLParse" : 4800,
    "mqttPublish" : 23259
  },
  "recsInPerModule" : {
    "errorEstimate" : 7.037848296074326,
    "average" : 2.4077965358768387,
    "multiVarLinearReg" : 4.779236532779672,
    "decisionTree" : 4.802343737838791,
    "sink" : 11.612807822024338,
    "blobRead" : 2.4126627593617296,
    "source" : 2.4236291726184436,
    "senMLParse" : 2.415576744781907,
    "mqttPublish" : 11.630653655109374
  },
  "recsOutPerModule" : {
    "errorEstimate" : 6.997896045271553,
    "average" : 2.407663180997265,
    "multiVarLinearReg" : 4.671099648782154,
    "decisionTree" : 4.800398081557077,
    "sink" : 11.608348719832772,
    "blobRead" : 2.412516234141105,
    "source" : 2.4235042550381434,
    "senMLParse" : 2.41542986541547,
    "mqttPublish" : 11.62976922034702
  },
  "remainingDataPerDevice" : {
    "errorEstimate" : 86000,
    "average" : 50000,
    "multiVarLinearReg" : 76000,
    "decisionTree" : 582000,
    "sink" : 0,
    "blobRead" : 84000,
    "source" : 0,
    "senMLParse" : 0,
    "mqttPublish" : 392000
  },
  "executionTime" : 4896.0,
  "networkUsage" : 801458.72,
  "tuplesSentBySensors" : 4800
}