{
  "placement" : {
    "average" : "cloud-0-0-0-1-1-1-0-1-0-1",
    "blobRead" : "cloud-1-0-1-0-0-1-0-1-1",
    "decisionTree" : "cloud-0-0-0-0-0-0-1-0",
    "errorEstimate" : "cloud-0-0-0-1-1-1-0-0-0-0",
    "mqttPublish" : "cloud-0-1-0-1-1-1-1-1-1-0",
    "multiVarLinearReg" : "cloud-0-0-1-0-1-0-0-0",
    "senMLParse" : "cloud-1-1-1-1-0-1-1-0-0-0",
    "sink" : "cloud-1-0-1-1-0-1-0-0-0-1",
    "source" : "cloud-1-1-1-0-1-0-0-0"
  },
  "appLoopLatency" : 38.7568634969695,
  "latencyPerTupleType" : {
    "blobRead_TUPLE" : 6.363315509090731,
    "average_TUPLE" : 4.030483499047059,
    "sink_TUPLE" : 1.8067511269888408,
    "errorEstimate_TUPLE" : 1.5361219556460262,
    "mqttPublish_TUPLE" : 1.7817651798656071,
    "decisionTree_TUPLE" : 4.8284348162667685,
    "multiVarLinearReg_TUPLE" : 1.2841562237998219,
    "senMLParse_TUPLE" : 6.363315509090731,
    "TUPLE" : 0.09460464646463848
  },
  "tuplesProcessedPerModule" : {
    "errorEstimate" : 14062,
    "average" : 4694,
    "multiVarLinearReg" : 9494,
    "decisionTree" : 9388,
    "sink" : 23250,
    "blobRead" : 4800,
    "source" : 4800,
    "senMLParse" : 4800,
    "mqttPublish" : 23281
  },
  "recsInPerModule" : {
    "errorEstimate" : 7.032478701715417,
    "average" : 2.349347832503152,
    "multiVarLinearReg" : 4.751209637607989,
    "decisionTree" : 4.747883219580626,
    "sink" : 11.775909968777835,
    "blobRead" : 2.4165498638515848,
    "source" : 2.423506804247802,
    "senMLParse" : 2.4153338630387187,
    "mqttPublish" : 11.641326777610772
  },
  "recsOutPerModule" : {
    "errorEstimate" : 7.031794023255858,
    "average" : 2.348985335000314,
    "multiVarLinearReg" : 4.7470374487311355,
    "decisionTree" : 4.700545800606541,
    "sink" : 11.772021973903602,
    "blobRead" : 2.409730815608758,
    "source" : 2.4235044867842546,
    "senMLParse" : 2.4085216660466373,
    "mqttPublish" : 11.640634463437914
  },
  "remainingDataPerDevice" : {
    "errorEstimate" : 224000,
    "average" : 20000,
    "multiVarLinearReg" : 232000,
    "decisionTree" : 114000,
    "sink" : 0,
    "blobRead" : 0,
    "source" : 0,
    "senMLParse" : 742000,
    "mqttPublish" : 62000
  },
  "executionTime" : 6241.0,
  "networkUsage" : 736263.38,
  "tuplesSentBySensors" : 4800
}