{
  "placement" : {
    "average" : "cloud-0-1-1-0-0-1-0-1-0-0",
    "blobRead" : "cloud-1-0-1-1-0-0-0-1-1",
    "decisionTree" : "cloud-1-1-1-0-0-0-0-0-0-1",
    "errorEstimate" : "cloud-1-0-1-0-0-0-0-1-1-1",
    "mqttPublish" : "cloud-0-1-0-1-1-0-0-1-1-0",
    "multiVarLinearReg" : "cloud-1-0-1-0-1-0-0-0-1-1",
    "senMLParse" : "cloud-1-0-1-0-0-1-0-1-1-1",
    "sink" : "cloud-1-0-0-1-0-0",
    "source" : "cloud-0-0-1-1-1-1-0-0-1-1"
  },
  "appLoopLatency" : 43.86724334545416,
  "latencyPerTupleType" : {
    "blobRead_TUPLE" : 0.12033767070694125,
    "average_TUPLE" : 3.6831792818507543,
    "sink_TUPLE" : 2.769564529974694,
    "errorEstimate_TUPLE" : 1.3566347358890605,
    "mqttPublish_TUPLE" : 0.4697833298855986,
    "decisionTree_TUPLE" : 2.701954535926616,
    "multiVarLinearReg_TUPLE" : 2.604080844856117,
    "senMLParse_TUPLE" : 5.239799064646306,
    "TUPLE" : 0.09662535353534471
  },
  "tuplesProcessedPerModule" : {
    "errorEstimate" : 13972,
    "average" : 4688,
    "multiVarLinearReg" : 9416,
    "decisionTree" : 9419,
    "sink" : 23250,
    "blobRead" : 4800,
    "source" : 4800,
    "senMLParse" : 4800,
    "mqttPublish" : 23258
  },
  "recsInPerModule" : {
    "errorEstimate" : 6.9871059084340565,
    "average" : 2.3445844697395404,
    "multiVarLinearReg" : 4.754460519775187,
    "decisionTree" : 4.7549612538326445,
    "sink" : 11.72422227053782,
    "blobRead" : 2.4118143946820623,
    "source" : 2.4225283019439274,
    "senMLParse" : 2.411450890375666,
    "mqttPublish" : 11.629650410225045
  },
  "recsOutPerModule" : {
    "errorEstimate" : 6.986192143359547,
    "average" : 2.3441008783813024,
    "multiVarLinearReg" : 4.712917175934642,
    "decisionTree" : 4.714915259485175,
    "sink" : 11.708103073238046,
    "blobRead" : 2.4116805943884145,
    "source" : 2.4224037293517133,
    "senMLParse" : 2.404974303822789,
    "mqttPublish" : 11.629008356147292
  },
  "remainingDataPerDevice" : {
    "errorEstimate" : 44000,
    "average" : 76000,
    "multiVarLinearReg" : 184000,
    "decisionTree" : 222000,
    "sink" : 0,
    "blobRead" : 0,
    "source" : 0,
    "senMLParse" : 740000,
    "mqttPublish" : 16000
  },
  "executionTime" : 4148.0,
  "networkUsage" : 745989.16,
  "tuplesSentBySensors" : 4800
}