{
  "placement" : {
    "average" : "cloud-1-0-1-0-1-1-0-1-0",
    "blobRead" : "cloud-0-0-1-1-0-1-0",
    "decisionTree" : "cloud-0-1-1-0-0-0-0-1-1-1",
    "errorEstimate" : "cloud-0-0-1-0-1-1-0-0-0-0",
    "mqttPublish" : "cloud-0-1-1-1-1-1-1-0-0-1",
    "multiVarLinearReg" : "cloud-1-1-0-0-1-0-1-1-1-0",
    "senMLParse" : "cloud-1-1-1-0-0-0-0-0-1-0",
    "sink" : "cloud-1-0-1-1-1-0-1-1-1",
    "source" : "cloud-1-0-0-0-1-1-1-1-0-0"
  },
  "appLoopLatency" : 39.32944335151483,
  "latencyPerTupleType" : {
    "blobRead_TUPLE" : 5.2335678444445035,
    "average_TUPLE" : 0.17919338282822805,
    "sink_TUPLE" : 2.599326736455112,
    "errorEstimate_TUPLE" : 5.934043828724387,
    "mqttPublish_TUPLE" : 0.9430743646564563,
    "decisionTree_TUPLE" : 1.585719127697536,
    "multiVarLinearReg_TUPLE" : 17.96276716069422,
    "senMLParse_TUPLE" : 0.10454016000004213,
    "TUPLE" : 0.09575833333333747
  },
  "tuplesProcessedPerModule" : {
    "errorEstimate" : 13979,
    "average" : 4800,
    "multiVarLinearReg" : 9328,
    "decisionTree" : 9507,
    "sink" : 23250,
    "blobRead" : 4800,
    "source" : 4800,
    "senMLParse" : 4800,
    "mqttPublish" : 23290
  },
  "recsInPerModule" : {
    "errorEstimate" : 7.006346505872797,
    "average" : 2.404178544453026,
    "multiVarLinearReg" : 4.762253191219158,
    "decisionTree" : 4.800598793489381,
    "sink" : 11.658915658373866,
    "blobRead" : 2.4135119454602836,
    "source" : 2.4216727603689217,
    "senMLParse" : 2.4126627587553813,
    "mqttPublish" : 11.64624389004836
  },
  "recsOutPerModule" : {
    "errorEstimate" : 6.99092168484983,
    "average" : 2.404012524738612,
    "multiVarLinearReg" : 4.672588400489813,
    "decisionTree" : 4.756843154054166,
    "sink" : 11.634933682405716,
    "blobRead" : 2.4075273342358847,
    "source" : 2.4216702150161464,
    "senMLParse" : 2.4125162335348302,
    "mqttPublish" : 11.645479573817683
  },
  "remainingDataPerDevice" : {
    "errorEstimate" : 58000,
    "average" : 216000,
    "multiVarLinearReg" : 16000,
    "decisionTree" : 334000,
    "sink" : 0,
    "blobRead" : 186000,
    "source" : 0,
    "senMLParse" : 0,
    "mqttPublish" : 80000
  },
  "executionTime" : 4323.0,
  "networkUsage" : 677414.3,
  "tuplesSentBySensors" : 4800
}