{
  "placement" : {
    "average" : "cloud-0-0-1-0-0-0-0-0-1-1",
    "blobRead" : "cloud-0-0-0-0-1-0",
    "decisionTree" : "cloud-1-1-0-1-0-1-1-0-1",
    "errorEstimate" : "cloud-0-1-0-0-0-1-0-0-1-0",
    "mqttPublish" : "cloud-0-0-0-1-0-1-1-1-1",
    "multiVarLinearReg" : "cloud-0-1-1-1-1-1-0-1-1-1",
    "senMLParse" : "cloud-0-0-0-1-1-0-0-1-1-0",
    "sink" : "cloud-0-1-0-1-0-1-0-0",
    "source" : "cloud-0-0-0-1-0-1-1"
  },
  "appLoopLatency" : 37.69690596969538,
  "latencyPerTupleType" : {
    "blobRead_TUPLE" : 0.12651193333320962,
    "average_TUPLE" : 0.2551541488888152,
    "sink_TUPLE" : 3.2526745596143196,
    "errorEstimate_TUPLE" : 17.947849828137496,
    "mqttPublish_TUPLE" : 3.2553964151351624,
    "decisionTree_TUPLE" : 0.836201587777771,
    "multiVarLinearReg_TUPLE" : 0.5727243056565573,
    "senMLParse_TUPLE" : 0.12651193333320962,
    "TUPLE" : 0.09895833333333054
  },
  "tuplesProcessedPerModule" : {
    "errorEstimate" : 14029,
    "average" : 4800,
    "multiVarLinearReg" : 9600,
    "decisionTree" : 9600,
    "sink" : 23255,
    "blobRead" : 4800,
    "source" : 4800,
    "senMLParse" : 4800,
    "mqttPublish" : 23430
  },
  "recsInPerModule" : {
    "errorEstimate" : 7.174713116260766,
    "average" : 2.4091346653186605,
    "multiVarLinearReg" : 4.813196246291129,
    "decisionTree" : 4.809097280356951,
    "sink" : 11.629314428460129,
    "blobRead" : 2.4208114578835356,
    "source" : 2.424731044286197,
    "senMLParse" : 2.418250270801417,
    "mqttPublish" : 11.743628588818504
  },
  "recsOutPerModule" : {
    "errorEstimate" : 7.015197892931982,
    "average" : 2.4089885683063517,
    "multiVarLinearReg" : 4.812680751160672,
    "decisionTree" : 4.807276083964179,
    "sink" : 11.628814371940155,
    "blobRead" : 2.4206766574951764,
    "source" : 2.4246021858167546,
    "senMLParse" : 2.4181157554883663,
    "mqttPublish" : 11.715579634160191
  },
  "remainingDataPerDevice" : {
    "errorEstimate" : 48000,
    "average" : 0,
    "multiVarLinearReg" : 104000,
    "decisionTree" : 236000,
    "sink" : 0,
    "blobRead" : 0,
    "source" : 0,
    "senMLParse" : 0,
    "mqttPublish" : 348000
  },
  "executionTime" : 6959.0,
  "networkUsage" : 623835.88,
  "tuplesSentBySensors" : 4800
}