{
  "placement" : {
    "average" : "cloud-0-0-0-1-1-1-0-0-0-1",
    "blobRead" : "cloud-1-0-1-0-1-0-0-0-1",
    "decisionTree" : "cloud-1-0-1-1-0-0-1",
    "errorEstimate" : "cloud-1-0-1-1-0-0-0-1-1-1",
    "mqttPublish" : "cloud-1-0-0-0-0-0-0-0",
    "multiVarLinearReg" : "cloud-1-0-0-1-1-0-0-1-0-1",
    "senMLParse" : "cloud-0-0-1-0-0-0-1-1-1-1",
    "sink" : "cloud-0-0-1-1-0-0-0-0-1-0",
    "source" : "cloud-1-0-0-0-0-0-1-0-0-1"
  },
  "appLoopLatency" : 35.18015743736704,
  "latencyPerTupleType" : {
    "blobRead_TUPLE" : 5.197581733333397,
    "average_TUPLE" : 0.12404743555551512,
    "sink_TUPLE" : 0.9114894966826798,
    "errorEstimate_TUPLE" : 1.7003653838334287,
    "mqttPublish_TUPLE" : 2.547641334246449,
    "decisionTree_TUPLE" : 2.4551812644006,
    "multiVarLinearReg_TUPLE" : 18.02167271098151,
    "senMLParse_TUPLE" : 0.24574840000004386,
    "TUPLE" : 0.09580000000000558
  },
  "tuplesProcessedPerModule" : {
    "errorEstimate" : 13993,
    "average" : 4800,
    "multiVarLinearReg" : 9345,
    "decisionTree" : 9507,
    "sink" : 23257,
    "blobRead" : 4800,
    "source" : 4800,
    "senMLParse" : 4800,
    "mqttPublish" : 23385
  },
  "recsInPerModule" : {
    "errorEstimate" : 7.00050369393245,
    "average" : 2.407167624443978,
    "multiVarLinearReg" : 4.800358697603014,
    "decisionTree" : 4.804442827229345,
    "sink" : 11.629109119807243,
    "blobRead" : 2.41533364439873,
    "source" : 2.423506804247802,
    "senMLParse" : 2.415576744781907,
    "mqttPublish" : 11.699842991108945
  },
  "recsOutPerModule" : {
    "errorEstimate" : 6.996503705814797,
    "average" : 2.407021765901339,
    "multiVarLinearReg" : 4.672857768398727,
    "decisionTree" : 4.763277198042246,
    "sink" : 11.628953700545194,
    "blobRead" : 2.409340006712018,
    "source" : 2.4235042550381434,
    "senMLParse" : 2.415404543192073,
    "mqttPublish" : 11.697886022567715
  },
  "remainingDataPerDevice" : {
    "errorEstimate" : 86000,
    "average" : 238000,
    "multiVarLinearReg" : 50000,
    "decisionTree" : 144000,
    "sink" : 0,
    "blobRead" : 0,
    "source" : 0,
    "senMLParse" : 0,
    "mqttPublish" : 254000
  },
  "executionTime" : 4233.0,
  "networkUsage" : 665844.32,
  "tuplesSentBySensors" : 4800
}