{
  "placement" : {
    "average" : "cloud-1-0-0-1-0-0-0-1-1",
    "blobRead" : "cloud-0-1-1-0-0-1-0-0-1",
    "decisionTree" : "cloud-0-0-1-0-0-0-1",
    "errorEstimate" : "cloud-1-0-0-0-0-0-1-1",
    "mqttPublish" : "cloud-1-0-1-0-0-1-1-0-0-0",
    "multiVarLinearReg" : "cloud-0-0-1-0-0-1-1-1-0-1",
    "senMLParse" : "cloud-1-1-0-0-1-1-1-0-1-0",
    "sink" : "cloud-1-0-0-1-0-1-1-1",
    "source" : "cloud-1-0-0-1"
  },
  "appLoopLatency" : 33.65475756410239,
  "latencyPerTupleType" : {
    "blobRead_TUPLE" : 0.18738871818186034,
    "average_TUPLE" : 0.10489300444438919,
    "sink_TUPLE" : 5.386265522994422,
    "errorEstimate_TUPLE" : 0.8231356980538033,
    "mqttPublish_TUPLE" : 1.0342795761132628,
    "decisionTree_TUPLE" : 5.704781094292964,
    "multiVarLinearReg_TUPLE" : 0.4040341580303373,
    "senMLParse_TUPLE" : 0.10326244222226494,
    "TUPLE" : 0.09768888888889438
  },
  "tuplesProcessedPerModule" : {
    "errorEstimate" : 14256,
    "average" : 4800,
    "multiVarLinearReg" : 9600,
    "decisionTree" : 9600,
    "sink" : 23259,
    "blobRead" : 4800,
    "source" : 4800,
    "senMLParse" : 4800,
    "mqttPublish" : 23435
  },
  "recsInPerModule" : {
    "errorEstimate" : 7.1598541603960815,
    "average" : 2.4103356014119877,
    "multiVarLinearReg" : 4.812654773165448,
    "decisionTree" : 4.81796855924757,
    "sink" : 11.63034218990739,
    "blobRead" : 2.416792984750634,
    "source" : 2.424731044286197,
    "senMLParse" : 2.4191072163425944,
    "mqttPublish" : 11.719915236596835
  },
  "recsOutPerModule" : {
    "errorEstimate" : 7.128352701981254,
    "average" : 2.410189358711201,
    "multiVarLinearReg" : 4.812338130871447,
    "decisionTree" : 4.804691125954135,
    "sink" : 11.62960922916642,
    "blobRead" : 2.4166252183549335,
    "source" : 2.4247284925004116,
    "senMLParse" : 2.4189599073342016,
    "mqttPublish" : 11.717915200889315
  },
  "remainingDataPerDevice" : {
    "errorEstimate" : 460000,
    "average" : 0,
    "multiVarLinearReg" : 162000,
    "decisionTree" : 374000,
    "sink" : 0,
    "blobRead" : 0,
    "source" : 0,
    "senMLParse" : 0,
    "mqttPublish" : 352000
  },
  "executionTime" : 5209.0,
  "networkUsage" : 631588.32,
  "tuplesSentBySensors" : 4800
}