{
  "placement" : {
    "average" : "cloud-1-0-0-0-0-0-0-0-0-1",
    "blobRead" : "cloud-0-0-0-0-1-0-1-1-0-0",
    "decisionTree" : "cloud-0-0-1-0-1-0-0-1-0",
    "errorEstimate" : "cloud-0-0-1-1-0-1-0-1-1",
    "mqttPublish" : "cloud-1-0-0-0-1-0-1-1-1-0",
    "multiVarLinearReg" : "cloud-0-1-1-1-0-0-1-1-0-1",
    "senMLParse" : "cloud-0-1-0-1-1-1-0-0",
    "sink" : "cloud-1-0-1-0-0-0-1-0-1-1",
    "source" : "cloud-1-0-1-1-0-1"
  },
  "appLoopLatency" : 36.518341230302724,
  "latencyPerTupleType" : {
    "blobRead_TUPLE" : 0.20911731111098728,
    "average_TUPLE" : 0.11851520404051556,
    "sink_TUPLE" : 1.119372480157777,
    "errorEstimate_TUPLE" : 0.2650974853768952,
    "mqttPublish_TUPLE" : 8.675265786852385,
    "decisionTree_TUPLE" : 4.950984641919309,
    "multiVarLinearReg_TUPLE" : 2.134947518687008,
    "senMLParse_TUPLE" : 0.20911731111098728,
    "TUPLE" : 0.09419929292928607
  },
  "tuplesProcessedPerModule" : {
    "errorEstimate" : 14162,
    "average" : 4800,
    "multiVarLinearReg" : 9600,
    "decisionTree" : 9600,
    "sink" : 23250,
    "blobRead" : 4800,
    "source" : 4800,
    "senMLParse" : 4800,
    "mqttPublish" : 23352
  },
  "recsInPerModule" : {
    "errorEstimate" : 7.091702238800548,
    "average" : 2.405483392331952,
    "multiVarLinearReg" : 4.8090389307679215,
    "decisionTree" : 4.813137850282851,
    "sink" : 11.73619659746243,
    "blobRead" : 2.4143619540823,
    "source" : 2.423751553347024,
    "senMLParse" : 2.415820114049425,
    "mqttPublish" : 11.677577870779727
  },
  "recsOutPerModule" : {
    "errorEstimate" : 7.0817043994323505,
    "average" : 2.4053377378185345,
    "multiVarLinearReg" : 4.804558994708654,
    "decisionTree" : 4.800787118507456,
    "sink" : 11.733691677282794,
    "blobRead" : 2.4141945250146244,
    "source" : 2.4237492354153742,
    "senMLParse" : 2.415652482689287,
    "mqttPublish" : 11.67670552990153
  },
  "remainingDataPerDevice" : {
    "errorEstimate" : 416000,
    "average" : 152000,
    "multiVarLinearReg" : 282000,
    "decisionTree" : 400000,
    "sink" : 0,
    "blobRead" : 0,
    "source" : 0,
    "senMLParse" : 0,
    "mqttPublish" : 204000
  },
  "executionTime" : 8164.0,
  "networkUsage" : 675257.6,
  "tuplesSentBySensors" : 4800
}