{
  "placement" : {
    "average" : "cloud-1-1-0-0-1-1-0-0-1-1",
    "blobRead" : "cloud-0-1-1-0-1-0-1-1-0-1",
    "decisionTree" : "cloud-1-1-0-0-0-0-0-1-0-0",
    "errorEstimate" : "cloud-1-0-0-1-1-0-0",
    "mqttPublish" : "cloud-0-1-0-1-0-1-0-0-0-0",
    "multiVarLinearReg" : "cloud-1-0-1-1-1-0-1-0",
    "senMLParse" : "cloud-1-1-0-0-1-1-0-0-0-1",
    "sink" : "cloud-0-1-0-1-0-0-1-0-1",
    "source" : "cloud-0-1-0-0-0-1-1-1"
  },
  "appLoopLatency" : 36.159603866666366,
  "latencyPerTupleType" : {
    "blobRead_TUPLE" : 0.11529549777781867,
    "average_TUPLE" : 0.12335351777771701,
    "sink_TUPLE" : 4.572595221778663,
    "errorEstimate_TUPLE" : 13.805305857084795,
    "mqttPublish_TUPLE" : 3.884582486213521,
    "decisionTree_TUPLE" : 19.479444896687696,
    "multiVarLinearReg_TUPLE" : 5.80984488209951,
    "senMLParse_TUPLE" : 0.11529549777781886,
    "TUPLE" : 0.09762555555555531
  },
  "tuplesProcessedPerModule" : {
    "errorEstimate" : 14006,
    "average" : 4800,
    "multiVarLinearReg" : 9402,
    "decisionTree" : 9339,
    "sink" : 23250,
    "blobRead" : 4800,
    "source" : 4800,
    "senMLParse" : 4800,
    "mqttPublish" : 23252
  },
  "recsInPerModule" : {
    "errorEstimate" : 7.076850259857549,
    "average" : 2.408535287468645,
    "multiVarLinearReg" : 4.802611509256689,
    "decisionTree" : 4.798662397360118,
    "sink" : 11.686561717003608,
    "blobRead" : 2.4123002682082633,
    "source" : 2.422161567259642,
    "senMLParse" : 2.4108463462805276,
    "mqttPublish" : 11.635362939712273
  },
  "recsOutPerModule" : {
    "errorEstimate" : 7.003620223097909,
    "average" : 2.4084018507478424,
    "multiVarLinearReg" : 4.704234344184747,
    "decisionTree" : 4.671366204959674,
    "sink" : 11.655766685098978,
    "blobRead" : 2.4121664140010433,
    "source" : 2.422038073975981,
    "senMLParse" : 2.4107126533712426,
    "mqttPublish" : 11.634629125191058
  },
  "remainingDataPerDevice" : {
    "errorEstimate" : 110000,
    "average" : 0,
    "multiVarLinearReg" : 98000,
    "decisionTree" : 76000,
    "sink" : 0,
    "blobRead" : 8000,
    "source" : 0,
    "senMLParse" : 0,
    "mqttPublish" : 4000
  },
  "executionTime" : 7240.0,
  "networkUsage" : 626576.76,
  "tuplesSentBySensors" : 4800
}