{
  "placement" : {
    "average" : "cloud-1-1-0-0-1-1-1",
    "blobRead" : "cloud-1-0-0-1-0-1-0-0-0",
    "decisionTree" : "cloud-0-0-0-0-0-0-1-1-0-0",
    "errorEstimate" : "cloud-1-1-1-1-0",
    "mqttPublish" : "cloud-1-0-0-0-0-0-1-1-1",
    "multiVarLinearReg" : "cloud-1-1-1-0-0-1",
    "senMLParse" : "cloud-1-1-1-0-1-0-0-0-1",
    "sink" : "cloud-1-1-0-0-1-1-1-0-1",
    "source" : "cloud-0-1-0-1-1-0-1-1"
  },
  "appLoopLatency" : 31.02693273238736,
  "latencyPerTupleType" : {
    "blobRead_TUPLE" : 0.20105285292933905,
    "average_TUPLE" : 1.2077569897800868,
    "sink_TUPLE" : 0.4179545744575944,
    "errorEstimate_TUPLE" : 1.0006463103573717,
    "mqttPublish_TUPLE" : 0.40886441247754673,
    "decisionTree_TUPLE" : 0.5868125746333184,
    "multiVarLinearReg_TUPLE" : 1.3854949900186992,
    "senMLParse_TUPLE" : 4.6219706555555256,
    "TUPLE" : 0.09830611111111003
  },
  "tuplesProcessedPerModule" : {
    "errorEstimate" : 14153,
    "average" : 4707,
    "multiVarLinearReg" : 9507,
    "decisionTree" : 9446,
    "sink" : 23254,
    "blobRead" : 4800,
    "source" : 4800,
    "senMLParse" : 4800,
    "mqttPublish" : 23326
  },
  "recsInPerModule" : {
    "errorEstimate" : 7.077204024332632,
    "average" : 2.4005373570866877,
    "multiVarLinearReg" : 4.803236726712571,
    "decisionTree" : 4.729233954021398,
    "sink" : 11.632299766540825,
    "blobRead" : 2.410604197039204,
    "source" : 2.4220393470383756,
    "senMLParse" : 2.4118154323510255,
    "mqttPublish" : 11.66459692414501
  },
  "recsOutPerModule" : {
    "errorEstimate" : 7.07677642655373,
    "average" : 2.3600359868958054,
    "multiVarLinearReg" : 4.756735123196619,
    "decisionTree" : 4.723632233375369,
    "sink" : 11.631687612404846,
    "blobRead" : 2.410460214323771,
    "source" : 2.4219158662168154,
    "senMLParse" : 2.405839221195174,
    "mqttPublish" : 11.663922511295347
  },
  "remainingDataPerDevice" : {
    "errorEstimate" : 256000,
    "average" : 0,
    "multiVarLinearReg" : 122000,
    "decisionTree" : 290000,
    "sink" : 0,
    "blobRead" : 98000,
    "source" : 0,
    "senMLParse" : 186000,
    "mqttPublish" : 144000
  },
  "executionTime" : 4029.0,
  "networkUsage" : 514391.0,
  "tuplesSentBySensors" : 4800
}