{
  "placement" : {
    "average" : "cloud-0-0-1-1-0-0-1-0-0-0",
    "blobRead" : "cloud-0-0-0-0-0-0-1-1-1",
    "decisionTree" : "cloud-0-1-1-1-1-0-0-1-1",
    "errorEstimate" : "cloud-1-1-0-0-1-1-0-0-1",
    "mqttPublish" : "cloud-1-0-0-0-0-1-0",
    "multiVarLinearReg" : "cloud-0-1-0-1-0-1-1-0-1",
    "senMLParse" : "cloud-1-1-0-1-1-0-1-1-0-1",
    "sink" : "cloud-0-1-1-0-1-1-1-0-1-0",
    "source" : "cloud-0-1-0-0-0-1-0-0-1-1"
  },
  "appLoopLatency" : 40.82429215757545,
  "latencyPerTupleType" : {
    "blobRead_TUPLE" : 4.638541455555477,
    "average_TUPLE" : 0.7209099106921426,
    "sink_TUPLE" : 0.9176644231918766,
    "errorEstimate_TUPLE" : 1.196101507944316,
    "mqttPublish_TUPLE" : 0.5736712001304944,
    "decisionTree_TUPLE" : 1.7948971164767142,
    "multiVarLinearReg_TUPLE" : 1.7954103271825543,
    "senMLParse_TUPLE" : 4.638541455555477,
    "TUPLE" : 0.09954916666666103
  },
  "tuplesProcessedPerModule" : {
    "errorEstimate" : 13951,
    "average" : 4703,
    "multiVarLinearReg" : 9409,
    "decisionTree" : 9412,
    "sink" : 23250,
    "blobRead" : 4800,
    "source" : 4800,
    "senMLParse" : 4800,
    "mqttPublish" : 23299
  },
  "recsInPerModule" : {
    "errorEstimate" : 6.976046161343032,
    "average" : 2.351733656497442,
    "multiVarLinearReg" : 4.707321427243849,
    "decisionTree" : 4.709058132987435,
    "sink" : 11.771995505042108,
    "blobRead" : 2.4136295083800077,
    "source" : 2.423139773264792,
    "senMLParse" : 2.4118103721028885,
    "mqttPublish" : 11.651492852801079
  },
  "recsOutPerModule" : {
    "errorEstimate" : 6.9758586204360915,
    "average" : 2.351567070612133,
    "multiVarLinearReg" : 4.7068183519371,
    "decisionTree" : 4.708621767020726,
    "sink" : 11.760798759845658,
    "blobRead" : 2.407581417707461,
    "source" : 2.423011083866492,
    "senMLParse" : 2.4057713833996814,
    "mqttPublish" : 11.650849518782403
  },
  "remainingDataPerDevice" : {
    "errorEstimate" : 2000,
    "average" : 106000,
    "multiVarLinearReg" : 214000,
    "decisionTree" : 126000,
    "sink" : 0,
    "blobRead" : 376000,
    "source" : 0,
    "senMLParse" : 673000,
    "mqttPublish" : 98000
  },
  "executionTime" : 3539.0,
  "networkUsage" : 717737.96,
  "tuplesSentBySensors" : 4800
}