{
  "placement" : {
    "average" : "cloud-1-0-0-0-1-0-0-1-0",
    "blobRead" : "cloud-0-1-0-1-1-0-1-1-0-1",
    "decisionTree" : "cloud-1-0-1-0-1-0-1-1-1-0",
    "errorEstimate" : "cloud-0-0-0-0-0-0-0-1-1-0",
    "mqttPublish" : "cloud-0-0-0-1-0-0-1-0-0-0",
    "multiVarLinearReg" : "cloud-1-0-1-1-0-0-1-1-1-1",
    "senMLParse" : "cloud-0-0-1-0-1-0-0-1",
    "sink" : "cloud-1-0-0-0-0-1-1-0-1",
    "source" : "cloud-0-0-0-1-0-1-1-0-1-0"
  },
  "appLoopLatency" : 46.65308557575734,
  "latencyPerTupleType" : {
    "blobRead_TUPLE" : 0.12452369333336587,
    "average_TUPLE" : 1.3367257522280827,
    "sink_TUPLE" : 0.6390776632909559,
    "errorEstimate_TUPLE" : 5.372740724070044,
    "mqttPublish_TUPLE" : 1.1938040679360515,
    "decisionTree_TUPLE" : 4.580810609325453,
    "multiVarLinearReg_TUPLE" : 4.5675017533199735,
    "senMLParse_TUPLE" : 4.715200702222308,
    "TUPLE" : 0.0975833333333336
  },
  "tuplesProcessedPerModule" : {
    "errorEstimate" : 13963,
    "average" : 4706,
    "multiVarLinearReg" : 9417,
    "decisionTree" : 9388,
    "sink" : 23250,
    "blobRead" : 4800,
    "source" : 4800,
    "senMLParse" : 4800,
    "mqttPublish" : 23250
  },
  "recsInPerModule" : {
    "errorEstimate" : 6.9823978956387265,
    "average" : 2.4009537816909097,
    "multiVarLinearReg" : 4.769236037837676,
    "decisionTree" : 4.694763041793335,
    "sink" : 11.698929131756554,
    "blobRead" : 2.410118782684957,
    "source" : 2.422161567259642,
    "senMLParse" : 2.4152121116437444,
    "mqttPublish" : 11.761428525949782
  },
  "recsOutPerModule" : {
    "errorEstimate" : 6.981685090289817,
    "average" : 2.359672101469034,
    "multiVarLinearReg" : 4.709439522588518,
    "decisionTree" : 4.694088156931459,
    "sink" : 11.692978044966047,
    "blobRead" : 2.4099851704549913,
    "source" : 2.4220368009149245,
    "senMLParse" : 2.409156096923283,
    "mqttPublish" : 11.750982965208877
  },
  "remainingDataPerDevice" : {
    "errorEstimate" : 26000,
    "average" : 92000,
    "multiVarLinearReg" : 228000,
    "decisionTree" : 176000,
    "sink" : 0,
    "blobRead" : 360000,
    "source" : 0,
    "senMLParse" : 188000,
    "mqttPublish" : 0
  },
  "executionTime" : 4592.0,
  "networkUsage" : 827675.08,
  "tuplesSentBySensors" : 4800
}