{
  "placement" : {
    "average" : "cloud-0-1-1-1-0-1-1-1-1",
    "blobRead" : "cloud-1-1-1-0-0-1-1",
    "decisionTree" : "cloud-1-1-0-1-0-0-0-1-0",
    "errorEstimate" : "cloud-1-1-1-0-0-1-1-1-1",
    "mqttPublish" : "cloud-0-1-1-0-0-0-1-0",
    "multiVarLinearReg" : "cloud-1-0-1-1-0-1-0-1-0-0",
    "senMLParse" : "cloud-0-0-0-1-1-0-0-1",
    "sink" : "cloud-0-1-1-1-1-0-1-1-1",
    "source" : "cloud-1-1-0-1-1-1-0-1"
  },
  "appLoopLatency" : 33.12172806456263,
  "latencyPerTupleType" : {
    "blobRead_TUPLE" : 0.21212076565660784,
    "average_TUPLE" : 0.3008257644443454,
    "sink_TUPLE" : 1.3621646107611147,
    "errorEstimate_TUPLE" : 1.421137288349759,
    "mqttPublish_TUPLE" : 0.32658416771965276,
    "decisionTree_TUPLE" : 0.9484844808609483,
    "multiVarLinearReg_TUPLE" : 1.0080934792123872,
    "senMLParse_TUPLE" : 0.2349502977778146,
    "TUPLE" : 0.09436888888888761
  },
  "tuplesProcessedPerModule" : {
    "errorEstimate" : 13998,
    "average" : 4800,
    "multiVarLinearReg" : 9581,
    "decisionTree" : 9598,
    "sink" : 23266,
    "blobRead" : 4800,
    "source" : 4800,
    "senMLParse" : 4800,
    "mqttPublish" : 23365
  },
  "recsInPerModule" : {
    "errorEstimate" : 6.999696977306023,
    "average" : 2.4004276081734077,
    "multiVarLinearReg" : 4.799135046860363,
    "decisionTree" : 4.800135079801259,
    "sink" : 11.634397004186553,
    "blobRead" : 2.4131491991087146,
    "source" : 2.421184150726784,
    "senMLParse" : 2.409757054907169,
    "mqttPublish" : 11.683268700398617
  },
  "recsOutPerModule" : {
    "errorEstimate" : 6.99919696323521,
    "average" : 2.400257559637437,
    "multiVarLinearReg" : 4.790634824432743,
    "decisionTree" : 4.7994159344737115,
    "sink" : 11.63366375295673,
    "blobRead" : 2.412981938195117,
    "source" : 2.42118287856324,
    "senMLParse" : 2.40958568203626,
    "mqttPublish" : 11.682623679777178
  },
  "remainingDataPerDevice" : {
    "errorEstimate" : 94000,
    "average" : 294000,
    "multiVarLinearReg" : 470000,
    "decisionTree" : 368000,
    "sink" : 0,
    "blobRead" : 0,
    "source" : 0,
    "senMLParse" : 4000,
    "mqttPublish" : 198000
  },
  "executionTime" : 3420.0,
  "networkUsage" : 584514.24,
  "tuplesSentBySensors" : 4800
}