{
  "placement" : {
    "average" : "cloud-1-1-1-0-1-1-1-1-1-0",
    "blobRead" : "cloud-0-1-0-0-0-1-0-0-0-1",
    "decisionTree" : "cloud-1-1-1-0-1-0-1-0",
    "errorEstimate" : "cloud-0-1-1-1-1-1-1-1-0-0",
    "mqttPublish" : "cloud-0-1-0-1-0-1-0-1-0-0",
    "multiVarLinearReg" : "cloud-1-0-1-0-0",
    "senMLParse" : "cloud-1-1-0-0-0-0-0-0-0-0",
    "sink" : "cloud-0-0-0-1-1-1-1-1-1-0",
    "source" : "cloud-0-1-0-1-1-0-1-1-0-0"
  },
  "appLoopLatency" : 43.09864075757556,
  "latencyPerTupleType" : {
    "blobRead_TUPLE" : 0.20380424444430734,
    "average_TUPLE" : 0.22080542380131463,
    "sink_TUPLE" : 0.6263263388676227,
    "errorEstimate_TUPLE" : 16.248048845951764,
    "mqttPublish_TUPLE" : 1.0683837285535533,
    "decisionTree_TUPLE" : 3.693634087312553,
    "multiVarLinearReg_TUPLE" : 0.19418936575967535,
    "senMLParse_TUPLE" : 0.20380424444430775,
    "TUPLE" : 0.09958388888888141
  },
  "tuplesProcessedPerModule" : {
    "errorEstimate" : 13961,
    "average" : 4672,
    "multiVarLinearReg" : 9519,
    "decisionTree" : 9403,
    "sink" : 23250,
    "blobRead" : 4800,
    "source" : 4800,
    "senMLParse" : 4800,
    "mqttPublish" : 23254
  },
  "recsInPerModule" : {
    "errorEstimate" : 6.983345616249568,
    "average" : 2.337615675742906,
    "multiVarLinearReg" : 4.762735638727094,
    "decisionTree" : 4.759735561692816,
    "sink" : 11.675161233126875,
    "blobRead" : 2.409752009341591,
    "source" : 2.4198414902997123,
    "senMLParse" : 2.4048021273240336,
    "mqttPublish" : 11.628986808519908
  },
  "recsOutPerModule" : {
    "errorEstimate" : 6.9808455134582665,
    "average" : 2.336115617866102,
    "multiVarLinearReg" : 4.759735573592744,
    "decisionTree" : 4.702202951127976,
    "sink" : 11.668929261810069,
    "blobRead" : 2.4096058374468456,
    "source" : 2.419713150987643,
    "senMLParse" : 2.404656555299042,
    "mqttPublish" : 11.628350223771989
  },
  "remainingDataPerDevice" : {
    "errorEstimate" : 22000,
    "average" : 44000,
    "multiVarLinearReg" : 406000,
    "decisionTree" : 198000,
    "sink" : 0,
    "blobRead" : 0,
    "source" : 0,
    "senMLParse" : 687000,
    "mqttPublish" : 8000
  },
  "executionTime" : 6997.0,
  "networkUsage" : 691411.4,
  "tuplesSentBySensors" : 4800
}