{
  "placement" : {
    "average" : "cloud-1-0-0-0-0-1-0-1-1-1",
    "blobRead" : "cloud-0-0-0-1-0-1-1-1-1-0",
    "decisionTree" : "cloud-1-0-1-1-1-1-1-0-0",
    "errorEstimate" : "cloud-0-1-0-1-0-0-1-1-0-1",
    "mqttPublish" : "cloud-0-0-1-0-0-0-0-0-1-1",
    "multiVarLinearReg" : "cloud-0-1-1-1-0-1-1",
    "senMLParse" : "cloud-0-0-0-0-0-0-0-1-1-0",
    "sink" : "cloud-0-1-1-0-1-0-0-0-0",
    "source" : "cloud-0-1-0-0-1-0-1-0-1"
  },
  "appLoopLatency" : 44.42510171935302,
  "latencyPerTupleType" : {
    "blobRead_TUPLE" : 0.1159413444444877,
    "average_TUPLE" : 3.215432156333451,
    "sink_TUPLE" : 0.8827884510680346,
    "errorEstimate_TUPLE" : 4.85009337156385,
    "mqttPublish_TUPLE" : 0.9776324401107616,
    "decisionTree_TUPLE" : 1.3968000375620828,
    "multiVarLinearReg_TUPLE" : 14.161837652910917,
    "senMLParse_TUPLE" : 4.637409062222262,
    "TUPLE" : 0.09868111111111806
  },
  "tuplesProcessedPerModule" : {
    "errorEstimate" : 13985,
    "average" : 4695,
    "multiVarLinearReg" : 9356,
    "decisionTree" : 9495,
    "sink" : 23250,
    "blobRead" : 4800,
    "source" : 4800,
    "senMLParse" : 4800,
    "mqttPublish" : 23279
  },
  "recsInPerModule" : {
    "errorEstimate" : 6.993986078082049,
    "average" : 2.349850972566338,
    "multiVarLinearReg" : 4.754899151892809,
    "decisionTree" : 4.748209142661355,
    "sink" : 11.671192152878481,
    "blobRead" : 2.4136333065606452,
    "source" : 2.4224060447105504,
    "senMLParse" : 2.4102398021677316,
    "mqttPublish" : 11.64307624786197
  },
  "recsOutPerModule" : {
    "errorEstimate" : 6.992543559467395,
    "average" : 2.347850920363887,
    "multiVarLinearReg" : 4.679869511932693,
    "decisionTree" : 4.747600765452449,
    "sink" : 11.664872971832184,
    "blobRead" : 2.4134993043808537,
    "source" : 2.4222812531789812,
    "senMLParse" : 2.404208666243516,
    "mqttPublish" : 11.64109479215297
  },
  "remainingDataPerDevice" : {
    "errorEstimate" : 70000,
    "average" : 90000,
    "multiVarLinearReg" : 42000,
    "decisionTree" : 320000,
    "sink" : 0,
    "blobRead" : 0,
    "source" : 0,
    "senMLParse" : 701000,
    "mqttPublish" : 58000
  },
  "executionTime" : 4449.0,
  "networkUsage" : 679730.32,
  "tuplesSentBySensors" : 4800
}