{
  "placement" : {
    "average" : "cloud-1-0-1-0-1-0-0-1-0-1",
    "blobRead" : "cloud-1-1-1-1-0-0-1",
    "decisionTree" : "cloud-1-1-1-1-1-0-1-1-1",
    "errorEstimate" : "cloud-0-1-1-0-0-1-1-1-0-1",
    "mqttPublish" : "cloud-0-0-0-1-0-1-1-0-0-0",
    "multiVarLinearReg" : "cloud-1-1-0-1-0-1",
    "senMLParse" : "cloud-0-1-1-0-1-1-1-1-1-1",
    "sink" : "cloud-0-1-1-0-0-0-1-1-1-0",
    "source" : "cloud-1-0-1-1-0-0-1-1-0"
  },
  "appLoopLatency" : 34.50615889384199,
  "latencyPerTupleType" : {
    "blobRead_TUPLE" : 0.11062982444448229,
    "average_TUPLE" : 0.5596872824835785,
    "sink_TUPLE" : 1.3167496812455888,
    "errorEstimate_TUPLE" : 0.7940619345687052,
    "mqttPublish_TUPLE" : 0.30363837967367163,
    "decisionTree_TUPLE" : 1.207041319886812,
    "multiVarLinearReg_TUPLE" : 1.265266719632185,
    "senMLParse_TUPLE" : 4.001700180000053,
    "TUPLE" : 0.09496444444445021
  },
  "tuplesProcessedPerModule" : {
    "errorEstimate" : 14131,
    "average" : 4720,
    "multiVarLinearReg" : 9520,
    "decisionTree" : 9520,
    "sink" : 23263,
    "blobRead" : 4800,
    "source" : 4800,
    "senMLParse" : 4800,
    "mqttPublish" : 23432
  },
  "recsInPerModule" : {
    "errorEstimate" : 7.078269161576878,
    "average" : 2.362951928329751,
    "multiVarLinearReg" : 4.8019800460512325,
    "decisionTree" : 4.7678635395946545,
    "sink" : 11.632506210788943,
    "blobRead" : 2.4161847120150233,
    "source" : 2.423262104572847,
    "senMLParse" : 2.4143617289390074,
    "mqttPublish" : 11.71669315983363
  },
  "recsOutPerModule" : {
    "errorEstimate" : 7.067266835662042,
    "average" : 2.3627473936120955,
    "multiVarLinearReg" : 4.77145070720409,
    "decisionTree" : 4.767102527507698,
    "sink" : 11.63150622188654,
    "blobRead" : 2.4160377587065245,
    "source" : 2.423259555877946,
    "senMLParse" : 2.409191365001807,
    "mqttPublish" : 11.716015787597552
  },
  "remainingDataPerDevice" : {
    "errorEstimate" : 336000,
    "average" : 132000,
    "multiVarLinearReg" : 42000,
    "decisionTree" : 102000,
    "sink" : 0,
    "blobRead" : 0,
    "source" : 0,
    "senMLParse" : 400000,
    "mqttPublish" : 334000
  },
  "executionTime" : 4022.0,
  "networkUsage" : 649453.82,
  "tuplesSentBySensors" : 4800
}