{
  "placement" : {
    "average" : "cloud-0-1-1-1-1-1-0-0-0-1",
    "blobRead" : "cloud-1-0-1-0-0-1-0-1-0-1",
    "decisionTree" : "cloud-1-1-1-1-0-1-0-0-1-1",
    "errorEstimate" : "cloud-0-0-1-0-1-1-1-0-1-0",
    "mqttPublish" : "cloud-1-0-1-0-1-1-1-0-0",
    "multiVarLinearReg" : "cloud-0-1-0-1-0-1-1-1-0-0",
    "senMLParse" : "cloud-0-0-0-0-0-0-0-1-0",
    "sink" : "cloud-1-0-0-0-1-1-1-0-1-1",
    "source" : "cloud-1-0-0-1-0-0-1-0-0-1"
  },
  "appLoopLatency" : 40.92656608875831,
  "latencyPerTupleType" : {
    "blobRead_TUPLE" : 0.1775844719192343,
    "average_TUPLE" : 4.781038567283863,
    "sink_TUPLE" : 5.200572216975229,
    "errorEstimate_TUPLE" : 13.182621956396599,
    "mqttPublish_TUPLE" : 0.5455823735465496,
    "decisionTree_TUPLE" : 1.1393687254439766,
    "multiVarLinearReg_TUPLE" : 19.974415746658188,
    "senMLParse_TUPLE" : 0.10410971111115233,
    "TUPLE" : 0.09638333333332894
  },
  "tuplesProcessedPerModule" : {
    "errorEstimate" : 13956,
    "average" : 4699,
    "multiVarLinearReg" : 9330,
    "decisionTree" : 9478,
    "sink" : 23032,
    "blobRead" : 4800,
    "source" : 4800,
    "senMLParse" : 4800,
    "mqttPublish" : 23044
  },
  "recsInPerModule" : {
    "errorEstimate" : 6.979770248882555,
    "average" : 2.3961135977489083,
    "multiVarLinearReg" : 4.720650032486108,
    "decisionTree" : 4.749735038263501,
    "sink" : 11.613195025402089,
    "blobRead" : 2.4102398027728618,
    "source" : 2.420329558123458,
    "senMLParse" : 2.4070972246676665,
    "mqttPublish" : 11.524860893313884
  },
  "recsOutPerModule" : {
    "errorEstimate" : 6.97887585357221,
    "average" : 2.3496114013421683,
    "multiVarLinearReg" : 4.66709776593706,
    "decisionTree" : 4.739471570312039,
    "sink" : 11.605599908349248,
    "blobRead" : 2.410072944916079,
    "source" : 2.420327015593503,
    "senMLParse" : 2.4069513746561717,
    "mqttPublish" : 11.524224502110517
  },
  "remainingDataPerDevice" : {
    "errorEstimate" : 448000,
    "average" : 88000,
    "multiVarLinearReg" : 58000,
    "decisionTree" : 332000,
    "sink" : 0,
    "blobRead" : 68000,
    "source" : 0,
    "senMLParse" : 476000,
    "mqttPublish" : 24000
  },
  "executionTime" : 6536.0,
  "networkUsage" : 722908.92,
  "tuplesSentBySensors" : 4800
}