{
  "placement" : {
    "average" : "cloud-1-1-0-0-0-0-0-0-1-0",
    "blobRead" : "cloud-0-1-0-1-1-0-1-0-0-0",
    "decisionTree" : "cloud-0-0-0-0-0-1-0-1-0-1",
    "errorEstimate" : "cloud-0-1-1-0-0-0-1-1-1",
    "mqttPublish" : "cloud-0-0-1-0-1-1-0-0-1-1",
    "multiVarLinearReg" : "cloud-0-0-1-1-0-0-0",
    "senMLParse" : "cloud-0-0-0-1-1-0-1",
    "sink" : "cloud-0-1-1-0-1-1",
    "source" : "cloud-1-1-1-1-0-0-0-0-1-0"
  },
  "appLoopLatency" : 36.908839751514996,
  "latencyPerTupleType" : {
    "blobRead_TUPLE" : 5.038180216161396,
    "average_TUPLE" : 1.255971124358204,
    "sink_TUPLE" : 7.007414974947736,
    "errorEstimate_TUPLE" : 1.1630755450060186,
    "mqttPublish_TUPLE" : 1.0499558753076985,
    "decisionTree_TUPLE" : 1.8400577732196577,
    "multiVarLinearReg_TUPLE" : 1.8435425475453362,
    "senMLParse_TUPLE" : 5.038180216161376,
    "TUPLE" : 0.0945920202020199
  },
  "tuplesProcessedPerModule" : {
    "errorEstimate" : 13996,
    "average" : 4696,
    "multiVarLinearReg" : 9410,
    "decisionTree" : 9401,
    "sink" : 23250,
    "blobRead" : 4800,
    "source" : 4800,
    "senMLParse" : 4800,
    "mqttPublish" : 23259
  },
  "recsInPerModule" : {
    "errorEstimate" : 6.999120794538329,
    "average" : 2.350115989974686,
    "multiVarLinearReg" : 4.710232202672014,
    "decisionTree" : 4.700967593494106,
    "sink" : 11.806130184138658,
    "blobRead" : 2.4092722058253737,
    "source" : 2.421306284651793,
    "senMLParse" : 2.410724222491569,
    "mqttPublish" : 11.633146267807769
  },
  "recsOutPerModule" : {
    "errorEstimate" : 6.998167441759331,
    "average" : 2.3485806552526034,
    "multiVarLinearReg" : 4.7063503342720345,
    "decisionTree" : 4.700585632918768,
    "sink" : 11.749599156548191,
    "blobRead" : 2.403496608140104,
    "source" : 2.4213039713948006,
    "senMLParse" : 2.404941669405288,
    "mqttPublish" : 11.631324191327797
  },
  "remainingDataPerDevice" : {
    "errorEstimate" : 92000,
    "average" : 92000,
    "multiVarLinearReg" : 124000,
    "decisionTree" : 172000,
    "sink" : 0,
    "blobRead" : 398000,
    "source" : 0,
    "senMLParse" : 660000,
    "mqttPublish" : 18000
  },
  "executionTime" : 5392.0,
  "networkUsage" : 573407.16,
  "tuplesSentBySensors" : 4800
}