{
  "placement" : {
    "average" : "cloud-1-1-0-0-1-0-0-1-1-0",
    "blobRead" : "cloud-0-0-0-0-1-0-0-1-1",
    "decisionTree" : "cloud-0-1-1-0-1-1",
    "errorEstimate" : "cloud-0-0-0-1-0-0-1-0-1",
    "mqttPublish" : "cloud-1-0-1-0-1-0-0-1-0-0",
    "multiVarLinearReg" : "cloud-0-0-1-1-0-1-0-1-0-1",
    "senMLParse" : "cloud-0-0-0-1-1-0-0-0-1",
    "sink" : "cloud-0-0-0-0-0-1-1-0-0-1",
    "source" : "cloud-0-1-1-0-0-1-1-1-0-0"
  },
  "appLoopLatency" : 40.432925521211835,
  "latencyPerTupleType" : {
    "blobRead_TUPLE" : 4.568353453333344,
    "average_TUPLE" : 0.137843488888867,
    "sink_TUPLE" : 0.5588453524023541,
    "errorEstimate_TUPLE" : 1.6736810046971362,
    "mqttPublish_TUPLE" : 0.9243776344795508,
    "decisionTree_TUPLE" : 17.50945248195711,
    "multiVarLinearReg_TUPLE" : 17.50946037094124,
    "senMLParse_TUPLE" : 0.3095679777778255,
    "TUPLE" : 0.09431999999999087
  },
  "tuplesProcessedPerModule" : {
    "errorEstimate" : 13976,
    "average" : 4800,
    "multiVarLinearReg" : 9332,
    "decisionTree" : 9332,
    "sink" : 23250,
    "blobRead" : 4800,
    "source" : 4800,
    "senMLParse" : 4800,
    "mqttPublish" : 23274
  },
  "recsInPerModule" : {
    "errorEstimate" : 6.988845860509524,
    "average" : 2.401413372252253,
    "multiVarLinearReg" : 4.760348046285465,
    "decisionTree" : 4.762732848152849,
    "sink" : 11.672443102070778,
    "blobRead" : 2.4116942545939724,
    "source" : 2.421917139150745,
    "senMLParse" : 2.411694253988111,
    "mqttPublish" : 11.638157746475386
  },
  "recsOutPerModule" : {
    "errorEstimate" : 6.988345835764549,
    "average" : 2.4012807234740787,
    "multiVarLinearReg" : 4.676051160278893,
    "decisionTree" : 4.678395401598944,
    "sink" : 11.667311719764202,
    "blobRead" : 2.4057186432091706,
    "source" : 2.4217936707893992,
    "senMLParse" : 2.4115478463783493,
    "mqttPublish" : 11.637465601069009
  },
  "remainingDataPerDevice" : {
    "errorEstimate" : 52000,
    "average" : 290000,
    "multiVarLinearReg" : 20000,
    "decisionTree" : 16000,
    "sink" : 0,
    "blobRead" : 372000,
    "source" : 0,
    "senMLParse" : 0,
    "mqttPublish" : 48000
  },
  "executionTime" : 4649.0,
  "networkUsage" : 711362.08,
  "tuplesSentBySensors" : 4800
}