{
  "placement" : {
    "average" : "cloud-1-1-0-1-1-0-1",
    "blobRead" : "cloud-1-1-1-1-0-0-1-1",
    "decisionTree" : "cloud-1-1-0-0-0-0-1-1-1-1",
    "errorEstimate" : "cloud-1-0-1-1-0-0-0-1",
    "mqttPublish" : "cloud-1-0-0-0-0-0-1-0-1-1",
    "multiVarLinearReg" : "cloud-1-1-1-0-0-1-1-1-1",
    "senMLParse" : "cloud-1-1-0-0-1-1-0-1-1-1",
    "sink" : "cloud-1-1-1-0-1-0-0-1-1-1",
    "source" : "cloud-0-0-1-1-0-1-1"
  },
  "appLoopLatency" : 33.505293717948504,
  "latencyPerTupleType" : {
    "blobRead_TUPLE" : 0.21221788585845233,
    "average_TUPLE" : 0.12896559999994991,
    "sink_TUPLE" : 2.3190901568847044,
    "errorEstimate_TUPLE" : 14.323193970038574,
    "mqttPublish_TUPLE" : 5.790817672614821,
    "decisionTree_TUPLE" : 20.43365691243127,
    "multiVarLinearReg_TUPLE" : 5.157521250202136,
    "senMLParse_TUPLE" : 0.27583152222208207,
    "TUPLE" : 0.0967288888888857
  },
  "tuplesProcessedPerModule" : {
    "errorEstimate" : 14006,
    "average" : 4800,
    "multiVarLinearReg" : 9600,
    "decisionTree" : 9326,
    "sink" : 23250,
    "blobRead" : 4800,
    "source" : 4800,
    "senMLParse" : 4800,
    "mqttPublish" : 23291
  },
  "recsInPerModule" : {
    "errorEstimate" : 7.0932051177877495,
    "average" : 2.4097267915086054,
    "multiVarLinearReg" : 4.813412439790162,
    "decisionTree" : 4.812210568718119,
    "sink" : 11.626253991020107,
    "blobRead" : 2.4158160902558556,
    "source" : 2.424241199878182,
    "senMLParse" : 2.4153298347878915,
    "mqttPublish" : 11.648294215644505
  },
  "recsOutPerModule" : {
    "errorEstimate" : 7.004046985955602,
    "average" : 2.4095932227363357,
    "multiVarLinearReg" : 4.800453291020962,
    "decisionTree" : 4.678720132365217,
    "sink" : 11.711925111411139,
    "blobRead" : 2.4156714842848395,
    "source" : 2.4241123934660997,
    "senMLParse" : 2.4151829854457776,
    "mqttPublish" : 11.647520015807569
  },
  "remainingDataPerDevice" : {
    "errorEstimate" : 66000,
    "average" : 0,
    "multiVarLinearReg" : 430000,
    "decisionTree" : 8000,
    "sink" : 0,
    "blobRead" : 0,
    "source" : 0,
    "senMLParse" : 0,
    "mqttPublish" : 78000
  },
  "executionTime" : 7308.0,
  "networkUsage" : 542781.32,
  "tuplesSentBySensors" : 4800
}