{
  "placement" : {
    "average" : "cloud-1-1-1-1-1-1-0-1-1-0",
    "blobRead" : "cloud-0-1-1-1-0-0-0-1-0-0",
    "decisionTree" : "cloud-1-0-1-1-0-0-1-1-1",
    "errorEstimate" : "cloud-1-0-1-1-0-0-1-1",
    "mqttPublish" : "cloud-0-1-0-1-1-0-1-0-1-1",
    "multiVarLinearReg" : "cloud-0-0-1-0-1-1-0-1-0-0",
    "senMLParse" : "cloud-1-1-0-1-1",
    "sink" : "cloud-0-1-1-0-0-1-1-0-1-1",
    "source" : "cloud-0-1-0-0-0-1-0-1"
  },
  "appLoopLatency" : 34.93071700057877,
  "latencyPerTupleType" : {
    "blobRead_TUPLE" : 4.636360451111109,
    "average_TUPLE" : 4.106825826262737,
    "sink_TUPLE" : 2.6835780178600435,
    "errorEstimate_TUPLE" : 4.656265791409572,
    "mqttPublish_TUPLE" : 0.7268448298291779,
    "decisionTree_TUPLE" : 0.615644709241382,
    "multiVarLinearReg_TUPLE" : 15.899889802354666,
    "senMLParse_TUPLE" : 0.20291268808085333,
    "TUPLE" : 0.09829916666666366
  },
  "tuplesProcessedPerModule" : {
    "errorEstimate" : 14026,
    "average" : 4800,
    "multiVarLinearReg" : 9365,
    "decisionTree" : 9600,
    "sink" : 23252,
    "blobRead" : 4800,
    "source" : 4800,
    "senMLParse" : 4800,
    "mqttPublish" : 23453
  },
  "recsInPerModule" : {
    "errorEstimate" : 7.024400837624845,
    "average" : 2.407558467138104,
    "multiVarLinearReg" : 4.806966170050011,
    "decisionTree" : 4.8074476606581955,
    "sink" : 11.627475999026448,
    "blobRead" : 2.417281091559214,
    "source" : 2.423262104572847,
    "senMLParse" : 2.415578011061002,
    "mqttPublish" : 11.727560235236087
  },
  "recsOutPerModule" : {
    "errorEstimate" : 7.014399158692985,
    "average" : 2.401978867815484,
    "multiVarLinearReg" : 4.689304378776716,
    "decisionTree" : 4.803673932687118,
    "sink" : 11.626743178957723,
    "blobRead" : 2.4112147097129912,
    "source" : 2.423138499045332,
    "senMLParse" : 2.415433433589627,
    "mqttPublish" : 11.726696201663955
  },
  "remainingDataPerDevice" : {
    "errorEstimate" : 150000,
    "average" : 202000,
    "multiVarLinearReg" : 36000,
    "decisionTree" : 196000,
    "sink" : 0,
    "blobRead" : 0,
    "source" : 0,
    "senMLParse" : 0,
    "mqttPublish" : 402000
  },
  "executionTime" : 4748.0,
  "networkUsage" : 652489.98,
  "tuplesSentBySensors" : 4800
}