{
  "placement" : {
    "average" : "cloud-0-0-0-1-0-1-1-0-0-1",
    "blobRead" : "cloud-1-1-0-1-1-0-0-0-0-0",
    "decisionTree" : "cloud-1-1-1-0-0-1-1-1-0",
    "errorEstimate" : "cloud-1-0-1-0-0-1-1",
    "mqttPublish" : "cloud-1-0-1-1-1-1-1-0-1-0",
    "multiVarLinearReg" : "cloud-1-0-0-0-0-0-0-1-0-0",
    "senMLParse" : "cloud-0-1-0-1-1-0-1-0-0-0",
    "sink" : "cloud-1-0-0-0-1-0-0-0-0",
    "source" : "cloud-0-0-1-1-0-0-0-0-1-1"
  },
  "appLoopLatency" : 41.89104252121197,
  "latencyPerTupleType" : {
    "blobRead_TUPLE" : 5.249432147474581,
    "average_TUPLE" : 3.6883367498300816,
    "sink_TUPLE" : 23.021678554168748,
    "errorEstimate_TUPLE" : 2.6698008791271186,
    "mqttPublish_TUPLE" : 2.7016039472702102,
    "decisionTree_TUPLE" : 4.847940429716535,
    "multiVarLinearReg_TUPLE" : 1.1638096246837302,
    "senMLParse_TUPLE" : 5.249432147474581,
    "TUPLE" : 0.09584505050504745
  },
  "tuplesProcessedPerModule" : {
    "errorEstimate" : 13974,
    "average" : 4693,
    "multiVarLinearReg" : 9397,
    "decisionTree" : 9387,
    "sink" : 22745,
    "blobRead" : 4800,
    "source" : 4800,
    "senMLParse" : 4800,
    "mqttPublish" : 23250
  },
  "recsInPerModule" : {
    "errorEstimate" : 6.988345751900249,
    "average" : 2.349351134020491,
    "multiVarLinearReg" : 4.69943742027941,
    "decisionTree" : 4.694670428284478,
    "sink" : 11.767980900904325,
    "blobRead" : 2.409635047497006,
    "source" : 2.421428430899243,
    "senMLParse" : 2.4097560129597793,
    "mqttPublish" : 11.82154665386092
  },
  "recsOutPerModule" : {
    "errorEstimate" : 6.987345709409993,
    "average" : 2.3471316405076643,
    "multiVarLinearReg" : 4.699290044642307,
    "decisionTree" : 4.694035508372712,
    "sink" : 11.590928160845488,
    "blobRead" : 2.4031681980418944,
    "source" : 2.4213039713948006,
    "senMLParse" : 2.4032885150784535,
    "mqttPublish" : 11.814625871202615
  },
  "remainingDataPerDevice" : {
    "errorEstimate" : 48000,
    "average" : 86000,
    "multiVarLinearReg" : 142000,
    "decisionTree" : 174000,
    "sink" : 0,
    "blobRead" : 404000,
    "source" : 0,
    "senMLParse" : 734000,
    "mqttPublish" : 0
  },
  "executionTime" : 11699.0,
  "networkUsage" : 662267.82,
  "tuplesSentBySensors" : 4800
}