{
  "placement" : {
    "annotation" : "cloud-0-1",
    "blobWrite" : "cloud-0",
    "decisionTreeTrain" : "cloud-0-1-1",
    "mqttPublish" : "cloud-1-1-1-0",
    "multiVarLinearRegTrain" : "cloud-0-1-1",
    "sink" : "cloud-1-1-1",
    "source" : "cloud-1-0-1-0",
    "tableRead" : "cloud-0-0-1-1"
  },
  "appLoopLatency" : 12.948396439393989,
  "latencyPerTupleType" : {
    "multiVarLinearRegTrain_TUPLE" : 1.2594706557765458,
    "sink_TUPLE" : 0.6303547873103486,
    "annotation_TUPLE" : 4.765652421874979,
    "decisionTreeTrain_TUPLE" : 1.9067956439400484,
    "mqttPublish_TUPLE" : 1.5651895714967907,
    "tableRead_TUPLE" : 0.1981852604166371,
    "blobWrite_TUPLE" : 1.759802732008236,
    "TUPLE" : 0.10403622159089582
  },
  "tuplesProcessedPerModule" : {
    "annotation" : 2048,
    "multiVarLinearRegTrain" : 2048,
    "decisionTreeTrain" : 2048,
    "sink" : 4047,
    "source" : 2048,
    "tableRead" : 2048,
    "blobWrite" : 4096,
    "mqttPublish" : 4096
  },
  "recsInPerModule" : {
    "annotation" : 1.0341370826869325,
    "multiVarLinearRegTrain" : 1.0337716911989452,
    "decisionTreeTrain" : 1.0310060465478754,
    "sink" : 2.048770855156163,
    "source" : 1.0369599251444555,
    "tableRead" : 1.0350692396583558,
    "blobWrite" : 2.0583882524689785,
    "mqttPublish" : 2.0524199256479196
  },
  "recsOutPerModule" : {
    "annotation" : 1.0314266557370444,
    "multiVarLinearRegTrain" : 1.033046003819738,
    "decisionTreeTrain" : 1.0297634957915767,
    "sink" : 2.031980410360785,
    "source" : 1.036903446436674,
    "tableRead" : 1.034973341548275,
    "blobWrite" : 2.0554092244118043,
    "mqttPublish" : 2.049696077385863
  },
  "remainingDataPerDevice" : {
    "annotation" : 0,
    "multiVarLinearRegTrain" : 0,
    "decisionTreeTrain" : 0,
    "sink" : 0,
    "source" : 0,
    "tableRead" : 0,
    "blobWrite" : 0,
    "mqttPublish" : 0
  },
  "executionTime" : 1192.0,
  "networkUsage" : 139688.0,
  "tuplesSentBySensors" : 2048
}