{
  "placement" : {
    "annotate" : "cloud-0-1-0-0-0-1-1-1-0",
    "azureTableInsert" : "cloud-1-1-0-0-0-1-0",
    "bloomFilter" : "cloud-1-0-0-1-0-0-0-0-0",
    "csvToSenML" : "cloud-0-1-1-0-1-1-0-0",
    "interpolation" : "cloud-0-0-0-1-0-0-1-1",
    "join" : "cloud-0-1-0-0-1-1-1-1-1",
    "mqttPublish" : "cloud-1-0-1-1-0-1-1-0-0",
    "rangeFilter" : "cloud-1-1-1-1-0-0-1-1-0",
    "senMLParse" : "cloud-1-1-1-1-1-0-0-0-1",
    "sink" : "cloud-1-1-0-1-1-0-1-1-0",
    "source" : "cloud-1-1-0-0-0-0-0"
  },
  "appLoopLatency" : 52.98100034848475,
  "latencyPerTupleType" : {
    "rangeFilter_TUPLE" : 0.3313325733332615,
    "join_TUPLE" : 9.705087821741586,
    "bloomFilter_TUPLE" : 0.17305209665477742,
    "sink_TUPLE" : 0.3963809576347985,
    "interpolation_TUPLE" : 0.4752852103037777,
    "mqttPublish_TUPLE" : 0.3930855319515693,
    "csvToSenML_TUPLE" : 0.834124975706077,
    "senMLParse_TUPLE" : 0.10808038111112869,
    "annotate_TUPLE" : 3.093534767284983,
    "azureTableInsert_TUPLE" : 3.8027919903208076,
    "TUPLE" : 0.09734722222222748
  },
  "tuplesProcessedPerModule" : {
    "bloomFilter" : 3378,
    "interpolation" : 1609,
    "azureTableInsert" : 1609,
    "sink" : 3218,
    "rangeFilter" : 4800,
    "annotate" : 1609,
    "source" : 4800,
    "join" : 1609,
    "senMLParse" : 4800,
    "mqttPublish" : 1609,
    "csvToSenML" : 1609
  },
  "recsInPerModule" : {
    "bloomFilter" : 1.6893387570474867,
    "interpolation" : 0.8260941949860077,
    "azureTableInsert" : 0.8119694311577148,
    "sink" : 1.6094560283554762,
    "rangeFilter" : 2.4105625642742554,
    "annotate" : 0.8165347034398296,
    "source" : 2.4239963518854903,
    "join" : 0.8227331472194945,
    "senMLParse" : 2.4169121406909113,
    "mqttPublish" : 0.808057228041719,
    "csvToSenML" : 0.8122973873392285
  },
  "recsOutPerModule" : {
    "bloomFilter" : 1.689201481899789,
    "interpolation" : 0.8260276884167063,
    "azureTableInsert" : 0.8096940074344323,
    "sink" : 1.6090234807356196,
    "rangeFilter" : 2.4103658601330777,
    "annotate" : 0.8146845781563381,
    "source" : 2.4239912514115747,
    "join" : 0.8185710756623614,
    "senMLParse" : 2.4167524237068596,
    "mqttPublish" : 0.8078391612940863,
    "csvToSenML" : 0.8118081430103934
  },
  "remainingDataPerDevice" : {
    "bloomFilter" : 250000,
    "interpolation" : 0,
    "azureTableInsert" : 0,
    "sink" : 0,
    "rangeFilter" : 0,
    "annotate" : 0,
    "source" : 0,
    "join" : 0,
    "senMLParse" : 0,
    "mqttPublish" : 0,
    "csvToSenML" : 0
  },
  "executionTime" : 670.0,
  "networkUsage" : 349681.42,
  "tuplesSentBySensors" : 4800
}