{
  "placement" : {
    "annotate" : "cloud-0-1-1-1-1-0",
    "azureTableInsert" : "cloud-0-1-0-0-0-1-1-1-1",
    "bloomFilter" : "cloud-0-0-1-1-1-0-1-1-0",
    "csvToSenML" : "cloud-1-1-1-1-0-0",
    "interpolation" : "cloud-1-1-1-1-1-0-0-0",
    "join" : "cloud-0-0-0-1-0-1-0-0-0",
    "mqttPublish" : "cloud-0-0-0-1-0-0-1-1-0",
    "rangeFilter" : "cloud-0-0-0-0-0-0-1-1-1",
    "senMLParse" : "cloud-1-1-1-0-1-1-1",
    "sink" : "cloud-0-0-1-1-1-1-1-1",
    "source" : "cloud-0-1-0-0-1-0-1-0"
  },
  "appLoopLatency" : 53.09219090909075,
  "latencyPerTupleType" : {
    "rangeFilter_TUPLE" : 1.6049499698517187,
    "join_TUPLE" : 1.5145525205676604,
    "bloomFilter_TUPLE" : 3.299556910059022,
    "sink_TUPLE" : 0.4109926374792426,
    "interpolation_TUPLE" : 0.9418064222936956,
    "mqttPublish_TUPLE" : 0.41720999793885977,
    "csvToSenML_TUPLE" : 2.1331432243590984,
    "senMLParse_TUPLE" : 3.2755230222221705,
    "annotate_TUPLE" : 0.40982904761930194,
    "azureTableInsert_TUPLE" : 0.48826553466065986,
    "TUPLE" : 0.09058676767676314
  },
  "tuplesProcessedPerModule" : {
    "bloomFilter" : 3257,
    "interpolation" : 1617,
    "azureTableInsert" : 1617,
    "sink" : 3206,
    "rangeFilter" : 4724,
    "annotate" : 1617,
    "source" : 4800,
    "join" : 1617,
    "senMLParse" : 4800,
    "mqttPublish" : 1617,
    "csvToSenML" : 1617
  },
  "recsInPerModule" : {
    "bloomFilter" : 1.632252469516311,
    "interpolation" : 0.8243473201416441,
    "azureTableInsert" : 0.8152860747160126,
    "sink" : 1.6116365945850455,
    "rangeFilter" : 2.4008822854984024,
    "annotate" : 0.8169268925769568,
    "source" : 2.4241187696991213,
    "join" : 0.820127710852414,
    "senMLParse" : 2.4152123369456637,
    "mqttPublish" : 0.8093902776761435,
    "csvToSenML" : 0.8142597091094418
  },
  "recsOutPerModule" : {
    "bloomFilter" : 1.6287520502435076,
    "interpolation" : 0.8236373231835,
    "azureTableInsert" : 0.8149453761235967,
    "sink" : 1.611083175450602,
    "rangeFilter" : 2.367292582389479,
    "annotate" : 0.816644964020529,
    "source" : 2.424116451065051,
    "join" : 0.8189957806778044,
    "senMLParse" : 2.4102904551760056,
    "mqttPublish" : 0.8091135261456802,
    "csvToSenML" : 0.8127266958851677
  },
  "remainingDataPerDevice" : {
    "bloomFilter" : 100000,
    "interpolation" : 0,
    "azureTableInsert" : 0,
    "sink" : 0,
    "rangeFilter" : 15000,
    "annotate" : 0,
    "source" : 0,
    "join" : 0,
    "senMLParse" : 0,
    "mqttPublish" : 140000,
    "csvToSenML" : 0
  },
  "executionTime" : 695.0,
  "networkUsage" : 344522.91,
  "tuplesSentBySensors" : 4800
}