{
  "placement" : {
    "annotate" : "cloud-1-1-0-0-0-1-0-1",
    "azureTableInsert" : "cloud-0-1-1-1-1-1-1-0-1",
    "bloomFilter" : "cloud-0-1-0-1-1-1-0",
    "csvToSenML" : "cloud-0-1-1-0-1-0-0-0-0",
    "interpolation" : "cloud-1-0-1-0-0-1-0-0-1",
    "join" : "cloud-0-1-1-0-0-1-1-0-0",
    "mqttPublish" : "cloud-1-0-0-1-1-0-1",
    "rangeFilter" : "cloud-0-0-1-0-1-1-1-1-1",
    "senMLParse" : "cloud-0-1-0-0-1-0-0",
    "sink" : "cloud-1-1-0-1-1-1-0-0",
    "source" : "cloud-0-0-0-0-0-1-0-1"
  },
  "appLoopLatency" : 58.99270227272709,
  "latencyPerTupleType" : {
    "rangeFilter_TUPLE" : 5.608243949333276,
    "join_TUPLE" : 1.676001118598229,
    "bloomFilter_TUPLE" : 0.7790733444891023,
    "sink_TUPLE" : 1.013729819737573,
    "interpolation_TUPLE" : 1.146927531876464,
    "mqttPublish_TUPLE" : 0.9820155546047463,
    "csvToSenML_TUPLE" : 0.5359312879715457,
    "senMLParse_TUPLE" : 3.299104912878695,
    "annotate_TUPLE" : 1.8792968098976535,
    "azureTableInsert_TUPLE" : 0.9756740202150052,
    "TUPLE" : 0.0926218181818146
  },
  "tuplesProcessedPerModule" : {
    "bloomFilter" : 3287,
    "interpolation" : 1647,
    "azureTableInsert" : 1646,
    "sink" : 3273,
    "rangeFilter" : 4726,
    "annotate" : 1646,
    "source" : 4800,
    "join" : 1646,
    "senMLParse" : 4800,
    "mqttPublish" : 1646,
    "csvToSenML" : 1646
  },
  "recsInPerModule" : {
    "bloomFilter" : 1.6445680194746275,
    "interpolation" : 0.8244150647473942,
    "azureTableInsert" : 0.8284588810076792,
    "sink" : 1.6397702931514062,
    "rangeFilter" : 2.405097886841336,
    "annotate" : 0.8320945715227005,
    "source" : 2.423751553347024,
    "join" : 0.8361020583185668,
    "senMLParse" : 2.4181324886551483,
    "mqttPublish" : 0.8245598870274716,
    "csvToSenML" : 0.8280421346162282
  },
  "recsOutPerModule" : {
    "bloomFilter" : 1.6444514618009074,
    "interpolation" : 0.8243480120458427,
    "azureTableInsert" : 0.8280047988553221,
    "sink" : 1.638234798687247,
    "rangeFilter" : 2.368137221063961,
    "annotate" : 0.8312208991235749,
    "source" : 2.4237492354153742,
    "join" : 0.8353038422727909,
    "senMLParse" : 2.4133250953495966,
    "mqttPublish" : 0.8241100677704467,
    "csvToSenML" : 0.8277944437524749
  },
  "remainingDataPerDevice" : {
    "bloomFilter" : 55000,
    "interpolation" : 5000,
    "azureTableInsert" : 0,
    "sink" : 0,
    "rangeFilter" : 110000,
    "annotate" : 0,
    "source" : 0,
    "join" : 0,
    "senMLParse" : 0,
    "mqttPublish" : 95000,
    "csvToSenML" : 0
  },
  "executionTime" : 764.0,
  "networkUsage" : 394630.59,
  "tuplesSentBySensors" : 4800
}