{
  "placement" : {
    "annotate" : "cloud-1-0-0-0-0-0-1-1-0",
    "azureTableInsert" : "cloud-0-0-0-1-1-1-1-0",
    "bloomFilter" : "cloud-1-0-0-0-1-1-1",
    "csvToSenML" : "cloud-1-1-1-1-1-0-1",
    "interpolation" : "cloud-0-1-0-1-0-0",
    "join" : "cloud-1-0-0-1-0-0",
    "mqttPublish" : "cloud-0-1-1-0-0",
    "rangeFilter" : "cloud-1-0-0-0-0-0-0-0-0",
    "senMLParse" : "cloud-0-1-1-0-0-0-0-1-0",
    "sink" : "cloud-1-1-1-1-1-0-1-0-1",
    "source" : "cloud-0-0-0-1-1-0-0-0-0"
  },
  "appLoopLatency" : 56.98711534848451,
  "latencyPerTupleType" : {
    "rangeFilter_TUPLE" : 1.1805863458946513,
    "join_TUPLE" : 0.7299219457484512,
    "bloomFilter_TUPLE" : 0.2661133881041412,
    "sink_TUPLE" : 0.25098510992202167,
    "interpolation_TUPLE" : 0.393719897621748,
    "mqttPublish_TUPLE" : 0.4320860155923589,
    "csvToSenML_TUPLE" : 0.3898035502664455,
    "senMLParse_TUPLE" : 0.16817366333334635,
    "annotate_TUPLE" : 0.21522197184582414,
    "azureTableInsert_TUPLE" : 1.3597506892380111,
    "TUPLE" : 0.09156388888888935
  },
  "tuplesProcessedPerModule" : {
    "bloomFilter" : 3256,
    "interpolation" : 1650,
    "azureTableInsert" : 1650,
    "sink" : 3300,
    "rangeFilter" : 4750,
    "annotate" : 1650,
    "source" : 4800,
    "join" : 1650,
    "senMLParse" : 4800,
    "mqttPublish" : 1650,
    "csvToSenML" : 1650
  },
  "recsInPerModule" : {
    "bloomFilter" : 1.62816198542889,
    "interpolation" : 0.8445846207056232,
    "azureTableInsert" : 0.835940961780354,
    "sink" : 1.662370494990149,
    "rangeFilter" : 2.3971560662464033,
    "annotate" : 0.8398520293528183,
    "source" : 2.421917139150745,
    "join" : 0.8420003125667047,
    "senMLParse" : 2.4113307925553267,
    "mqttPublish" : 0.834139172649417,
    "csvToSenML" : 0.8368737332782649
  },
  "recsOutPerModule" : {
    "bloomFilter" : 1.628029694854627,
    "interpolation" : 0.8441976777690684,
    "azureTableInsert" : 0.8351273731986185,
    "sink" : 1.6620425714168898,
    "rangeFilter" : 2.375154675416561,
    "annotate" : 0.8396846308198037,
    "source" : 2.4219158662168154,
    "join" : 0.8413938331169789,
    "senMLParse" : 2.4111591957826755,
    "mqttPublish" : 0.8337896680328829,
    "csvToSenML" : 0.83655004761768
  },
  "remainingDataPerDevice" : {
    "bloomFilter" : 45000,
    "interpolation" : 0,
    "azureTableInsert" : 0,
    "sink" : 0,
    "rangeFilter" : 275000,
    "annotate" : 0,
    "source" : 0,
    "join" : 0,
    "senMLParse" : 30000,
    "mqttPublish" : 0,
    "csvToSenML" : 0
  },
  "executionTime" : 602.0,
  "networkUsage" : 367865.03,
  "tuplesSentBySensors" : 4800
}