{
  "placement" : {
    "annotate" : "cloud-0-0-1-0-0-0-1-0-0",
    "azureTableInsert" : "cloud-0-0-0-1-0",
    "bloomFilter" : "cloud-0-0-0-1-1-1-1-0-0",
    "csvToSenML" : "cloud-1-0-0-0-1-0-1-0-1",
    "interpolation" : "cloud-1-1-1-0-1-0",
    "join" : "cloud-0-0-1-0-1",
    "mqttPublish" : "cloud-1-1-1-0-0-1-0-1-0",
    "rangeFilter" : "cloud-1-0-0-1-0-1-1-0",
    "senMLParse" : "cloud-0-1-1-0-1-0-0-1-1",
    "sink" : "cloud-1-0-0-0-1-0-1-1-1",
    "source" : "cloud-0-0-0-1-0-1-0"
  },
  "appLoopLatency" : 51.552310437229366,
  "latencyPerTupleType" : {
    "rangeFilter_TUPLE" : 0.8677393657575707,
    "join_TUPLE" : 0.6004980826910435,
    "bloomFilter_TUPLE" : 0.4345325193640777,
    "sink_TUPLE" : 0.16663800063785245,
    "interpolation_TUPLE" : 0.22781759531881865,
    "mqttPublish_TUPLE" : 0.5019342732467262,
    "csvToSenML_TUPLE" : 1.5081837873323736,
    "senMLParse_TUPLE" : 0.11192063444445897,
    "annotate_TUPLE" : 0.30731343320764715,
    "azureTableInsert_TUPLE" : 0.3676543142277532,
    "TUPLE" : 0.09403611111111264
  },
  "tuplesProcessedPerModule" : {
    "bloomFilter" : 3363,
    "interpolation" : 1663,
    "azureTableInsert" : 1663,
    "sink" : 3326,
    "rangeFilter" : 4800,
    "annotate" : 1663,
    "source" : 4800,
    "join" : 1663,
    "senMLParse" : 4800,
    "mqttPublish" : 1663,
    "csvToSenML" : 1663
  },
  "recsInPerModule" : {
    "bloomFilter" : 1.683126173730227,
    "interpolation" : 0.8525757948633386,
    "azureTableInsert" : 0.8459120630192108,
    "sink" : 1.6743988759712973,
    "rangeFilter" : 2.4069513631900383,
    "annotate" : 0.8479969436361224,
    "source" : 2.423139773264792,
    "join" : 0.8494619772922164,
    "senMLParse" : 2.41496908464371,
    "mqttPublish" : 0.840847087953128,
    "csvToSenML" : 0.8446231711279881
  },
  "recsOutPerModule" : {
    "bloomFilter" : 1.681646172469015,
    "interpolation" : 0.8524228397953474,
    "azureTableInsert" : 0.8457060969988811,
    "sink" : 1.674244351610379,
    "rangeFilter" : 2.405642704815292,
    "annotate" : 0.8478096071072998,
    "source" : 2.4231372248272116,
    "join" : 0.8491228771258008,
    "senMLParse" : 2.414822279163394,
    "mqttPublish" : 0.8406274846824425,
    "csvToSenML" : 0.8441337065075113
  },
  "remainingDataPerDevice" : {
    "bloomFilter" : 130000,
    "interpolation" : 0,
    "azureTableInsert" : 0,
    "sink" : 0,
    "rangeFilter" : 165000,
    "annotate" : 0,
    "source" : 0,
    "join" : 0,
    "senMLParse" : 0,
    "mqttPublish" : 0,
    "csvToSenML" : 0
  },
  "executionTime" : 660.0,
  "networkUsage" : 352672.94,
  "tuplesSentBySensors" : 4800
}