{
  "placement" : {
    "annotate" : "cloud-1-1-0-1-1-1-0-1",
    "azureTableInsert" : "cloud-0-1-0-0-0-1-1-1",
    "bloomFilter" : "cloud-0-0-1-0-1-0",
    "csvToSenML" : "cloud-0-1-1-1-0-1-1-0-0",
    "interpolation" : "cloud-0-0-1-1-1-1-0-1-0",
    "join" : "cloud-0-0-1-0-1-1-1",
    "mqttPublish" : "cloud-1-1-0-1-1-1",
    "rangeFilter" : "cloud-1-1-0-1-1-0",
    "senMLParse" : "cloud-1-1-1-1-1-1-0-1-1",
    "sink" : "cloud-0-0-1-0-0-1-1-0-1",
    "source" : "cloud-1-0-0-1-1-0-1-1-0"
  },
  "appLoopLatency" : 60.156433333333155,
  "latencyPerTupleType" : {
    "rangeFilter_TUPLE" : 3.8179654280254782,
    "join_TUPLE" : 1.1717259681917034,
    "bloomFilter_TUPLE" : 1.8421253270228393,
    "sink_TUPLE" : 0.5360715360831988,
    "interpolation_TUPLE" : 0.8138019504290835,
    "mqttPublish_TUPLE" : 0.5891348729536721,
    "csvToSenML_TUPLE" : 1.2013267317909617,
    "senMLParse_TUPLE" : 0.10788318080800025,
    "annotate_TUPLE" : 0.9675555979677782,
    "azureTableInsert_TUPLE" : 1.2013267317909617,
    "TUPLE" : 0.09497212121212316
  },
  "tuplesProcessedPerModule" : {
    "bloomFilter" : 3284,
    "interpolation" : 1612,
    "azureTableInsert" : 1610,
    "sink" : 3185,
    "rangeFilter" : 4702,
    "annotate" : 1610,
    "source" : 4800,
    "join" : 1610,
    "senMLParse" : 4800,
    "mqttPublish" : 1610,
    "csvToSenML" : 1610
  },
  "recsInPerModule" : {
    "bloomFilter" : 1.6441964297808196,
    "interpolation" : 0.8060834614541305,
    "azureTableInsert" : 0.8115741134367609,
    "sink" : 1.599009526109613,
    "rangeFilter" : 2.403682371832536,
    "annotate" : 0.8156566158489809,
    "source" : 2.4220393470383756,
    "join" : 0.8204954472512108,
    "senMLParse" : 2.410964108966429,
    "mqttPublish" : 0.8072368524620009,
    "csvToSenML" : 0.8112061099747289
  },
  "recsOutPerModule" : {
    "bloomFilter" : 1.642431377011148,
    "interpolation" : 0.8060305602212504,
    "azureTableInsert" : 0.8108558786673454,
    "sink" : 1.59839734221143,
    "rangeFilter" : 2.3552382394356735,
    "annotate" : 0.8150678793600065,
    "source" : 2.422034717726991,
    "join" : 0.8197682593990693,
    "senMLParse" : 2.4108051771176395,
    "mqttPublish" : 0.806901395039813,
    "csvToSenML" : 0.8104885261282561
  },
  "remainingDataPerDevice" : {
    "bloomFilter" : 20000,
    "interpolation" : 10000,
    "azureTableInsert" : 0,
    "sink" : 0,
    "rangeFilter" : 120000,
    "annotate" : 0,
    "source" : 0,
    "join" : 0,
    "senMLParse" : 0,
    "mqttPublish" : 175000,
    "csvToSenML" : 0
  },
  "executionTime" : 803.0,
  "networkUsage" : 380949.09,
  "tuplesSentBySensors" : 4800
}