{
  "placement" : {
    "annotate" : "cloud-1-1-1-1-0-0-0",
    "azureTableInsert" : "cloud-1-0-1-1-1-1-0-0",
    "bloomFilter" : "cloud-1-0-1-0-1-1-1-0-0",
    "csvToSenML" : "cloud-0-1-1-1-0-0",
    "interpolation" : "cloud-0-1-1-1-0-1-0-0",
    "join" : "cloud-0-1-1-1-1-1-1-0",
    "mqttPublish" : "cloud-1-1-1-0-0-1-0-0",
    "rangeFilter" : "cloud-1-0-1-0-1-0-0-1-1",
    "senMLParse" : "cloud-0-0-0-0-0-0-1",
    "sink" : "cloud-1-1-1-1-0-0-0-1-0",
    "source" : "cloud-0-1-1-1-0-0-1-1-0"
  },
  "appLoopLatency" : 50.21471246969677,
  "latencyPerTupleType" : {
    "rangeFilter_TUPLE" : 2.265380444445587,
    "join_TUPLE" : 1.9011227280125866,
    "bloomFilter_TUPLE" : 4.055911706724233,
    "sink_TUPLE" : 1.1140880809532705,
    "interpolation_TUPLE" : 1.1751536683055264,
    "mqttPublish_TUPLE" : 0.3021636363640038,
    "csvToSenML_TUPLE" : 2.675137345795384,
    "senMLParse_TUPLE" : 4.247971846666584,
    "annotate_TUPLE" : 0.8221163273063717,
    "azureTableInsert_TUPLE" : 0.5964235710991294,
    "TUPLE" : 0.0936469444444429
  },
  "tuplesProcessedPerModule" : {
    "bloomFilter" : 3287,
    "interpolation" : 1646,
    "azureTableInsert" : 1639,
    "sink" : 3278,
    "rangeFilter" : 4800,
    "annotate" : 1639,
    "source" : 4800,
    "join" : 1639,
    "senMLParse" : 4800,
    "mqttPublish" : 1639,
    "csvToSenML" : 1639
  },
  "recsInPerModule" : {
    "bloomFilter" : 1.6472327264075004,
    "interpolation" : 0.8231109839637449,
    "azureTableInsert" : 0.82741916740279,
    "sink" : 1.6410842931340996,
    "rangeFilter" : 2.4045233386092146,
    "annotate" : 0.830612419976477,
    "source" : 2.424731044286197,
    "join" : 0.8348858324387574,
    "senMLParse" : 2.419962217309718,
    "mqttPublish" : 0.8236485674371872,
    "csvToSenML" : 0.8277534892620182
  },
  "recsOutPerModule" : {
    "bloomFilter" : 1.646548544426779,
    "interpolation" : 0.8230464409378924,
    "azureTableInsert" : 0.8270294907407176,
    "sink" : 1.63963410783427,
    "rangeFilter" : 2.4000448302373703,
    "annotate" : 0.8300604656355184,
    "source" : 2.424729768392633,
    "join" : 0.8335695421742957,
    "senMLParse" : 2.41432504496163,
    "mqttPublish" : 0.8234692458906916,
    "csvToSenML" : 0.8259736655744876
  },
  "remainingDataPerDevice" : {
    "bloomFilter" : 90000,
    "interpolation" : 35000,
    "azureTableInsert" : 0,
    "sink" : 0,
    "rangeFilter" : 330000,
    "annotate" : 0,
    "source" : 0,
    "join" : 0,
    "senMLParse" : 0,
    "mqttPublish" : 0,
    "csvToSenML" : 0
  },
  "executionTime" : 738.0,
  "networkUsage" : 335494.4,
  "tuplesSentBySensors" : 4800
}