{
  "placement" : {
    "annotate" : "cloud-0-0-0-1-0-0-0-0-1",
    "azureTableInsert" : "cloud-1-0-0-1-0-0-0-0",
    "bloomFilter" : "cloud-0-1-0-0-1-0-0",
    "csvToSenML" : "cloud-1-0-0-1-1-0-1-1-1",
    "interpolation" : "cloud-0-1-0-0-0-1-0",
    "join" : "cloud-0-0-0-0-1-0-0-1-1",
    "mqttPublish" : "cloud-0-0-0-0-0-1-1",
    "rangeFilter" : "cloud-1-0-0-0-0-0-1-0-0",
    "senMLParse" : "cloud-0-1-0-0-1-1-0-1",
    "sink" : "cloud-1-1-1-0-1-1-1-0",
    "source" : "cloud-0-0-0-0-1-1-0-0-0"
  },
  "appLoopLatency" : 56.80230716666611,
  "latencyPerTupleType" : {
    "rangeFilter_TUPLE" : 5.597385304698194,
    "join_TUPLE" : 1.6654537105194112,
    "bloomFilter_TUPLE" : 3.504301983646892,
    "sink_TUPLE" : 0.28290523858564326,
    "interpolation_TUPLE" : 1.0421190448795408,
    "mqttPublish_TUPLE" : 0.9796980546424345,
    "csvToSenML_TUPLE" : 0.5337322819745444,
    "senMLParse_TUPLE" : 3.3277364111110574,
    "annotate_TUPLE" : 0.804250380115711,
    "azureTableInsert_TUPLE" : 0.8882620575856421,
    "TUPLE" : 0.09162027777778099
  },
  "tuplesProcessedPerModule" : {
    "bloomFilter" : 3302,
    "interpolation" : 1659,
    "azureTableInsert" : 1655,
    "sink" : 3268,
    "rangeFilter" : 4726,
    "annotate" : 1655,
    "source" : 4800,
    "join" : 1655,
    "senMLParse" : 4800,
    "mqttPublish" : 1631,
    "csvToSenML" : 1655
  },
  "recsInPerModule" : {
    "bloomFilter" : 1.6514118617054565,
    "interpolation" : 0.8295816167973373,
    "azureTableInsert" : 0.831881538699729,
    "sink" : 1.635796498100268,
    "rangeFilter" : 2.401609187629055,
    "annotate" : 0.8358730594662562,
    "source" : 2.4235068042478014,
    "join" : 0.8404788444298711,
    "senMLParse" : 2.416064360997583,
    "mqttPublish" : 0.819432748204081,
    "csvToSenML" : 0.8309626420215233
  },
  "recsOutPerModule" : {
    "bloomFilter" : 1.6510712433113812,
    "interpolation" : 0.8295165687576603,
    "azureTableInsert" : 0.8313648828067408,
    "sink" : 1.635509969177971,
    "rangeFilter" : 2.364701964088703,
    "annotate" : 0.8354089353544918,
    "source" : 2.4235055296423025,
    "join" : 0.8394769881006396,
    "senMLParse" : 2.411265179140673,
    "mqttPublish" : 0.8190058400409687,
    "csvToSenML" : 0.8306602676730521
  },
  "remainingDataPerDevice" : {
    "bloomFilter" : 10000,
    "interpolation" : 20000,
    "azureTableInsert" : 0,
    "sink" : 0,
    "rangeFilter" : 155000,
    "annotate" : 0,
    "source" : 0,
    "join" : 0,
    "senMLParse" : 0,
    "mqttPublish" : 90000,
    "csvToSenML" : 120000
  },
  "executionTime" : 731.0,
  "networkUsage" : 413596.06,
  "tuplesSentBySensors" : 4800
}