{
  "placement" : {
    "annotate" : "cloud-1-0-0-1-1-1-0-0-1",
    "azureTableInsert" : "cloud-1-0",
    "bloomFilter" : "cloud-0-0-0-1-1-1-1-1-0",
    "csvToSenML" : "cloud-1-0-1-1-1-0-1-0",
    "interpolation" : "cloud-1-0-1-0-0-1-1-0",
    "join" : "cloud-0-0-0-0-0-0-0-0-0",
    "mqttPublish" : "cloud-1-0-1-1-0-1-0-1",
    "rangeFilter" : "cloud-0-0-1-0-1-0-0",
    "senMLParse" : "cloud-1-0-0-1-1-0-1-1-1",
    "sink" : "cloud-0-0-1-0-1-1-1-1-1",
    "source" : "cloud-1-1-1-0-0-1-1-1-1"
  },
  "appLoopLatency" : 67.45357789562286,
  "latencyPerTupleType" : {
    "rangeFilter_TUPLE" : 0.47443406157121776,
    "join_TUPLE" : 6.445511267938174,
    "bloomFilter_TUPLE" : 1.4225185901705266,
    "sink_TUPLE" : 1.287345017150728,
    "interpolation_TUPLE" : 0.7972409364744739,
    "mqttPublish_TUPLE" : 0.5128070839062785,
    "csvToSenML_TUPLE" : 1.0393156109276063,
    "senMLParse_TUPLE" : 0.1308054767675879,
    "annotate_TUPLE" : 0.8508053286967179,
    "azureTableInsert_TUPLE" : 1.0393156109276063,
    "TUPLE" : 0.0963892929292906
  },
  "tuplesProcessedPerModule" : {
    "bloomFilter" : 3303,
    "interpolation" : 1588,
    "azureTableInsert" : 1588,
    "sink" : 3145,
    "rangeFilter" : 4772,
    "annotate" : 1588,
    "source" : 4800,
    "join" : 1588,
    "senMLParse" : 4800,
    "mqttPublish" : 1588,
    "csvToSenML" : 1588
  },
  "recsInPerModule" : {
    "bloomFilter" : 1.6962830838134606,
    "interpolation" : 0.8115537827137046,
    "azureTableInsert" : 0.7990098328128447,
    "sink" : 1.5747417565539585,
    "rangeFilter" : 2.3946185156568864,
    "annotate" : 0.8012583774744434,
    "source" : 2.422283799816411,
    "join" : 0.8081361685664429,
    "senMLParse" : 2.4108430161334238,
    "mqttPublish" : 0.7953803029777821,
    "csvToSenML" : 0.7976052366987595
  },
  "recsOutPerModule" : {
    "bloomFilter" : 1.6948541665839105,
    "interpolation" : 0.8111496049794408,
    "azureTableInsert" : 0.7983800326159314,
    "sink" : 1.5744165702105342,
    "rangeFilter" : 2.386118100915405,
    "annotate" : 0.8007435430352716,
    "source" : 2.4222791695705217,
    "join" : 0.8051182790446519,
    "senMLParse" : 2.4106841002486963,
    "mqttPublish" : 0.7950832877281359,
    "csvToSenML" : 0.796977647963877
  },
  "remainingDataPerDevice" : {
    "bloomFilter" : 0,
    "interpolation" : 0,
    "azureTableInsert" : 0,
    "sink" : 0,
    "rangeFilter" : 415000,
    "annotate" : 0,
    "source" : 0,
    "join" : 0,
    "senMLParse" : 55000,
    "mqttPublish" : 155000,
    "csvToSenML" : 0
  },
  "executionTime" : 675.0,
  "networkUsage" : 402681.36,
  "tuplesSentBySensors" : 4800
}