{
  "placement" : {
    "annotate" : "cloud-0-0-0-1-1-1-0-0",
    "azureTableInsert" : "cloud-1-1-0-1-1",
    "bloomFilter" : "cloud-1-0-1-1-0-0-0-0",
    "csvToSenML" : "cloud-0-1-1-1-0-1-1-0-1",
    "interpolation" : "cloud-1-1-0-1-1-1-0-1",
    "join" : "cloud",
    "mqttPublish" : "cloud-0-1-0-0-1-1-1-0",
    "rangeFilter" : "cloud-1-0-1-1-0-0-1-0-1",
    "senMLParse" : "cloud-0-1-1-1-1-0-1-0-0",
    "sink" : "cloud-1-0-0-0-0-0-0-1-0",
    "source" : "cloud-1-1-1-1-1-0-1-1-1"
  },
  "appLoopLatency" : 55.74258737926791,
  "latencyPerTupleType" : {
    "rangeFilter_TUPLE" : 0.3172280866666044,
    "join_TUPLE" : 0.18222166240545049,
    "bloomFilter_TUPLE" : 0.9581852991170365,
    "sink_TUPLE" : 0.2986532763587479,
    "interpolation_TUPLE" : 0.5424961232518739,
    "mqttPublish_TUPLE" : 0.24848913247186394,
    "csvToSenML_TUPLE" : 0.30442090902061353,
    "senMLParse_TUPLE" : 0.35351942444446893,
    "annotate_TUPLE" : 0.4441259858917688,
    "azureTableInsert_TUPLE" : 0.50145088265862,
    "TUPLE" : 0.09750194444444925
  },
  "tuplesProcessedPerModule" : {
    "bloomFilter" : 3322,
    "interpolation" : 1664,
    "azureTableInsert" : 1664,
    "sink" : 3328,
    "rangeFilter" : 4800,
    "annotate" : 1664,
    "source" : 4800,
    "join" : 1664,
    "senMLParse" : 4800,
    "mqttPublish" : 1664,
    "csvToSenML" : 1664
  },
  "recsInPerModule" : {
    "bloomFilter" : 1.668082548818114,
    "interpolation" : 0.8520829334541501,
    "azureTableInsert" : 0.8438483367475726,
    "sink" : 1.6759504497809885,
    "rangeFilter" : 2.4031654509338165,
    "annotate" : 0.8473577232966544,
    "source" : 2.4233844482332265,
    "join" : 0.8492085995333706,
    "senMLParse" : 2.4142402951842383,
    "mqttPublish" : 0.8414515761592474,
    "csvToSenML" : 0.8441908239951843
  },
  "recsOutPerModule" : {
    "bloomFilter" : 1.6610822148489537,
    "interpolation" : 0.8516428689365797,
    "azureTableInsert" : 0.84348151156695,
    "sink" : 1.675584799117222,
    "rangeFilter" : 2.4027694735429788,
    "annotate" : 0.8470270361427866,
    "source" : 2.423381899280966,
    "join" : 0.8490872686326029,
    "senMLParse" : 2.414042990397253,
    "mqttPublish" : 0.8412801195883916,
    "csvToSenML" : 0.8439696039104897
  },
  "remainingDataPerDevice" : {
    "bloomFilter" : 150000,
    "interpolation" : 0,
    "azureTableInsert" : 0,
    "sink" : 0,
    "rangeFilter" : 235000,
    "annotate" : 0,
    "source" : 0,
    "join" : 0,
    "senMLParse" : 0,
    "mqttPublish" : 0,
    "csvToSenML" : 0
  },
  "executionTime" : 611.0,
  "networkUsage" : 369313.07,
  "tuplesSentBySensors" : 4800
}