{
  "placement" : {
    "annotate" : "cloud-1-0-1-0-1-1-0-1",
    "azureTableInsert" : "cloud-1-1-0-0-1-1-0-1",
    "bloomFilter" : "cloud-1-0-1-0-1-0-1",
    "csvToSenML" : "cloud-0-0-0-1-1-1-1-0-1",
    "interpolation" : "cloud-0-1-1-1-0-1-0-0-0",
    "join" : "cloud-1-1-0-1-0-1-0-0-1",
    "mqttPublish" : "cloud-1-0-1-0-1-0-1-1-0",
    "rangeFilter" : "cloud-1-1-1-1-1-1-0-0-1",
    "senMLParse" : "cloud-1-1-0-0-1-0-1",
    "sink" : "cloud-1-0-1-1-1-1",
    "source" : "cloud-0-0-0-1-0-1-0-0"
  },
  "appLoopLatency" : 65.78275439393926,
  "latencyPerTupleType" : {
    "rangeFilter_TUPLE" : 0.7935754393939093,
    "join_TUPLE" : 4.17136223071158,
    "bloomFilter_TUPLE" : 0.3803295436397673,
    "sink_TUPLE" : 0.8986519736368873,
    "interpolation_TUPLE" : 2.231079682995224,
    "mqttPublish_TUPLE" : 0.23185582620785777,
    "csvToSenML_TUPLE" : 0.7182739201792183,
    "senMLParse_TUPLE" : 0.16912714444439583,
    "annotate_TUPLE" : 0.5951964612756295,
    "azureTableInsert_TUPLE" : 0.7182739201792183,
    "TUPLE" : 0.09507083333333263
  },
  "tuplesProcessedPerModule" : {
    "bloomFilter" : 3256,
    "interpolation" : 1648,
    "azureTableInsert" : 1648,
    "sink" : 3230,
    "rangeFilter" : 4800,
    "annotate" : 1648,
    "source" : 4800,
    "join" : 1648,
    "senMLParse" : 4800,
    "mqttPublish" : 1616,
    "csvToSenML" : 1648
  },
  "recsInPerModule" : {
    "bloomFilter" : 1.6300806400892656,
    "interpolation" : 0.8432397322050896,
    "azureTableInsert" : 0.8272453941057978,
    "sink" : 1.6314319342110888,
    "rangeFilter" : 2.4040292853037797,
    "annotate" : 0.8310479465140557,
    "source" : 2.4226505715184117,
    "join" : 0.8380640507213877,
    "senMLParse" : 2.4125377010952374,
    "mqttPublish" : 0.809900546490963,
    "csvToSenML" : 0.8265815451661996
  },
  "recsOutPerModule" : {
    "bloomFilter" : 1.6280805411443706,
    "interpolation" : 0.8419177517618578,
    "azureTableInsert" : 0.8265752428851377,
    "sink" : 1.6165302575072342,
    "rangeFilter" : 2.4027238016034573,
    "annotate" : 0.8304984288654548,
    "source" : 2.4226442030067328,
    "join" : 0.8348375218403908,
    "senMLParse" : 2.412365932512013,
    "mqttPublish" : 0.8098515028748638,
    "csvToSenML" : 0.8259124686466319
  },
  "remainingDataPerDevice" : {
    "bloomFilter" : 55000,
    "interpolation" : 0,
    "azureTableInsert" : 0,
    "sink" : 0,
    "rangeFilter" : 425000,
    "annotate" : 0,
    "source" : 0,
    "join" : 0,
    "senMLParse" : 0,
    "mqttPublish" : 10000,
    "csvToSenML" : 160000
  },
  "executionTime" : 713.0,
  "networkUsage" : 418766.91,
  "tuplesSentBySensors" : 4800
}