{
  "placement" : {
    "annotate" : "cloud-0-0-1-0-0-1-0-1-1",
    "azureTableInsert" : "cloud-0-0-0-0-0",
    "bloomFilter" : "cloud-1-0-0-1-1-0-1-1",
    "csvToSenML" : "cloud-1-0-0-0-0-1-0-0-1",
    "interpolation" : "cloud-1-0-1-1-0-1-1-1",
    "join" : "cloud-1-0-0",
    "mqttPublish" : "cloud-0-0-1-0-1-1-1-0-1",
    "rangeFilter" : "cloud-0-1-0-1-0-1-0-1-0",
    "senMLParse" : "cloud-1-1-1-1-0-1-0-0-0",
    "sink" : "cloud-1-0-1-1-1-1-1",
    "source" : "cloud-0-1-1-1-0-1-1"
  },
  "appLoopLatency" : 59.936991011655124,
  "latencyPerTupleType" : {
    "rangeFilter_TUPLE" : 2.2325324540314826,
    "join_TUPLE" : 1.3016761987694716,
    "bloomFilter_TUPLE" : 3.218378114016633,
    "sink_TUPLE" : 0.2334117924069139,
    "interpolation_TUPLE" : 2.1390699117951,
    "mqttPublish_TUPLE" : 0.337279542416929,
    "csvToSenML_TUPLE" : 0.43356694237818516,
    "senMLParse_TUPLE" : 0.11284326555556774,
    "annotate_TUPLE" : 0.5847409051751178,
    "azureTableInsert_TUPLE" : 0.7676480091380896,
    "TUPLE" : 0.09365388888888909
  },
  "tuplesProcessedPerModule" : {
    "bloomFilter" : 3251,
    "interpolation" : 1625,
    "azureTableInsert" : 1625,
    "sink" : 3209,
    "rangeFilter" : 4717,
    "annotate" : 1625,
    "source" : 4800,
    "join" : 1625,
    "senMLParse" : 4800,
    "mqttPublish" : 1596,
    "csvToSenML" : 1625
  },
  "recsInPerModule" : {
    "bloomFilter" : 1.6640521212422779,
    "interpolation" : 0.8269108297881601,
    "azureTableInsert" : 0.8176107360358732,
    "sink" : 1.604901048686581,
    "rangeFilter" : 2.393183303282499,
    "annotate" : 0.8197974355487213,
    "source" : 2.4239963518854903,
    "join" : 0.8234193292096516,
    "senMLParse" : 2.412785298426807,
    "mqttPublish" : 0.8009092349431424,
    "csvToSenML" : 0.8151499245558684
  },
  "recsOutPerModule" : {
    "bloomFilter" : 1.6601608940700472,
    "interpolation" : 0.8249666343323517,
    "azureTableInsert" : 0.8169487843270646,
    "sink" : 1.6047957076445962,
    "rangeFilter" : 2.3588526419831317,
    "annotate" : 0.8193020654506633,
    "source" : 2.4239950767649994,
    "join" : 0.8222449037921359,
    "senMLParse" : 2.4126387583222337,
    "mqttPublish" : 0.8008309910452139,
    "csvToSenML" : 0.8148003761931029
  },
  "remainingDataPerDevice" : {
    "bloomFilter" : 0,
    "interpolation" : 0,
    "azureTableInsert" : 0,
    "sink" : 0,
    "rangeFilter" : 245000,
    "annotate" : 0,
    "source" : 0,
    "join" : 0,
    "senMLParse" : 70000,
    "mqttPublish" : 60000,
    "csvToSenML" : 145000
  },
  "executionTime" : 707.0,
  "networkUsage" : 464050.94,
  "tuplesSentBySensors" : 4800
}