{
  "placement" : {
    "annotate" : "cloud-1-0-1-0-1",
    "azureTableInsert" : "cloud-1-0-0-0-1-1-1-1-0",
    "bloomFilter" : "cloud-0-1-0-0-1-0-0-1-1",
    "csvToSenML" : "cloud-0-1-1-0-0-1-0-1-1",
    "interpolation" : "cloud-0-1-1-0-0-0-0-0",
    "join" : "cloud-1-0-0-0-0-1-1-1-0",
    "mqttPublish" : "cloud-0-1-0-0-0-0-0-0-1",
    "rangeFilter" : "cloud-0-1-0-1-0-1-1-1-1",
    "senMLParse" : "cloud-0-0-0-1-1-1-0-1-1",
    "sink" : "cloud-1-0-1-0-1-1-0-0-1",
    "source" : "cloud-0-0-0-0-1-1"
  },
  "appLoopLatency" : 55.39938545454505,
  "latencyPerTupleType" : {
    "rangeFilter_TUPLE" : 0.14845708484843917,
    "join_TUPLE" : 0.774813095801748,
    "bloomFilter_TUPLE" : 0.41702734320363344,
    "sink_TUPLE" : 0.4236796077965539,
    "interpolation_TUPLE" : 0.31997887025594357,
    "mqttPublish_TUPLE" : 0.14852262695320298,
    "csvToSenML_TUPLE" : 0.3593809840594469,
    "senMLParse_TUPLE" : 0.1129782666666171,
    "annotate_TUPLE" : 0.19586036704946622,
    "azureTableInsert_TUPLE" : 0.3593809840594469,
    "TUPLE" : 0.09189868686868828
  },
  "tuplesProcessedPerModule" : {
    "bloomFilter" : 3328,
    "interpolation" : 1545,
    "azureTableInsert" : 1536,
    "sink" : 3072,
    "rangeFilter" : 4800,
    "annotate" : 1536,
    "source" : 4800,
    "join" : 1536,
    "senMLParse" : 4800,
    "mqttPublish" : 1536,
    "csvToSenML" : 1536
  },
  "recsInPerModule" : {
    "bloomFilter" : 1.6653614798864806,
    "interpolation" : 0.7735382804756551,
    "azureTableInsert" : 0.7810403219346072,
    "sink" : 1.548507778301238,
    "rangeFilter" : 2.4088842756260966,
    "annotate" : 0.7836886991562901,
    "source" : 2.4241187696991213,
    "join" : 0.7863995372440861,
    "senMLParse" : 2.418619867261709,
    "mqttPublish" : 0.7776929994606889,
    "csvToSenML" : 0.7804450514049801
  },
  "recsOutPerModule" : {
    "bloomFilter" : 1.6648612211061,
    "interpolation" : 0.7726910187028495,
    "azureTableInsert" : 0.7808558557620539,
    "sink" : 1.548145228639608,
    "rangeFilter" : 2.4087130268658647,
    "annotate" : 0.7835904152851954,
    "source" : 2.424116451065051,
    "join" : 0.7860951737570029,
    "senMLParse" : 2.4184726175987583,
    "mqttPublish" : 0.7776249187629773,
    "csvToSenML" : 0.7802608662742141
  },
  "remainingDataPerDevice" : {
    "bloomFilter" : 240000,
    "interpolation" : 45000,
    "azureTableInsert" : 0,
    "sink" : 0,
    "rangeFilter" : 0,
    "annotate" : 0,
    "source" : 0,
    "join" : 0,
    "senMLParse" : 0,
    "mqttPublish" : 0,
    "csvToSenML" : 0
  },
  "executionTime" : 572.0,
  "networkUsage" : 369643.66,
  "tuplesSentBySensors" : 4800
}