{
  "placement" : {
    "annotate" : "cloud-0-0-0-1-1-0-1-0-0",
    "azureTableInsert" : "cloud-1-0-0-1-0-1-1-1",
    "bloomFilter" : "cloud-1-1-0-0-0-0",
    "csvToSenML" : "cloud-0-0-0-1-1-0-1-1-0",
    "interpolation" : "cloud-0-1-0-1-1-0-0",
    "join" : "cloud-1-0-0-1-0-1-1-1-0",
    "mqttPublish" : "cloud-1-1-0-0-1-1-0-0-1",
    "rangeFilter" : "cloud-0-0-0-1-0-1-0",
    "senMLParse" : "cloud-1-1-1-1-0-1-0-0-1",
    "sink" : "cloud-1-1-0-0-1-1-0-1-1",
    "source" : "cloud-1-1-0-0-1-0"
  },
  "appLoopLatency" : 61.278029870129686,
  "latencyPerTupleType" : {
    "rangeFilter_TUPLE" : 3.0810370105080063,
    "join_TUPLE" : 1.8386077173764,
    "bloomFilter_TUPLE" : 1.5358489880383164,
    "sink_TUPLE" : 0.48304407991805726,
    "interpolation_TUPLE" : 1.1365753207220404,
    "mqttPublish_TUPLE" : 1.0600867639695386,
    "csvToSenML_TUPLE" : 0.5780830904719334,
    "senMLParse_TUPLE" : 0.2516255606060023,
    "annotate_TUPLE" : 0.4813098815908545,
    "azureTableInsert_TUPLE" : 0.9713047389217473,
    "TUPLE" : 0.09844416666666297
  },
  "tuplesProcessedPerModule" : {
    "bloomFilter" : 3283,
    "interpolation" : 1730,
    "azureTableInsert" : 1730,
    "sink" : 3460,
    "rangeFilter" : 4715,
    "annotate" : 1730,
    "source" : 4800,
    "join" : 1730,
    "senMLParse" : 4800,
    "mqttPublish" : 1730,
    "csvToSenML" : 1730
  },
  "recsInPerModule" : {
    "bloomFilter" : 1.6425469530816905,
    "interpolation" : 0.8831815538301505,
    "azureTableInsert" : 0.8724220113611015,
    "sink" : 1.734755008951124,
    "rangeFilter" : 2.4023201730166943,
    "annotate" : 0.8755311753151767,
    "source" : 2.424486097340086,
    "join" : 0.8796882801697107,
    "senMLParse" : 2.4149589540872474,
    "mqttPublish" : 0.8693631244794386,
    "csvToSenML" : 0.8742737417483586
  },
  "recsOutPerModule" : {
    "bloomFilter" : 1.6424305400505539,
    "interpolation" : 0.8824709768865454,
    "azureTableInsert" : 0.8718367989371727,
    "sink" : 1.734197091451125,
    "rangeFilter" : 2.3597792047225488,
    "annotate" : 0.8752469481419193,
    "source" : 2.424473341042541,
    "join" : 0.8785546861309957,
    "senMLParse" : 2.414768434154011,
    "mqttPublish" : 0.8687283005823973,
    "csvToSenML" : 0.8739305428826236
  },
  "remainingDataPerDevice" : {
    "bloomFilter" : 20000,
    "interpolation" : 0,
    "azureTableInsert" : 0,
    "sink" : 0,
    "rangeFilter" : 190000,
    "annotate" : 0,
    "source" : 0,
    "join" : 0,
    "senMLParse" : 0,
    "mqttPublish" : 0,
    "csvToSenML" : 0
  },
  "executionTime" : 771.0,
  "networkUsage" : 400770.82,
  "tuplesSentBySensors" : 4800
}