{
  "placement" : {
    "annotate" : "cloud-1-1-1-1-0-1-1-0-0",
    "azureTableInsert" : "cloud-0-0-0-1-0-1-1-1-1",
    "bloomFilter" : "cloud-0-0-0-1-0-0-1-0",
    "csvToSenML" : "cloud-1-0-1-1-1-1-0-1-1",
    "interpolation" : "cloud-0-0-0",
    "join" : "cloud-1-1-1-0-1-0-1-1-0",
    "mqttPublish" : "cloud-0-1-1-1-0-1-0-1",
    "rangeFilter" : "cloud-0-1-0-0-0-1-1-1-1",
    "senMLParse" : "cloud-0-1-0-0-1-1-1",
    "sink" : "cloud-1-1-1-0-1-0-0-0",
    "source" : "cloud-1-1-1-1-0-0-0-1-0"
  },
  "appLoopLatency" : 58.429539393939315,
  "latencyPerTupleType" : {
    "rangeFilter_TUPLE" : 0.3583512999999337,
    "join_TUPLE" : 4.0473961480983895,
    "bloomFilter_TUPLE" : 1.0064747058990322,
    "sink_TUPLE" : 0.40493086968311787,
    "interpolation_TUPLE" : 3.0999508676751977,
    "mqttPublish_TUPLE" : 0.26850375877778027,
    "csvToSenML_TUPLE" : 2.2057174962457626,
    "senMLParse_TUPLE" : 0.28737099292921825,
    "annotate_TUPLE" : 0.4361637752998529,
    "azureTableInsert_TUPLE" : 2.2057174962457626,
    "TUPLE" : 0.09773111111111395
  },
  "tuplesProcessedPerModule" : {
    "bloomFilter" : 3207,
    "interpolation" : 1617,
    "azureTableInsert" : 1614,
    "sink" : 3195,
    "rangeFilter" : 4800,
    "annotate" : 1614,
    "source" : 4800,
    "join" : 1614,
    "senMLParse" : 4800,
    "mqttPublish" : 1614,
    "csvToSenML" : 1614
  },
  "recsInPerModule" : {
    "bloomFilter" : 1.6065891777487828,
    "interpolation" : 0.8090293129707119,
    "azureTableInsert" : 0.8126870083409854,
    "sink" : 1.5984567110959005,
    "rangeFilter" : 2.405450281457208,
    "annotate" : 0.8168774362773853,
    "source" : 2.421550589470997,
    "join" : 0.8234355359357439,
    "senMLParse" : 2.4099876858583027,
    "mqttPublish" : 0.808413530656249,
    "csvToSenML" : 0.8130145079482924
  },
  "recsOutPerModule" : {
    "bloomFilter" : 1.6036994841788366,
    "interpolation" : 0.8085292948539191,
    "azureTableInsert" : 0.8108917506820889,
    "sink" : 1.5978771337452722,
    "rangeFilter" : 2.4052041926065124,
    "annotate" : 0.8165519836586362,
    "source" : 2.4215378640446903,
    "join" : 0.8201573948901263,
    "senMLParse" : 2.409797949469349,
    "mqttPublish" : 0.8082338896553367,
    "csvToSenML" : 0.8112178046781887
  },
  "remainingDataPerDevice" : {
    "bloomFilter" : 55000,
    "interpolation" : 15000,
    "azureTableInsert" : 0,
    "sink" : 0,
    "rangeFilter" : 305000,
    "annotate" : 0,
    "source" : 0,
    "join" : 0,
    "senMLParse" : 0,
    "mqttPublish" : 165000,
    "csvToSenML" : 0
  },
  "executionTime" : 694.0,
  "networkUsage" : 341793.27,
  "tuplesSentBySensors" : 4800
}