{
  "placement" : {
    "annotate" : "cloud-1-1-1-1-1-1-0-1-0",
    "azureTableInsert" : "cloud-0-0-1-1-1-1-0-0-1",
    "bloomFilter" : "cloud-1-0-1-1-0-1-0",
    "csvToSenML" : "cloud-1-0-1-0-0-1-1",
    "interpolation" : "cloud-1-1-1-0-1-1",
    "join" : "cloud-0-0-0-0-1-1-0-0",
    "mqttPublish" : "cloud-0-0-1-0-1-0-1-0-1",
    "rangeFilter" : "cloud-0-0-0-1-1-0-0-1",
    "senMLParse" : "cloud-0-0-0-0-0-1-1-1",
    "sink" : "cloud-1-0-0-1-0-0-1-1-1",
    "source" : "cloud-1-1-1-0-0-0-0-1-1"
  },
  "appLoopLatency" : 66.41413938888898,
  "latencyPerTupleType" : {
    "rangeFilter_TUPLE" : 3.148234162351381,
    "join_TUPLE" : 2.076177680177895,
    "bloomFilter_TUPLE" : 4.441829856394025,
    "sink_TUPLE" : 0.5337821082101843,
    "interpolation_TUPLE" : 1.4068660112930274,
    "mqttPublish_TUPLE" : 1.183955481047032,
    "csvToSenML_TUPLE" : 1.2026682536811875,
    "senMLParse_TUPLE" : 0.4082696655555873,
    "annotate_TUPLE" : 2.3038276007264167,
    "azureTableInsert_TUPLE" : 0.6497059941530708,
    "TUPLE" : 0.09643222222222599
  },
  "tuplesProcessedPerModule" : {
    "bloomFilter" : 3303,
    "interpolation" : 1653,
    "azureTableInsert" : 1653,
    "sink" : 3236,
    "rangeFilter" : 4712,
    "annotate" : 1653,
    "source" : 4800,
    "join" : 1653,
    "senMLParse" : 4800,
    "mqttPublish" : 1618,
    "csvToSenML" : 1653
  },
  "recsInPerModule" : {
    "bloomFilter" : 1.6518071545039341,
    "interpolation" : 0.842277346013051,
    "azureTableInsert" : 0.8278017629044692,
    "sink" : 1.6222411625562063,
    "rangeFilter" : 2.404246281007063,
    "annotate" : 0.8333309980096071,
    "source" : 2.423262104572847,
    "join" : 0.838352572571247,
    "senMLParse" : 2.4119328361092642,
    "mqttPublish" : 0.8149465438429467,
    "csvToSenML" : 0.8290057352571742
  },
  "recsOutPerModule" : {
    "bloomFilter" : 1.6516385183805307,
    "interpolation" : 0.8412967444582181,
    "azureTableInsert" : 0.8273826723125343,
    "sink" : 1.6220412640392003,
    "rangeFilter" : 2.3601684443436555,
    "annotate" : 0.8317603049543436,
    "source" : 2.4232570071884068,
    "join" : 0.8369173683238134,
    "senMLParse" : 2.4117359082827545,
    "mqttPublish" : 0.8147558916784255,
    "csvToSenML" : 0.828207034566196
  },
  "remainingDataPerDevice" : {
    "bloomFilter" : 10000,
    "interpolation" : 0,
    "azureTableInsert" : 175000,
    "sink" : 0,
    "rangeFilter" : 200000,
    "annotate" : 0,
    "source" : 0,
    "join" : 0,
    "senMLParse" : 0,
    "mqttPublish" : 0,
    "csvToSenML" : 175000
  },
  "executionTime" : 727.0,
  "networkUsage" : 411932.15,
  "tuplesSentBySensors" : 4800
}