{
  "placement" : {
    "annotate" : "cloud-0-0-1-0-0-1-0-1",
    "azureTableInsert" : "cloud-1-1-0-1-0-1-1-0-0",
    "bloomFilter" : "cloud-0-0-1-1-0",
    "csvToSenML" : "cloud-1-0-1-0-1-0-0-0",
    "interpolation" : "cloud-0-1-1-1-1-1-1-1-0",
    "join" : "cloud-1-0-0-0-1-0-1-1-0",
    "mqttPublish" : "cloud-0-0-0-1-1-1-0-1-0",
    "rangeFilter" : "cloud-1-0-0-1-1-0-1-1-1",
    "senMLParse" : "cloud-0-0-1-0-1-0-0",
    "sink" : "cloud-1-1-0-1-1-1-1-0-1",
    "source" : "cloud-1-1-1-1-1"
  },
  "appLoopLatency" : 59.29630095454537,
  "latencyPerTupleType" : {
    "rangeFilter_TUPLE" : 0.3465383199999176,
    "join_TUPLE" : 1.1560219008850694,
    "bloomFilter_TUPLE" : 1.2513908614192824,
    "sink_TUPLE" : 0.31427797282528086,
    "interpolation_TUPLE" : 0.6682840793043597,
    "mqttPublish_TUPLE" : 0.29296744730509977,
    "csvToSenML_TUPLE" : 0.6433086695721769,
    "senMLParse_TUPLE" : 0.10639970888890875,
    "annotate_TUPLE" : 0.47742663959972353,
    "azureTableInsert_TUPLE" : 0.36453294055636715,
    "TUPLE" : 0.09703666666667171
  },
  "tuplesProcessedPerModule" : {
    "bloomFilter" : 3335,
    "interpolation" : 1696,
    "azureTableInsert" : 1695,
    "sink" : 3390,
    "rangeFilter" : 4800,
    "annotate" : 1695,
    "source" : 4800,
    "join" : 1695,
    "senMLParse" : 4800,
    "mqttPublish" : 1695,
    "csvToSenML" : 1695
  },
  "recsInPerModule" : {
    "bloomFilter" : 1.675166649347402,
    "interpolation" : 0.8487515400379755,
    "azureTableInsert" : 0.8592168443074002,
    "sink" : 1.7018741020489503,
    "rangeFilter" : 2.4064535885299243,
    "annotate" : 0.8637845036168732,
    "source" : 2.4258339183130753,
    "join" : 0.8675923919631542,
    "senMLParse" : 2.4178861104067533,
    "mqttPublish" : 0.8554747893694217,
    "csvToSenML" : 0.8598706850186156
  },
  "recsOutPerModule" : {
    "bloomFilter" : 1.6676659240041927,
    "interpolation" : 0.8482513918116715,
    "azureTableInsert" : 0.8590145436833926,
    "sink" : 1.7015621781419308,
    "rangeFilter" : 2.4062575543824067,
    "annotate" : 0.8635071390155102,
    "source" : 2.4258288101031726,
    "join" : 0.8669655813444306,
    "senMLParse" : 2.417726264675195,
    "mqttPublish" : 0.8553171597579368,
    "csvToSenML" : 0.859509145498394
  },
  "remainingDataPerDevice" : {
    "bloomFilter" : 90000,
    "interpolation" : 5000,
    "azureTableInsert" : 0,
    "sink" : 0,
    "rangeFilter" : 265000,
    "annotate" : 0,
    "source" : 0,
    "join" : 0,
    "senMLParse" : 0,
    "mqttPublish" : 0,
    "csvToSenML" : 0
  },
  "executionTime" : 627.0,
  "networkUsage" : 436540.97,
  "tuplesSentBySensors" : 4800
}