{
  "placement" : {
    "annotate" : "cloud-0-1-1-0-0-1-1-1-1",
    "azureTableInsert" : "cloud-1-1-0-0-1-0-1-0-0",
    "bloomFilter" : "cloud-1-1",
    "csvToSenML" : "cloud-0-1-1-1-0-1-1-1-1",
    "interpolation" : "cloud-1-0-1-1-1-0-0-1",
    "join" : "cloud-0-0-0-0-0-0-0-1",
    "mqttPublish" : "cloud-1-0-0-1-1-1-1",
    "rangeFilter" : "cloud-1-0-1-0-0-0-1-1",
    "senMLParse" : "cloud-0-1-0-1-1",
    "sink" : "cloud-1-0-0-0-1-1-0-0-1",
    "source" : "cloud-0-0-0-0-0-0-0-1-0"
  },
  "appLoopLatency" : 56.66812606060606,
  "latencyPerTupleType" : {
    "rangeFilter_TUPLE" : 0.20950928888884973,
    "join_TUPLE" : 2.2778844271971344,
    "bloomFilter_TUPLE" : 7.077010788129481,
    "sink_TUPLE" : 0.6332514203837101,
    "interpolation_TUPLE" : 1.6814413980507592,
    "mqttPublish_TUPLE" : 0.36430194053805554,
    "csvToSenML_TUPLE" : 1.3091742028790414,
    "senMLParse_TUPLE" : 0.182787022222169,
    "annotate_TUPLE" : 1.0747529576907253,
    "azureTableInsert_TUPLE" : 3.48398834924836,
    "TUPLE" : 0.09357194444444704
  },
  "tuplesProcessedPerModule" : {
    "bloomFilter" : 3263,
    "interpolation" : 1607,
    "azureTableInsert" : 1590,
    "sink" : 3180,
    "rangeFilter" : 4800,
    "annotate" : 1590,
    "source" : 4800,
    "join" : 1590,
    "senMLParse" : 4800,
    "mqttPublish" : 1590,
    "csvToSenML" : 1590
  },
  "recsInPerModule" : {
    "bloomFilter" : 1.6705167998089043,
    "interpolation" : 0.8037498664095116,
    "azureTableInsert" : 0.8019847892509399,
    "sink" : 1.592308209256344,
    "rangeFilter" : 2.408855083774986,
    "annotate" : 0.8069116182440442,
    "source" : 2.4220393470383756,
    "join" : 0.8115057144790557,
    "senMLParse" : 2.415208309100184,
    "mqttPublish" : 0.7995032273059628,
    "csvToSenML" : 0.8034437143541062
  },
  "recsOutPerModule" : {
    "bloomFilter" : 1.6349419110475238,
    "interpolation" : 0.8036343080534287,
    "azureTableInsert" : 0.8000004222758016,
    "sink" : 1.591614187858945,
    "rangeFilter" : 2.4086838391651075,
    "annotate" : 0.8062972146848919,
    "source" : 2.4220329817397843,
    "join" : 0.8101604608325027,
    "senMLParse" : 2.4150361600345445,
    "mqttPublish" : 0.7993081296683545,
    "csvToSenML" : 0.8026925695174284
  },
  "remainingDataPerDevice" : {
    "bloomFilter" : 10000,
    "interpolation" : 85000,
    "azureTableInsert" : 0,
    "sink" : 0,
    "rangeFilter" : 0,
    "annotate" : 0,
    "source" : 0,
    "join" : 0,
    "senMLParse" : 0,
    "mqttPublish" : 0,
    "csvToSenML" : 0
  },
  "executionTime" : 873.0,
  "networkUsage" : 337860.39,
  "tuplesSentBySensors" : 4800
}