{
  "placement" : {
    "annotate" : "cloud-1-1-0-1-0-0-0-0-0",
    "azureTableInsert" : "cloud-0-0-0-0-1-0-1-1-1",
    "bloomFilter" : "cloud-0-0-1-0-0-0-1",
    "csvToSenML" : "cloud-0-0-1-1-0-0-0-1-1",
    "interpolation" : "cloud-1-0-0-0-1-0-0-1",
    "join" : "cloud-0-1-1-0-0-1-0-0",
    "mqttPublish" : "cloud-0-1-1-0-1-1-1",
    "rangeFilter" : "cloud-0-1-1-0-1-0-0-1-1",
    "senMLParse" : "cloud-1-1-0-1-1-0-0-0-0",
    "sink" : "cloud-0-1-1-1-1-0-0",
    "source" : "cloud-0-1-1-1-1-0-0-0-1"
  },
  "appLoopLatency" : 63.49123681818172,
  "latencyPerTupleType" : {
    "rangeFilter_TUPLE" : 0.2581317555554927,
    "join_TUPLE" : 2.6894650712345984,
    "bloomFilter_TUPLE" : 7.519905494437515,
    "sink_TUPLE" : 0.6233640689454076,
    "interpolation_TUPLE" : 4.435198761785588,
    "mqttPublish_TUPLE" : 0.3859133172980405,
    "csvToSenML_TUPLE" : 1.5373491451930414,
    "senMLParse_TUPLE" : 0.21289744444439088,
    "annotate_TUPLE" : 1.2538216593343512,
    "azureTableInsert_TUPLE" : 1.405801637050649,
    "TUPLE" : 0.09448027777777507
  },
  "tuplesProcessedPerModule" : {
    "bloomFilter" : 3236,
    "interpolation" : 1591,
    "azureTableInsert" : 1591,
    "sink" : 3118,
    "rangeFilter" : 4800,
    "annotate" : 1591,
    "source" : 4800,
    "join" : 1591,
    "senMLParse" : 4800,
    "mqttPublish" : 1559,
    "csvToSenML" : 1591
  },
  "recsInPerModule" : {
    "bloomFilter" : 1.6196231804409884,
    "interpolation" : 0.811954114810957,
    "azureTableInsert" : 0.7984119093656254,
    "sink" : 1.5752185630076196,
    "rangeFilter" : 2.402344820673943,
    "annotate" : 0.8021691972715495,
    "source" : 2.4238739464354158,
    "join" : 0.8067247956981684,
    "senMLParse" : 2.4136295083800077,
    "mqttPublish" : 0.7956302572705869,
    "csvToSenML" : 0.7987325738961758
  },
  "recsOutPerModule" : {
    "bloomFilter" : 1.618725097115752,
    "interpolation" : 0.8098462920899909,
    "azureTableInsert" : 0.7977652951691325,
    "sink" : 1.5687103358748933,
    "rangeFilter" : 2.4021745004048807,
    "annotate" : 0.8015899083226303,
    "source" : 2.423867571490259,
    "join" : 0.8054587184434564,
    "senMLParse" : 2.4134575842974977,
    "mqttPublish" : 0.7862839802080733,
    "csvToSenML" : 0.7980247874975753
  },
  "remainingDataPerDevice" : {
    "bloomFilter" : 20000,
    "interpolation" : 0,
    "azureTableInsert" : 0,
    "sink" : 0,
    "rangeFilter" : 490000,
    "annotate" : 0,
    "source" : 0,
    "join" : 0,
    "senMLParse" : 0,
    "mqttPublish" : 0,
    "csvToSenML" : 0
  },
  "executionTime" : 710.0,
  "networkUsage" : 389342.87,
  "tuplesSentBySensors" : 4800
}