{
  "placement" : {
    "annotate" : "cloud-1-1-1-1-0-0-1-1-1",
    "azureTableInsert" : "cloud-1-0-1-1-0-1-1-0-0",
    "bloomFilter" : "cloud-1-0-1-1-1-0-0-1-1",
    "csvToSenML" : "cloud-1-0-1-0-0-0",
    "interpolation" : "cloud-1-1-1-1-1-1-1-1-0",
    "join" : "cloud-1-1-0-1-1-1-0-1-0",
    "mqttPublish" : "cloud-1-0-1-0-0-1-1-1-0",
    "rangeFilter" : "cloud-0-1-0-1-1-1-1-1-1",
    "senMLParse" : "cloud-0-1-0-0-0-0-0",
    "sink" : "cloud-0-1-0-0-0-0-0-0-1",
    "source" : "cloud-0-0-0-0-0-0-1-1-0"
  },
  "appLoopLatency" : 64.47011939393913,
  "latencyPerTupleType" : {
    "rangeFilter_TUPLE" : 1.3535562999999444,
    "join_TUPLE" : 0.7100256719205479,
    "bloomFilter_TUPLE" : 0.3096701340470883,
    "sink_TUPLE" : 0.17187054643978478,
    "interpolation_TUPLE" : 0.2862452992776948,
    "mqttPublish_TUPLE" : 0.24854004278093378,
    "csvToSenML_TUPLE" : 1.3435991919506847,
    "senMLParse_TUPLE" : 0.18271764444439326,
    "annotate_TUPLE" : 0.3530443096914721,
    "azureTableInsert_TUPLE" : 0.27832045407661643,
    "TUPLE" : 0.09294000000000283
  },
  "tuplesProcessedPerModule" : {
    "bloomFilter" : 3270,
    "interpolation" : 1615,
    "azureTableInsert" : 1615,
    "sink" : 3230,
    "rangeFilter" : 4800,
    "annotate" : 1615,
    "source" : 4800,
    "join" : 1615,
    "senMLParse" : 4800,
    "mqttPublish" : 1615,
    "csvToSenML" : 1615
  },
  "recsInPerModule" : {
    "bloomFilter" : 1.6357787124560648,
    "interpolation" : 0.8085513793974037,
    "azureTableInsert" : 0.815725298190789,
    "sink" : 1.6226505313619437,
    "rangeFilter" : 2.4112752557158665,
    "annotate" : 0.8200935505264311,
    "source" : 2.423262104572847,
    "join" : 0.8249317089351319,
    "senMLParse" : 2.4166674979555327,
    "mqttPublish" : 0.8147317595090658,
    "csvToSenML" : 0.8165914736612262
  },
  "recsOutPerModule" : {
    "bloomFilter" : 1.635645752943262,
    "interpolation" : 0.828274054057028,
    "azureTableInsert" : 0.8155017543056632,
    "sink" : 1.6224246931507542,
    "rangeFilter" : 2.409036428138953,
    "annotate" : 0.8197838600928674,
    "source" : 2.4232557328456474,
    "join" : 0.8242795804123018,
    "senMLParse" : 2.416495140820952,
    "mqttPublish" : 0.8145583609080718,
    "csvToSenML" : 0.8156373454383896
  },
  "remainingDataPerDevice" : {
    "bloomFilter" : 220000,
    "interpolation" : 0,
    "azureTableInsert" : 0,
    "sink" : 0,
    "rangeFilter" : 125000,
    "annotate" : 0,
    "source" : 0,
    "join" : 0,
    "senMLParse" : 0,
    "mqttPublish" : 0,
    "csvToSenML" : 0
  },
  "executionTime" : 1017.0,
  "networkUsage" : 372879.94,
  "tuplesSentBySensors" : 4800
}