{
  "placement" : {
    "annotate" : "cloud-1-1-0-0-0-1-1-0-1",
    "azureTableInsert" : "cloud-0-1-1-0-0-1-1-0",
    "bloomFilter" : "cloud-1-0-0-1-0",
    "csvToSenML" : "cloud-0-0-0-0-0-0-1-0-1",
    "interpolation" : "cloud-1-1-0-1-0-1-0-1",
    "join" : "cloud-1-0-1-0-1-1-0-1-0",
    "mqttPublish" : "cloud-0-1-0-1-1-0-1-1",
    "rangeFilter" : "cloud-0-0-0-0-1-1-1",
    "senMLParse" : "cloud-1-1-1-0-1-0-1-1-1",
    "sink" : "cloud-0-0-1-1-1-1-1-0-0",
    "source" : "cloud-1-0-0-0-0-0-0-1-0"
  },
  "appLoopLatency" : 62.629345499999886,
  "latencyPerTupleType" : {
    "rangeFilter_TUPLE" : 15.130119761497411,
    "join_TUPLE" : 2.1108893453386064,
    "bloomFilter_TUPLE" : 0.9326462320081627,
    "sink_TUPLE" : 1.2034564667125836,
    "interpolation_TUPLE" : 1.4658867532017468,
    "mqttPublish_TUPLE" : 0.4996210697417727,
    "csvToSenML_TUPLE" : 1.09933786245627,
    "senMLParse_TUPLE" : 0.10902697444446494,
    "annotate_TUPLE" : 2.3293142907168116,
    "azureTableInsert_TUPLE" : 2.872554889566563,
    "TUPLE" : 0.09581555555556212
  },
  "tuplesProcessedPerModule" : {
    "bloomFilter" : 3293,
    "interpolation" : 1666,
    "azureTableInsert" : 1642,
    "sink" : 3269,
    "rangeFilter" : 4675,
    "annotate" : 1666,
    "source" : 4800,
    "join" : 1666,
    "senMLParse" : 4800,
    "mqttPublish" : 1642,
    "csvToSenML" : 1642
  },
  "recsInPerModule" : {
    "bloomFilter" : 1.6470420224929083,
    "interpolation" : 0.8455968482862127,
    "azureTableInsert" : 0.8252206292120922,
    "sink" : 1.6366073101656422,
    "rangeFilter" : 2.402478839026239,
    "annotate" : 0.8364057359117854,
    "source" : 2.4238739464354158,
    "join" : 0.8409443428311687,
    "senMLParse" : 2.413509417233804,
    "mqttPublish" : 0.8218704288187979,
    "csvToSenML" : 0.8250962492550467
  },
  "recsOutPerModule" : {
    "bloomFilter" : 1.6465420097356245,
    "interpolation" : 0.8449106981556546,
    "azureTableInsert" : 0.8243700113477681,
    "sink" : 1.6358855687662432,
    "rangeFilter" : 2.342887463278869,
    "annotate" : 0.8353153861466607,
    "source" : 2.4238688464766076,
    "join" : 0.8399479914791215,
    "senMLParse" : 2.4133501496432075,
    "mqttPublish" : 0.8217124553698413,
    "csvToSenML" : 0.8247604604985024
  },
  "remainingDataPerDevice" : {
    "bloomFilter" : 30000,
    "interpolation" : 0,
    "azureTableInsert" : 0,
    "sink" : 0,
    "rangeFilter" : 20000,
    "annotate" : 240000,
    "source" : 0,
    "join" : 0,
    "senMLParse" : 0,
    "mqttPublish" : 75000,
    "csvToSenML" : 0
  },
  "executionTime" : 746.0,
  "networkUsage" : 400974.8,
  "tuplesSentBySensors" : 4800
}