{
  "placement" : {
    "annotate" : "cloud-0-0-1-1-0-1-1-0-1",
    "azureTableInsert" : "cloud-0-0-1-0-1",
    "bloomFilter" : "cloud-1-1-1-0-0-1-1-1",
    "csvToSenML" : "cloud-1-1-0-0-0-1-0-1-1",
    "interpolation" : "cloud-0-0-1-0-1-0-0-0",
    "join" : "cloud-0-1-1-1-1-1-0-1",
    "mqttPublish" : "cloud-0-1-1-0-0-0-1",
    "rangeFilter" : "cloud-1-1-0-1-1-1-0",
    "senMLParse" : "cloud-1-0-1-1-1-1",
    "sink" : "cloud-0-1-1-1",
    "source" : "cloud-0-0-0-0-1-0-1-1-1"
  },
  "appLoopLatency" : 49.22792954545429,
  "latencyPerTupleType" : {
    "rangeFilter_TUPLE" : 1.6847103460554569,
    "join_TUPLE" : 1.5491151379922343,
    "bloomFilter_TUPLE" : 0.6710201746251234,
    "sink_TUPLE" : 0.3907241517179063,
    "interpolation_TUPLE" : 0.5785955322812167,
    "mqttPublish_TUPLE" : 0.9089487791396248,
    "csvToSenML_TUPLE" : 0.5009586611108584,
    "senMLParse_TUPLE" : 3.3205129656565027,
    "annotate_TUPLE" : 0.6803876213872675,
    "azureTableInsert_TUPLE" : 0.8296297716700051,
    "TUPLE" : 0.09259060606060429
  },
  "tuplesProcessedPerModule" : {
    "bloomFilter" : 3311,
    "interpolation" : 1647,
    "azureTableInsert" : 1647,
    "sink" : 3294,
    "rangeFilter" : 4726,
    "annotate" : 1647,
    "source" : 4800,
    "join" : 1647,
    "senMLParse" : 4800,
    "mqttPublish" : 1647,
    "csvToSenML" : 1647
  },
  "recsInPerModule" : {
    "bloomFilter" : 1.6576094920136537,
    "interpolation" : 0.8405943981766163,
    "azureTableInsert" : 0.8323682518168669,
    "sink" : 1.6508956942357151,
    "rangeFilter" : 2.402088897814181,
    "annotate" : 0.8342923591234738,
    "source" : 2.4227728534358706,
    "join" : 0.8374847507204828,
    "senMLParse" : 2.4144834006835785,
    "mqttPublish" : 0.8273800920217849,
    "csvToSenML" : 0.8308147135967399
  },
  "recsOutPerModule" : {
    "bloomFilter" : 1.6556093723144842,
    "interpolation" : 0.840176309948242,
    "azureTableInsert" : 0.8317689159314189,
    "sink" : 1.650374346010701,
    "rangeFilter" : 2.3695225662787394,
    "annotate" : 0.833802160015197,
    "source" : 2.422770537375782,
    "join" : 0.836325905684082,
    "senMLParse" : 2.409690491265474,
    "mqttPublish" : 0.8267328942013978,
    "csvToSenML" : 0.8304673574556565
  },
  "remainingDataPerDevice" : {
    "bloomFilter" : 70000,
    "interpolation" : 0,
    "azureTableInsert" : 0,
    "sink" : 0,
    "rangeFilter" : 65000,
    "annotate" : 0,
    "source" : 0,
    "join" : 0,
    "senMLParse" : 0,
    "mqttPublish" : 0,
    "csvToSenML" : 0
  },
  "executionTime" : 698.0,
  "networkUsage" : 324499.09,
  "tuplesSentBySensors" : 4800
}