{
  "placement" : {
    "annotate" : "cloud-1-1-0-1-1-1-1",
    "azureTableInsert" : "cloud-0-1-0-0-0-0",
    "bloomFilter" : "cloud-1-1-1-0-1",
    "csvToSenML" : "cloud-1-1-0-0-0-0-1-1-0",
    "interpolation" : "cloud-1-0-1-1-0-0-0-1-1",
    "join" : "cloud-0-1-1-0-0-0-0-1",
    "mqttPublish" : "cloud-0-1-0-1-1-0-0-1",
    "rangeFilter" : "cloud-1-1-1-0-0",
    "senMLParse" : "cloud-1-0-1-0-1-1-0-1-1",
    "sink" : "cloud-1-1-1-0-0-1-0-1-1",
    "source" : "cloud-0-0-0-1-0-0-0-1"
  },
  "appLoopLatency" : 61.356374439393775,
  "latencyPerTupleType" : {
    "rangeFilter_TUPLE" : 0.8004773326293533,
    "join_TUPLE" : 1.3193145084343192,
    "bloomFilter_TUPLE" : 2.9751224796256417,
    "sink_TUPLE" : 0.25246543450996,
    "interpolation_TUPLE" : 2.3756449185006567,
    "mqttPublish_TUPLE" : 0.39759043760618773,
    "csvToSenML_TUPLE" : 0.7813314628223879,
    "senMLParse_TUPLE" : 3.1040972611111872,
    "annotate_TUPLE" : 1.6176518061202714,
    "azureTableInsert_TUPLE" : 2.054884946186302,
    "TUPLE" : 0.09399444444445297
  },
  "tuplesProcessedPerModule" : {
    "bloomFilter" : 3272,
    "interpolation" : 1636,
    "azureTableInsert" : 1633,
    "sink" : 3220,
    "rangeFilter" : 4730,
    "annotate" : 1633,
    "source" : 4800,
    "join" : 1633,
    "senMLParse" : 4800,
    "mqttPublish" : 1610,
    "csvToSenML" : 1633
  },
  "recsInPerModule" : {
    "bloomFilter" : 1.6422590303691966,
    "interpolation" : 0.8184172814405829,
    "azureTableInsert" : 0.8202097940913939,
    "sink" : 1.613753954879263,
    "rangeFilter" : 2.366418430615706,
    "annotate" : 0.824349495975296,
    "source" : 2.422161567259642,
    "join" : 0.828936313711592,
    "senMLParse" : 2.4099977747494745,
    "mqttPublish" : 0.8108050221118656,
    "csvToSenML" : 0.8207457233284647
  },
  "recsOutPerModule" : {
    "bloomFilter" : 1.636258087942695,
    "interpolation" : 0.8183123816820782,
    "azureTableInsert" : 0.8189368170206631,
    "sink" : 1.6136056961405911,
    "rangeFilter" : 2.3662013987319654,
    "annotate" : 0.8233121937244176,
    "source" : 2.4221590208792207,
    "join" : 0.8280703148348056,
    "senMLParse" : 2.4054737551565633,
    "mqttPublish" : 0.8106961498121265,
    "csvToSenML" : 0.8202555394716953
  },
  "remainingDataPerDevice" : {
    "bloomFilter" : 115000,
    "interpolation" : 15000,
    "azureTableInsert" : 115000,
    "sink" : 0,
    "rangeFilter" : 0,
    "annotate" : 0,
    "source" : 0,
    "join" : 0,
    "senMLParse" : 350000,
    "mqttPublish" : 0,
    "csvToSenML" : 115000
  },
  "executionTime" : 797.0,
  "networkUsage" : 369398.84,
  "tuplesSentBySensors" : 4800
}