{
  "placement" : {
    "annotate" : "cloud-0-0-0-0-0-0-1-1-1",
    "azureTableInsert" : "cloud-1-0-1-0-0-1-0",
    "bloomFilter" : "cloud-0-1-0-1-1-0-1-0-0",
    "csvToSenML" : "cloud-0-0-0-1-0-0-1",
    "interpolation" : "cloud-1-1-0-1-0-0-1",
    "join" : "cloud-0-1-0-0-1-0",
    "mqttPublish" : "cloud-0-1-1-0-1-1-0-1-0",
    "rangeFilter" : "cloud-1-0-0-1-0-0-0-0",
    "senMLParse" : "cloud-1-0-0-0-1-0-1-1-1",
    "sink" : "cloud-1-1-1-0-0-0-1-1-0",
    "source" : "cloud-1-1-1-0-1-0-0-0-0"
  },
  "appLoopLatency" : 53.65974772727255,
  "latencyPerTupleType" : {
    "rangeFilter_TUPLE" : 3.7332494292928526,
    "join_TUPLE" : 1.139391474457722,
    "bloomFilter_TUPLE" : 1.9410019223842583,
    "sink_TUPLE" : 1.2860388739046844,
    "interpolation_TUPLE" : 0.794091906897147,
    "mqttPublish_TUPLE" : 0.3309828107437812,
    "csvToSenML_TUPLE" : 0.6789320040514972,
    "senMLParse_TUPLE" : 0.1317675888888019,
    "annotate_TUPLE" : 0.9415317137968076,
    "azureTableInsert_TUPLE" : 1.1520091480713308,
    "TUPLE" : 0.09784194444444431
  },
  "tuplesProcessedPerModule" : {
    "bloomFilter" : 3260,
    "interpolation" : 1602,
    "azureTableInsert" : 1601,
    "sink" : 3202,
    "rangeFilter" : 4800,
    "annotate" : 1601,
    "source" : 4800,
    "join" : 1601,
    "senMLParse" : 4800,
    "mqttPublish" : 1601,
    "csvToSenML" : 1601
  },
  "recsInPerModule" : {
    "bloomFilter" : 1.6307887595223458,
    "interpolation" : 0.8013220371214649,
    "azureTableInsert" : 0.8104993922034541,
    "sink" : 1.6061088995404051,
    "rangeFilter" : 2.4091031737682473,
    "annotate" : 0.8137403202970088,
    "source" : 2.4228951476981737,
    "join" : 0.8163076178021056,
    "senMLParse" : 2.413865943991858,
    "mqttPublish" : 0.807459092057315,
    "csvToSenML" : 0.8111564438959624
  },
  "recsOutPerModule" : {
    "bloomFilter" : 1.6304353275911623,
    "interpolation" : 0.8012694326741508,
    "azureTableInsert" : 0.8097596416218459,
    "sink" : 1.6045193805236424,
    "rangeFilter" : 2.4045482883395612,
    "annotate" : 0.8131354105691111,
    "source" : 2.4228824081364766,
    "join" : 0.8155643132680087,
    "senMLParse" : 2.4137066293449068,
    "mqttPublish" : 0.8072656997002,
    "csvToSenML" : 0.8107302788860598
  },
  "remainingDataPerDevice" : {
    "bloomFilter" : 85000,
    "interpolation" : 5000,
    "azureTableInsert" : 0,
    "sink" : 0,
    "rangeFilter" : 395000,
    "annotate" : 0,
    "source" : 0,
    "join" : 0,
    "senMLParse" : 0,
    "mqttPublish" : 0,
    "csvToSenML" : 0
  },
  "executionTime" : 784.0,
  "networkUsage" : 329732.22,
  "tuplesSentBySensors" : 4800
}