{
  "placement" : {
    "annotate" : "cloud-0-0-1-0-1-1-1-0-1",
    "azureTableInsert" : "cloud-0-0-1-0-0-1-1",
    "bloomFilter" : "cloud-0-1-0-0-0-0",
    "csvToSenML" : "cloud-1-0-1-1",
    "interpolation" : "cloud-0-1-1-1-1-0-1-0-0",
    "join" : "cloud-0-0-0-0-0-0",
    "mqttPublish" : "cloud-0-0-0-1-0-0",
    "rangeFilter" : "cloud-1-0-0-1-1-0-1-0-1",
    "senMLParse" : "cloud-1-0-1-0-1-0-1-1-0",
    "sink" : "cloud-0-1-1-1-0-0-0-1",
    "source" : "cloud-1-0-1-0-0-0-0-0-1"
  },
  "appLoopLatency" : 54.2239350454549,
  "latencyPerTupleType" : {
    "rangeFilter_TUPLE" : 0.4110960666665855,
    "join_TUPLE" : 24.261246816715683,
    "bloomFilter_TUPLE" : 8.579224583965246,
    "sink_TUPLE" : 0.6240373700000987,
    "interpolation_TUPLE" : 2.3378840290033045,
    "mqttPublish_TUPLE" : 1.1519887398159294,
    "csvToSenML_TUPLE" : 2.783499573376687,
    "senMLParse_TUPLE" : 0.12114911333335153,
    "annotate_TUPLE" : 1.7460341352191735,
    "azureTableInsert_TUPLE" : 7.363628977661205,
    "TUPLE" : 0.09368999999999983
  },
  "tuplesProcessedPerModule" : {
    "bloomFilter" : 3297,
    "interpolation" : 1701,
    "azureTableInsert" : 1655,
    "sink" : 3310,
    "rangeFilter" : 4800,
    "annotate" : 1655,
    "source" : 4800,
    "join" : 1655,
    "senMLParse" : 4800,
    "mqttPublish" : 1655,
    "csvToSenML" : 1655
  },
  "recsInPerModule" : {
    "bloomFilter" : 1.6796898367256823,
    "interpolation" : 0.8506404341432137,
    "azureTableInsert" : 0.844587711549612,
    "sink" : 1.677045733865161,
    "rangeFilter" : 2.4085063238979325,
    "annotate" : 0.8468947404743533,
    "source" : 2.4241187696991213,
    "join" : 0.8664990334213868,
    "senMLParse" : 2.4186171029942183,
    "mqttPublish" : 0.8404479377259908,
    "csvToSenML" : 0.8430818732040201
  },
  "recsOutPerModule" : {
    "bloomFilter" : 1.6491803469507684,
    "interpolation" : 0.8505713138127355,
    "azureTableInsert" : 0.8406159462922143,
    "sink" : 1.6769519188926922,
    "rangeFilter" : 2.4082596093871333,
    "annotate" : 0.8468349918804128,
    "source" : 2.4241136687100204,
    "join" : 0.8495466093328075,
    "senMLParse" : 2.418457160599842,
    "mqttPublish" : 0.8403963693159493,
    "csvToSenML" : 0.8430165617303462
  },
  "remainingDataPerDevice" : {
    "bloomFilter" : 35000,
    "interpolation" : 10000,
    "azureTableInsert" : 0,
    "sink" : 0,
    "rangeFilter" : 80000,
    "annotate" : 0,
    "source" : 0,
    "join" : 0,
    "senMLParse" : 0,
    "mqttPublish" : 0,
    "csvToSenML" : 0
  },
  "executionTime" : 783.0,
  "networkUsage" : 340686.25,
  "tuplesSentBySensors" : 4800
}