{
  "placement" : {
    "annotate" : "cloud-1-1-0-1-0-1-1-1-1",
    "azureTableInsert" : "cloud-0-1-0-1-0-0-0-1",
    "bloomFilter" : "cloud-1-0-1-0-0-1-1-1-0",
    "csvToSenML" : "cloud-0-0-0-1-1-0-0-1-0",
    "interpolation" : "cloud-0-1-0-0-0-1-1-1",
    "join" : "cloud-0-1-1-1-1-1",
    "mqttPublish" : "cloud-0-1-0-1-1-1-0-0-1",
    "rangeFilter" : "cloud-0-0-0-0-1-1-1-0-1",
    "senMLParse" : "cloud-0-0-0-0-0-0-0-0-0",
    "sink" : "cloud-1-1-1-1-1-0-0",
    "source" : "cloud-0-0-1-1-1-1-0-0-0"
  },
  "appLoopLatency" : 59.87664878787856,
  "latencyPerTupleType" : {
    "rangeFilter_TUPLE" : 1.0560823111121136,
    "join_TUPLE" : 4.702007784389682,
    "bloomFilter_TUPLE" : 1.3100740590723317,
    "sink_TUPLE" : 0.44856860628350914,
    "interpolation_TUPLE" : 1.097094546465058,
    "mqttPublish_TUPLE" : 0.29085950175048164,
    "csvToSenML_TUPLE" : 2.52329869458301,
    "senMLParse_TUPLE" : 3.937896144444403,
    "annotate_TUPLE" : 0.48498190909133165,
    "azureTableInsert_TUPLE" : 0.9762156233249973,
    "TUPLE" : 0.09350249999999644
  },
  "tuplesProcessedPerModule" : {
    "bloomFilter" : 3298,
    "interpolation" : 1650,
    "azureTableInsert" : 1650,
    "sink" : 3269,
    "rangeFilter" : 4800,
    "annotate" : 1650,
    "source" : 4800,
    "join" : 1650,
    "senMLParse" : 4800,
    "mqttPublish" : 1619,
    "csvToSenML" : 1650
  },
  "recsInPerModule" : {
    "bloomFilter" : 1.6501262772884748,
    "interpolation" : 0.8432290142637267,
    "azureTableInsert" : 0.8301719630912189,
    "sink" : 1.6369477501688054,
    "rangeFilter" : 2.4042928488529984,
    "annotate" : 0.8347693573295019,
    "source" : 2.4227728534358706,
    "join" : 0.8410100126195981,
    "senMLParse" : 2.4153298408647856,
    "mqttPublish" : 0.8251328368226759,
    "csvToSenML" : 0.830213736098982
  },
  "recsOutPerModule" : {
    "bloomFilter" : 1.6494795538154836,
    "interpolation" : 0.8424276583620816,
    "azureTableInsert" : 0.8295176264562528,
    "sink" : 1.636384710925556,
    "rangeFilter" : 2.402142094198211,
    "annotate" : 0.8344544904357452,
    "source" : 2.4227664842812824,
    "join" : 0.8378644337277313,
    "senMLParse" : 2.410092305715208,
    "mqttPublish" : 0.8170716986980977,
    "csvToSenML" : 0.8284894013453945
  },
  "remainingDataPerDevice" : {
    "bloomFilter" : 75000,
    "interpolation" : 0,
    "azureTableInsert" : 0,
    "sink" : 0,
    "rangeFilter" : 305000,
    "annotate" : 0,
    "source" : 0,
    "join" : 0,
    "senMLParse" : 0,
    "mqttPublish" : 0,
    "csvToSenML" : 0
  },
  "executionTime" : 765.0,
  "networkUsage" : 392856.79,
  "tuplesSentBySensors" : 4800
}