{
  "placement" : {
    "annotate" : "cloud-1-1-1-1-1-1-1-1-0",
    "azureTableInsert" : "cloud-0-1-1-0-0-1-0-1-1",
    "bloomFilter" : "cloud-0-0-0-0-0-0-0-1-1",
    "csvToSenML" : "cloud-0-0-0-1-0-1-0",
    "interpolation" : "cloud-1-1-0-1-0-0-0",
    "join" : "cloud-0-1-1-1-1-0-1-0-1",
    "mqttPublish" : "cloud-0-1-1-0-0-0-1-0-1",
    "rangeFilter" : "cloud-0-0-1-1-0-0-0-1",
    "senMLParse" : "cloud-0-1-1-1-1-0-0-1",
    "sink" : "cloud-1-1-1-0-0-1-1",
    "source" : "cloud-0-1-0-1-1-1"
  },
  "appLoopLatency" : 56.21874393939357,
  "latencyPerTupleType" : {
    "rangeFilter_TUPLE" : 1.8115807152786434,
    "join_TUPLE" : 1.507428777666723,
    "bloomFilter_TUPLE" : 3.5480587941035937,
    "sink_TUPLE" : 0.2731383062243526,
    "interpolation_TUPLE" : 2.731321584749471,
    "mqttPublish_TUPLE" : 0.41186766302771877,
    "csvToSenML_TUPLE" : 0.9593279720000853,
    "senMLParse_TUPLE" : 3.4075958659722088,
    "annotate_TUPLE" : 0.44313503695073225,
    "azureTableInsert_TUPLE" : 0.9593279720000853,
    "TUPLE" : 0.09336861111111977
  },
  "tuplesProcessedPerModule" : {
    "bloomFilter" : 3335,
    "interpolation" : 1648,
    "azureTableInsert" : 1632,
    "sink" : 3264,
    "rangeFilter" : 4800,
    "annotate" : 1632,
    "source" : 4800,
    "join" : 1632,
    "senMLParse" : 4800,
    "mqttPublish" : 1632,
    "csvToSenML" : 1632
  },
  "recsInPerModule" : {
    "bloomFilter" : 1.6729778942558327,
    "interpolation" : 0.8250407735150272,
    "azureTableInsert" : 0.823460384331305,
    "sink" : 1.6337611046138922,
    "rangeFilter" : 2.4104028810313562,
    "annotate" : 0.8272414453546578,
    "source" : 2.424853536320517,
    "join" : 0.8312341311328364,
    "senMLParse" : 2.420811457883536,
    "mqttPublish" : 0.8205019533652702,
    "csvToSenML" : 0.8237513353150386
  },
  "recsOutPerModule" : {
    "bloomFilter" : 1.672544400881995,
    "interpolation" : 0.8240407446946216,
    "azureTableInsert" : 0.822943072636442,
    "sink" : 1.6334919689472234,
    "rangeFilter" : 2.4064553003000104,
    "annotate" : 0.8270073918878362,
    "source" : 2.4248471562215568,
    "join" : 0.8303988031551539,
    "senMLParse" : 2.4158667524934647,
    "mqttPublish" : 0.8202888762882189,
    "csvToSenML" : 0.8232336581098759
  },
  "remainingDataPerDevice" : {
    "bloomFilter" : 20000,
    "interpolation" : 80000,
    "azureTableInsert" : 0,
    "sink" : 0,
    "rangeFilter" : 270000,
    "annotate" : 0,
    "source" : 0,
    "join" : 0,
    "senMLParse" : 0,
    "mqttPublish" : 0,
    "csvToSenML" : 0
  },
  "executionTime" : 719.0,
  "networkUsage" : 359301.36,
  "tuplesSentBySensors" : 4800
}