{
  "placement" : {
    "annotate" : "cloud-0-0-1-1-1-1",
    "azureTableInsert" : "cloud-0-1-1-1-0-0",
    "bloomFilter" : "cloud-0-0-0-1-0-1",
    "csvToSenML" : "cloud-0-1-0-0-0-1-0-1",
    "interpolation" : "cloud-1-0-0-1-1-0-1-1-1",
    "join" : "cloud-1-1-1-0-1-0-1",
    "mqttPublish" : "cloud-1-1-1-0-0-0-1-1-0",
    "rangeFilter" : "cloud-0-0-1-0-1-0-1-0",
    "senMLParse" : "cloud-0-1-0-1-0-1-1-1-1",
    "sink" : "cloud-1-0-1-1-0-1-1",
    "source" : "cloud-0-0-0-1"
  },
  "appLoopLatency" : 54.8307704545453,
  "latencyPerTupleType" : {
    "rangeFilter_TUPLE" : 16.18970331619176,
    "join_TUPLE" : 2.059184358974792,
    "bloomFilter_TUPLE" : 0.96070473531938,
    "sink_TUPLE" : 0.5947176198260948,
    "interpolation_TUPLE" : 0.7530946153850261,
    "mqttPublish_TUPLE" : 1.1813697716171878,
    "csvToSenML_TUPLE" : 1.1894029914539253,
    "senMLParse_TUPLE" : 0.11446442222217082,
    "annotate_TUPLE" : 0.8916192851597238,
    "azureTableInsert_TUPLE" : 2.824379922300821,
    "TUPLE" : 0.09393944444444446
  },
  "tuplesProcessedPerModule" : {
    "bloomFilter" : 3224,
    "interpolation" : 1599,
    "azureTableInsert" : 1599,
    "sink" : 3115,
    "rangeFilter" : 4667,
    "annotate" : 1599,
    "source" : 4800,
    "join" : 1599,
    "senMLParse" : 4800,
    "mqttPublish" : 1569,
    "csvToSenML" : 1599
  },
  "recsInPerModule" : {
    "bloomFilter" : 1.6135319598516216,
    "interpolation" : 0.8123036148694484,
    "azureTableInsert" : 0.8026441765071661,
    "sink" : 1.5662619784884229,
    "rangeFilter" : 2.4077927530243683,
    "annotate" : 0.8042749441510467,
    "source" : 2.4253436282433287,
    "join" : 0.8083868226901386,
    "senMLParse" : 2.4183721149979474,
    "mqttPublish" : 0.7873290127146383,
    "csvToSenML" : 0.8017989968057168
  },
  "recsOutPerModule" : {
    "bloomFilter" : 1.613417567498009,
    "interpolation" : 0.8118757096581934,
    "azureTableInsert" : 0.8010332964279255,
    "sink" : 1.5658059963144226,
    "rangeFilter" : 2.34216482706691,
    "annotate" : 0.8037750974324314,
    "source" : 2.4253372455651223,
    "join" : 0.8071982741565751,
    "senMLParse" : 2.418224895499686,
    "mqttPublish" : 0.7868165602184171,
    "csvToSenML" : 0.8011311416042534
  },
  "remainingDataPerDevice" : {
    "bloomFilter" : 30000,
    "interpolation" : 0,
    "azureTableInsert" : 150000,
    "sink" : 0,
    "rangeFilter" : 0,
    "annotate" : 0,
    "source" : 0,
    "join" : 0,
    "senMLParse" : 0,
    "mqttPublish" : 115000,
    "csvToSenML" : 150000
  },
  "executionTime" : 770.0,
  "networkUsage" : 361088.54,
  "tuplesSentBySensors" : 4800
}