{
  "placement" : {
    "annotate" : "cloud-1-0-0-1-0-0-0-0-0",
    "azureTableInsert" : "cloud-0-0-0-1-0-0-1",
    "bloomFilter" : "cloud-0-0-1-1-1-0-0-0-0",
    "csvToSenML" : "cloud-1-1-0-1-0-0-0-0",
    "interpolation" : "cloud-0-0-1-0-1-1-1",
    "join" : "cloud-0-1-0-1-0-0-0-0",
    "mqttPublish" : "cloud-1-1-1-1-1-0-1-0-0",
    "rangeFilter" : "cloud-1-0-0-1-0-1-1",
    "senMLParse" : "cloud-0-1-1-1-1-1-1",
    "sink" : "cloud-0-0-0-0-0-1-1-0-1",
    "source" : "cloud-1-0-0-0-0-1-0-1"
  },
  "appLoopLatency" : 53.642567272726886,
  "latencyPerTupleType" : {
    "rangeFilter_TUPLE" : 1.6655086425627343,
    "join_TUPLE" : 1.4328874420683793,
    "bloomFilter_TUPLE" : 2.308968760018354,
    "sink_TUPLE" : 1.5800568047071588,
    "interpolation_TUPLE" : 0.99224188856846,
    "mqttPublish_TUPLE" : 1.5751112162068552,
    "csvToSenML_TUPLE" : 1.5891424725206351,
    "senMLParse_TUPLE" : 5.184063836363598,
    "annotate_TUPLE" : 0.6883952146471267,
    "azureTableInsert_TUPLE" : 0.840379603759496,
    "TUPLE" : 0.09641909090909583
  },
  "tuplesProcessedPerModule" : {
    "bloomFilter" : 3252,
    "interpolation" : 1636,
    "azureTableInsert" : 1632,
    "sink" : 3227,
    "rangeFilter" : 4694,
    "annotate" : 1632,
    "source" : 4800,
    "join" : 1632,
    "senMLParse" : 4800,
    "mqttPublish" : 1632,
    "csvToSenML" : 1632
  },
  "recsInPerModule" : {
    "bloomFilter" : 1.6272499964935565,
    "interpolation" : 0.8181700143653684,
    "azureTableInsert" : 0.8233925523231672,
    "sink" : 1.6332250239377117,
    "rangeFilter" : 2.4017641844039743,
    "annotate" : 0.8270106246072946,
    "source" : 2.4226505715184117,
    "join" : 0.831279790737317,
    "senMLParse" : 2.4136312323417632,
    "mqttPublish" : 0.8211440826107318,
    "csvToSenML" : 0.824182621241114
  },
  "recsOutPerModule" : {
    "bloomFilter" : 1.6270668107604773,
    "interpolation" : 0.8181480861051844,
    "azureTableInsert" : 0.8229509663714549,
    "sink" : 1.6206027090458783,
    "rangeFilter" : 2.3552863035026097,
    "annotate" : 0.8266458324779401,
    "source" : 2.422645939870234,
    "join" : 0.8305037995044077,
    "senMLParse" : 2.406828622624067,
    "mqttPublish" : 0.8203074255915349,
    "csvToSenML" : 0.8233397640590501
  },
  "remainingDataPerDevice" : {
    "bloomFilter" : 65000,
    "interpolation" : 20000,
    "azureTableInsert" : 0,
    "sink" : 0,
    "rangeFilter" : 0,
    "annotate" : 0,
    "source" : 0,
    "join" : 0,
    "senMLParse" : 0,
    "mqttPublish" : 0,
    "csvToSenML" : 0
  },
  "executionTime" : 799.0,
  "networkUsage" : 325000.1,
  "tuplesSentBySensors" : 4800
}