{
  "placement" : {
    "annotate" : "cloud-1-0-0-1-0-0-1-0",
    "azureTableInsert" : "cloud-0-1-0-0-1-0",
    "bloomFilter" : "cloud-1-0-0-1-1-0-0-0",
    "csvToSenML" : "cloud-1-1-0-1-0-1-1-1",
    "interpolation" : "cloud-1-0-1-1-1-1-0-1-0",
    "join" : "cloud-0-1-0-1-0-0-0-0-1",
    "mqttPublish" : "cloud-1-1-0-1-0-0-1-1",
    "rangeFilter" : "cloud-1-1-1-1-0-0-0",
    "senMLParse" : "cloud-1-0-1-1-1-1-0-1",
    "sink" : "cloud-0-0-0-0-0-0-1-0-1",
    "source" : "cloud-1-1-1-1-0-0-1-0"
  },
  "appLoopLatency" : 64.0174631818181,
  "latencyPerTupleType" : {
    "rangeFilter_TUPLE" : 3.1113972965657544,
    "join_TUPLE" : 2.902853298164032,
    "bloomFilter_TUPLE" : 2.3094982085386184,
    "sink_TUPLE" : 0.6582124808561742,
    "interpolation_TUPLE" : 1.974247240843995,
    "mqttPublish_TUPLE" : 0.6646429887327785,
    "csvToSenML_TUPLE" : 1.4964699252465803,
    "senMLParse_TUPLE" : 5.606934463636324,
    "annotate_TUPLE" : 3.2420205739109713,
    "azureTableInsert_TUPLE" : 0.8686965302861597,
    "TUPLE" : 0.09702404040404022
  },
  "tuplesProcessedPerModule" : {
    "bloomFilter" : 3323,
    "interpolation" : 1706,
    "azureTableInsert" : 1662,
    "sink" : 3324,
    "rangeFilter" : 4691,
    "annotate" : 1706,
    "source" : 4800,
    "join" : 1706,
    "senMLParse" : 4800,
    "mqttPublish" : 1662,
    "csvToSenML" : 1662
  },
  "recsInPerModule" : {
    "bloomFilter" : 1.6620875803199848,
    "interpolation" : 0.8683636593632784,
    "azureTableInsert" : 0.8372171593397008,
    "sink" : 1.6625591326169098,
    "rangeFilter" : 2.350434614074432,
    "annotate" : 0.8571614639060565,
    "source" : 2.4224060447105504,
    "join" : 0.8629389387787405,
    "senMLParse" : 2.413024549902383,
    "mqttPublish" : 0.8348422005207732,
    "csvToSenML" : 0.8364587353466316
  },
  "recsOutPerModule" : {
    "bloomFilter" : 1.6619729643921137,
    "interpolation" : 0.8671057783736675,
    "azureTableInsert" : 0.8371640058495682,
    "sink" : 1.6624602333499532,
    "rangeFilter" : 2.350227644395829,
    "annotate" : 0.8551492201679337,
    "source" : 2.422401413997302,
    "join" : 0.8610986724817012,
    "senMLParse" : 2.4060368954898856,
    "mqttPublish" : 0.8348288032311302,
    "csvToSenML" : 0.8363967096727142
  },
  "remainingDataPerDevice" : {
    "bloomFilter" : 25000,
    "interpolation" : 0,
    "azureTableInsert" : 0,
    "sink" : 0,
    "rangeFilter" : 120000,
    "annotate" : 440000,
    "source" : 0,
    "join" : 0,
    "senMLParse" : 545000,
    "mqttPublish" : 0,
    "csvToSenML" : 0
  },
  "executionTime" : 855.0,
  "networkUsage" : 393218.38,
  "tuplesSentBySensors" : 4800
}