{
  "placement" : {
    "annotate" : "cloud-1-1-0-1-1-1",
    "azureTableInsert" : "cloud-1-0-0-0-1-0-1-0",
    "bloomFilter" : "cloud-1-0-1-0-0-0-1-1-0",
    "csvToSenML" : "cloud-1-0-0-1-1-1-0-0-0",
    "interpolation" : "cloud-1-0-1-0-0-0",
    "join" : "cloud-0-1-1-1-1-1-0-0-0",
    "mqttPublish" : "cloud-0-1-1-1-1-1-0-0",
    "rangeFilter" : "cloud-1-1-0-1-0-0-1",
    "senMLParse" : "cloud-0-1-0-1-0-1",
    "sink" : "cloud-0-1-0-0-1-0",
    "source" : "cloud-1-0-1-1-1-1-1-1-0"
  },
  "appLoopLatency" : 53.29194344988331,
  "latencyPerTupleType" : {
    "rangeFilter_TUPLE" : 0.41366851111098624,
    "join_TUPLE" : 7.410061629834488,
    "bloomFilter_TUPLE" : 0.7033851327470607,
    "sink_TUPLE" : 0.36025558880738595,
    "interpolation_TUPLE" : 4.599215529126869,
    "mqttPublish_TUPLE" : 0.6015280331867361,
    "csvToSenML_TUPLE" : 1.1939067164282782,
    "senMLParse_TUPLE" : 0.3700528888888089,
    "annotate_TUPLE" : 1.0498123615532229,
    "azureTableInsert_TUPLE" : 1.2884958949538636,
    "TUPLE" : 0.09578722222222338
  },
  "tuplesProcessedPerModule" : {
    "bloomFilter" : 3318,
    "interpolation" : 1674,
    "azureTableInsert" : 1629,
    "sink" : 3258,
    "rangeFilter" : 4800,
    "annotate" : 1629,
    "source" : 4800,
    "join" : 1629,
    "senMLParse" : 4800,
    "mqttPublish" : 1629,
    "csvToSenML" : 1629
  },
  "recsInPerModule" : {
    "bloomFilter" : 1.6591305016748268,
    "interpolation" : 0.8375478161124266,
    "azureTableInsert" : 0.8283236897381961,
    "sink" : 1.644514423699247,
    "rangeFilter" : 2.405082014457479,
    "annotate" : 0.8309221656487451,
    "source" : 2.4235068042478014,
    "join" : 0.8537202515149018,
    "senMLParse" : 2.41423017074124,
    "mqttPublish" : 0.8236812123665154,
    "csvToSenML" : 0.8272720512063141
  },
  "recsOutPerModule" : {
    "bloomFilter" : 1.659070791419485,
    "interpolation" : 0.8370883321608568,
    "azureTableInsert" : 0.8281499848863888,
    "sink" : 1.6443795454133123,
    "rangeFilter" : 2.404409362174965,
    "annotate" : 0.8307738489256022,
    "source" : 2.4234940582531395,
    "join" : 0.8340278730169602,
    "senMLParse" : 2.414032867609032,
    "mqttPublish" : 0.8235875143606702,
    "csvToSenML" : 0.827110717561856
  },
  "remainingDataPerDevice" : {
    "bloomFilter" : 35000,
    "interpolation" : 10000,
    "azureTableInsert" : 0,
    "sink" : 0,
    "rangeFilter" : 350000,
    "annotate" : 0,
    "source" : 0,
    "join" : 0,
    "senMLParse" : 0,
    "mqttPublish" : 0,
    "csvToSenML" : 0
  },
  "executionTime" : 775.0,
  "networkUsage" : 338693.0,
  "tuplesSentBySensors" : 4800
}