{
  "placement" : {
    "annotate" : "cloud-1-1-1-0-1-1-1-0-1",
    "azureTableInsert" : "cloud-1-0-0-0",
    "bloomFilter" : "cloud-1-1-0-0-1-1-0",
    "csvToSenML" : "cloud-0-1-0-0-0-0-1",
    "interpolation" : "cloud-0-1-0-1-0-0-1-0-1",
    "join" : "cloud-0-1-0-0-1-0-1",
    "mqttPublish" : "cloud-0-0-0-1-1-1-0-1-1",
    "rangeFilter" : "cloud-1-0-1-1-1-1-1-1-0",
    "senMLParse" : "cloud-0-0-0-0-1-0-0-1",
    "sink" : "cloud-0-0-1-1-0-0-1-0-1",
    "source" : "cloud-1-1-0-1-0-0-1-0-0"
  },
  "appLoopLatency" : 69.05339027609442,
  "latencyPerTupleType" : {
    "rangeFilter_TUPLE" : 14.865399395405328,
    "join_TUPLE" : 1.052084086683643,
    "bloomFilter_TUPLE" : 1.589064434044446,
    "sink_TUPLE" : 0.3076247068474561,
    "interpolation_TUPLE" : 0.729577575198108,
    "mqttPublish_TUPLE" : 0.3080505740061266,
    "csvToSenML_TUPLE" : 1.0444163491116132,
    "senMLParse_TUPLE" : 0.10811481222223894,
    "annotate_TUPLE" : 2.234693536913046,
    "azureTableInsert_TUPLE" : 0.6199128493325224,
    "TUPLE" : 0.09655611111111626
  },
  "tuplesProcessedPerModule" : {
    "bloomFilter" : 3302,
    "interpolation" : 1678,
    "azureTableInsert" : 1646,
    "sink" : 3252,
    "rangeFilter" : 4672,
    "annotate" : 1678,
    "source" : 4800,
    "join" : 1678,
    "senMLParse" : 4800,
    "mqttPublish" : 1626,
    "csvToSenML" : 1646
  },
  "recsInPerModule" : {
    "bloomFilter" : 1.6776417630358142,
    "interpolation" : 0.8481557012151727,
    "azureTableInsert" : 0.8257395195777247,
    "sink" : 1.6266984414240655,
    "rangeFilter" : 2.3816178478097494,
    "annotate" : 0.8409718059322151,
    "source" : 2.422283799816411,
    "join" : 0.845505961590579,
    "senMLParse" : 2.4097532749652104,
    "mqttPublish" : 0.8159656861781199,
    "csvToSenML" : 0.8251186413644084
  },
  "recsOutPerModule" : {
    "bloomFilter" : 1.6758794960256518,
    "interpolation" : 0.8476843870433777,
    "azureTableInsert" : 0.8254824231179654,
    "sink" : 1.6266086005000266,
    "rangeFilter" : 2.3378691199322463,
    "annotate" : 0.8395272304593059,
    "source" : 2.4222787065469062,
    "join" : 0.8448248607979169,
    "senMLParse" : 2.4095945027085324,
    "mqttPublish" : 0.8159204762497461,
    "csvToSenML" : 0.8246858194846801
  },
  "remainingDataPerDevice" : {
    "bloomFilter" : 0,
    "interpolation" : 0,
    "azureTableInsert" : 100000,
    "sink" : 0,
    "rangeFilter" : 75000,
    "annotate" : 320000,
    "source" : 0,
    "join" : 0,
    "senMLParse" : 185000,
    "mqttPublish" : 0,
    "csvToSenML" : 100000
  },
  "executionTime" : 729.0,
  "networkUsage" : 416045.64,
  "tuplesSentBySensors" : 4800
}