{
  "placement" : {
    "annotate" : "cloud-0-1-1-1-1-0-1-0-1",
    "azureTableInsert" : "cloud-0-1-0-0-0-0-0-1-1",
    "bloomFilter" : "cloud-0-1-1-0-0-1-1-1-0",
    "csvToSenML" : "cloud-0-0-1-0-1",
    "interpolation" : "cloud-1-1-0-1-0-1",
    "join" : "cloud-1-0-1-1-1-0-0-0-1",
    "mqttPublish" : "cloud-0-1-1-0-0-1-0",
    "rangeFilter" : "cloud-1-1-0-0-1-0-1-0-0",
    "senMLParse" : "cloud-1-1-0-0-1-1-1-1",
    "sink" : "cloud-0-0-0-0-0-0-1",
    "source" : "cloud-1-1-0-0-1-0-0-1-1"
  },
  "appLoopLatency" : 64.79497957300777,
  "latencyPerTupleType" : {
    "rangeFilter_TUPLE" : 30.378610680170365,
    "join_TUPLE" : 3.459976002240781,
    "bloomFilter_TUPLE" : 2.2284342049761907,
    "sink_TUPLE" : 3.0271579411147664,
    "interpolation_TUPLE" : 1.172356542978769,
    "mqttPublish_TUPLE" : 1.0809798643329147,
    "csvToSenML_TUPLE" : 2.9984835615721845,
    "senMLParse_TUPLE" : 5.334001188888819,
    "annotate_TUPLE" : 1.9493252961690157,
    "azureTableInsert_TUPLE" : 1.6810880934985883,
    "TUPLE" : 0.09731727272727321
  },
  "tuplesProcessedPerModule" : {
    "bloomFilter" : 3261,
    "interpolation" : 1568,
    "azureTableInsert" : 1568,
    "sink" : 3136,
    "rangeFilter" : 4694,
    "annotate" : 1568,
    "source" : 4800,
    "join" : 1568,
    "senMLParse" : 4800,
    "mqttPublish" : 1568,
    "csvToSenML" : 1568
  },
  "recsInPerModule" : {
    "bloomFilter" : 1.6308930275516318,
    "interpolation" : 0.8044560991807971,
    "azureTableInsert" : 0.7960574895294408,
    "sink" : 1.5793525258240302,
    "rangeFilter" : 2.4059777404621623,
    "annotate" : 0.798292203849063,
    "source" : 2.422283799816411,
    "join" : 0.8015517626353722,
    "senMLParse" : 2.4177647770848165,
    "mqttPublish" : 0.792277938316147,
    "csvToSenML" : 0.7958958824680213
  },
  "recsOutPerModule" : {
    "bloomFilter" : 1.6307095285083932,
    "interpolation" : 0.8043890372892706,
    "azureTableInsert" : 0.7953966635759745,
    "sink" : 1.5768328344689075,
    "rangeFilter" : 2.3588913225190113,
    "annotate" : 0.7982053866718517,
    "source" : 2.4222791695705217,
    "join" : 0.8014339773292913,
    "senMLParse" : 2.4109388802897396,
    "mqttPublish" : 0.7917908766575776,
    "csvToSenML" : 0.7947286384791693
  },
  "remainingDataPerDevice" : {
    "bloomFilter" : 255000,
    "interpolation" : 0,
    "azureTableInsert" : 0,
    "sink" : 0,
    "rangeFilter" : 15000,
    "annotate" : 0,
    "source" : 0,
    "join" : 0,
    "senMLParse" : 0,
    "mqttPublish" : 0,
    "csvToSenML" : 0
  },
  "executionTime" : 813.0,
  "networkUsage" : 333670.31,
  "tuplesSentBySensors" : 4800
}