{
  "placement" : {
    "annotate" : "cloud-0-1-1-0-1-1-1-0",
    "azureTableInsert" : "cloud-1-1-0-0-1-1",
    "bloomFilter" : "cloud-1-1-1-0-1-1-0-1-0",
    "csvToSenML" : "cloud-1-1",
    "interpolation" : "cloud-1-0-0-0-0-1-0-1-1",
    "join" : "cloud-1-1-0-0-0-0-1-1-0",
    "mqttPublish" : "cloud-0-1-1-0-0-1-1-0",
    "rangeFilter" : "cloud-1-1-1-1-0-0-1-0",
    "senMLParse" : "cloud-1-1-1-0-0-1-0-1",
    "sink" : "cloud-0-1-0-0-1-0-0",
    "source" : "cloud-1-0-0-0-1-0-0-0"
  },
  "appLoopLatency" : 66.24070424242412,
  "latencyPerTupleType" : {
    "rangeFilter_TUPLE" : 2.4840568191918835,
    "join_TUPLE" : 1.5566730577194354,
    "bloomFilter_TUPLE" : 3.808849836859167,
    "sink_TUPLE" : 0.9899133969995983,
    "interpolation_TUPLE" : 1.0628847038482496,
    "mqttPublish_TUPLE" : 0.9795694788276582,
    "csvToSenML_TUPLE" : 2.3459931900533193,
    "senMLParse_TUPLE" : 0.3329490373736755,
    "annotate_TUPLE" : 1.8932909414480186,
    "azureTableInsert_TUPLE" : 2.3459931900533193,
    "TUPLE" : 0.09575242424241838
  },
  "tuplesProcessedPerModule" : {
    "bloomFilter" : 3245,
    "interpolation" : 1564,
    "azureTableInsert" : 1564,
    "sink" : 3070,
    "rangeFilter" : 4800,
    "annotate" : 1564,
    "source" : 4800,
    "join" : 1564,
    "senMLParse" : 4800,
    "mqttPublish" : 1535,
    "csvToSenML" : 1564
  },
  "recsInPerModule" : {
    "bloomFilter" : 1.6280804231027002,
    "interpolation" : 0.7981948897729094,
    "azureTableInsert" : 0.7840121021415609,
    "sink" : 1.5417817051863696,
    "rangeFilter" : 2.4059405546664605,
    "annotate" : 0.7884879022830226,
    "source" : 2.4241187696991213,
    "join" : 0.7934774967209449,
    "senMLParse" : 2.414724029842247,
    "mqttPublish" : 0.7728770206027179,
    "csvToSenML" : 0.7849958914445493
  },
  "recsOutPerModule" : {
    "bloomFilter" : 1.6229387131617912,
    "interpolation" : 0.7974835655476555,
    "azureTableInsert" : 0.7824917149482415,
    "sink" : 1.5413817556752953,
    "rangeFilter" : 2.402171486044707,
    "annotate" : 0.7872492736073191,
    "source" : 2.4241141324354154,
    "join" : 0.7924436215118322,
    "senMLParse" : 2.414533546972837,
    "mqttPublish" : 0.7726760142008922,
    "csvToSenML" : 0.7834716899602181
  },
  "remainingDataPerDevice" : {
    "bloomFilter" : 70000,
    "interpolation" : 0,
    "azureTableInsert" : 145000,
    "sink" : 0,
    "rangeFilter" : 355000,
    "annotate" : 0,
    "source" : 0,
    "join" : 0,
    "senMLParse" : 0,
    "mqttPublish" : 0,
    "csvToSenML" : 145000
  },
  "executionTime" : 790.0,
  "networkUsage" : 373022.73,
  "tuplesSentBySensors" : 4800
}