{
  "placement" : {
    "annotate" : "cloud-0-0-0-0-1-0-0-1",
    "azureTableInsert" : "cloud-0-0-1-0-0-1-0-0",
    "bloomFilter" : "cloud-0-1-1-0-0-0-0-1-0",
    "csvToSenML" : "cloud-0-0-0-0-0",
    "interpolation" : "cloud-0-1-1-0-0-1-0-1-0",
    "join" : "cloud-0-0-0-0-0-0-1",
    "mqttPublish" : "cloud-0-0-0-1-1-0-0-1-1",
    "rangeFilter" : "cloud-0-1-0-1-0-1-1-0-0",
    "senMLParse" : "cloud-1-0-1-1-0-0-1-0",
    "sink" : "cloud-0-1-0-1-1-1-1-0",
    "source" : "cloud-0-0-1-0-1-1-0-1-1"
  },
  "appLoopLatency" : 61.712588833333086,
  "latencyPerTupleType" : {
    "rangeFilter_TUPLE" : 14.760310821731865,
    "join_TUPLE" : 4.611274961093984,
    "bloomFilter_TUPLE" : 1.6540426337198806,
    "sink_TUPLE" : 0.4638218040729372,
    "interpolation_TUPLE" : 1.295510618296898,
    "mqttPublish_TUPLE" : 1.1032806879663293,
    "csvToSenML_TUPLE" : 1.0980206119882197,
    "senMLParse_TUPLE" : 0.19253388444445885,
    "annotate_TUPLE" : 0.49962593059978344,
    "azureTableInsert_TUPLE" : 0.5987761842393771,
    "TUPLE" : 0.08955055555555494
  },
  "tuplesProcessedPerModule" : {
    "bloomFilter" : 3197,
    "interpolation" : 1585,
    "azureTableInsert" : 1565,
    "sink" : 3082,
    "rangeFilter" : 4669,
    "annotate" : 1585,
    "source" : 4800,
    "join" : 1585,
    "senMLParse" : 4800,
    "mqttPublish" : 1565,
    "csvToSenML" : 1585
  },
  "recsInPerModule" : {
    "bloomFilter" : 1.6214057869598646,
    "interpolation" : 0.8008876150358788,
    "azureTableInsert" : 0.7852888162634963,
    "sink" : 1.5533708915070306,
    "rangeFilter" : 2.352734084689573,
    "annotate" : 0.7944492598432945,
    "source" : 2.421428430899243,
    "join" : 0.7976832250799258,
    "senMLParse" : 2.4083061972993636,
    "mqttPublish" : 0.7845604661115875,
    "csvToSenML" : 0.7930909860900085
  },
  "recsOutPerModule" : {
    "bloomFilter" : 1.6199201210091818,
    "interpolation" : 0.8003416667496069,
    "azureTableInsert" : 0.7850032384096345,
    "sink" : 1.5555058945776923,
    "rangeFilter" : 2.3348490535126656,
    "annotate" : 0.7942435755862646,
    "source" : 2.4214271584789815,
    "join" : 0.795765901976218,
    "senMLParse" : 2.408135030718091,
    "mqttPublish" : 0.7840298524274157,
    "csvToSenML" : 0.7926381843797092
  },
  "remainingDataPerDevice" : {
    "bloomFilter" : 0,
    "interpolation" : 0,
    "azureTableInsert" : 0,
    "sink" : 0,
    "rangeFilter" : 70000,
    "annotate" : 100000,
    "source" : 0,
    "join" : 0,
    "senMLParse" : 475000,
    "mqttPublish" : 120000,
    "csvToSenML" : 100000
  },
  "executionTime" : 720.0,
  "networkUsage" : 359932.74,
  "tuplesSentBySensors" : 4800
}