{
  "placement" : {
    "annotate" : "cloud-1-0-1-1-0-1-0",
    "azureTableInsert" : "cloud-1-0-0-0-0-1-1-1",
    "bloomFilter" : "cloud-1-0-0-1-1-0-1-1-1",
    "csvToSenML" : "cloud-0-1-1-1-0-0-1-1-1",
    "interpolation" : "cloud-0-1-1-0-0",
    "join" : "cloud-0-1-0-1-1-1-1",
    "mqttPublish" : "cloud-1-1-0-1-1-1-0-1",
    "rangeFilter" : "cloud-0-0-0-1-1",
    "senMLParse" : "cloud-0-0-1-0-0-0-0-0-0",
    "sink" : "cloud-0-0-0-1-0-0-1-0",
    "source" : "cloud-1-0-0-0-1-0-0-1-0"
  },
  "appLoopLatency" : 57.46442837878778,
  "latencyPerTupleType" : {
    "rangeFilter_TUPLE" : 0.41167631808072436,
    "join_TUPLE" : 2.3449402928615357,
    "bloomFilter_TUPLE" : 0.22128124849939648,
    "sink_TUPLE" : 0.6114989802463323,
    "interpolation_TUPLE" : 4.834087073017508,
    "mqttPublish_TUPLE" : 0.5585177570185019,
    "csvToSenML_TUPLE" : 3.2837889784819994,
    "senMLParse_TUPLE" : 0.3325983128283085,
    "annotate_TUPLE" : 2.619772745315587,
    "azureTableInsert_TUPLE" : 1.2335314162306763,
    "TUPLE" : 0.09553083333334451
  },
  "tuplesProcessedPerModule" : {
    "bloomFilter" : 3337,
    "interpolation" : 1631,
    "azureTableInsert" : 1630,
    "sink" : 3223,
    "rangeFilter" : 4800,
    "annotate" : 1630,
    "source" : 4800,
    "join" : 1630,
    "senMLParse" : 4800,
    "mqttPublish" : 1630,
    "csvToSenML" : 1630
  },
  "recsInPerModule" : {
    "bloomFilter" : 1.6727007307658224,
    "interpolation" : 0.8157599385486788,
    "azureTableInsert" : 0.823258638258742,
    "sink" : 1.618873601537661,
    "rangeFilter" : 2.4096868785817844,
    "annotate" : 0.8277141681736141,
    "source" : 2.424241199878182,
    "join" : 0.8323503817111281,
    "senMLParse" : 2.41484758917971,
    "mqttPublish" : 0.8179215262595078,
    "csvToSenML" : 0.8232586590487666
  },
  "recsOutPerModule" : {
    "bloomFilter" : 1.6687002798980022,
    "interpolation" : 0.8156553993896591,
    "azureTableInsert" : 0.8224893394145331,
    "sink" : 1.6181658013090723,
    "rangeFilter" : 2.409062025666017,
    "annotate" : 0.8260555096390391,
    "source" : 2.4242386491233154,
    "join" : 0.8308362970292918,
    "senMLParse" : 2.4146570868168826,
    "mqttPublish" : 0.8175930059241003,
    "csvToSenML" : 0.8212189396456844
  },
  "remainingDataPerDevice" : {
    "bloomFilter" : 160000,
    "interpolation" : 5000,
    "azureTableInsert" : 0,
    "sink" : 0,
    "rangeFilter" : 70000,
    "annotate" : 0,
    "source" : 0,
    "join" : 0,
    "senMLParse" : 0,
    "mqttPublish" : 185000,
    "csvToSenML" : 0
  },
  "executionTime" : 687.0,
  "networkUsage" : 365090.57,
  "tuplesSentBySensors" : 4800
}