{
  "placement" : {
    "annotate" : "cloud-1-0-0-0-1-1-1",
    "azureTableInsert" : "cloud-1-0-1-0-1-0-0-1-0",
    "bloomFilter" : "cloud-0-1-1-0-1-0-0-0-1",
    "csvToSenML" : "cloud-1-1-1-1-1-0-0-0-0",
    "interpolation" : "cloud-0-0-1-1-1-0-0-1",
    "join" : "cloud-1-1-0-1-0-0-1-0-1",
    "mqttPublish" : "cloud-1-0-0-1-1-0-1-0-0",
    "rangeFilter" : "cloud-0-1-0-0-1-0-1-1",
    "senMLParse" : "cloud-1-1-1-1-0-1-1-0-1",
    "sink" : "cloud-1-0-0-1-1-0-1-0-0",
    "source" : "cloud-0-0-1-0-1-1-0-1"
  },
  "appLoopLatency" : 66.23527560606054,
  "latencyPerTupleType" : {
    "rangeFilter_TUPLE" : 1.6748672958067858,
    "join_TUPLE" : 5.317978812188956,
    "bloomFilter_TUPLE" : 0.6448808193616063,
    "sink_TUPLE" : 0.5661926961904441,
    "interpolation_TUPLE" : 0.32880096698780087,
    "mqttPublish_TUPLE" : 0.3876771462639574,
    "csvToSenML_TUPLE" : 0.8896058428442508,
    "senMLParse_TUPLE" : 0.11316599999994513,
    "annotate_TUPLE" : 0.4144359063077218,
    "azureTableInsert_TUPLE" : 0.8896058428442508,
    "TUPLE" : 0.09041979797979556
  },
  "tuplesProcessedPerModule" : {
    "bloomFilter" : 3237,
    "interpolation" : 1633,
    "azureTableInsert" : 1633,
    "sink" : 3266,
    "rangeFilter" : 4753,
    "annotate" : 1633,
    "source" : 4800,
    "join" : 1633,
    "senMLParse" : 4800,
    "mqttPublish" : 1633,
    "csvToSenML" : 1633
  },
  "recsInPerModule" : {
    "bloomFilter" : 1.6211053334068246,
    "interpolation" : 0.8350809745381098,
    "azureTableInsert" : 0.8222396504830252,
    "sink" : 1.6368982604344458,
    "rangeFilter" : 2.4008117837602474,
    "annotate" : 0.8256400052400782,
    "source" : 2.422161567259642,
    "join" : 0.8312260792417467,
    "senMLParse" : 2.4104821032282793,
    "mqttPublish" : 0.8188595394203969,
    "csvToSenML" : 0.8224467095943298
  },
  "recsOutPerModule" : {
    "bloomFilter" : 1.6187505672587341,
    "interpolation" : 0.834838164795268,
    "azureTableInsert" : 0.8217026511720222,
    "sink" : 1.636101862839424,
    "rangeFilter" : 2.3773038409895317,
    "annotate" : 0.8253983080084861,
    "source" : 2.422159252368129,
    "join" : 0.8289094217228689,
    "senMLParse" : 2.4103358427500328,
    "mqttPublish" : 0.8186396716878873,
    "csvToSenML" : 0.8219094398797455
  },
  "remainingDataPerDevice" : {
    "bloomFilter" : 20000,
    "interpolation" : 0,
    "azureTableInsert" : 0,
    "sink" : 0,
    "rangeFilter" : 300000,
    "annotate" : 0,
    "source" : 0,
    "join" : 0,
    "senMLParse" : 0,
    "mqttPublish" : 0,
    "csvToSenML" : 0
  },
  "executionTime" : 758.0,
  "networkUsage" : 368501.99,
  "tuplesSentBySensors" : 4800
}