{
  "placement" : {
    "annotate" : "cloud-1-0-0-1-1-1-0",
    "azureTableInsert" : "cloud-1-1-0-1-1-0-1-1",
    "bloomFilter" : "cloud-1-1-1-1-1-0-1-0-1",
    "csvToSenML" : "cloud-1-1-1-0-1-0-1",
    "interpolation" : "cloud-0-1-1-0-1-1-1-0-1",
    "join" : "cloud-0-0-0-1-1",
    "mqttPublish" : "cloud-1-0-1-1-1-0",
    "rangeFilter" : "cloud-1-1-0-0-0-0-0-0",
    "senMLParse" : "cloud-1-1-1-0-0-0-0-0-0",
    "sink" : "cloud-0-1-0-0-1-0-0-1",
    "source" : "cloud-0-0-0-1-1-1-1-0"
  },
  "appLoopLatency" : 59.40236136363606,
  "latencyPerTupleType" : {
    "rangeFilter_TUPLE" : 1.3917120090908486,
    "join_TUPLE" : 0.4161355622724262,
    "bloomFilter_TUPLE" : 0.5632799358114818,
    "sink_TUPLE" : 0.24640000837936615,
    "interpolation_TUPLE" : 0.4795274685151918,
    "mqttPublish_TUPLE" : 0.47154742433941454,
    "csvToSenML_TUPLE" : 0.4615084273039582,
    "senMLParse_TUPLE" : 0.12104808181813702,
    "annotate_TUPLE" : 0.3538733051423446,
    "azureTableInsert_TUPLE" : 0.4615084273039582,
    "TUPLE" : 0.09260611111111072
  },
  "tuplesProcessedPerModule" : {
    "bloomFilter" : 3248,
    "interpolation" : 1564,
    "azureTableInsert" : 1564,
    "sink" : 3128,
    "rangeFilter" : 4800,
    "annotate" : 1564,
    "source" : 4800,
    "join" : 1564,
    "senMLParse" : 4800,
    "mqttPublish" : 1564,
    "csvToSenML" : 1564
  },
  "recsInPerModule" : {
    "bloomFilter" : 1.6250411416097752,
    "interpolation" : 0.7997670603282352,
    "azureTableInsert" : 0.7915266530124035,
    "sink" : 1.5707741227426955,
    "rangeFilter" : 2.402950592498698,
    "annotate" : 0.794267201925833,
    "source" : 2.4226505715184117,
    "join" : 0.7970259467564117,
    "senMLParse" : 2.411810378162086,
    "mqttPublish" : 0.7883456581188211,
    "csvToSenML" : 0.7912863951818677
  },
  "recsOutPerModule" : {
    "bloomFilter" : 1.6240411203520673,
    "interpolation" : 0.7994706677632177,
    "azureTableInsert" : 0.7912571846729546,
    "sink" : 1.570530950516264,
    "rangeFilter" : 2.400727189723177,
    "annotate" : 0.7940588521604582,
    "source" : 2.4226442030067328,
    "join" : 0.7967759765837044,
    "senMLParse" : 2.411643302784089,
    "mqttPublish" : 0.7880783509453998,
    "csvToSenML" : 0.7910170903771245
  },
  "remainingDataPerDevice" : {
    "bloomFilter" : 45000,
    "interpolation" : 0,
    "azureTableInsert" : 0,
    "sink" : 0,
    "rangeFilter" : 400000,
    "annotate" : 0,
    "source" : 0,
    "join" : 0,
    "senMLParse" : 0,
    "mqttPublish" : 0,
    "csvToSenML" : 0
  },
  "executionTime" : 636.0,
  "networkUsage" : 359450.08,
  "tuplesSentBySensors" : 4800
}