{
  "placement" : {
    "annotate" : "cloud-0-1-1-1-0-1-1-1-1",
    "azureTableInsert" : "cloud-1-0-1-0-0-1-1-1-1",
    "bloomFilter" : "cloud-0-1-1-1-1-1-0-1-1",
    "csvToSenML" : "cloud-1-0-0-0-0-1-1-1",
    "interpolation" : "cloud-0-0-0-0-0-1-1-0-0",
    "join" : "cloud-1-1-0-1-1",
    "mqttPublish" : "cloud-1-1-0-0-0-1-0-0-1",
    "rangeFilter" : "cloud-1-0-1-1-0-0-0-0-0",
    "senMLParse" : "cloud-0-0-0-0-0-0-0-1-0",
    "sink" : "cloud-0-1-1-0-0-0-0-1",
    "source" : "cloud-1-1-0-0-1-0-1-1-1"
  },
  "appLoopLatency" : 86.4797981431048,
  "latencyPerTupleType" : {
    "rangeFilter_TUPLE" : 31.780176991656067,
    "join_TUPLE" : 4.709030518288072,
    "bloomFilter_TUPLE" : 2.283511549300442,
    "sink_TUPLE" : 1.0734308604279057,
    "interpolation_TUPLE" : 2.2751955593818023,
    "mqttPublish_TUPLE" : 0.6358868482919,
    "csvToSenML_TUPLE" : 2.6198236305379705,
    "senMLParse_TUPLE" : 5.332931174444539,
    "annotate_TUPLE" : 2.4260812791376996,
    "azureTableInsert_TUPLE" : 1.526264845572923,
    "TUPLE" : 0.09702750000000161
  },
  "tuplesProcessedPerModule" : {
    "bloomFilter" : 3135,
    "interpolation" : 1560,
    "azureTableInsert" : 1560,
    "sink" : 3073,
    "rangeFilter" : 4675,
    "annotate" : 1560,
    "source" : 4800,
    "join" : 1560,
    "senMLParse" : 4800,
    "mqttPublish" : 1560,
    "csvToSenML" : 1560
  },
  "recsInPerModule" : {
    "bloomFilter" : 1.6060302992755846,
    "interpolation" : 0.7966272656469885,
    "azureTableInsert" : 0.7849428838559136,
    "sink" : 1.5389392631164325,
    "rangeFilter" : 2.3408497808932975,
    "annotate" : 0.788786790648274,
    "source" : 2.4225283019439274,
    "join" : 0.7932824378840121,
    "senMLParse" : 2.4104818794132634,
    "mqttPublish" : 0.781002249341291,
    "csvToSenML" : 0.784824433917307
  },
  "recsOutPerModule" : {
    "bloomFilter" : 1.6058857070722512,
    "interpolation" : 0.7965634764151922,
    "azureTableInsert" : 0.7844203233146557,
    "sink" : 1.538176540262756,
    "rangeFilter" : 2.3378494494619964,
    "annotate" : 0.788037569893173,
    "source" : 2.4225257547923635,
    "join" : 0.7916296748282172,
    "senMLParse" : 2.403696985516842,
    "mqttPublish" : 0.7807717885773519,
    "csvToSenML" : 0.7839073557313307
  },
  "remainingDataPerDevice" : {
    "bloomFilter" : 0,
    "interpolation" : 0,
    "azureTableInsert" : 0,
    "sink" : 0,
    "rangeFilter" : 410000,
    "annotate" : 0,
    "source" : 0,
    "join" : 0,
    "senMLParse" : 595000,
    "mqttPublish" : 235000,
    "csvToSenML" : 0
  },
  "executionTime" : 835.0,
  "networkUsage" : 454986.45,
  "tuplesSentBySensors" : 4800
}