{
  "placement" : {
    "annotate" : "cloud-0-1-1-1-1-0-0-1-0",
    "azureTableInsert" : "cloud-1-0-1-1-0-1-0-1-0",
    "bloomFilter" : "cloud-0-1-1-1-0-1-1",
    "csvToSenML" : "cloud-1-1-1-1-0-0-1-0",
    "interpolation" : "cloud-0-1-1-1-1-0-0-0-0",
    "join" : "cloud-0-1-0-1-1-0-1-0",
    "mqttPublish" : "cloud-1-0-1-0-1-0-1-0",
    "rangeFilter" : "cloud-0-1-1-1-1-1-0-0-1",
    "senMLParse" : "cloud-1-1-0-1-0-0",
    "sink" : "cloud-1-0-1-0-0-0-1-0-0",
    "source" : "cloud-1-0-0-0-0-0-0-0-1"
  },
  "appLoopLatency" : 47.33914878787863,
  "latencyPerTupleType" : {
    "rangeFilter_TUPLE" : 3.233344897743458,
    "join_TUPLE" : 2.5914406027714354,
    "bloomFilter_TUPLE" : 1.2012697738398552,
    "sink_TUPLE" : 0.37668823713313304,
    "interpolation_TUPLE" : 4.266001519638654,
    "mqttPublish_TUPLE" : 0.6025133438610963,
    "csvToSenML_TUPLE" : 1.3559225528247039,
    "senMLParse_TUPLE" : 5.190061344444383,
    "annotate_TUPLE" : 1.1186049836459897,
    "azureTableInsert_TUPLE" : 3.578016867904724,
    "TUPLE" : 0.0966488888888883
  },
  "tuplesProcessedPerModule" : {
    "bloomFilter" : 3272,
    "interpolation" : 1621,
    "azureTableInsert" : 1612,
    "sink" : 3224,
    "rangeFilter" : 4694,
    "annotate" : 1612,
    "source" : 4800,
    "join" : 1612,
    "senMLParse" : 4800,
    "mqttPublish" : 1612,
    "csvToSenML" : 1612
  },
  "recsInPerModule" : {
    "bloomFilter" : 1.6376161920782455,
    "interpolation" : 0.8110772334777625,
    "azureTableInsert" : 0.8126198731603483,
    "sink" : 1.6139389499407986,
    "rangeFilter" : 2.401035380479346,
    "annotate" : 0.8166821639115488,
    "source" : 2.423262104572847,
    "join" : 0.8204126338120193,
    "senMLParse" : 2.415323510783459,
    "mqttPublish" : 0.8084197511589795,
    "csvToSenML" : 0.8125379724862771
  },
  "recsOutPerModule" : {
    "bloomFilter" : 1.6375000879034436,
    "interpolation" : 0.8105771858615617,
    "azureTableInsert" : 0.810663409617475,
    "sink" : 1.6135552696193587,
    "rangeFilter" : 2.354503620564709,
    "annotate" : 0.8160770287651634,
    "source" : 2.4232493611519557,
    "join" : 0.8189642387046648,
    "senMLParse" : 2.408511372103815,
    "mqttPublish" : 0.8081029080151969,
    "csvToSenML" : 0.8117995663967867
  },
  "remainingDataPerDevice" : {
    "bloomFilter" : 25000,
    "interpolation" : 45000,
    "azureTableInsert" : 0,
    "sink" : 0,
    "rangeFilter" : 0,
    "annotate" : 0,
    "source" : 0,
    "join" : 0,
    "senMLParse" : 0,
    "mqttPublish" : 0,
    "csvToSenML" : 0
  },
  "executionTime" : 769.0,
  "networkUsage" : 310178.24,
  "tuplesSentBySensors" : 4800
}