{
  "placement" : {
    "annotate" : "cloud-1-1-0-0-0-1-1-0-0",
    "azureTableInsert" : "cloud-0-1-0-0-0",
    "bloomFilter" : "cloud-0-1-1-0-0-0-1-1-0",
    "csvToSenML" : "cloud-0-0-1-0-0-1-1-0-1",
    "interpolation" : "cloud-1-1-0-1-1",
    "join" : "cloud-0-0-1-0-1-1-1-1",
    "mqttPublish" : "cloud-0-0-1-1-0-1-0-1-1",
    "rangeFilter" : "cloud-0-0-1-1-1-0-1-1-0",
    "senMLParse" : "cloud-0-1-1-0-1-0-0-0",
    "sink" : "cloud-0-1-1-0-1-1-0-1-1",
    "source" : "cloud-1-0-1-0-1-1-1-0-0"
  },
  "appLoopLatency" : 92.81724146465133,
  "latencyPerTupleType" : {
    "rangeFilter_TUPLE" : 33.05017045984188,
    "join_TUPLE" : 15.326713073100914,
    "bloomFilter_TUPLE" : 1.2961162693575712,
    "sink_TUPLE" : 0.8685611178726966,
    "interpolation_TUPLE" : 2.7541858925604608,
    "mqttPublish_TUPLE" : 0.5236435695548473,
    "csvToSenML_TUPLE" : 2.0231341923189654,
    "senMLParse_TUPLE" : 5.615012588888767,
    "annotate_TUPLE" : 4.322168200925733,
    "azureTableInsert_TUPLE" : 1.1636296891598223,
    "TUPLE" : 0.09582194444443731
  },
  "tuplesProcessedPerModule" : {
    "bloomFilter" : 3272,
    "interpolation" : 1586,
    "azureTableInsert" : 1571,
    "sink" : 3048,
    "rangeFilter" : 4690,
    "annotate" : 1586,
    "source" : 4800,
    "join" : 1586,
    "senMLParse" : 4800,
    "mqttPublish" : 1524,
    "csvToSenML" : 1524
  },
  "recsInPerModule" : {
    "bloomFilter" : 1.636795242424516,
    "interpolation" : 0.8115587809837541,
    "azureTableInsert" : 0.7872790598794346,
    "sink" : 1.5568906045899156,
    "rangeFilter" : 2.3498158830323383,
    "annotate" : 0.7955543853669719,
    "source" : 2.423139773264792,
    "join" : 0.8078739279107268,
    "senMLParse" : 2.412773922841315,
    "mqttPublish" : 0.7820170337239212,
    "csvToSenML" : 0.7862546335569559
  },
  "recsOutPerModule" : {
    "bloomFilter" : 1.6366792546242541,
    "interpolation" : 0.8114700726375462,
    "azureTableInsert" : 0.7867570635088714,
    "sink" : 1.5567508467114437,
    "rangeFilter" : 2.348595047282264,
    "annotate" : 0.7948915034072482,
    "source" : 2.4231270311304938,
    "join" : 0.7997266603401851,
    "senMLParse" : 2.4057249176198554,
    "mqttPublish" : 0.7819601898634726,
    "csvToSenML" : 0.7840286751407165
  },
  "remainingDataPerDevice" : {
    "bloomFilter" : 220000,
    "interpolation" : 0,
    "azureTableInsert" : 235000,
    "sink" : 0,
    "rangeFilter" : 135000,
    "annotate" : 150000,
    "source" : 0,
    "join" : 0,
    "senMLParse" : 550000,
    "mqttPublish" : 0,
    "csvToSenML" : 0
  },
  "executionTime" : 1022.0,
  "networkUsage" : 415395.62,
  "tuplesSentBySensors" : 4800
}