{
  "placement" : {
    "annotate" : "cloud-1-0-1-1-1-1",
    "azureTableInsert" : "cloud-0-0-0-1-1-0-1-1-0",
    "bloomFilter" : "cloud-0-0-0-0-0-1-0-0-0",
    "csvToSenML" : "cloud-0-0-1-1-1-0-1-0-0",
    "interpolation" : "cloud-1-1-0-1-1-1-0-0-0",
    "join" : "cloud-1-0-1-0-1-1-0-1",
    "mqttPublish" : "cloud-0-1-0-1-0-1-1-1-0",
    "rangeFilter" : "cloud-1-1-0-1-1-1-0-1-0",
    "senMLParse" : "cloud-1-1-1-0-1-1",
    "sink" : "cloud-1-1-0-0-0-1-1-0",
    "source" : "cloud-1-1-0-1-1-0-0-0-1"
  },
  "appLoopLatency" : 71.39021214646489,
  "latencyPerTupleType" : {
    "rangeFilter_TUPLE" : 2.389836381818145,
    "join_TUPLE" : 1.3803340208336534,
    "bloomFilter_TUPLE" : 1.3257782906158293,
    "sink_TUPLE" : 0.25685172601604556,
    "interpolation_TUPLE" : 1.0220006353222584,
    "mqttPublish_TUPLE" : 0.9089369023677653,
    "csvToSenML_TUPLE" : 0.8858544059665531,
    "senMLParse_TUPLE" : 0.3382700090908379,
    "annotate_TUPLE" : 1.7047607956442588,
    "azureTableInsert_TUPLE" : 0.49344494791733523,
    "TUPLE" : 0.09712050505050486
  },
  "tuplesProcessedPerModule" : {
    "bloomFilter" : 3217,
    "interpolation" : 1600,
    "azureTableInsert" : 1600,
    "sink" : 3158,
    "rangeFilter" : 4800,
    "annotate" : 1600,
    "source" : 4800,
    "join" : 1600,
    "senMLParse" : 4800,
    "mqttPublish" : 1600,
    "csvToSenML" : 1600
  },
  "recsInPerModule" : {
    "bloomFilter" : 1.6095274159760025,
    "interpolation" : 0.8151418297786508,
    "azureTableInsert" : 0.8039628823894881,
    "sink" : 1.589588533337585,
    "rangeFilter" : 2.404849007823277,
    "annotate" : 0.8079779628980867,
    "source" : 2.4220393470383756,
    "join" : 0.8105529102259829,
    "senMLParse" : 2.413873990744055,
    "mqttPublish" : 0.8008266799739506,
    "csvToSenML" : 0.8043670783950565
  },
  "recsOutPerModule" : {
    "bloomFilter" : 1.609379795263459,
    "interpolation" : 0.8145556613542401,
    "azureTableInsert" : 0.803701647462405,
    "sink" : 1.581892868007111,
    "rangeFilter" : 2.4012653518707614,
    "annotate" : 0.8070456992213357,
    "source" : 2.422034717726991,
    "join" : 0.8097776691777278,
    "senMLParse" : 2.4136767458228454,
    "mqttPublish" : 0.8003484783363994,
    "csvToSenML" : 0.8038846404932156
  },
  "remainingDataPerDevice" : {
    "bloomFilter" : 10000,
    "interpolation" : 0,
    "azureTableInsert" : 0,
    "sink" : 0,
    "rangeFilter" : 465000,
    "annotate" : 0,
    "source" : 0,
    "join" : 0,
    "senMLParse" : 0,
    "mqttPublish" : 105000,
    "csvToSenML" : 0
  },
  "executionTime" : 692.0,
  "networkUsage" : 442400.64,
  "tuplesSentBySensors" : 4800
}