{
  "placement" : {
    "annotate" : "cloud-0-0-0-0-1-0-0",
    "azureTableInsert" : "cloud-0-1-1-0-0-1-1-1-0",
    "bloomFilter" : "cloud-1-0-1-1-1-1-0-1-1",
    "csvToSenML" : "cloud-1-0-1-1-1-0-1-1",
    "interpolation" : "cloud-1-0-1-1-0-0-1-1-1",
    "join" : "cloud-1-1-1-0-0-1-1-1-0",
    "mqttPublish" : "cloud-0-0-0-0-1-0-1-0-0",
    "rangeFilter" : "cloud-0-0-0-1-0-0-0-1-1",
    "senMLParse" : "cloud-0",
    "sink" : "cloud-0-1-1-1-0-0-1",
    "source" : "cloud-0-1-0-0-1-0-1-1-0"
  },
  "appLoopLatency" : 55.081952015151096,
  "latencyPerTupleType" : {
    "rangeFilter_TUPLE" : 1.2771966092928941,
    "join_TUPLE" : 1.455961094658525,
    "bloomFilter_TUPLE" : 3.909862446584117,
    "sink_TUPLE" : 0.432186042473426,
    "interpolation_TUPLE" : 0.5402776168328199,
    "mqttPublish_TUPLE" : 0.8550600553283408,
    "csvToSenML_TUPLE" : 2.0206889663304546,
    "senMLParse_TUPLE" : 0.16098276000001982,
    "annotate_TUPLE" : 0.6940967784150373,
    "azureTableInsert_TUPLE" : 0.8470218507603617,
    "TUPLE" : 0.08961833333332889
  },
  "tuplesProcessedPerModule" : {
    "bloomFilter" : 3298,
    "interpolation" : 1671,
    "azureTableInsert" : 1665,
    "sink" : 3309,
    "rangeFilter" : 4800,
    "annotate" : 1665,
    "source" : 4800,
    "join" : 1665,
    "senMLParse" : 4800,
    "mqttPublish" : 1665,
    "csvToSenML" : 1665
  },
  "recsInPerModule" : {
    "bloomFilter" : 1.6793925747701077,
    "interpolation" : 0.8360497311325134,
    "azureTableInsert" : 0.8408115341037051,
    "sink" : 1.662959687922023,
    "rangeFilter" : 2.4141954439160425,
    "annotate" : 0.84451126268959,
    "source" : 2.4235068042478014,
    "join" : 0.8492360353612021,
    "senMLParse" : 2.419840218936765,
    "mqttPublish" : 0.8351033707146255,
    "csvToSenML" : 0.8403023211740634
  },
  "recsOutPerModule" : {
    "bloomFilter" : 1.6493867976604333,
    "interpolation" : 0.8357460089099067,
    "azureTableInsert" : 0.840304969617488,
    "sink" : 1.662771669636201,
    "rangeFilter" : 2.4121440234563103,
    "annotate" : 0.844093829910327,
    "source" : 2.4235055296423025,
    "join" : 0.8483408920126321,
    "senMLParse" : 2.419672029229675,
    "mqttPublish" : 0.8346036588423147,
    "csvToSenML" : 0.83910201125185
  },
  "remainingDataPerDevice" : {
    "bloomFilter" : 70000,
    "interpolation" : 30000,
    "azureTableInsert" : 0,
    "sink" : 0,
    "rangeFilter" : 0,
    "annotate" : 0,
    "source" : 0,
    "join" : 0,
    "senMLParse" : 0,
    "mqttPublish" : 105000,
    "csvToSenML" : 0
  },
  "executionTime" : 1053.0,
  "networkUsage" : 384271.06,
  "tuplesSentBySensors" : 4800
}