{
  "placement" : {
    "annotate" : "cloud-1-1-0-1-1-1-0-0-0",
    "azureTableInsert" : "cloud-1-1-1-0-0-1-0-0-1",
    "bloomFilter" : "cloud-1-1-1-1-1-1-1-1",
    "csvToSenML" : "cloud-0-0-1-0-1-0-1-0-1",
    "interpolation" : "cloud-1-0-0-1-0-1-1-1-0",
    "join" : "cloud-1-0-1-1-1-1-1-0-1",
    "mqttPublish" : "cloud-1-0-1-1-1-0-1-1",
    "rangeFilter" : "cloud-1-1-0-0-1-0-1-1-1",
    "senMLParse" : "cloud-0-1-1-0-1-0-1-1",
    "sink" : "cloud-1-1-0-0-0-0-0-0",
    "source" : "cloud-0-1-1-1-0-1-0-0-0"
  },
  "appLoopLatency" : 61.81111208080812,
  "latencyPerTupleType" : {
    "rangeFilter_TUPLE" : 0.2136550777777181,
    "join_TUPLE" : 0.7724683130329113,
    "bloomFilter_TUPLE" : 0.4172217918434529,
    "sink_TUPLE" : 0.2668287000333672,
    "interpolation_TUPLE" : 0.4167819171926142,
    "mqttPublish_TUPLE" : 0.646291754789259,
    "csvToSenML_TUPLE" : 2.0479505880673443,
    "senMLParse_TUPLE" : 0.11555321111104343,
    "annotate_TUPLE" : 0.33508435684502413,
    "azureTableInsert_TUPLE" : 0.24349494251300957,
    "TUPLE" : 0.09504277777777284
  },
  "tuplesProcessedPerModule" : {
    "bloomFilter" : 3256,
    "interpolation" : 1642,
    "azureTableInsert" : 1642,
    "sink" : 3284,
    "rangeFilter" : 4800,
    "annotate" : 1642,
    "source" : 4800,
    "join" : 1642,
    "senMLParse" : 4800,
    "mqttPublish" : 1642,
    "csvToSenML" : 1642
  },
  "recsInPerModule" : {
    "bloomFilter" : 1.6291238907990857,
    "interpolation" : 0.8422942198617588,
    "azureTableInsert" : 0.8318044824077642,
    "sink" : 1.643228620129551,
    "rangeFilter" : 2.403211824512459,
    "annotate" : 0.8358092279961105,
    "source" : 2.4235068042478014,
    "join" : 0.8400587968509593,
    "senMLParse" : 2.4153298408647856,
    "mqttPublish" : 0.8254299892033202,
    "csvToSenML" : 0.8306683244531038
  },
  "recsOutPerModule" : {
    "bloomFilter" : 1.628123818816421,
    "interpolation" : 0.8421700179465645,
    "azureTableInsert" : 0.8316416701787729,
    "sink" : 1.6428381541217192,
    "rangeFilter" : 2.4030413812887454,
    "annotate" : 0.8355717565934383,
    "source" : 2.4235004312337116,
    "join" : 0.839613136639974,
    "senMLParse" : 2.4151829915219327,
    "mqttPublish" : 0.8249997113505864,
    "csvToSenML" : 0.8296426669749076
  },
  "remainingDataPerDevice" : {
    "bloomFilter" : 45000,
    "interpolation" : 0,
    "azureTableInsert" : 0,
    "sink" : 0,
    "rangeFilter" : 475000,
    "annotate" : 0,
    "source" : 0,
    "join" : 0,
    "senMLParse" : 0,
    "mqttPublish" : 0,
    "csvToSenML" : 0
  },
  "executionTime" : 684.0,
  "networkUsage" : 449232.3,
  "tuplesSentBySensors" : 4800
}