{
  "placement" : {
    "annotate" : "cloud-0-1-1-1-0-1-1-0-1",
    "azureTableInsert" : "cloud-1-0-0-0-0-1-0-0-0",
    "bloomFilter" : "cloud-0-1-0-1-0-0-0-0",
    "csvToSenML" : "cloud-0-1-1-1-1-1-0-1-0",
    "interpolation" : "cloud-0-0-0-1-0-1-1-0-1",
    "join" : "cloud-0-1-1-1-0-1-1",
    "mqttPublish" : "cloud-1-0-0-0-1",
    "rangeFilter" : "cloud-0-1-0-1-0-1-1-1-0",
    "senMLParse" : "cloud-0-1-0-0-1-0-1-1-0",
    "sink" : "cloud-0-0-1-1-0-1-0-0-1",
    "source" : "cloud-0-1-1-1-1-0-1-1"
  },
  "appLoopLatency" : 50.413111818181484,
  "latencyPerTupleType" : {
    "rangeFilter_TUPLE" : 14.858000570532187,
    "join_TUPLE" : 0.9631948992446705,
    "bloomFilter_TUPLE" : 0.8742463855430079,
    "sink_TUPLE" : 2.220968311483856,
    "interpolation_TUPLE" : 2.9713699539367378,
    "mqttPublish_TUPLE" : 0.48349229638994873,
    "csvToSenML_TUPLE" : 1.058708984047748,
    "senMLParse_TUPLE" : 0.11572685555549067,
    "annotate_TUPLE" : 0.4834922963899478,
    "azureTableInsert_TUPLE" : 0.9715615334714655,
    "TUPLE" : 0.09437611111111581
  },
  "tuplesProcessedPerModule" : {
    "bloomFilter" : 3237,
    "interpolation" : 1592,
    "azureTableInsert" : 1588,
    "sink" : 3176,
    "rangeFilter" : 4674,
    "annotate" : 1588,
    "source" : 4800,
    "join" : 1588,
    "senMLParse" : 4800,
    "mqttPublish" : 1588,
    "csvToSenML" : 1588
  },
  "recsInPerModule" : {
    "bloomFilter" : 1.6217213453860064,
    "interpolation" : 0.7962658240555931,
    "azureTableInsert" : 0.8002689952035105,
    "sink" : 1.5916005612322883,
    "rangeFilter" : 2.410573914174934,
    "annotate" : 0.8041425589600018,
    "source" : 2.424241199878182,
    "join" : 0.8048889944202778,
    "senMLParse" : 2.418250276893015,
    "mqttPublish" : 0.7992033258071292,
    "csvToSenML" : 0.8018854305938499
  },
  "recsOutPerModule" : {
    "bloomFilter" : 1.621572405398301,
    "interpolation" : 0.7961637815053729,
    "azureTableInsert" : 0.7998088329295893,
    "sink" : 1.5896952404063882,
    "rangeFilter" : 2.347296354821937,
    "annotate" : 0.803915265792,
    "source" : 2.424234823001081,
    "join" : 0.8044277499982723,
    "senMLParse" : 2.4181030722278285,
    "mqttPublish" : 0.7989788158506809,
    "csvToSenML" : 0.8013812792093189
  },
  "remainingDataPerDevice" : {
    "bloomFilter" : 25000,
    "interpolation" : 20000,
    "azureTableInsert" : 0,
    "sink" : 0,
    "rangeFilter" : 0,
    "annotate" : 0,
    "source" : 0,
    "join" : 0,
    "senMLParse" : 0,
    "mqttPublish" : 0,
    "csvToSenML" : 0
  },
  "executionTime" : 745.0,
  "networkUsage" : 312618.07,
  "tuplesSentBySensors" : 4800
}