{
  "placement" : {
    "annotate" : "cloud-1-0-0-1-1-0-1",
    "azureTableInsert" : "cloud-1-1-1-1-0-1-1",
    "bloomFilter" : "cloud-0-0-1-0-1",
    "csvToSenML" : "cloud-1-0-0-1-1-1-0-0-1",
    "interpolation" : "cloud-0-0-1-1-0-1-0-0",
    "join" : "cloud-0-0-0-1-1-0-1-1",
    "mqttPublish" : "cloud-1-1-0-0-1-1-0-0-0",
    "rangeFilter" : "cloud-0-0-0-0-1-0-0-1-1",
    "senMLParse" : "cloud-1-0-1-1-1-1-1",
    "sink" : "cloud-1-1-1-0-1-1-1-0-0",
    "source" : "cloud-1-1-1-0-0-0-1-1"
  },
  "appLoopLatency" : 58.678637621211905,
  "latencyPerTupleType" : {
    "rangeFilter_TUPLE" : 4.547663527665337,
    "join_TUPLE" : 2.7147316889992004,
    "bloomFilter_TUPLE" : 2.1859893898318323,
    "sink_TUPLE" : 0.3897659230686728,
    "interpolation_TUPLE" : 1.830239221554697,
    "mqttPublish_TUPLE" : 0.3902123196167116,
    "csvToSenML_TUPLE" : 1.4154883687861466,
    "senMLParse_TUPLE" : 0.13021939444447259,
    "annotate_TUPLE" : 3.0313913307412785,
    "azureTableInsert_TUPLE" : 0.8240887439332477,
    "TUPLE" : 0.09619611111111397
  },
  "tuplesProcessedPerModule" : {
    "bloomFilter" : 3282,
    "interpolation" : 1648,
    "azureTableInsert" : 1648,
    "sink" : 3252,
    "rangeFilter" : 4693,
    "annotate" : 1648,
    "source" : 4800,
    "join" : 1648,
    "senMLParse" : 4800,
    "mqttPublish" : 1648,
    "csvToSenML" : 1648
  },
  "recsInPerModule" : {
    "bloomFilter" : 1.6412410746526407,
    "interpolation" : 0.842498012135567,
    "azureTableInsert" : 0.8286608548762642,
    "sink" : 1.6282820959138737,
    "rangeFilter" : 2.403684428987011,
    "annotate" : 0.833517460185648,
    "source" : 2.4236291726184436,
    "join" : 0.8386179830158166,
    "senMLParse" : 2.415455188777563,
    "mqttPublish" : 0.8251401960195347,
    "csvToSenML" : 0.829870995075237
  },
  "recsOutPerModule" : {
    "bloomFilter" : 1.6410968358653146,
    "interpolation" : 0.8412722869208962,
    "azureTableInsert" : 0.8281420734577605,
    "sink" : 1.6278270230689762,
    "rangeFilter" : 2.3510834306826363,
    "annotate" : 0.8315477616469606,
    "source" : 2.423626623151348,
    "join" : 0.8368188423192371,
    "senMLParse" : 2.41529566428884,
    "mqttPublish" : 0.8249095901028747,
    "csvToSenML" : 0.8289595997661805
  },
  "remainingDataPerDevice" : {
    "bloomFilter" : 10000,
    "interpolation" : 0,
    "azureTableInsert" : 0,
    "sink" : 0,
    "rangeFilter" : 135000,
    "annotate" : 0,
    "source" : 0,
    "join" : 0,
    "senMLParse" : 0,
    "mqttPublish" : 220000,
    "csvToSenML" : 0
  },
  "executionTime" : 730.0,
  "networkUsage" : 403864.78,
  "tuplesSentBySensors" : 4800
}