{
  "placement" : {
    "annotate" : "cloud-1-0-1-1-0-0-0-1-0",
    "azureTableInsert" : "cloud-1-0-1-0-0-0-0-0",
    "bloomFilter" : "cloud-1-1-0-0-1-1-0-1-1",
    "csvToSenML" : "cloud-1-0-1-1-1-0-1-1-1",
    "interpolation" : "cloud-1-1-1-1-1-0-1",
    "join" : "cloud-0-1-0-1-0-1",
    "mqttPublish" : "cloud-0-0-0-0-1-1-1-1-1",
    "rangeFilter" : "cloud-1-0-1-0-0-0-1-0-1",
    "senMLParse" : "cloud-1-0-1-0-1-0-1",
    "sink" : "cloud-0-0-1-0-1-1-0-0-1",
    "source" : "cloud-1-1-1-1-0-1-0-1-1"
  },
  "appLoopLatency" : 61.80075262878779,
  "latencyPerTupleType" : {
    "rangeFilter_TUPLE" : 2.244715651111065,
    "join_TUPLE" : 1.4329304654376582,
    "bloomFilter_TUPLE" : 1.2436120236028692,
    "sink_TUPLE" : 0.3797957341035766,
    "interpolation_TUPLE" : 0.8784394620874676,
    "mqttPublish_TUPLE" : 0.25259222293569034,
    "csvToSenML_TUPLE" : 2.092403217275949,
    "senMLParse_TUPLE" : 0.35329749333335875,
    "annotate_TUPLE" : 0.6811256165638432,
    "azureTableInsert_TUPLE" : 0.460803809760514,
    "TUPLE" : 0.09839777777778448
  },
  "tuplesProcessedPerModule" : {
    "bloomFilter" : 3238,
    "interpolation" : 1559,
    "azureTableInsert" : 1558,
    "sink" : 3092,
    "rangeFilter" : 4800,
    "annotate" : 1558,
    "source" : 4800,
    "join" : 1558,
    "senMLParse" : 4800,
    "mqttPublish" : 1558,
    "csvToSenML" : 1558
  },
  "recsInPerModule" : {
    "bloomFilter" : 1.6211611389590193,
    "interpolation" : 0.7798258410351842,
    "azureTableInsert" : 0.7864216974676319,
    "sink" : 1.5534952104463284,
    "rangeFilter" : 2.4076229167658894,
    "annotate" : 0.7898104675721012,
    "source" : 2.422161567259642,
    "join" : 0.7947053485383165,
    "senMLParse" : 2.4119328361092642,
    "mqttPublish" : 0.7813238152267928,
    "csvToSenML" : 0.7865010988787076
  },
  "recsOutPerModule" : {
    "bloomFilter" : 1.6192013432342274,
    "interpolation" : 0.7797646748383327,
    "azureTableInsert" : 0.7861340088859656,
    "sink" : 1.5530625008598495,
    "rangeFilter" : 2.404167824852793,
    "annotate" : 0.7893702890042253,
    "source" : 2.4221564745041535,
    "join" : 0.7937538844337921,
    "senMLParse" : 2.4117359082827545,
    "mqttPublish" : 0.7811866997451322,
    "csvToSenML" : 0.7852227350761363
  },
  "remainingDataPerDevice" : {
    "bloomFilter" : 80000,
    "interpolation" : 5000,
    "azureTableInsert" : 0,
    "sink" : 0,
    "rangeFilter" : 340000,
    "annotate" : 0,
    "source" : 0,
    "join" : 0,
    "senMLParse" : 0,
    "mqttPublish" : 120000,
    "csvToSenML" : 0
  },
  "executionTime" : 820.0,
  "networkUsage" : 355348.14,
  "tuplesSentBySensors" : 4800
}