{
  "placement" : {
    "annotate" : "cloud-0-0-1-0-1-0-1-0",
    "azureTableInsert" : "cloud-0-0-0-1-0-1-1-0-0",
    "bloomFilter" : "cloud-1-1-0-0-0-0-0-0-0",
    "csvToSenML" : "cloud-1-1-1-0-1-0-0",
    "interpolation" : "cloud-1-0-1-1-0-0-0-1-0",
    "join" : "cloud-0-0-0-0-1-1-0",
    "mqttPublish" : "cloud-0-0-0-0-0-1-1-0",
    "rangeFilter" : "cloud-0-1-0-1-0-0-1-1-0",
    "senMLParse" : "cloud-1-1-1-0-0-0-1-0-0",
    "sink" : "cloud-1-0-1-0-1-0-1-0",
    "source" : "cloud-0-0-0-1-1-0-1-0-1"
  },
  "appLoopLatency" : 74.65113049999982,
  "latencyPerTupleType" : {
    "rangeFilter_TUPLE" : 0.18184021793800298,
    "join_TUPLE" : 0.7655315603174091,
    "bloomFilter_TUPLE" : 0.1637549713698054,
    "sink_TUPLE" : 0.21337112858056853,
    "interpolation_TUPLE" : 0.3760620434920381,
    "mqttPublish_TUPLE" : 0.4420803555556481,
    "csvToSenML_TUPLE" : 0.416781897354649,
    "senMLParse_TUPLE" : 0.16802783000001528,
    "annotate_TUPLE" : 0.881941168888909,
    "azureTableInsert_TUPLE" : 0.252044173545172,
    "TUPLE" : 0.09224444444444176
  },
  "tuplesProcessedPerModule" : {
    "bloomFilter" : 3161,
    "interpolation" : 1575,
    "azureTableInsert" : 1575,
    "sink" : 3105,
    "rangeFilter" : 4798,
    "annotate" : 1575,
    "source" : 4800,
    "join" : 1575,
    "senMLParse" : 4800,
    "mqttPublish" : 1575,
    "csvToSenML" : 1575
  },
  "recsInPerModule" : {
    "bloomFilter" : 1.6210377859238636,
    "interpolation" : 0.8033724707148108,
    "azureTableInsert" : 0.7925651768508116,
    "sink" : 1.5525959966223226,
    "rangeFilter" : 2.4000675393005957,
    "annotate" : 0.795995552877462,
    "source" : 2.422283799816411,
    "join" : 0.7990267821325234,
    "senMLParse" : 2.411209662886422,
    "mqttPublish" : 0.7880518153555217,
    "csvToSenML" : 0.7917683358058687
  },
  "recsOutPerModule" : {
    "bloomFilter" : 1.620937342472764,
    "interpolation" : 0.8031010815647559,
    "azureTableInsert" : 0.7923695484613766,
    "sink" : 1.5525341748880077,
    "rangeFilter" : 2.399067517157058,
    "annotate" : 0.7953273049353287,
    "source" : 2.422282526497027,
    "join" : 0.7984166731264277,
    "senMLParse" : 2.4110380833525493,
    "mqttPublish" : 0.7877044898579001,
    "csvToSenML" : 0.7914177272778671
  },
  "remainingDataPerDevice" : {
    "bloomFilter" : 0,
    "interpolation" : 0,
    "azureTableInsert" : 0,
    "sink" : 0,
    "rangeFilter" : 485000,
    "annotate" : 0,
    "source" : 0,
    "join" : 0,
    "senMLParse" : 0,
    "mqttPublish" : 225000,
    "csvToSenML" : 0
  },
  "executionTime" : 576.0,
  "networkUsage" : 466782.38,
  "tuplesSentBySensors" : 4800
}