{
  "placement" : {
    "annotate" : "cloud-0-0-1-1-1-1-1-1-1",
    "azureTableInsert" : "cloud-1-0-0-0-0-1-0-0",
    "bloomFilter" : "cloud-1-0-1-1-1-1-1-0",
    "csvToSenML" : "cloud-1-1-1-1-0-0-1-1-0",
    "interpolation" : "cloud-0-1-1-1-0-1-0-0-1",
    "join" : "cloud-1-0-1-0-0-1-1-1",
    "mqttPublish" : "cloud-1-0-0-1-0-1-1-0-0",
    "rangeFilter" : "cloud-1-1-0-1-0-1",
    "senMLParse" : "cloud-0-0-1-0-1-0-0-1-0",
    "sink" : "cloud-1-1-0-0-1-0-1-1",
    "source" : "cloud-0-0-1-1-1-1"
  },
  "appLoopLatency" : 60.190519545454244,
  "latencyPerTupleType" : {
    "rangeFilter_TUPLE" : 0.1754022929292449,
    "join_TUPLE" : 1.8134265948222774,
    "bloomFilter_TUPLE" : 0.15039059253811515,
    "sink_TUPLE" : 0.30733938705703334,
    "interpolation_TUPLE" : 4.671971404247687,
    "mqttPublish_TUPLE" : 0.30631756425524875,
    "csvToSenML_TUPLE" : 0.6185651168192365,
    "senMLParse_TUPLE" : 0.12178076565650765,
    "annotate_TUPLE" : 0.8544472398223902,
    "azureTableInsert_TUPLE" : 1.0493507044000785,
    "TUPLE" : 0.0925081818181871
  },
  "tuplesProcessedPerModule" : {
    "bloomFilter" : 3339,
    "interpolation" : 1608,
    "azureTableInsert" : 1607,
    "sink" : 3214,
    "rangeFilter" : 4800,
    "annotate" : 1607,
    "source" : 4800,
    "join" : 1607,
    "senMLParse" : 4800,
    "mqttPublish" : 1607,
    "csvToSenML" : 1607
  },
  "recsInPerModule" : {
    "bloomFilter" : 1.6700155718884575,
    "interpolation" : 0.8045213164627141,
    "azureTableInsert" : 0.8113020276191368,
    "sink" : 1.6101193372527927,
    "rangeFilter" : 2.4087426788145256,
    "annotate" : 0.8157991928908324,
    "source" : 2.424486097340086,
    "join" : 0.8205106594712298,
    "senMLParse" : 2.4194732527313247,
    "mqttPublish" : 0.8076966027795487,
    "csvToSenML" : 0.8111382452063796
  },
  "recsOutPerModule" : {
    "bloomFilter" : 1.669897250971482,
    "interpolation" : 0.8049176806107818,
    "azureTableInsert" : 0.8104861514708576,
    "sink" : 1.6097026902071039,
    "rangeFilter" : 2.4085714501853595,
    "annotate" : 0.8151308366823338,
    "source" : 2.4244837780032755,
    "join" : 0.8190431876429392,
    "senMLParse" : 2.4193051140301765,
    "mqttPublish" : 0.8074869124920951,
    "csvToSenML" : 0.8106710880483186
  },
  "remainingDataPerDevice" : {
    "bloomFilter" : 250000,
    "interpolation" : 5000,
    "azureTableInsert" : 0,
    "sink" : 0,
    "rangeFilter" : 0,
    "annotate" : 0,
    "source" : 0,
    "join" : 0,
    "senMLParse" : 0,
    "mqttPublish" : 0,
    "csvToSenML" : 0
  },
  "executionTime" : 647.0,
  "networkUsage" : 407733.29,
  "tuplesSentBySensors" : 4800
}