{
  "placement" : {
    "annotate" : "cloud-0-1-0-1-0-0",
    "azureTableInsert" : "cloud-1-1-1-1-0-1-0-1",
    "bloomFilter" : "cloud-0-0-1-0-0-0-0",
    "csvToSenML" : "cloud-0-1-0-1-1-0-1-0-1",
    "interpolation" : "cloud-0-1-0-1-1-1-1-1-1",
    "join" : "cloud-1-0-1-0-0-0-0-1-0",
    "mqttPublish" : "cloud-0-1-0-1-1-0-1-0-0",
    "rangeFilter" : "cloud-0-0-1-0-1-0-1-0-1",
    "senMLParse" : "cloud-0-1-1-1-1-0-1",
    "sink" : "cloud-1-0-1-1-0-0-1-0-1",
    "source" : "cloud-0-0-1-1"
  },
  "appLoopLatency" : 53.71970434343399,
  "latencyPerTupleType" : {
    "rangeFilter_TUPLE" : 16.111317267950383,
    "join_TUPLE" : 5.1107113442189664,
    "bloomFilter_TUPLE" : 1.814303371423525,
    "sink_TUPLE" : 0.3226268109896577,
    "interpolation_TUPLE" : 1.4275628553925779,
    "mqttPublish_TUPLE" : 0.5453088429926516,
    "csvToSenML_TUPLE" : 0.6575910090432784,
    "senMLParse_TUPLE" : 0.11469354444437826,
    "annotate_TUPLE" : 0.9100691495726114,
    "azureTableInsert_TUPLE" : 2.8898690216913043,
    "TUPLE" : 0.09262750000000362
  },
  "tuplesProcessedPerModule" : {
    "bloomFilter" : 3238,
    "interpolation" : 1632,
    "azureTableInsert" : 1622,
    "sink" : 3223,
    "rangeFilter" : 4726,
    "annotate" : 1622,
    "source" : 4800,
    "join" : 1623,
    "senMLParse" : 4800,
    "mqttPublish" : 1622,
    "csvToSenML" : 1622
  },
  "recsInPerModule" : {
    "bloomFilter" : 1.626644325542449,
    "interpolation" : 0.8173959269668494,
    "azureTableInsert" : 0.8153468192744687,
    "sink" : 1.614307255123669,
    "rangeFilter" : 2.4134828535795076,
    "annotate" : 0.8189272395643568,
    "source" : 2.425711327212792,
    "join" : 0.8118162585833429,
    "senMLParse" : 2.421910768384425,
    "mqttPublish" : 0.8166411832627875,
    "csvToSenML" : 0.8171130489730125
  },
  "recsOutPerModule" : {
    "bloomFilter" : 1.6264945262372814,
    "interpolation" : 0.8173038229940539,
    "azureTableInsert" : 0.8141867794835872,
    "sink" : 1.614049567859661,
    "rangeFilter" : 2.364386645776793,
    "annotate" : 0.8185571668820991,
    "source" : 2.4257049425991246,
    "join" : 0.8116805028630277,
    "senMLParse" : 2.421763117749853,
    "mqttPublish" : 0.8164202441216765,
    "csvToSenML" : 0.8168468586234651
  },
  "remainingDataPerDevice" : {
    "bloomFilter" : 0,
    "interpolation" : 45000,
    "azureTableInsert" : 105000,
    "sink" : 0,
    "rangeFilter" : 215000,
    "annotate" : 0,
    "source" : 0,
    "join" : 5000,
    "senMLParse" : 0,
    "mqttPublish" : 0,
    "csvToSenML" : 0
  },
  "executionTime" : 1070.0,
  "networkUsage" : 319219.63,
  "tuplesSentBySensors" : 4800
}