{
  "placement" : {
    "annotate" : "cloud-1-1-1-1-1-1-1-0-0",
    "azureTableInsert" : "cloud-1-1-0-1-0-0-0-0",
    "bloomFilter" : "cloud-0-1-0-0-1-0-0-0",
    "csvToSenML" : "cloud-0-0-0-1-0-0",
    "interpolation" : "cloud-1-1-0-1-0-0-1-0-1",
    "join" : "cloud-0-0-0-0-0-1-1-1-0",
    "mqttPublish" : "cloud-1-1-1-1-0-1-0-0",
    "rangeFilter" : "cloud-0-0-0-1-0-1-0-0-0",
    "senMLParse" : "cloud-0-0-0-1-0-1-1-0-1",
    "sink" : "cloud-0-0-0-0-1-0-1-1-1",
    "source" : "cloud-0-0-0-0-0-1-1-1-1"
  },
  "appLoopLatency" : 58.07328939393923,
  "latencyPerTupleType" : {
    "rangeFilter_TUPLE" : 1.7019310000007903,
    "join_TUPLE" : 1.2918505743418542,
    "bloomFilter_TUPLE" : 1.0782684307134494,
    "sink_TUPLE" : 0.3683267907332797,
    "interpolation_TUPLE" : 2.4067921103696577,
    "mqttPublish_TUPLE" : 0.3882433968722505,
    "csvToSenML_TUPLE" : 0.8346358070429838,
    "senMLParse_TUPLE" : 3.3509049111110736,
    "annotate_TUPLE" : 0.6759274727653336,
    "azureTableInsert_TUPLE" : 0.8346358070429838,
    "TUPLE" : 0.09374555555555321
  },
  "tuplesProcessedPerModule" : {
    "bloomFilter" : 3283,
    "interpolation" : 1607,
    "azureTableInsert" : 1605,
    "sink" : 3185,
    "rangeFilter" : 4800,
    "annotate" : 1605,
    "source" : 4800,
    "join" : 1605,
    "senMLParse" : 4800,
    "mqttPublish" : 1581,
    "csvToSenML" : 1605
  },
  "recsInPerModule" : {
    "bloomFilter" : 1.6446055746515087,
    "interpolation" : 0.8050159973144903,
    "azureTableInsert" : 0.8075767318294061,
    "sink" : 1.5954696749013793,
    "rangeFilter" : 2.4067822160134282,
    "annotate" : 0.8101858254392913,
    "source" : 2.421428430899243,
    "join" : 0.8151427203874474,
    "senMLParse" : 2.414115073328142,
    "mqttPublish" : 0.7935523639993207,
    "csvToSenML" : 0.8066026874105442
  },
  "recsOutPerModule" : {
    "bloomFilter" : 1.644104781236572,
    "interpolation" : 0.8035963287356452,
    "azureTableInsert" : 0.8070285414324111,
    "sink" : 1.5950265928116718,
    "rangeFilter" : 2.4029467175400656,
    "annotate" : 0.809736205205408,
    "source" : 2.421422068811308,
    "join" : 0.8142554854634223,
    "senMLParse" : 2.4093236246559298,
    "mqttPublish" : 0.7935042380037656,
    "csvToSenML" : 0.8060558181486662
  },
  "remainingDataPerDevice" : {
    "bloomFilter" : 80000,
    "interpolation" : 10000,
    "azureTableInsert" : 0,
    "sink" : 0,
    "rangeFilter" : 240000,
    "annotate" : 0,
    "source" : 0,
    "join" : 0,
    "senMLParse" : 0,
    "mqttPublish" : 5000,
    "csvToSenML" : 120000
  },
  "executionTime" : 761.0,
  "networkUsage" : 357292.76,
  "tuplesSentBySensors" : 4800
}