{
  "placement" : {
    "annotate" : "cloud-0-0-0-0-1-1-1-0-0",
    "azureTableInsert" : "cloud-0-0-0-1-0-0-0-1-1",
    "bloomFilter" : "cloud-1-1-1-1-0-1-1-1-1",
    "csvToSenML" : "cloud-1-0-1-1-1-1-1-1",
    "interpolation" : "cloud-1-0-0-0-1-1-1-0",
    "join" : "cloud-1-0-1-1-1-0-0",
    "mqttPublish" : "cloud-0-0-0-1-1-0-1",
    "rangeFilter" : "cloud-1-1-1-0",
    "senMLParse" : "cloud-0-1-0-1-1-1-1-1-1",
    "sink" : "cloud-0-1-0-1-1-0",
    "source" : "cloud-0-0-1-1-0-0-1-1-1"
  },
  "appLoopLatency" : 59.04904227272697,
  "latencyPerTupleType" : {
    "rangeFilter_TUPLE" : 1.6946124555555253,
    "join_TUPLE" : 3.4886009551632267,
    "bloomFilter_TUPLE" : 0.5892819755861372,
    "sink_TUPLE" : 0.22698640339147255,
    "interpolation_TUPLE" : 1.7349351545550382,
    "mqttPublish_TUPLE" : 0.7277302731074875,
    "csvToSenML_TUPLE" : 1.6755332808971823,
    "senMLParse_TUPLE" : 0.18412672222216286,
    "annotate_TUPLE" : 1.3589378706186332,
    "azureTableInsert_TUPLE" : 0.6678170776104194,
    "TUPLE" : 0.09277972222221746
  },
  "tuplesProcessedPerModule" : {
    "bloomFilter" : 3319,
    "interpolation" : 1595,
    "azureTableInsert" : 1595,
    "sink" : 3190,
    "rangeFilter" : 4800,
    "annotate" : 1595,
    "source" : 4800,
    "join" : 1595,
    "senMLParse" : 4800,
    "mqttPublish" : 1595,
    "csvToSenML" : 1595
  },
  "recsInPerModule" : {
    "bloomFilter" : 1.6605395641887644,
    "interpolation" : 0.8173798683675555,
    "azureTableInsert" : 0.8052355062987583,
    "sink" : 1.5969639422637767,
    "rangeFilter" : 2.4074053111443723,
    "annotate" : 0.8086483338912628,
    "source" : 2.4228951476981737,
    "join" : 0.8135491740442837,
    "senMLParse" : 2.4149652822578553,
    "mqttPublish" : 0.8006985752869005,
    "csvToSenML" : 0.8045044494993197
  },
  "recsOutPerModule" : {
    "bloomFilter" : 1.6602362554132517,
    "interpolation" : 0.8164228076718403,
    "azureTableInsert" : 0.8049254979046413,
    "sink" : 1.5967674312649487,
    "rangeFilter" : 2.404922608028944,
    "annotate" : 0.8080099585800474,
    "source" : 2.422888777900579,
    "join" : 0.8121485039626667,
    "senMLParse" : 2.4147931678337398,
    "mqttPublish" : 0.8003654262799785,
    "csvToSenML" : 0.8037249144300207
  },
  "remainingDataPerDevice" : {
    "bloomFilter" : 190000,
    "interpolation" : 0,
    "azureTableInsert" : 0,
    "sink" : 0,
    "rangeFilter" : 155000,
    "annotate" : 0,
    "source" : 0,
    "join" : 0,
    "senMLParse" : 0,
    "mqttPublish" : 0,
    "csvToSenML" : 0
  },
  "executionTime" : 704.0,
  "networkUsage" : 352728.53,
  "tuplesSentBySensors" : 4800
}