{
  "placement" : {
    "annotate" : "cloud-0-1-0-0-0-1-0-0-0",
    "azureTableInsert" : "cloud-0-1-1-1-1-0-1-0",
    "bloomFilter" : "cloud-1-1-0-1-0-0-0-0",
    "csvToSenML" : "cloud-0-0-1-0-0-1-0-0",
    "interpolation" : "cloud-1-1-0-1-0",
    "join" : "cloud-1-1-1-0-0-0-1",
    "mqttPublish" : "cloud-1-0-1-1-1-1-1-0-1",
    "rangeFilter" : "cloud-1-0-1-0-1-1-0-0",
    "senMLParse" : "cloud-1-1-0-0-0-1",
    "sink" : "cloud-0-0-1-1-1-1-0-1",
    "source" : "cloud-1-0-0-1-1-1"
  },
  "appLoopLatency" : 42.800656818181075,
  "latencyPerTupleType" : {
    "rangeFilter_TUPLE" : 1.7107710000017824,
    "join_TUPLE" : 8.062446559509661,
    "bloomFilter_TUPLE" : 2.315827475057138,
    "sink_TUPLE" : 1.7535323371762004,
    "interpolation_TUPLE" : 4.4204697710401355,
    "mqttPublish_TUPLE" : 0.6629030196095459,
    "csvToSenML_TUPLE" : 0.8485467770155873,
    "senMLParse_TUPLE" : 5.26292919999992,
    "annotate_TUPLE" : 1.259919977098207,
    "azureTableInsert_TUPLE" : 1.4474383115678453,
    "TUPLE" : 0.09563500000000541
  },
  "tuplesProcessedPerModule" : {
    "bloomFilter" : 3274,
    "interpolation" : 1616,
    "azureTableInsert" : 1601,
    "sink" : 3202,
    "rangeFilter" : 4800,
    "annotate" : 1601,
    "source" : 4800,
    "join" : 1602,
    "senMLParse" : 4800,
    "mqttPublish" : 1601,
    "csvToSenML" : 1601
  },
  "recsInPerModule" : {
    "bloomFilter" : 1.6384010732164243,
    "interpolation" : 0.8089584796236767,
    "azureTableInsert" : 0.8088477094148042,
    "sink" : 1.6032725995567878,
    "rangeFilter" : 2.4030161597504924,
    "annotate" : 0.8111461369011864,
    "source" : 2.424486097340086,
    "join" : 0.802223044747208,
    "senMLParse" : 2.417756704371552,
    "mqttPublish" : 0.804921289096698,
    "csvToSenML" : 0.8083168265236901
  },
  "recsOutPerModule" : {
    "bloomFilter" : 1.638250771699177,
    "interpolation" : 0.8087914685032338,
    "azureTableInsert" : 0.8082461852098056,
    "sink" : 1.6019808401972353,
    "rangeFilter" : 2.4002173936898776,
    "annotate" : 0.8106088113425782,
    "source" : 2.424473341042541,
    "join" : 0.8017570463965736,
    "senMLParse" : 2.410867784132402,
    "mqttPublish" : 0.8046586371341772,
    "csvToSenML" : 0.8079679623661955
  },
  "remainingDataPerDevice" : {
    "bloomFilter" : 0,
    "interpolation" : 60000,
    "azureTableInsert" : 0,
    "sink" : 0,
    "rangeFilter" : 400000,
    "annotate" : 0,
    "source" : 0,
    "join" : 5000,
    "senMLParse" : 0,
    "mqttPublish" : 0,
    "csvToSenML" : 0
  },
  "executionTime" : 823.0,
  "networkUsage" : 307516.9,
  "tuplesSentBySensors" : 4800
}