{
  "placement" : {
    "annotate" : "cloud-0-1-1-0-1",
    "azureTableInsert" : "cloud-1-1-0-0-0-1-1-1",
    "bloomFilter" : "cloud-1-1-1-1-1-1-0-0",
    "csvToSenML" : "cloud-1-0-0-1-1-1-1-1-1",
    "interpolation" : "cloud-0-0-0-1-1",
    "join" : "cloud-1-1-0-1-1-1-0-0-1",
    "mqttPublish" : "cloud-1-0-1-0-1-0",
    "rangeFilter" : "cloud-0-0-0-1-0-0-0",
    "senMLParse" : "cloud-1-0-0-0-0-0-0-1-0",
    "sink" : "cloud-1-0-1-1-1-1-0-0",
    "source" : "cloud-0-0-1-0-1-0-1-0-0"
  },
  "appLoopLatency" : 68.2249489393938,
  "latencyPerTupleType" : {
    "rangeFilter_TUPLE" : 0.22589505975954716,
    "join_TUPLE" : 1.0744781121103177,
    "bloomFilter_TUPLE" : 0.16424714950598132,
    "sink_TUPLE" : 0.19097624914222458,
    "interpolation_TUPLE" : 0.1697944904648236,
    "mqttPublish_TUPLE" : 0.24526610241286573,
    "csvToSenML_TUPLE" : 0.46933541210706253,
    "senMLParse_TUPLE" : 0.18965574747469446,
    "annotate_TUPLE" : 1.1394601271355167,
    "azureTableInsert_TUPLE" : 1.5646912182615542,
    "TUPLE" : 0.09109909090908981
  },
  "tuplesProcessedPerModule" : {
    "bloomFilter" : 3288,
    "interpolation" : 1678,
    "azureTableInsert" : 1678,
    "sink" : 3356,
    "rangeFilter" : 4797,
    "annotate" : 1678,
    "source" : 4800,
    "join" : 1678,
    "senMLParse" : 4800,
    "mqttPublish" : 1678,
    "csvToSenML" : 1678
  },
  "recsInPerModule" : {
    "bloomFilter" : 1.6872040205360879,
    "interpolation" : 0.857948687336564,
    "azureTableInsert" : 0.84647000584415,
    "sink" : 1.6818854939066676,
    "rangeFilter" : 2.3992114457763685,
    "annotate" : 0.8499255877746055,
    "source" : 2.421428430899243,
    "join" : 0.8541791135135463,
    "senMLParse" : 2.410119006432551,
    "mqttPublish" : 0.8427444204631196,
    "csvToSenML" : 0.8459579332481192
  },
  "recsOutPerModule" : {
    "bloomFilter" : 1.687081378458229,
    "interpolation" : 0.8578911167253196,
    "azureTableInsert" : 0.8456497098605826,
    "sink" : 1.681678308975644,
    "rangeFilter" : 2.398711401706803,
    "annotate" : 0.8492552594768613,
    "source" : 2.421426117408853,
    "join" : 0.8536875105285421,
    "senMLParse" : 2.4099475820783405,
    "mqttPublish" : 0.842589897408724,
    "csvToSenML" : 0.8456327006120721
  },
  "remainingDataPerDevice" : {
    "bloomFilter" : 0,
    "interpolation" : 0,
    "azureTableInsert" : 0,
    "sink" : 0,
    "rangeFilter" : 490000,
    "annotate" : 0,
    "source" : 0,
    "join" : 0,
    "senMLParse" : 10000,
    "mqttPublish" : 0,
    "csvToSenML" : 0
  },
  "executionTime" : 617.0,
  "networkUsage" : 410110.02,
  "tuplesSentBySensors" : 4800
}