{
  "placement" : {
    "annotate" : "cloud-1-0-1-0-0-0-1-1",
    "azureTableInsert" : "cloud-1-1-1-1-1-0-1-1",
    "bloomFilter" : "cloud-0-1-0-0-1-1-1",
    "csvToSenML" : "cloud-1-1-1-1-0-1-0-0",
    "interpolation" : "cloud-1-1-1-0-1-0-1-0-1",
    "join" : "cloud-0-1-0-1-1-0-1",
    "mqttPublish" : "cloud-1-0-0-1-0-1-1-0",
    "rangeFilter" : "cloud-0-1-0-0-1-1-0-0-0",
    "senMLParse" : "cloud-1-0-0-0-1-1-1-0",
    "sink" : "cloud-0-0-0-0-1-0-0-0-0",
    "source" : "cloud-1-1-1-0-1-1-0-1-1"
  },
  "appLoopLatency" : 65.01855004545438,
  "latencyPerTupleType" : {
    "rangeFilter_TUPLE" : 3.740861648173701,
    "join_TUPLE" : 2.6969434820553797,
    "bloomFilter_TUPLE" : 2.45333181034855,
    "sink_TUPLE" : 1.6997005758246027,
    "interpolation_TUPLE" : 1.0484335832826843,
    "mqttPublish_TUPLE" : 0.6723636294341044,
    "csvToSenML_TUPLE" : 1.6777871168365512,
    "senMLParse_TUPLE" : 6.10661156000003,
    "annotate_TUPLE" : 0.7301752731376299,
    "azureTableInsert_TUPLE" : 1.534524452702908,
    "TUPLE" : 0.09686972222222434
  },
  "tuplesProcessedPerModule" : {
    "bloomFilter" : 3307,
    "interpolation" : 1627,
    "azureTableInsert" : 1627,
    "sink" : 3192,
    "rangeFilter" : 4686,
    "annotate" : 1627,
    "source" : 4800,
    "join" : 1627,
    "senMLParse" : 4800,
    "mqttPublish" : 1596,
    "csvToSenML" : 1627
  },
  "recsInPerModule" : {
    "bloomFilter" : 1.6545012651470121,
    "interpolation" : 0.8276363946394325,
    "azureTableInsert" : 0.8169730497719544,
    "sink" : 1.6041228509221415,
    "rangeFilter" : 2.343467345389487,
    "annotate" : 0.819749929882393,
    "source" : 2.4224060447105504,
    "join" : 0.8234605696114046,
    "senMLParse" : 2.41169299238344,
    "mqttPublish" : 0.8051848482945723,
    "csvToSenML" : 0.816399132629962
  },
  "recsOutPerModule" : {
    "bloomFilter" : 1.6543871436363418,
    "interpolation" : 0.8271866855243307,
    "azureTableInsert" : 0.8163303951369204,
    "sink" : 1.6040002592977523,
    "rangeFilter" : 2.343203682394291,
    "annotate" : 0.8194419985767262,
    "source" : 2.4224034978160724,
    "join" : 0.8223193468806852,
    "senMLParse" : 2.4043993489242883,
    "mqttPublish" : 0.8051365359668247,
    "csvToSenML" : 0.8156973499737274
  },
  "remainingDataPerDevice" : {
    "bloomFilter" : 15000,
    "interpolation" : 0,
    "azureTableInsert" : 155000,
    "sink" : 0,
    "rangeFilter" : 80000,
    "annotate" : 0,
    "source" : 0,
    "join" : 0,
    "senMLParse" : 570000,
    "mqttPublish" : 0,
    "csvToSenML" : 155000
  },
  "executionTime" : 794.0,
  "networkUsage" : 394713.55,
  "tuplesSentBySensors" : 4800
}