{
  "placement" : {
    "annotate" : "cloud-1-0-0-0-1-1-1-0",
    "azureTableInsert" : "cloud-1-1-0-1-1-0-0",
    "bloomFilter" : "cloud-0-1-1-1-0-1-1-1-1",
    "csvToSenML" : "cloud-1-0-0-1-0-1-1-0-1",
    "interpolation" : "cloud-1-1-1-1-1-0-1-1",
    "join" : "cloud-0-1-0-1-0-1-1-0-0",
    "mqttPublish" : "cloud-1-1-0-1-0-1",
    "rangeFilter" : "cloud-1-1-1-1-1-0-0-1-0",
    "senMLParse" : "cloud-1-1-1-0-0-1-0-0-0",
    "sink" : "cloud-1-1-1-1-1-1-0-0",
    "source" : "cloud-1-1-1-1-1-0-1-0"
  },
  "appLoopLatency" : 64.28562924242419,
  "latencyPerTupleType" : {
    "rangeFilter_TUPLE" : 3.9480079070706626,
    "join_TUPLE" : 5.655318958920918,
    "bloomFilter_TUPLE" : 1.7506921353409668,
    "sink_TUPLE" : 0.3361763548847148,
    "interpolation_TUPLE" : 1.379200425348172,
    "mqttPublish_TUPLE" : 0.3362084213255238,
    "csvToSenML_TUPLE" : 1.2955305471134695,
    "senMLParse_TUPLE" : 0.106174917171642,
    "annotate_TUPLE" : 2.4928539341443225,
    "azureTableInsert_TUPLE" : 3.1258776184959447,
    "TUPLE" : 0.09767808080808132
  },
  "tuplesProcessedPerModule" : {
    "bloomFilter" : 3271,
    "interpolation" : 1645,
    "azureTableInsert" : 1645,
    "sink" : 3220,
    "rangeFilter" : 4800,
    "annotate" : 1645,
    "source" : 4800,
    "join" : 1645,
    "senMLParse" : 4800,
    "mqttPublish" : 1610,
    "csvToSenML" : 1645
  },
  "recsInPerModule" : {
    "bloomFilter" : 1.6357445192694628,
    "interpolation" : 0.8414647273319334,
    "azureTableInsert" : 0.8244915258012104,
    "sink" : 1.6209606635133649,
    "rangeFilter" : 2.409715904792405,
    "annotate" : 0.829250201173327,
    "source" : 2.424853536320517,
    "join" : 0.8367605447692316,
    "senMLParse" : 2.4182520074619624,
    "mqttPublish" : 0.8130349604626708,
    "csvToSenML" : 0.8255259524956552
  },
  "recsOutPerModule" : {
    "bloomFilter" : 1.6355388071231414,
    "interpolation" : 0.8405666680355105,
    "azureTableInsert" : 0.822571410352976,
    "sink" : 1.620845072044011,
    "rangeFilter" : 2.4047661769702793,
    "annotate" : 0.827687289556345,
    "source" : 2.424848896245216,
    "join" : 0.8332413146711614,
    "senMLParse" : 2.418092113349653,
    "mqttPublish" : 0.8129767998233068,
    "csvToSenML" : 0.8247300916608074
  },
  "remainingDataPerDevice" : {
    "bloomFilter" : 90000,
    "interpolation" : 0,
    "azureTableInsert" : 175000,
    "sink" : 0,
    "rangeFilter" : 340000,
    "annotate" : 0,
    "source" : 0,
    "join" : 0,
    "senMLParse" : 0,
    "mqttPublish" : 0,
    "csvToSenML" : 175000
  },
  "executionTime" : 735.0,
  "networkUsage" : 393985.7,
  "tuplesSentBySensors" : 4800
}