{
  "placement" : {
    "annotate" : "cloud-0-0-0-0-0-0-1-0-0",
    "azureTableInsert" : "cloud-0-0-0-0-0-0-0-1-0",
    "bloomFilter" : "cloud-1-1-1-0-1-1-0-0-0",
    "csvToSenML" : "cloud-0-1-0-1-1-1-0-1",
    "interpolation" : "cloud-0-1-1-0-1-1-0-0-0",
    "join" : "cloud-1-0-1-1-0-0-0-0",
    "mqttPublish" : "cloud-1-0-1-1-1-0-0-0",
    "rangeFilter" : "cloud-1-1-0-0-1-1-0-1-0",
    "senMLParse" : "cloud-0-1-1-0-0-0-1-0",
    "sink" : "cloud-1-0-0-0-1-1-0",
    "source" : "cloud-1-0-0-0-0-1-0-0"
  },
  "appLoopLatency" : 90.47347466667382,
  "latencyPerTupleType" : {
    "rangeFilter_TUPLE" : 32.37562962840846,
    "join_TUPLE" : 6.529894331920464,
    "bloomFilter_TUPLE" : 2.6532115730024737,
    "sink_TUPLE" : 0.640580884764128,
    "interpolation_TUPLE" : 2.6028153672736343,
    "mqttPublish_TUPLE" : 1.1889293252459208,
    "csvToSenML_TUPLE" : 1.4399457950206387,
    "senMLParse_TUPLE" : 5.184770907070684,
    "annotate_TUPLE" : 1.1340529618995887,
    "azureTableInsert_TUPLE" : 6.98697212430978,
    "TUPLE" : 0.09573979797980352
  },
  "tuplesProcessedPerModule" : {
    "bloomFilter" : 3169,
    "interpolation" : 1566,
    "azureTableInsert" : 1566,
    "sink" : 3114,
    "rangeFilter" : 4694,
    "annotate" : 1566,
    "source" : 4800,
    "join" : 1566,
    "senMLParse" : 4800,
    "mqttPublish" : 1566,
    "csvToSenML" : 1566
  },
  "recsInPerModule" : {
    "bloomFilter" : 1.6241861518360385,
    "interpolation" : 0.8000829211525413,
    "azureTableInsert" : 0.7893553253484418,
    "sink" : 1.55756865014252,
    "rangeFilter" : 2.3479378191935867,
    "annotate" : 0.7910600122414421,
    "source" : 2.4224060447105504,
    "join" : 0.795515584839059,
    "senMLParse" : 2.411327460464063,
    "mqttPublish" : 0.7852905892522516,
    "csvToSenML" : 0.7885206605009553
  },
  "recsOutPerModule" : {
    "bloomFilter" : 1.6270497188614423,
    "interpolation" : 0.799863267988278,
    "azureTableInsert" : 0.786682439521198,
    "sink" : 1.557223015098723,
    "rangeFilter" : 2.347453463454169,
    "annotate" : 0.7908702470639334,
    "source" : 2.422401413997302,
    "join" : 0.7947938835163156,
    "senMLParse" : 2.4045378122452505,
    "mqttPublish" : 0.785103581675124,
    "csvToSenML" : 0.7882949085820512
  },
  "remainingDataPerDevice" : {
    "bloomFilter" : 0,
    "interpolation" : 0,
    "azureTableInsert" : 0,
    "sink" : 0,
    "rangeFilter" : 145000,
    "annotate" : 0,
    "source" : 0,
    "join" : 0,
    "senMLParse" : 530000,
    "mqttPublish" : 90000,
    "csvToSenML" : 0
  },
  "executionTime" : 861.0,
  "networkUsage" : 408920.22,
  "tuplesSentBySensors" : 4800
}