{
  "placement" : {
    "annotate" : "cloud-0-0-1-0-1-1-0-0-0",
    "azureTableInsert" : "cloud-1-0-0-0-1-0",
    "bloomFilter" : "cloud-0-1-1-1-1-0-1-0",
    "csvToSenML" : "cloud-0-1-1-1-1-0-1-1-1",
    "interpolation" : "cloud-1-1-0-0-0-1",
    "join" : "cloud-1-0-0-0-0-0-1-0-0",
    "mqttPublish" : "cloud-1-0-0-0-0-1-1-1",
    "rangeFilter" : "cloud-0-0-1-0-0-0-0-0-0",
    "senMLParse" : "cloud-0-0-0-1-1-1-1-0-1",
    "sink" : "cloud-1-0-0-1-1-0-0-0-1",
    "source" : "cloud-1-0-0-1-1-0-1-1"
  },
  "appLoopLatency" : 58.2671909280302,
  "latencyPerTupleType" : {
    "rangeFilter_TUPLE" : 2.7495307977525516,
    "join_TUPLE" : 4.833475540357166,
    "bloomFilter_TUPLE" : 1.4884820435643284,
    "sink_TUPLE" : 0.5237536701661413,
    "interpolation_TUPLE" : 3.2864193067666063,
    "mqttPublish_TUPLE" : 0.47672247710796983,
    "csvToSenML_TUPLE" : 2.6955391545368492,
    "senMLParse_TUPLE" : 0.3390757313130552,
    "annotate_TUPLE" : 0.9280156593981284,
    "azureTableInsert_TUPLE" : 1.1345244714442448,
    "TUPLE" : 0.09563500000000862
  },
  "tuplesProcessedPerModule" : {
    "bloomFilter" : 3245,
    "interpolation" : 1606,
    "azureTableInsert" : 1605,
    "sink" : 3187,
    "rangeFilter" : 4714,
    "annotate" : 1605,
    "source" : 4800,
    "join" : 1605,
    "senMLParse" : 4800,
    "mqttPublish" : 1605,
    "csvToSenML" : 1605
  },
  "recsInPerModule" : {
    "bloomFilter" : 1.6229859990999655,
    "interpolation" : 0.8035218632227615,
    "azureTableInsert" : 0.8078738288440726,
    "sink" : 1.598459702581587,
    "rangeFilter" : 2.403884208305313,
    "annotate" : 0.8114511982060011,
    "source" : 2.423017454307191,
    "join" : 0.8174403458687434,
    "senMLParse" : 2.4115617242493164,
    "mqttPublish" : 0.8039904766487773,
    "csvToSenML" : 0.8082806774862193
  },
  "recsOutPerModule" : {
    "bloomFilter" : 1.6228740856318538,
    "interpolation" : 0.8034188582829415,
    "azureTableInsert" : 0.8073463862270938,
    "sink" : 1.597745157440753,
    "rangeFilter" : 2.361485576912492,
    "annotate" : 0.8110172479643679,
    "source" : 2.4230047134592905,
    "join" : 0.8151608116882919,
    "senMLParse" : 2.411371739943645,
    "mqttPublish" : 0.8037748235271099,
    "csvToSenML" : 0.8070228982057847
  },
  "remainingDataPerDevice" : {
    "bloomFilter" : 55000,
    "interpolation" : 5000,
    "azureTableInsert" : 0,
    "sink" : 0,
    "rangeFilter" : 120000,
    "annotate" : 0,
    "source" : 0,
    "join" : 0,
    "senMLParse" : 0,
    "mqttPublish" : 115000,
    "csvToSenML" : 0
  },
  "executionTime" : 769.0,
  "networkUsage" : 351017.09,
  "tuplesSentBySensors" : 4800
}