{
  "placement" : {
    "annotate" : "cloud-1-0-1-0-1-0-0-1",
    "azureTableInsert" : "cloud-1-1-0-1-1-1-0-0-1",
    "bloomFilter" : "cloud-0-1-0-0-0-0-1-1-0",
    "csvToSenML" : "cloud-1-0-1-1-0-0-1-1",
    "interpolation" : "cloud-1-0-1-0-1-1",
    "join" : "cloud-0-0-0-0-1-0-1-1-1",
    "mqttPublish" : "cloud-0-1-0-1-0-1-1",
    "rangeFilter" : "cloud-0-0-0-1-1-0-1-0",
    "senMLParse" : "cloud-0-0-1-0-1-1-0-0-0",
    "sink" : "cloud-1-0-0-1-1-1-0-0-1",
    "source" : "cloud-0-1-1-0-0-0-1-0-0"
  },
  "appLoopLatency" : 67.09719822727281,
  "latencyPerTupleType" : {
    "rangeFilter_TUPLE" : 1.622811437575729,
    "join_TUPLE" : 1.035600241311768,
    "bloomFilter_TUPLE" : 0.41137607271647364,
    "sink_TUPLE" : 0.3134179113477688,
    "interpolation_TUPLE" : 2.2032265811915868,
    "mqttPublish_TUPLE" : 0.20984341344931423,
    "csvToSenML_TUPLE" : 0.37671739475588156,
    "senMLParse_TUPLE" : 0.20316607000001052,
    "annotate_TUPLE" : 0.3204496977117526,
    "azureTableInsert_TUPLE" : 0.665760008624054,
    "TUPLE" : 0.09327166666666839
  },
  "tuplesProcessedPerModule" : {
    "bloomFilter" : 3273,
    "interpolation" : 1634,
    "azureTableInsert" : 1634,
    "sink" : 3243,
    "rangeFilter" : 4800,
    "annotate" : 1634,
    "source" : 4800,
    "join" : 1634,
    "senMLParse" : 4800,
    "mqttPublish" : 1634,
    "csvToSenML" : 1634
  },
  "recsInPerModule" : {
    "bloomFilter" : 1.636826460536281,
    "interpolation" : 0.8366936154853383,
    "azureTableInsert" : 0.8223097942399695,
    "sink" : 1.622808090364683,
    "rangeFilter" : 2.4058404658301984,
    "annotate" : 0.8267705359144054,
    "source" : 2.4227728534358706,
    "join" : 0.8317076500274875,
    "senMLParse" : 2.4133905965637443,
    "mqttPublish" : 0.819525440825794,
    "csvToSenML" : 0.8233456671901929
  },
  "recsOutPerModule" : {
    "bloomFilter" : 1.6367105037483365,
    "interpolation" : 0.8349807277436917,
    "azureTableInsert" : 0.8217299833453058,
    "sink" : 1.622342520657464,
    "rangeFilter" : 2.4033017325162698,
    "annotate" : 0.8265109049099558,
    "source" : 2.4227703057700163,
    "join" : 0.8307643841136599,
    "senMLParse" : 2.413218706513964,
    "mqttPublish" : 0.8193773257737864,
    "csvToSenML" : 0.8230342001714006
  },
  "remainingDataPerDevice" : {
    "bloomFilter" : 110000,
    "interpolation" : 0,
    "azureTableInsert" : 0,
    "sink" : 0,
    "rangeFilter" : 325000,
    "annotate" : 0,
    "source" : 0,
    "join" : 0,
    "senMLParse" : 0,
    "mqttPublish" : 125000,
    "csvToSenML" : 0
  },
  "executionTime" : 632.0,
  "networkUsage" : 421302.36,
  "tuplesSentBySensors" : 4800
}