{
  "placement" : {
    "annotate" : "cloud-0-1-0-0-0-1-0-1-0",
    "azureTableInsert" : "cloud-0-0-0-0-0-0-0-1",
    "bloomFilter" : "cloud-1-0-1-0-0-0-1-1",
    "csvToSenML" : "cloud-0-1-1-1-1-0-1-1-0",
    "interpolation" : "cloud-0-0-1-0-1-0-0-1-0",
    "join" : "cloud-1-0-1-0-0",
    "mqttPublish" : "cloud-0-0-1-0-0-0-1-1-1",
    "rangeFilter" : "cloud-1-1-0-1-1-0-0",
    "senMLParse" : "cloud-0-1-0-0-0-0-1",
    "sink" : "cloud-1-1-1-0-0-0-0-0",
    "source" : "cloud-1-1-1-1-1-1-0-1-0"
  },
  "appLoopLatency" : 59.46064499999956,
  "latencyPerTupleType" : {
    "rangeFilter_TUPLE" : 16.59236411867552,
    "join_TUPLE" : 2.2661907075008223,
    "bloomFilter_TUPLE" : 1.115753541985831,
    "sink_TUPLE" : 1.4023891745595845,
    "interpolation_TUPLE" : 1.5437813374025366,
    "mqttPublish_TUPLE" : 1.3995666052293732,
    "csvToSenML_TUPLE" : 1.4231640084329777,
    "senMLParse_TUPLE" : 0.2875511040403263,
    "annotate_TUPLE" : 0.6299743519648965,
    "azureTableInsert_TUPLE" : 1.2805412128784495,
    "TUPLE" : 0.09836305555555777
  },
  "tuplesProcessedPerModule" : {
    "bloomFilter" : 3275,
    "interpolation" : 1646,
    "azureTableInsert" : 1603,
    "sink" : 3206,
    "rangeFilter" : 4671,
    "annotate" : 1646,
    "source" : 4800,
    "join" : 1646,
    "senMLParse" : 4800,
    "mqttPublish" : 1603,
    "csvToSenML" : 1646
  },
  "recsInPerModule" : {
    "bloomFilter" : 1.6395809502104643,
    "interpolation" : 0.835044971958201,
    "azureTableInsert" : 0.8237166996756534,
    "sink" : 1.6064624533118455,
    "rangeFilter" : 2.4050886988767304,
    "annotate" : 0.8268184227366403,
    "source" : 2.4227728534358706,
    "join" : 0.83089489183656,
    "senMLParse" : 2.413501827125217,
    "mqttPublish" : 0.8069564197201872,
    "csvToSenML" : 0.8244180673401278
  },
  "recsOutPerModule" : {
    "bloomFilter" : 1.6379734248239548,
    "interpolation" : 0.8339689841665435,
    "azureTableInsert" : 0.8089634522562396,
    "sink" : 1.606130473376101,
    "rangeFilter" : 2.3413521452999935,
    "annotate" : 0.8264050327749352,
    "source" : 2.4227601151601816,
    "join" : 0.8293188180641947,
    "senMLParse" : 2.4133115370236644,
    "mqttPublish" : 0.8067888866996096,
    "csvToSenML" : 0.8234531389635711
  },
  "remainingDataPerDevice" : {
    "bloomFilter" : 15000,
    "interpolation" : 0,
    "azureTableInsert" : 0,
    "sink" : 0,
    "rangeFilter" : 15000,
    "annotate" : 0,
    "source" : 0,
    "join" : 0,
    "senMLParse" : 0,
    "mqttPublish" : 0,
    "csvToSenML" : 215000
  },
  "executionTime" : 779.0,
  "networkUsage" : 365315.17,
  "tuplesSentBySensors" : 4800
}