{
  "placement" : {
    "annotate" : "cloud-0-0-1-1-0-1-1-1",
    "azureTableInsert" : "cloud-0-0-1-1-0-0-1-1",
    "bloomFilter" : "cloud-0-1-1-1-0-1-0-0-0",
    "csvToSenML" : "cloud-0-1-1-0-0-0-1-1-0",
    "interpolation" : "cloud-0-0-1-0-0-0-1-1",
    "join" : "cloud-1-0-1-1-1-0-1-0-1",
    "mqttPublish" : "cloud-0-0-0-1-0-1-0-1-0",
    "rangeFilter" : "cloud-1-0-1-1-1-0-0",
    "senMLParse" : "cloud-1-0-0-0-1-1-0-0-1",
    "sink" : "cloud-1-1-1-1-1-0-0-0",
    "source" : "cloud-1-1-1-1-1-1-1"
  },
  "appLoopLatency" : 61.7298673333333,
  "latencyPerTupleType" : {
    "rangeFilter_TUPLE" : 15.93278341539991,
    "join_TUPLE" : 1.125521666667135,
    "bloomFilter_TUPLE" : 4.711612340578439,
    "sink_TUPLE" : 0.5514686067136315,
    "interpolation_TUPLE" : 1.3429459090914135,
    "mqttPublish_TUPLE" : 0.3276384667532602,
    "csvToSenML_TUPLE" : 0.6672390733642382,
    "senMLParse_TUPLE" : 0.3535256666665885,
    "annotate_TUPLE" : 1.011163277778308,
    "azureTableInsert_TUPLE" : 1.2343742567722227,
    "TUPLE" : 0.09766166666666518
  },
  "tuplesProcessedPerModule" : {
    "bloomFilter" : 3267,
    "interpolation" : 1590,
    "azureTableInsert" : 1563,
    "sink" : 3112,
    "rangeFilter" : 4671,
    "annotate" : 1590,
    "source" : 4800,
    "join" : 1590,
    "senMLParse" : 4800,
    "mqttPublish" : 1549,
    "csvToSenML" : 1563
  },
  "recsInPerModule" : {
    "bloomFilter" : 1.6353261167341993,
    "interpolation" : 0.804848004825494,
    "azureTableInsert" : 0.786837564598416,
    "sink" : 1.559929380567879,
    "rangeFilter" : 2.406528989354871,
    "annotate" : 0.7962622797254071,
    "source" : 2.424486097340086,
    "join" : 0.8002561916714873,
    "senMLParse" : 2.4154450541423813,
    "mqttPublish" : 0.780991309555757,
    "csvToSenML" : 0.7851774323365854
  },
  "recsOutPerModule" : {
    "bloomFilter" : 1.6352698239131993,
    "interpolation" : 0.8041828117069106,
    "azureTableInsert" : 0.7865092639167219,
    "sink" : 1.5596439083100762,
    "rangeFilter" : 2.3429964052837233,
    "annotate" : 0.7957740941935666,
    "source" : 2.424473341042541,
    "join" : 0.7997065318144213,
    "senMLParse" : 2.4152475523954684,
    "mqttPublish" : 0.780947833369552,
    "csvToSenML" : 0.7849942266630172
  },
  "remainingDataPerDevice" : {
    "bloomFilter" : 10000,
    "interpolation" : 0,
    "azureTableInsert" : 0,
    "sink" : 0,
    "rangeFilter" : 30000,
    "annotate" : 270000,
    "source" : 0,
    "join" : 0,
    "senMLParse" : 0,
    "mqttPublish" : 0,
    "csvToSenML" : 70000
  },
  "executionTime" : 748.0,
  "networkUsage" : 401143.98,
  "tuplesSentBySensors" : 4800
}