{
  "placement" : {
    "annotate" : "cloud-0-1-0-0-1-1-1-0-1",
    "azureTableInsert" : "cloud-0-0-1-0-0-0-0-0",
    "bloomFilter" : "cloud-0-0-0-0-1-1-0-0",
    "csvToSenML" : "cloud-0-0-1-1-0-1-1-0-0",
    "interpolation" : "cloud-1-1-1-0-1-1-1-0-1",
    "join" : "cloud-0-0-1-1-0-0",
    "mqttPublish" : "cloud-0-0-1-0-1-1-1-0-0",
    "rangeFilter" : "cloud-1-1-0-0-0-1-1",
    "senMLParse" : "cloud-1-0-1-1-0-1-1-0-1",
    "sink" : "cloud-1-1-1-0-1-1-0-0",
    "source" : "cloud-1-0-0-0-1-0-0-0-1"
  },
  "appLoopLatency" : 63.14520939393931,
  "latencyPerTupleType" : {
    "rangeFilter_TUPLE" : 0.385464955555494,
    "join_TUPLE" : 3.982216448958659,
    "bloomFilter_TUPLE" : 0.8248977850817335,
    "sink_TUPLE" : 0.442849178388043,
    "interpolation_TUPLE" : 3.1854559616482687,
    "mqttPublish_TUPLE" : 0.396888010132984,
    "csvToSenML_TUPLE" : 0.5089042604174204,
    "senMLParse_TUPLE" : 0.43277732020194987,
    "annotate_TUPLE" : 0.6940694952655424,
    "azureTableInsert_TUPLE" : 2.1578661989590633,
    "TUPLE" : 0.09575242424243241
  },
  "tuplesProcessedPerModule" : {
    "bloomFilter" : 3250,
    "interpolation" : 1600,
    "azureTableInsert" : 1600,
    "sink" : 3180,
    "rangeFilter" : 4800,
    "annotate" : 1600,
    "source" : 4800,
    "join" : 1600,
    "senMLParse" : 4800,
    "mqttPublish" : 1600,
    "csvToSenML" : 1600
  },
  "recsInPerModule" : {
    "bloomFilter" : 1.6255758356988788,
    "interpolation" : 0.8181768300501315,
    "azureTableInsert" : 0.805987863721419,
    "sink" : 1.5917830029303495,
    "rangeFilter" : 2.404076129654781,
    "annotate" : 0.8090688618209401,
    "source" : 2.423017454307191,
    "join" : 0.8132587700377508,
    "senMLParse" : 2.4132671862759647,
    "mqttPublish" : 0.8027846846748419,
    "csvToSenML" : 0.8057849299935887
  },
  "recsOutPerModule" : {
    "bloomFilter" : 1.6251044255169644,
    "interpolation" : 0.8168297653116713,
    "azureTableInsert" : 0.80489143783054,
    "sink" : 1.5915207714034814,
    "rangeFilter" : 2.4034040398268326,
    "annotate" : 0.8087181622805717,
    "source" : 2.423012821256088,
    "join" : 0.8112845717236876,
    "senMLParse" : 2.4130194954967563,
    "mqttPublish" : 0.8025918802464669,
    "csvToSenML" : 0.805533070944194
  },
  "remainingDataPerDevice" : {
    "bloomFilter" : 35000,
    "interpolation" : 0,
    "azureTableInsert" : 0,
    "sink" : 0,
    "rangeFilter" : 435000,
    "annotate" : 0,
    "source" : 0,
    "join" : 0,
    "senMLParse" : 0,
    "mqttPublish" : 100000,
    "csvToSenML" : 0
  },
  "executionTime" : 683.0,
  "networkUsage" : 405736.6,
  "tuplesSentBySensors" : 4800
}