{
  "placement" : {
    "annotate" : "cloud-1-1-0-0-0-0-0-0",
    "azureTableInsert" : "cloud-0-0-0-0-0-0-1-0",
    "bloomFilter" : "cloud-1-0-0-0-0-0-0-1",
    "csvToSenML" : "cloud-1-0-1-1-0-0-0-0-1",
    "interpolation" : "cloud-0-0-1-1-1-1-0-1",
    "join" : "cloud-0-0-0-1-0-0-0-0-0",
    "mqttPublish" : "cloud-0-0-0-0-1-1-1-1",
    "rangeFilter" : "cloud-0-0-0-1-1-1-0",
    "senMLParse" : "cloud-1-1-1-1-0-0-0-1",
    "sink" : "cloud-1-1-0-1-1-1",
    "source" : "cloud-0-0-0-0-0-0-1-0"
  },
  "appLoopLatency" : 64.91909647186117,
  "latencyPerTupleType" : {
    "rangeFilter_TUPLE" : 0.19767038371209497,
    "join_TUPLE" : 9.108496260088808,
    "bloomFilter_TUPLE" : 0.16423420625190077,
    "sink_TUPLE" : 0.6435172642353771,
    "interpolation_TUPLE" : 4.345698211258983,
    "mqttPublish_TUPLE" : 0.3419976462875092,
    "csvToSenML_TUPLE" : 1.3260671995380715,
    "senMLParse_TUPLE" : 0.1756551431502042,
    "annotate_TUPLE" : 0.9659143455133868,
    "azureTableInsert_TUPLE" : 1.2332242607676824,
    "TUPLE" : 0.09588895044191852
  },
  "tuplesProcessedPerModule" : {
    "bloomFilter" : 3263,
    "interpolation" : 1652,
    "azureTableInsert" : 1652,
    "sink" : 3283,
    "rangeFilter" : 4800,
    "annotate" : 1652,
    "source" : 4800,
    "join" : 1652,
    "senMLParse" : 4800,
    "mqttPublish" : 1652,
    "csvToSenML" : 1652
  },
  "recsInPerModule" : {
    "bloomFilter" : 1.6330808170869358,
    "interpolation" : 0.8465595781088694,
    "azureTableInsert" : 0.8328546188253421,
    "sink" : 1.642910573769849,
    "rangeFilter" : 2.404153685646081,
    "annotate" : 0.8365555538526958,
    "source" : 2.4241187696991213,
    "join" : 0.8427533793033509,
    "senMLParse" : 2.4143619540823,
    "mqttPublish" : 0.8274756750465251,
    "csvToSenML" : 0.8320576065526408
  },
  "recsOutPerModule" : {
    "bloomFilter" : 1.6315912457515753,
    "interpolation" : 0.8452979735587921,
    "azureTableInsert" : 0.8323953865162388,
    "sink" : 1.6426571131814847,
    "rangeFilter" : 2.4039831088015124,
    "annotate" : 0.8361427252542639,
    "source" : 2.424116451065051,
    "join" : 0.840599875320285,
    "senMLParse" : 2.4141899256427015,
    "mqttPublish" : 0.827343581594942,
    "csvToSenML" : 0.8315576306306374
  },
  "remainingDataPerDevice" : {
    "bloomFilter" : 70000,
    "interpolation" : 0,
    "azureTableInsert" : 0,
    "sink" : 0,
    "rangeFilter" : 365000,
    "annotate" : 0,
    "source" : 0,
    "join" : 0,
    "senMLParse" : 0,
    "mqttPublish" : 105000,
    "csvToSenML" : 0
  },
  "executionTime" : 637.0,
  "networkUsage" : 433788.87,
  "tuplesSentBySensors" : 4800
}