{
  "placement" : {
    "annotate" : "cloud-0-0-1-1-1-1-1-0-0",
    "azureTableInsert" : "cloud-0-1-1-1-1-0-1-1",
    "bloomFilter" : "cloud-0-1-0-0-0-0-1-0-1",
    "csvToSenML" : "cloud-1-0-0-1-0-0-1-0-1",
    "interpolation" : "cloud-0-1-1-0-1-0-0-0-1",
    "join" : "cloud-1-0-1-1-1-1-1-0-0",
    "mqttPublish" : "cloud-1-0-1-1-0-1-1-1-1",
    "rangeFilter" : "cloud-0-1-0-1-1-1-0-1-1",
    "senMLParse" : "cloud-1-1-1-0-0-1-0-1-0",
    "sink" : "cloud-0-0-0-1-1-1-0-0-1",
    "source" : "cloud-1-0-1-1-0-1-0-0-1"
  },
  "appLoopLatency" : 61.75789428787878,
  "latencyPerTupleType" : {
    "rangeFilter_TUPLE" : 1.7310984482897795,
    "join_TUPLE" : 1.3988806210462006,
    "bloomFilter_TUPLE" : 2.197231654913645,
    "sink_TUPLE" : 0.6198936874716726,
    "interpolation_TUPLE" : 1.8245199831285466,
    "mqttPublish_TUPLE" : 1.526393353700955,
    "csvToSenML_TUPLE" : 0.8222871497959944,
    "senMLParse_TUPLE" : 5.4959163722222195,
    "annotate_TUPLE" : 3.0194312784629,
    "azureTableInsert_TUPLE" : 3.7148724998965315,
    "TUPLE" : 0.09575944444444662
  },
  "tuplesProcessedPerModule" : {
    "bloomFilter" : 3287,
    "interpolation" : 1638,
    "azureTableInsert" : 1592,
    "sink" : 3184,
    "rangeFilter" : 4683,
    "annotate" : 1638,
    "source" : 4800,
    "join" : 1638,
    "senMLParse" : 4800,
    "mqttPublish" : 1592,
    "csvToSenML" : 1638
  },
  "recsInPerModule" : {
    "bloomFilter" : 1.6445063922770211,
    "interpolation" : 0.8338300207728931,
    "azureTableInsert" : 0.8211937666222194,
    "sink" : 1.5964569297625297,
    "rangeFilter" : 2.341967104753551,
    "annotate" : 0.8252051876540357,
    "source" : 2.422283799816411,
    "join" : 0.8290294401298018,
    "senMLParse" : 2.410479357530966,
    "mqttPublish" : 0.8020927202870882,
    "csvToSenML" : 0.8200837086687884
  },
  "recsOutPerModule" : {
    "bloomFilter" : 1.6443929594052318,
    "interpolation" : 0.832569149024598,
    "azureTableInsert" : 0.8059842765670742,
    "sink" : 1.5963162546935101,
    "rangeFilter" : 2.341801194078128,
    "annotate" : 0.823176580682936,
    "source" : 2.4222787065469062,
    "join" : 0.8280838181176478,
    "senMLParse" : 2.4035690992140157,
    "mqttPublish" : 0.8019681371957166,
    "csvToSenML" : 0.8195511503651174
  },
  "remainingDataPerDevice" : {
    "bloomFilter" : 5000,
    "interpolation" : 0,
    "azureTableInsert" : 0,
    "sink" : 0,
    "rangeFilter" : 120000,
    "annotate" : 0,
    "source" : 0,
    "join" : 0,
    "senMLParse" : 585000,
    "mqttPublish" : 0,
    "csvToSenML" : 230000
  },
  "executionTime" : 782.0,
  "networkUsage" : 404901.74,
  "tuplesSentBySensors" : 4800
}