{
  "placement" : {
    "annotate" : "cloud-1-1-1-0-1-1-1-1",
    "azureTableInsert" : "cloud-0-1-0-1-1-0-0-0-0",
    "bloomFilter" : "cloud-1-1-0-0-1-0-1-1-1",
    "csvToSenML" : "cloud-0-0-0-0-1",
    "interpolation" : "cloud-0-0",
    "join" : "cloud-1-0-1-0-1-0-0-0-0",
    "mqttPublish" : "cloud-1-0-1-0-0-1-1-0-1",
    "rangeFilter" : "cloud-1-0-1-0-0-0-1-0",
    "senMLParse" : "cloud-0-1-1-0-0-0-1",
    "sink" : "cloud-1-1-1-0-1-0-0-1-0",
    "source" : "cloud-1-0-1-0-1-0-0-1-1"
  },
  "appLoopLatency" : 75.87228489394306,
  "latencyPerTupleType" : {
    "rangeFilter_TUPLE" : 31.53070881307564,
    "join_TUPLE" : 3.811854421812758,
    "bloomFilter_TUPLE" : 1.3067151722404569,
    "sink_TUPLE" : 1.2855167842945079,
    "interpolation_TUPLE" : 2.1572532472400034,
    "mqttPublish_TUPLE" : 0.6722047361040149,
    "csvToSenML_TUPLE" : 9.55889089367444,
    "senMLParse_TUPLE" : 5.614096897777813,
    "annotate_TUPLE" : 1.0449523113125452,
    "azureTableInsert_TUPLE" : 1.4684811512771614,
    "TUPLE" : 0.09516222222223215
  },
  "tuplesProcessedPerModule" : {
    "bloomFilter" : 3290,
    "interpolation" : 1661,
    "azureTableInsert" : 1661,
    "sink" : 3322,
    "rangeFilter" : 4690,
    "annotate" : 1661,
    "source" : 4800,
    "join" : 1661,
    "senMLParse" : 4800,
    "mqttPublish" : 1661,
    "csvToSenML" : 1661
  },
  "recsInPerModule" : {
    "bloomFilter" : 1.6458424232099382,
    "interpolation" : 0.8509905429544775,
    "azureTableInsert" : 0.8401277257975779,
    "sink" : 1.6632094378716311,
    "rangeFilter" : 2.3482862498981922,
    "annotate" : 0.8440732714521979,
    "source" : 2.4220393470383756,
    "join" : 0.8479386697255826,
    "senMLParse" : 2.410721482296376,
    "mqttPublish" : 0.8349307275687865,
    "csvToSenML" : 0.8410210371910785
  },
  "recsOutPerModule" : {
    "bloomFilter" : 1.645708640906493,
    "interpolation" : 0.8508924557645867,
    "azureTableInsert" : 0.8393887264857809,
    "sink" : 1.6620340649263345,
    "rangeFilter" : 2.3470670026457885,
    "annotate" : 0.8440125101497195,
    "source" : 2.4220342547968263,
    "join" : 0.8478216137529643,
    "senMLParse" : 2.40368444704232,
    "mqttPublish" : 0.834613455688912,
    "csvToSenML" : 0.8375000564633185
  },
  "remainingDataPerDevice" : {
    "bloomFilter" : 250000,
    "interpolation" : 0,
    "azureTableInsert" : 0,
    "sink" : 0,
    "rangeFilter" : 115000,
    "annotate" : 0,
    "source" : 0,
    "join" : 0,
    "senMLParse" : 550000,
    "mqttPublish" : 0,
    "csvToSenML" : 0
  },
  "executionTime" : 863.0,
  "networkUsage" : 401630.53,
  "tuplesSentBySensors" : 4800
}