{
  "placement" : {
    "annotate" : "cloud-0-0-1-0-0-0-1-0",
    "azureTableInsert" : "cloud-1-1-0-1-0-1-0-1-1",
    "bloomFilter" : "cloud-0-0-1-1-1-1-0",
    "csvToSenML" : "cloud-0-1-0-1-0-0-0-1-0",
    "interpolation" : "cloud-0-1-1-0-0-1-1-1-1",
    "join" : "cloud-1-1-0-0-1-0-0-1-1",
    "mqttPublish" : "cloud-0-1-1-1-1-0-0-1-1",
    "rangeFilter" : "cloud-1-1-1-0-1-1-0",
    "senMLParse" : "cloud-0-0-1-1-1-1-1-1-0",
    "sink" : "cloud-1-1-0-0-1-1-1-1-0",
    "source" : "cloud-0-0-0-1-1-1-1-1"
  },
  "appLoopLatency" : 66.24415853030285,
  "latencyPerTupleType" : {
    "rangeFilter_TUPLE" : 1.687881876852252,
    "join_TUPLE" : 1.3371443840058073,
    "bloomFilter_TUPLE" : 1.1396653593328698,
    "sink_TUPLE" : 0.37900378223084535,
    "interpolation_TUPLE" : 0.9192633006539059,
    "mqttPublish_TUPLE" : 0.37951388517564155,
    "csvToSenML_TUPLE" : 2.1075580959416125,
    "senMLParse_TUPLE" : 3.3193964277777557,
    "annotate_TUPLE" : 0.6403464581479755,
    "azureTableInsert_TUPLE" : 2.1075580959416125,
    "TUPLE" : 0.09089722222222338
  },
  "tuplesProcessedPerModule" : {
    "bloomFilter" : 3302,
    "interpolation" : 1632,
    "azureTableInsert" : 1632,
    "sink" : 3219,
    "rangeFilter" : 4726,
    "annotate" : 1632,
    "source" : 4800,
    "join" : 1632,
    "senMLParse" : 4800,
    "mqttPublish" : 1632,
    "csvToSenML" : 1632
  },
  "recsInPerModule" : {
    "bloomFilter" : 1.6511779607958568,
    "interpolation" : 0.8333698021404004,
    "azureTableInsert" : 0.8194511050251396,
    "sink" : 1.6142564765001413,
    "rangeFilter" : 2.401489032668121,
    "annotate" : 0.823725931801542,
    "source" : 2.4226505715184117,
    "join" : 0.8284830022982761,
    "senMLParse" : 2.415578011668816,
    "mqttPublish" : 0.8164724657527398,
    "csvToSenML" : 0.8201924207477538
  },
  "recsOutPerModule" : {
    "bloomFilter" : 1.6510328543905746,
    "interpolation" : 0.8327956990996983,
    "azureTableInsert" : 0.8182331153531311,
    "sink" : 1.6141601991969983,
    "rangeFilter" : 2.369168108835994,
    "annotate" : 0.8233380695115523,
    "source" : 2.4226492978133973,
    "join" : 0.8276531917668276,
    "senMLParse" : 2.4107807598322792,
    "mqttPublish" : 0.816261476111981,
    "csvToSenML" : 0.81897222801308
  },
  "remainingDataPerDevice" : {
    "bloomFilter" : 75000,
    "interpolation" : 0,
    "azureTableInsert" : 110000,
    "sink" : 0,
    "rangeFilter" : 75000,
    "annotate" : 0,
    "source" : 0,
    "join" : 0,
    "senMLParse" : 0,
    "mqttPublish" : 115000,
    "csvToSenML" : 0
  },
  "executionTime" : 807.0,
  "networkUsage" : 417775.83,
  "tuplesSentBySensors" : 4800
}