{
  "placement" : {
    "annotate" : "cloud-0-0-1-0-0-1-0-0-0",
    "azureTableInsert" : "cloud-0-0-1-1-0-1-1",
    "bloomFilter" : "cloud-1-0-1-1-0-1-1-1",
    "csvToSenML" : "cloud-0-1-1-0-1-0-0",
    "interpolation" : "cloud-0-1-1-0-0-1-1-0",
    "join" : "cloud-1-1-1-1-0-0-1-1-0",
    "mqttPublish" : "cloud-0-0-0-0-1-0-0-0",
    "rangeFilter" : "cloud-1-0-0-0-0-1-1-1-1",
    "senMLParse" : "cloud-0-0-0-0-1-1",
    "sink" : "cloud-0-0-1-0-1-1-1",
    "source" : "cloud-0-1-1-1-0-0-1"
  },
  "appLoopLatency" : 56.3330504040403,
  "latencyPerTupleType" : {
    "rangeFilter_TUPLE" : 1.5470659898989314,
    "join_TUPLE" : 0.8881033485969202,
    "bloomFilter_TUPLE" : 4.429833350621173,
    "sink_TUPLE" : 0.2802770703953217,
    "interpolation_TUPLE" : 2.75790716333927,
    "mqttPublish_TUPLE" : 0.421283114418615,
    "csvToSenML_TUPLE" : 0.9846992859438299,
    "senMLParse_TUPLE" : 0.19179790868689273,
    "annotate_TUPLE" : 1.8845927045644908,
    "azureTableInsert_TUPLE" : 2.3514455452134158,
    "TUPLE" : 0.09330666666667765
  },
  "tuplesProcessedPerModule" : {
    "bloomFilter" : 3313,
    "interpolation" : 1630,
    "azureTableInsert" : 1628,
    "sink" : 3235,
    "rangeFilter" : 4800,
    "annotate" : 1628,
    "source" : 4800,
    "join" : 1628,
    "senMLParse" : 4800,
    "mqttPublish" : 1628,
    "csvToSenML" : 1628
  },
  "recsInPerModule" : {
    "bloomFilter" : 1.6857129172735912,
    "interpolation" : 0.8155377591943663,
    "azureTableInsert" : 0.8215904311700329,
    "sink" : 1.6259298848543215,
    "rangeFilter" : 2.4123741979153084,
    "annotate" : 0.824164840728153,
    "source" : 2.4260791376906052,
    "join" : 0.828815697604003,
    "senMLParse" : 2.4220368003038555,
    "mqttPublish" : 0.8168522864040462,
    "csvToSenML" : 0.820389794147666
  },
  "recsOutPerModule" : {
    "bloomFilter" : 1.6576941245715269,
    "interpolation" : 0.8152787022028931,
    "azureTableInsert" : 0.8204169047238729,
    "sink" : 1.6257971003983742,
    "rangeFilter" : 2.410050822399134,
    "annotate" : 0.8232115349338187,
    "source" : 2.4260765830665667,
    "join" : 0.8283583974547799,
    "senMLParse" : 2.421868305124371,
    "mqttPublish" : 0.8166483401886847,
    "csvToSenML" : 0.8198965768422126
  },
  "remainingDataPerDevice" : {
    "bloomFilter" : 90000,
    "interpolation" : 10000,
    "azureTableInsert" : 0,
    "sink" : 0,
    "rangeFilter" : 0,
    "annotate" : 0,
    "source" : 0,
    "join" : 0,
    "senMLParse" : 0,
    "mqttPublish" : 105000,
    "csvToSenML" : 0
  },
  "executionTime" : 741.0,
  "networkUsage" : 380774.42,
  "tuplesSentBySensors" : 4800
}