{
  "placement" : {
    "annotate" : "cloud-0-1-0-0-1-1-0-1-1",
    "azureTableInsert" : "cloud-0-0-1-0-1-1-0-0-1",
    "bloomFilter" : "cloud-0-1-1-1-1-0-0-0-1",
    "csvToSenML" : "cloud-1",
    "interpolation" : "cloud-1-1-0-1-0-1-1-1-1",
    "join" : "cloud-0-0-0-1-1-0-0-0",
    "mqttPublish" : "cloud-0-1-0-1-1-1",
    "rangeFilter" : "cloud-1-1-0-1-0-0-0",
    "senMLParse" : "cloud-1-0-0-1-0-0-0",
    "sink" : "cloud-1-0-1-0-0-0-1-1-1",
    "source" : "cloud-1-0-0-1-0-1-0-0-0"
  },
  "appLoopLatency" : 84.81606129891163,
  "latencyPerTupleType" : {
    "rangeFilter_TUPLE" : 34.74396457489717,
    "join_TUPLE" : 4.518526848237826,
    "bloomFilter_TUPLE" : 15.852055290083362,
    "sink_TUPLE" : 0.6372671908410629,
    "interpolation_TUPLE" : 1.573957084383904,
    "mqttPublish_TUPLE" : 2.8351374790104518,
    "csvToSenML_TUPLE" : 8.625606956335794,
    "senMLParse_TUPLE" : 5.282304715555599,
    "annotate_TUPLE" : 2.063853779388143,
    "azureTableInsert_TUPLE" : 2.858766033890025,
    "TUPLE" : 0.09363500000001004
  },
  "tuplesProcessedPerModule" : {
    "bloomFilter" : 3160,
    "interpolation" : 1588,
    "azureTableInsert" : 1588,
    "sink" : 3127,
    "rangeFilter" : 4693,
    "annotate" : 1588,
    "source" : 4800,
    "join" : 1588,
    "senMLParse" : 4800,
    "mqttPublish" : 1588,
    "csvToSenML" : 1588
  },
  "recsInPerModule" : {
    "bloomFilter" : 1.6323213927511766,
    "interpolation" : 0.8082944377046141,
    "azureTableInsert" : 0.7983253304323275,
    "sink" : 1.5657242777184264,
    "rangeFilter" : 2.406758860192729,
    "annotate" : 0.8015018015170843,
    "source" : 2.4236291726184436,
    "join" : 0.8044200033658948,
    "senMLParse" : 2.4193485377131454,
    "mqttPublish" : 0.7956124503158802,
    "csvToSenML" : 0.7994506603986149
  },
  "recsOutPerModule" : {
    "bloomFilter" : 1.6155993130970372,
    "interpolation" : 0.8082275869787136,
    "azureTableInsert" : 0.7982471989602876,
    "sink" : 1.565245872008425,
    "rangeFilter" : 2.3589667652615947,
    "annotate" : 0.8014276432184059,
    "source" : 2.4236240736896164,
    "join" : 0.8043028675169175,
    "senMLParse" : 2.4124505561986553,
    "mqttPublish" : 0.7945566953558705,
    "csvToSenML" : 0.7968510558496819
  },
  "remainingDataPerDevice" : {
    "bloomFilter" : 0,
    "interpolation" : 0,
    "azureTableInsert" : 0,
    "sink" : 0,
    "rangeFilter" : 0,
    "annotate" : 0,
    "source" : 0,
    "join" : 0,
    "senMLParse" : 0,
    "mqttPublish" : 245000,
    "csvToSenML" : 0
  },
  "executionTime" : 863.0,
  "networkUsage" : 324591.2,
  "tuplesSentBySensors" : 4800
}