{
  "placement" : {
    "annotate" : "cloud-0-1-1-1-1-0-0-0",
    "azureTableInsert" : "cloud-1-0-1-0-1-0-1-0-0",
    "bloomFilter" : "cloud-1-1-1-0-0",
    "csvToSenML" : "cloud-1-0-1-0-1-1",
    "interpolation" : "cloud-1-1-0-0-1-0-0-1",
    "join" : "cloud-1-1-0-1-1-0-0-0-1",
    "mqttPublish" : "cloud-0-0-1-1-1-0-0-1-0",
    "rangeFilter" : "cloud-0-1-1-1-0-1-0-0",
    "senMLParse" : "cloud-1-1-1-0-0-1-1-1-0",
    "sink" : "cloud-1-1-1-1-0-0-1-0-0",
    "source" : "cloud-0-1-0-0-1-1-1-1-1"
  },
  "appLoopLatency" : 64.36192106060592,
  "latencyPerTupleType" : {
    "rangeFilter_TUPLE" : 1.252562725362029,
    "join_TUPLE" : 0.781751521316902,
    "bloomFilter_TUPLE" : 0.31976170250358066,
    "sink_TUPLE" : 0.285269821255199,
    "interpolation_TUPLE" : 1.7325864459330438,
    "mqttPublish_TUPLE" : 0.2705843935659546,
    "csvToSenML_TUPLE" : 1.3916258032548308,
    "senMLParse_TUPLE" : 0.21472211111105458,
    "annotate_TUPLE" : 1.0006177412847719,
    "azureTableInsert_TUPLE" : 1.3916258032548308,
    "TUPLE" : 0.09253499999999744
  },
  "tuplesProcessedPerModule" : {
    "bloomFilter" : 3209,
    "interpolation" : 1622,
    "azureTableInsert" : 1622,
    "sink" : 3244,
    "rangeFilter" : 4758,
    "annotate" : 1622,
    "source" : 4800,
    "join" : 1622,
    "senMLParse" : 4800,
    "mqttPublish" : 1622,
    "csvToSenML" : 1622
  },
  "recsInPerModule" : {
    "bloomFilter" : 1.606079372442586,
    "interpolation" : 0.8308881282288589,
    "azureTableInsert" : 0.8194337418771498,
    "sink" : 1.6246365014689577,
    "rangeFilter" : 2.4015034732569496,
    "annotate" : 0.823245077695139,
    "source" : 2.4220393470383756,
    "join" : 0.8273093599289802,
    "senMLParse" : 2.410599147320191,
    "mqttPublish" : 0.8162363569497688,
    "csvToSenML" : 0.8199308370600232
  },
  "recsOutPerModule" : {
    "bloomFilter" : 1.6045793785418565,
    "interpolation" : 0.8298492905201216,
    "azureTableInsert" : 0.8185846748141989,
    "sink" : 1.624324050364771,
    "rangeFilter" : 2.3804903238209056,
    "annotate" : 0.8225510084738,
    "source" : 2.4220329817397843,
    "join" : 0.8267281166759337,
    "senMLParse" : 2.410427654659717,
    "mqttPublish" : 0.8160786208441778,
    "csvToSenML" : 0.8190807400755188
  },
  "remainingDataPerDevice" : {
    "bloomFilter" : 20000,
    "interpolation" : 0,
    "azureTableInsert" : 0,
    "sink" : 0,
    "rangeFilter" : 300000,
    "annotate" : 0,
    "source" : 0,
    "join" : 0,
    "senMLParse" : 0,
    "mqttPublish" : 0,
    "csvToSenML" : 0
  },
  "executionTime" : 634.0,
  "networkUsage" : 381887.77,
  "tuplesSentBySensors" : 4800
}