{
  "placement" : {
    "annotate" : "cloud-1-1-1-1-1-1-1-0",
    "azureTableInsert" : "cloud-0-1-1-1-1-1-0-0-1",
    "bloomFilter" : "cloud-0-0-1-0-1-0-1-0-1",
    "csvToSenML" : "cloud-1-1-0-1-1-1-1-0",
    "interpolation" : "cloud-1-0-0-1-0-0-0-1-1",
    "join" : "cloud-1-1-0-0",
    "mqttPublish" : "cloud-1-0-1-0-0-0-1-1-0",
    "rangeFilter" : "cloud-1-1-0-0-0-0-0-0-1",
    "senMLParse" : "cloud-0-0-0-0-0-1-1",
    "sink" : "cloud-1-0-0-0-1-1-1-1",
    "source" : "cloud-1-1-0-0-0-0"
  },
  "appLoopLatency" : 64.83668873529426,
  "latencyPerTupleType" : {
    "rangeFilter_TUPLE" : 1.670728634144498,
    "join_TUPLE" : 8.261378573323658,
    "bloomFilter_TUPLE" : 5.5567017663263405,
    "sink_TUPLE" : 1.7889588535666832,
    "interpolation_TUPLE" : 4.351186996781841,
    "mqttPublish_TUPLE" : 0.6635006279847728,
    "csvToSenML_TUPLE" : 1.5922307377893028,
    "senMLParse_TUPLE" : 5.343250327777826,
    "annotate_TUPLE" : 3.054767949507416,
    "azureTableInsert_TUPLE" : 1.5922307377893028,
    "TUPLE" : 0.09734722222222798
  },
  "tuplesProcessedPerModule" : {
    "bloomFilter" : 3221,
    "interpolation" : 1657,
    "azureTableInsert" : 1631,
    "sink" : 3262,
    "rangeFilter" : 4694,
    "annotate" : 1657,
    "source" : 4800,
    "join" : 1657,
    "senMLParse" : 4800,
    "mqttPublish" : 1631,
    "csvToSenML" : 1631
  },
  "recsInPerModule" : {
    "bloomFilter" : 1.6106803515029886,
    "interpolation" : 0.8405107150975272,
    "azureTableInsert" : 0.8256198082356117,
    "sink" : 1.6393508819196863,
    "rangeFilter" : 2.3514663746441324,
    "annotate" : 0.8322119626611824,
    "source" : 2.4243636424245456,
    "join" : 0.8364528956394017,
    "senMLParse" : 2.4153311123542434,
    "mqttPublish" : 0.8224090465436151,
    "csvToSenML" : 0.8257870360363726
  },
  "recsOutPerModule" : {
    "bloomFilter" : 1.610515926257785,
    "interpolation" : 0.8387397816739157,
    "azureTableInsert" : 0.8254474470294765,
    "sink" : 1.639011105049983,
    "rangeFilter" : 2.351250433195289,
    "annotate" : 0.831039816060208,
    "source" : 2.4243585404048393,
    "join" : 0.8338457914141287,
    "senMLParse" : 2.4085189308563093,
    "mqttPublish" : 0.8223204635826453,
    "csvToSenML" : 0.8256146050075556
  },
  "remainingDataPerDevice" : {
    "bloomFilter" : 5000,
    "interpolation" : 0,
    "azureTableInsert" : 0,
    "sink" : 0,
    "rangeFilter" : 145000,
    "annotate" : 260000,
    "source" : 0,
    "join" : 0,
    "senMLParse" : 530000,
    "mqttPublish" : 0,
    "csvToSenML" : 0
  },
  "executionTime" : 795.0,
  "networkUsage" : 417169.38,
  "tuplesSentBySensors" : 4800
}