{
  "placement" : {
    "annotate" : "cloud-0-0-1-0-0-0-0-1",
    "azureTableInsert" : "cloud-0-1-1-0-1-1-1-0-1",
    "bloomFilter" : "cloud-0-1-0-1-0-0-1-0-1",
    "csvToSenML" : "cloud-1-0-1-0-1-0-1-0",
    "interpolation" : "cloud-1-0-1-0-0",
    "join" : "cloud-0-1-0-1-1-0-1-1-0",
    "mqttPublish" : "cloud-0-1-1-1-0-1-1-1-1",
    "rangeFilter" : "cloud-1-1-1-1-0-1-1-1",
    "senMLParse" : "cloud-1-0-0-1-0",
    "sink" : "cloud-1-0-1-0-1-0-1",
    "source" : "cloud-0-0-0-1-0-0-1-0"
  },
  "appLoopLatency" : 59.59118262121199,
  "latencyPerTupleType" : {
    "rangeFilter_TUPLE" : 0.134454704444393,
    "join_TUPLE" : 0.9489558141878133,
    "bloomFilter_TUPLE" : 0.14572962177360183,
    "sink_TUPLE" : 0.22437401938817222,
    "interpolation_TUPLE" : 0.31128675121303273,
    "mqttPublish_TUPLE" : 0.20436852851683351,
    "csvToSenML_TUPLE" : 0.407341211315224,
    "senMLParse_TUPLE" : 0.11168451666667276,
    "annotate_TUPLE" : 0.30257443934822803,
    "azureTableInsert_TUPLE" : 0.407341211315224,
    "TUPLE" : 0.09399444444445008
  },
  "tuplesProcessedPerModule" : {
    "bloomFilter" : 3319,
    "interpolation" : 1655,
    "azureTableInsert" : 1654,
    "sink" : 3308,
    "rangeFilter" : 4800,
    "annotate" : 1654,
    "source" : 4800,
    "join" : 1654,
    "senMLParse" : 4800,
    "mqttPublish" : 1654,
    "csvToSenML" : 1654
  },
  "recsInPerModule" : {
    "bloomFilter" : 1.6621463127838898,
    "interpolation" : 0.8277668794228472,
    "azureTableInsert" : 0.8348773955814732,
    "sink" : 1.65557647826425,
    "rangeFilter" : 2.407434244618111,
    "annotate" : 0.8378114384200898,
    "source" : 2.4220393470383756,
    "join" : 0.8407900147908287,
    "senMLParse" : 2.4141188730371415,
    "mqttPublish" : 0.8311238018080281,
    "csvToSenML" : 0.834540420787359
  },
  "recsOutPerModule" : {
    "bloomFilter" : 1.659879546258845,
    "interpolation" : 0.8277019591338078,
    "azureTableInsert" : 0.8348153053506138,
    "sink" : 1.6554763645699788,
    "rangeFilter" : 2.407263201955334,
    "annotate" : 0.8377529292157855,
    "source" : 2.4220368009149245,
    "join" : 0.840707213229698,
    "senMLParse" : 2.413972170903872,
    "mqttPublish" : 0.8310741316318606,
    "csvToSenML" : 0.834478380666475
  },
  "remainingDataPerDevice" : {
    "bloomFilter" : 110000,
    "interpolation" : 5000,
    "azureTableInsert" : 0,
    "sink" : 0,
    "rangeFilter" : 285000,
    "annotate" : 0,
    "source" : 0,
    "join" : 0,
    "senMLParse" : 0,
    "mqttPublish" : 0,
    "csvToSenML" : 0
  },
  "executionTime" : 627.0,
  "networkUsage" : 395438.82,
  "tuplesSentBySensors" : 4800
}