{
  "placement" : {
    "annotate" : "cloud-0-0-0-1",
    "azureTableInsert" : "cloud-0-0-1-0-1-1-1-1-1",
    "bloomFilter" : "cloud-1-0-0-0",
    "csvToSenML" : "cloud-1-1-0-1-1-0-0-1-0",
    "interpolation" : "cloud-0-1-1-1-0-1-1-0-0",
    "join" : "cloud-1-0-0-0-0",
    "mqttPublish" : "cloud-1-0-1-0-0-1-1-1",
    "rangeFilter" : "cloud-1-1-0-1-0-1-1",
    "senMLParse" : "cloud-0-1-0-0-0-0-1-0-1",
    "sink" : "cloud-1-1-0-0-0-1-0-0-0",
    "source" : "cloud-1-0-0-0-1-0-1-1"
  },
  "appLoopLatency" : 57.269546515151234,
  "latencyPerTupleType" : {
    "rangeFilter_TUPLE" : 3.0197628393939233,
    "join_TUPLE" : 1.910606249133626,
    "bloomFilter_TUPLE" : 0.8443296781680216,
    "sink_TUPLE" : 0.4716576624786372,
    "interpolation_TUPLE" : 1.1670446339090441,
    "mqttPublish_TUPLE" : 0.46220554056381324,
    "csvToSenML_TUPLE" : 1.0996027105947013,
    "senMLParse_TUPLE" : 0.3329490373736722,
    "annotate_TUPLE" : 2.156309492701055,
    "azureTableInsert_TUPLE" : 2.6909941520968994,
    "TUPLE" : 0.0957524242424206
  },
  "tuplesProcessedPerModule" : {
    "bloomFilter" : 3320,
    "interpolation" : 1617,
    "azureTableInsert" : 1617,
    "sink" : 3234,
    "rangeFilter" : 4800,
    "annotate" : 1617,
    "source" : 4800,
    "join" : 1617,
    "senMLParse" : 4800,
    "mqttPublish" : 1617,
    "csvToSenML" : 1617
  },
  "recsInPerModule" : {
    "bloomFilter" : 1.6604142152322028,
    "interpolation" : 0.8284272573576629,
    "azureTableInsert" : 0.817766087840585,
    "sink" : 1.6209954864097242,
    "rangeFilter" : 2.4058199659201427,
    "annotate" : 0.8212665690305153,
    "source" : 2.4246085646266784,
    "join" : 0.8246644969538315,
    "senMLParse" : 2.415817817342608,
    "mqttPublish" : 0.813420933022447,
    "csvToSenML" : 0.8171049327900264
  },
  "recsOutPerModule" : {
    "bloomFilter" : 1.6602792838797378,
    "interpolation" : 0.8276620744839732,
    "azureTableInsert" : 0.81611257643804,
    "sink" : 1.620452770164605,
    "rangeFilter" : 2.401386687473841,
    "annotate" : 0.8199235653211268,
    "source" : 2.42460392548886,
    "join" : 0.8234413858672083,
    "senMLParse" : 2.415627161876461,
    "mqttPublish" : 0.8131476143071104,
    "csvToSenML" : 0.8164190615343085
  },
  "remainingDataPerDevice" : {
    "bloomFilter" : 120000,
    "interpolation" : 0,
    "azureTableInsert" : 0,
    "sink" : 0,
    "rangeFilter" : 355000,
    "annotate" : 0,
    "source" : 0,
    "join" : 0,
    "senMLParse" : 0,
    "mqttPublish" : 0,
    "csvToSenML" : 0
  },
  "executionTime" : 727.0,
  "networkUsage" : 367098.45,
  "tuplesSentBySensors" : 4800
}