{
  "placement" : {
    "annotate" : "cloud-0-1-1-0-0-1-1-1",
    "azureTableInsert" : "cloud-1-1-1-0-0-0-1-0-1",
    "bloomFilter" : "cloud-1-0-0-0-1-0-1",
    "csvToSenML" : "cloud-0-1-0-0-1-0-0",
    "interpolation" : "cloud-1-1-0-1-1-0-1-0-1",
    "join" : "cloud-0-1-0-0-1-0-0-0-0",
    "mqttPublish" : "cloud-1-0-0-0-0-1-0",
    "rangeFilter" : "cloud-0-1-1-1-1-0-1",
    "senMLParse" : "cloud-1-1-1-0-1-1-0-0",
    "sink" : "cloud-1-0-0-0",
    "source" : "cloud-0-1-0-1-1-0-1"
  },
  "appLoopLatency" : 58.39270997474739,
  "latencyPerTupleType" : {
    "rangeFilter_TUPLE" : 0.2637251858585384,
    "join_TUPLE" : 0.3182637165829288,
    "bloomFilter_TUPLE" : 0.46835709631668887,
    "sink_TUPLE" : 0.17843971122893898,
    "interpolation_TUPLE" : 0.21939554773601683,
    "mqttPublish_TUPLE" : 0.2142121837686637,
    "csvToSenML_TUPLE" : 2.18101735359074,
    "senMLParse_TUPLE" : 0.20338093535347945,
    "annotate_TUPLE" : 0.2771242346967307,
    "azureTableInsert_TUPLE" : 0.21661456817730307,
    "TUPLE" : 0.09060464646464915
  },
  "tuplesProcessedPerModule" : {
    "bloomFilter" : 3323,
    "interpolation" : 1647,
    "azureTableInsert" : 1647,
    "sink" : 3294,
    "rangeFilter" : 4800,
    "annotate" : 1647,
    "source" : 4800,
    "join" : 1647,
    "senMLParse" : 4800,
    "mqttPublish" : 1647,
    "csvToSenML" : 1647
  },
  "recsInPerModule" : {
    "bloomFilter" : 1.6721352914530156,
    "interpolation" : 0.8245156205108939,
    "azureTableInsert" : 0.8360719394572246,
    "sink" : 1.6665312481628776,
    "rangeFilter" : 2.406323124624426,
    "annotate" : 0.8400985115456893,
    "source" : 2.4239963518854903,
    "join" : 0.8428594496298487,
    "senMLParse" : 2.4148478138061793,
    "mqttPublish" : 0.8344611854559094,
    "csvToSenML" : 0.8379009501182804
  },
  "recsOutPerModule" : {
    "bloomFilter" : 1.661634450144482,
    "interpolation" : 0.8461504148797454,
    "azureTableInsert" : 0.8359300488050624,
    "sink" : 1.6663679044324324,
    "rangeFilter" : 2.4061522398046478,
    "annotate" : 0.8399096175193809,
    "source" : 2.423994033485595,
    "join" : 0.84263440573179,
    "senMLParse" : 2.4146757161249983,
    "mqttPublish" : 0.8343748759564226,
    "csvToSenML" : 0.8373037004446158
  },
  "remainingDataPerDevice" : {
    "bloomFilter" : 200000,
    "interpolation" : 0,
    "azureTableInsert" : 0,
    "sink" : 0,
    "rangeFilter" : 25000,
    "annotate" : 0,
    "source" : 0,
    "join" : 0,
    "senMLParse" : 0,
    "mqttPublish" : 0,
    "csvToSenML" : 0
  },
  "executionTime" : 632.0,
  "networkUsage" : 331909.11,
  "tuplesSentBySensors" : 4800
}