{
  "placement" : {
    "annotate" : "cloud-0-0-0-1-1-1-0",
    "azureTableInsert" : "cloud-1-1-1-1-1-0",
    "bloomFilter" : "cloud-1-1-0-0-1-1-0-0-1",
    "csvToSenML" : "cloud-1-0-0-0-1-0-1",
    "interpolation" : "cloud-0-1-1-1-1-1-1-0-0",
    "join" : "cloud-0-1-1-1-0-1-0-0-1",
    "mqttPublish" : "cloud-1-1-1-0-0-1-1-0",
    "rangeFilter" : "cloud-1-0-0-0-1-1-0-0-0",
    "senMLParse" : "cloud-1-1-1-0-1-0-0",
    "sink" : "cloud-1-1-0-0-1-1-0",
    "source" : "cloud-0-0-1-0-1-0-1"
  },
  "appLoopLatency" : 57.10149249999987,
  "latencyPerTupleType" : {
    "rangeFilter_TUPLE" : 14.668103688845989,
    "join_TUPLE" : 4.931488552199235,
    "bloomFilter_TUPLE" : 4.002553513472924,
    "sink_TUPLE" : 0.46678472868483184,
    "interpolation_TUPLE" : 1.280086189889441,
    "mqttPublish_TUPLE" : 1.0810457197214431,
    "csvToSenML_TUPLE" : 1.0217210156259424,
    "senMLParse_TUPLE" : 0.19173655555549582,
    "annotate_TUPLE" : 0.49478801171439046,
    "azureTableInsert_TUPLE" : 1.1111415885426128,
    "TUPLE" : 0.09196083333333413
  },
  "tuplesProcessedPerModule" : {
    "bloomFilter" : 3266,
    "interpolation" : 1622,
    "azureTableInsert" : 1600,
    "sink" : 3177,
    "rangeFilter" : 4674,
    "annotate" : 1622,
    "source" : 4800,
    "join" : 1622,
    "senMLParse" : 4800,
    "mqttPublish" : 1577,
    "csvToSenML" : 1600
  },
  "recsInPerModule" : {
    "bloomFilter" : 1.63405955330042,
    "interpolation" : 0.8198488582851496,
    "azureTableInsert" : 0.8031902677274559,
    "sink" : 1.5903654655584722,
    "rangeFilter" : 2.4040292853037797,
    "annotate" : 0.8133400199042616,
    "source" : 2.4228951476981737,
    "join" : 0.8175038357032974,
    "senMLParse" : 2.413144138721575,
    "mqttPublish" : 0.8001415569829299,
    "csvToSenML" : 0.8031096385125404
  },
  "recsOutPerModule" : {
    "bloomFilter" : 1.6336279107532734,
    "interpolation" : 0.8192380778787695,
    "azureTableInsert" : 0.8026672928452526,
    "sink" : 1.5899391749994651,
    "rangeFilter" : 2.3421515506248416,
    "annotate" : 0.813112371076944,
    "source" : 2.422888777900579,
    "join" : 0.8153438257661486,
    "senMLParse" : 2.4129722837759164,
    "mqttPublish" : 0.7985845057180848,
    "csvToSenML" : 0.8026306137494462
  },
  "remainingDataPerDevice" : {
    "bloomFilter" : 5000,
    "interpolation" : 0,
    "azureTableInsert" : 0,
    "sink" : 0,
    "rangeFilter" : 45000,
    "annotate" : 220000,
    "source" : 0,
    "join" : 0,
    "senMLParse" : 0,
    "mqttPublish" : 0,
    "csvToSenML" : 0
  },
  "executionTime" : 748.0,
  "networkUsage" : 355989.27,
  "tuplesSentBySensors" : 4800
}