{
  "placement" : {
    "annotate" : "cloud-1-1-0-1-1-0-0-1",
    "azureTableInsert" : "cloud-1-1-0-1-0",
    "bloomFilter" : "cloud-0-0-0-0-0-0-0-0",
    "csvToSenML" : "cloud-1-1-0-0-0-0-0",
    "interpolation" : "cloud-0-0-1-0-1-0-1-1-0",
    "join" : "cloud-1-1-1-0-0-1-0-1",
    "mqttPublish" : "cloud-1-1-0-1-0-0-0-0",
    "rangeFilter" : "cloud-0-1-1-1-0-0-1-0",
    "senMLParse" : "cloud-1-0-0-1-0-1-0-1",
    "sink" : "cloud-0-1-0-0-0",
    "source" : "cloud-1-1-1-0-0-1-0-0"
  },
  "appLoopLatency" : 52.2040486060607,
  "latencyPerTupleType" : {
    "rangeFilter_TUPLE" : 0.47350414777770927,
    "join_TUPLE" : 1.47804108107423,
    "bloomFilter_TUPLE" : 1.461132058201047,
    "sink_TUPLE" : 0.26777223177814247,
    "interpolation_TUPLE" : 3.0810527401933845,
    "mqttPublish_TUPLE" : 0.4345222362466414,
    "csvToSenML_TUPLE" : 0.9391220789755277,
    "senMLParse_TUPLE" : 0.13051800222224066,
    "annotate_TUPLE" : 0.7107884798074856,
    "azureTableInsert_TUPLE" : 2.229451036637421,
    "TUPLE" : 0.0961961111111109
  },
  "tuplesProcessedPerModule" : {
    "bloomFilter" : 3402,
    "interpolation" : 1657,
    "azureTableInsert" : 1653,
    "sink" : 3306,
    "rangeFilter" : 4800,
    "annotate" : 1653,
    "source" : 4800,
    "join" : 1653,
    "senMLParse" : 4800,
    "mqttPublish" : 1653,
    "csvToSenML" : 1653
  },
  "recsInPerModule" : {
    "bloomFilter" : 1.7033874176966637,
    "interpolation" : 0.8300631427649264,
    "azureTableInsert" : 0.8372827230150877,
    "sink" : 1.663460682292312,
    "rangeFilter" : 2.4094760490481253,
    "annotate" : 0.8387660080937742,
    "source" : 2.4235068042478014,
    "join" : 0.8430435384319663,
    "senMLParse" : 2.415941488644607,
    "mqttPublish" : 0.8342525062788497,
    "csvToSenML" : 0.8364353964596718
  },
  "recsOutPerModule" : {
    "bloomFilter" : 1.7017400934317821,
    "interpolation" : 0.8290544389301941,
    "azureTableInsert" : 0.8353671656320746,
    "sink" : 1.6630806344652378,
    "rangeFilter" : 2.4092795221810577,
    "annotate" : 0.838175732822764,
    "source" : 2.4235042550381434,
    "join" : 0.8417566058306308,
    "senMLParse" : 2.4157818999179015,
    "mqttPublish" : 0.8339123053170602,
    "csvToSenML" : 0.8356443242708228
  },
  "remainingDataPerDevice" : {
    "bloomFilter" : 275000,
    "interpolation" : 20000,
    "azureTableInsert" : 0,
    "sink" : 0,
    "rangeFilter" : 0,
    "annotate" : 0,
    "source" : 0,
    "join" : 0,
    "senMLParse" : 0,
    "mqttPublish" : 0,
    "csvToSenML" : 0
  },
  "executionTime" : 764.0,
  "networkUsage" : 286809.86,
  "tuplesSentBySensors" : 4800
}