{
  "placement" : {
    "annotate" : "cloud-1-0-0-0-1-1",
    "azureTableInsert" : "cloud-0-1-0-1-0-1-0-1",
    "bloomFilter" : "cloud-0-1-0-1-0-0-1-0",
    "csvToSenML" : "cloud-1-0-0-1-0",
    "interpolation" : "cloud-1-1-1-1-0-0-1-1",
    "join" : "cloud-0-1-0-0-1-1-1",
    "mqttPublish" : "cloud-1-1-1",
    "rangeFilter" : "cloud-0-0-1-0-1-0",
    "senMLParse" : "cloud-0-1-1-0-0-1-0-0-1",
    "sink" : "cloud-0-0-0-0-0-0-0-1-1",
    "source" : "cloud-0-1-0-0-1"
  },
  "appLoopLatency" : 62.3201164292928,
  "latencyPerTupleType" : {
    "rangeFilter_TUPLE" : 1.6293372727281095,
    "join_TUPLE" : 1.3946914021889347,
    "bloomFilter_TUPLE" : 1.2744224395172457,
    "sink_TUPLE" : 0.90328589694955,
    "interpolation_TUPLE" : 0.5620763297291693,
    "mqttPublish_TUPLE" : 0.2542109798787711,
    "csvToSenML_TUPLE" : 0.48874358926537653,
    "senMLParse_TUPLE" : 3.28660441,
    "annotate_TUPLE" : 0.6654837555508859,
    "azureTableInsert_TUPLE" : 2.1810969766276123,
    "TUPLE" : 0.09201444444444666
  },
  "tuplesProcessedPerModule" : {
    "bloomFilter" : 3333,
    "interpolation" : 1631,
    "azureTableInsert" : 1631,
    "sink" : 3262,
    "rangeFilter" : 4800,
    "annotate" : 1631,
    "source" : 4800,
    "join" : 1631,
    "senMLParse" : 4800,
    "mqttPublish" : 1631,
    "csvToSenML" : 1631
  },
  "recsInPerModule" : {
    "bloomFilter" : 1.6680606181420836,
    "interpolation" : 0.8339241375183486,
    "azureTableInsert" : 0.8225425379666602,
    "sink" : 1.6355528626943405,
    "rangeFilter" : 2.4047310472216865,
    "annotate" : 0.8261044117387385,
    "source" : 2.4255887485023253,
    "join" : 0.8298165039529661,
    "senMLParse" : 2.418863404872205,
    "mqttPublish" : 0.8236844208572766,
    "csvToSenML" : 0.8249138662152959
  },
  "recsOutPerModule" : {
    "bloomFilter" : 1.6678032576897395,
    "interpolation" : 0.8335485573799644,
    "azureTableInsert" : 0.8211530716620152,
    "sink" : 1.6344038790673614,
    "rangeFilter" : 2.401147742563495,
    "annotate" : 0.825666567346386,
    "source" : 2.4255861949109265,
    "join" : 0.8288757951846397,
    "senMLParse" : 2.413926646280851,
    "mqttPublish" : 0.82353452364137,
    "csvToSenML" : 0.8246006369437965
  },
  "remainingDataPerDevice" : {
    "bloomFilter" : 130000,
    "interpolation" : 0,
    "azureTableInsert" : 0,
    "sink" : 0,
    "rangeFilter" : 290000,
    "annotate" : 0,
    "source" : 0,
    "join" : 0,
    "senMLParse" : 0,
    "mqttPublish" : 0,
    "csvToSenML" : 0
  },
  "executionTime" : 760.0,
  "networkUsage" : 349002.83,
  "tuplesSentBySensors" : 4800
}