{
  "placement" : {
    "annotate" : "cloud-0-0-1-1-0",
    "azureTableInsert" : "cloud-0-1-1-0-0-1-1-0-1",
    "bloomFilter" : "cloud-0-1-1-1-0-1-0-1",
    "csvToSenML" : "cloud-1-1-1-1-1-1-1-0-0",
    "interpolation" : "cloud-0-0-0-1",
    "join" : "cloud-1-0-0-0-0-0",
    "mqttPublish" : "cloud-1-0-0-1-0-1-0-0-1",
    "rangeFilter" : "cloud-0-0-1-1-1-1-0-1-0",
    "senMLParse" : "cloud-1-0-0-1-0-0-0-1-0",
    "sink" : "cloud-1-0-0-1-0-1-0-0",
    "source" : "cloud-1-0-0-0-1-1-0-0-1"
  },
  "appLoopLatency" : 52.073050499999816,
  "latencyPerTupleType" : {
    "rangeFilter_TUPLE" : 0.4120860403029479,
    "join_TUPLE" : 2.069779210002596,
    "bloomFilter_TUPLE" : 0.22750301632813463,
    "sink_TUPLE" : 0.33391481921859456,
    "interpolation_TUPLE" : 4.6920836086856035,
    "mqttPublish_TUPLE" : 1.3111112237164313,
    "csvToSenML_TUPLE" : 1.310601890290269,
    "senMLParse_TUPLE" : 0.33303581282830874,
    "annotate_TUPLE" : 1.0610170114925326,
    "azureTableInsert_TUPLE" : 0.7042961275426645,
    "TUPLE" : 0.09580166666667479
  },
  "tuplesProcessedPerModule" : {
    "bloomFilter" : 3361,
    "interpolation" : 1628,
    "azureTableInsert" : 1623,
    "sink" : 3246,
    "rangeFilter" : 4800,
    "annotate" : 1623,
    "source" : 4800,
    "join" : 1623,
    "senMLParse" : 4800,
    "mqttPublish" : 1623,
    "csvToSenML" : 1623
  },
  "recsInPerModule" : {
    "bloomFilter" : 1.6825311248756039,
    "interpolation" : 0.8165701663092982,
    "azureTableInsert" : 0.8246593346325075,
    "sink" : 1.640651359768276,
    "rangeFilter" : 2.406543228176422,
    "annotate" : 0.8273744863779642,
    "source" : 2.4226505715184117,
    "join" : 0.8306610819261087,
    "senMLParse" : 2.4161821781858395,
    "mqttPublish" : 0.8210722944220963,
    "csvToSenML" : 0.8243661297910073
  },
  "recsOutPerModule" : {
    "bloomFilter" : 1.680614646909522,
    "interpolation" : 0.8140699514706292,
    "azureTableInsert" : 0.8243665638623582,
    "sink" : 1.640369809515249,
    "rangeFilter" : 2.4059200043385287,
    "annotate" : 0.8269283435071897,
    "source" : 2.4226454767063896,
    "join" : 0.829786125058733,
    "senMLParse" : 2.415991465207174,
    "mqttPublish" : 0.8205335211840421,
    "csvToSenML" : 0.8238230265980478
  },
  "remainingDataPerDevice" : {
    "bloomFilter" : 175000,
    "interpolation" : 25000,
    "azureTableInsert" : 0,
    "sink" : 0,
    "rangeFilter" : 140000,
    "annotate" : 0,
    "source" : 0,
    "join" : 0,
    "senMLParse" : 0,
    "mqttPublish" : 0,
    "csvToSenML" : 0
  },
  "executionTime" : 842.0,
  "networkUsage" : 312643.72,
  "tuplesSentBySensors" : 4800
}