{
  "placement" : {
    "annotate" : "cloud-1-0-1-0-1-0-1-0",
    "azureTableInsert" : "cloud-0-1-1-0-0-0-0-0",
    "bloomFilter" : "cloud-0-0-0-0-1-0-1-0-0",
    "csvToSenML" : "cloud-0-0-1-1-0-1-0-1-0",
    "interpolation" : "cloud-1-1-1-0-1-1-1-0",
    "join" : "cloud-1-0-0-0-1-1-1",
    "mqttPublish" : "cloud-1-0-1-1-1-1-0-1-0",
    "rangeFilter" : "cloud-0-1-1-0-1-0-0",
    "senMLParse" : "cloud-0-1-1-0-1-0-1-0-0",
    "sink" : "cloud-0-0-1-0-0-0-0",
    "source" : "cloud-0-1-0-1-1-1-1-0-0"
  },
  "appLoopLatency" : 59.26774727272694,
  "latencyPerTupleType" : {
    "rangeFilter_TUPLE" : 1.812081277778632,
    "join_TUPLE" : 0.8005040912874531,
    "bloomFilter_TUPLE" : 3.4847308958721137,
    "sink_TUPLE" : 0.4152760746664636,
    "interpolation_TUPLE" : 0.5661305676858779,
    "mqttPublish_TUPLE" : 0.41676788301832124,
    "csvToSenML_TUPLE" : 2.1522589684120814,
    "senMLParse_TUPLE" : 3.4119110222221956,
    "annotate_TUPLE" : 0.6672196844934074,
    "azureTableInsert_TUPLE" : 0.8180650158799581,
    "TUPLE" : 0.09336861111110784
  },
  "tuplesProcessedPerModule" : {
    "bloomFilter" : 3278,
    "interpolation" : 1603,
    "azureTableInsert" : 1603,
    "sink" : 3179,
    "rangeFilter" : 4800,
    "annotate" : 1603,
    "source" : 4800,
    "join" : 1603,
    "senMLParse" : 4800,
    "mqttPublish" : 1576,
    "csvToSenML" : 1603
  },
  "recsInPerModule" : {
    "bloomFilter" : 1.6495401415593445,
    "interpolation" : 0.8168798267210464,
    "azureTableInsert" : 0.8063461326211898,
    "sink" : 1.5932762415219073,
    "rangeFilter" : 2.404365911738951,
    "annotate" : 0.8100645730871394,
    "source" : 2.4225283019439274,
    "join" : 0.8132148347475304,
    "senMLParse" : 2.4125377010952374,
    "mqttPublish" : 0.793797774826223,
    "csvToSenML" : 0.8059812683692563
  },
  "recsOutPerModule" : {
    "bloomFilter" : 1.6390399024264244,
    "interpolation" : 0.8164871537851829,
    "azureTableInsert" : 0.8057874224239907,
    "sink" : 1.5927473905132148,
    "rangeFilter" : 2.4004380639437404,
    "annotate" : 0.8096052336895739,
    "source" : 2.422521934075061,
    "join" : 0.8126518355842126,
    "senMLParse" : 2.4076267033114584,
    "mqttPublish" : 0.7937078257216342,
    "csvToSenML" : 0.8045187175699916
  },
  "remainingDataPerDevice" : {
    "bloomFilter" : 90000,
    "interpolation" : 0,
    "azureTableInsert" : 0,
    "sink" : 0,
    "rangeFilter" : 275000,
    "annotate" : 0,
    "source" : 0,
    "join" : 0,
    "senMLParse" : 0,
    "mqttPublish" : 0,
    "csvToSenML" : 135000
  },
  "executionTime" : 776.0,
  "networkUsage" : 353173.05,
  "tuplesSentBySensors" : 4800
}