{
  "placement" : {
    "annotation" : "cloud-1-1-1",
    "blobWrite" : "cloud-0-0-0",
    "decisionTreeTrain" : "cloud-1-1-0",
    "mqttPublish" : "cloud-1-0-0",
    "multiVarLinearRegTrain" : "cloud-1-1-0",
    "sink" : "cloud-0",
    "source" : "cloud-0-1-1",
    "tableRead" : "cloud-0-1-1"
  },
  "appLoopLatency" : 10.43868666666661,
  "latencyPerTupleType" : {
    "multiVarLinearRegTrain_TUPLE" : 2.441315497158695,
    "sink_TUPLE" : 0.66543138020895,
    "annotation_TUPLE" : 0.9918053030303049,
    "decisionTreeTrain_TUPLE" : 2.3743905968272543,
    "mqttPublish_TUPLE" : 1.5208652734381451,
    "tableRead_TUPLE" : 0.26118702651517733,
    "blobWrite_TUPLE" : 0.9494702687032491,
    "TUPLE" : 0.09233285984846165
  },
  "tuplesProcessedPerModule" : {
    "annotation" : 2048,
    "multiVarLinearRegTrain" : 2048,
    "decisionTreeTrain" : 2048,
    "sink" : 4096,
    "source" : 2048,
    "tableRead" : 2048,
    "blobWrite" : 4096,
    "mqttPublish" : 4096
  },
  "recsInPerModule" : {
    "annotation" : 1.0357570350375964,
    "multiVarLinearRegTrain" : 1.035600016251124,
    "decisionTreeTrain" : 1.0344053088626834,
    "sink" : 2.0559724237389503,
    "source" : 1.0374841819123144,
    "tableRead" : 1.0373817053076158,
    "blobWrite" : 2.0629818556292694,
    "mqttPublish" : 2.0596879533506716
  },
  "recsOutPerModule" : {
    "annotation" : 1.0351375467503587,
    "multiVarLinearRegTrain" : 1.0327393953529855,
    "decisionTreeTrain" : 1.0327393953529855,
    "sink" : 2.054923771138905,
    "source" : 1.0374342548836155,
    "tableRead" : 1.03727940814664,
    "blobWrite" : 2.061450414264197,
    "mqttPublish" : 2.057213828755256
  },
  "remainingDataPerDevice" : {
    "annotation" : 0,
    "multiVarLinearRegTrain" : 0,
    "decisionTreeTrain" : 0,
    "sink" : 0,
    "source" : 0,
    "tableRead" : 0,
    "blobWrite" : 0,
    "mqttPublish" : 0
  },
  "executionTime" : 1339.0,
  "networkUsage" : 199588.16,
  "tuplesSentBySensors" : 2048
}