{
  "placement" : {
    "average" : "cloud-1-0-1",
    "blobRead" : "cloud-0-0-0-1",
    "decisionTree" : "cloud-0-0-0-0",
    "errorEstimate" : "cloud-0-1-1-1",
    "mqttPublish" : "cloud",
    "multiVarLinearReg" : "cloud",
    "senMLParse" : "cloud-0-0-1",
    "sink" : "cloud-1-1-1",
    "source" : "cloud-0-1-1"
  },
  "appLoopLatency" : 9.383154840460666,
  "latencyPerTupleType" : {
    "blobRead_TUPLE" : 0.19015937121211485,
    "average_TUPLE" : 0.7565084322916146,
    "sink_TUPLE" : 0.15837295758876863,
    "errorEstimate_TUPLE" : 0.1516962580814635,
    "mqttPublish_TUPLE" : 0.08351495804755918,
    "decisionTree_TUPLE" : 0.20026515127848996,
    "multiVarLinearReg_TUPLE" : 0.09136736304459894,
    "senMLParse_TUPLE" : 0.12208728645832467,
    "TUPLE" : 0.08875195312499085
  },
  "tuplesProcessedPerModule" : {
    "errorEstimate" : 6144,
    "average" : 2048,
    "multiVarLinearReg" : 4096,
    "decisionTree" : 4096,
    "sink" : 10240,
    "blobRead" : 2048,
    "source" : 2048,
    "senMLParse" : 2048,
    "mqttPublish" : 10240
  },
  "recsInPerModule" : {
    "errorEstimate" : 3.096274873966912,
    "average" : 1.034689167367586,
    "multiVarLinearReg" : 2.0706068172299066,
    "decisionTree" : 2.0714445622417763,
    "sink" : 5.148846411309838,
    "blobRead" : 1.035961665326132,
    "source" : 1.037064944166611,
    "senMLParse" : 1.0361713200965499,
    "mqttPublish" : 5.154337606965956
  },
  "recsOutPerModule" : {
    "errorEstimate" : 3.0958750805818793,
    "average" : 1.0342287033836015,
    "multiVarLinearReg" : 2.0705022519314253,
    "decisionTree" : 2.0712907105401763,
    "sink" : 5.148219849389996,
    "blobRead" : 1.0358794941727183,
    "source" : 1.037010791077074,
    "senMLParse" : 1.0361025176857113,
    "mqttPublish" : 5.154029534116317
  },
  "remainingDataPerDevice" : {
    "errorEstimate" : 0,
    "average" : 0,
    "multiVarLinearReg" : 0,
    "decisionTree" : 0,
    "sink" : 0,
    "blobRead" : 0,
    "source" : 0,
    "senMLParse" : 0,
    "mqttPublish" : 0
  },
  "executionTime" : 1255.0,
  "networkUsage" : 65948.16,
  "tuplesSentBySensors" : 2048
}