{
  "placement" : {
    "annotation" : "cloud-0-1-0-1-0-0-1-1-1",
    "blobWrite" : "cloud-0-1-0-1-0-1",
    "decisionTreeTrain" : "cloud-0-0-0-1-0-0-0-0-0",
    "mqttPublish" : "cloud-0-1-0-1-0-1-1-1",
    "multiVarLinearRegTrain" : "cloud-0-1-1-1-0-1-0-0-0",
    "sink" : "cloud-1-1-0-1-0-0-0-1-0",
    "source" : "cloud-1-1-0-1-0-0-0-1-0",
    "tableRead" : "cloud-1-1-0-1-1-0-0-0"
  },
  "appLoopLatency" : 46.50327048924929,
  "latencyPerTupleType" : {
    "multiVarLinearRegTrain_TUPLE" : 28.147231914343152,
    "sink_TUPLE" : 1.497973393286063,
    "annotation_TUPLE" : 15.33114540251038,
    "mqttPublish_TUPLE" : 6.121669073192029,
    "decisionTreeTrain_TUPLE" : 22.599095093037654,
    "tableRead_TUPLE" : 0.33916508333335116,
    "blobWrite_TUPLE" : 9.001435825512077,
    "TUPLE" : 0.09627138888889139
  },
  "tuplesProcessedPerModule" : {
    "annotation" : 4674,
    "multiVarLinearRegTrain" : 4662,
    "decisionTreeTrain" : 4654,
    "sink" : 9174,
    "source" : 4800,
    "tableRead" : 4800,
    "blobWrite" : 9227,
    "mqttPublish" : 9227
  },
  "recsInPerModule" : {
    "annotation" : 2.405332979405067,
    "multiVarLinearRegTrain" : 2.4070216627001044,
    "decisionTreeTrain" : 2.331362633160737,
    "sink" : 4.593424304666277,
    "source" : 2.4226505715184117,
    "tableRead" : 2.4170363796075556,
    "blobWrite" : 4.616729123864214,
    "mqttPublish" : 4.614131834989292
  },
  "recsOutPerModule" : {
    "annotation" : 2.3445011840622585,
    "multiVarLinearRegTrain" : 2.3387165713553424,
    "decisionTreeTrain" : 2.3275804456106806,
    "sink" : 4.590201875044476,
    "source" : 2.422648024109722,
    "tableRead" : 2.416838617552323,
    "blobWrite" : 4.616209436812792,
    "mqttPublish" : 4.613660792614643
  },
  "remainingDataPerDevice" : {
    "annotation" : 246000,
    "multiVarLinearRegTrain" : 0,
    "decisionTreeTrain" : 445000,
    "sink" : 0,
    "source" : 0,
    "tableRead" : 0,
    "blobWrite" : 0,
    "mqttPublish" : 265000
  },
  "executionTime" : 1776.0,
  "networkUsage" : 1608579.54,
  "tuplesSentBySensors" : 4800
}