{
  "placement" : {
    "annotation" : "cloud-1-1-0-1-1-1-0",
    "blobWrite" : "cloud-1-0-1-1-1-0-1-1",
    "decisionTreeTrain" : "cloud-0-0-1-1-0-0",
    "mqttPublish" : "cloud-1-0-0-1-1-0",
    "multiVarLinearRegTrain" : "cloud-0-0-0-0-1-0-1-0-0",
    "sink" : "cloud-0-1-1-1-0-1-1-0-1",
    "source" : "cloud-1-0-0-1-0-1",
    "tableRead" : "cloud-0-1-0-0-0-0-0-0"
  },
  "appLoopLatency" : 110.42887376768041,
  "latencyPerTupleType" : {
    "multiVarLinearRegTrain_TUPLE" : 37.53747481796438,
    "sink_TUPLE" : 1.2551396008823679,
    "annotation_TUPLE" : 3.31873917568751,
    "decisionTreeTrain_TUPLE" : 35.53893602111364,
    "mqttPublish_TUPLE" : 7.360661452487481,
    "tableRead_TUPLE" : 5.295974014393841,
    "blobWrite_TUPLE" : 60.81309058713994,
    "TUPLE" : 0.09360090909091727
  },
  "tuplesProcessedPerModule" : {
    "annotation" : 4693,
    "multiVarLinearRegTrain" : 4686,
    "decisionTreeTrain" : 4654,
    "sink" : 8786,
    "source" : 4800,
    "tableRead" : 4800,
    "blobWrite" : 9006,
    "mqttPublish" : 8786
  },
  "recsInPerModule" : {
    "annotation" : 2.4038214636991446,
    "multiVarLinearRegTrain" : 2.4052671628168234,
    "decisionTreeTrain" : 2.3482291578732393,
    "sink" : 4.4579334227446585,
    "source" : 2.4266924030877637,
    "tableRead" : 2.4205690360595122,
    "blobWrite" : 4.601107385362308,
    "mqttPublish" : 4.479978236504352
  },
  "recsOutPerModule" : {
    "annotation" : 2.3568380284358366,
    "multiVarLinearRegTrain" : 2.3481919586228335,
    "decisionTreeTrain" : 2.332245890946371,
    "sink" : 4.456623782804299,
    "source" : 2.4266877559722793,
    "tableRead" : 2.4136641030170343,
    "blobWrite" : 4.504573774200928,
    "mqttPublish" : 4.474284152790947
  },
  "remainingDataPerDevice" : {
    "annotation" : 0,
    "multiVarLinearRegTrain" : 150000,
    "decisionTreeTrain" : 555000,
    "sink" : 0,
    "source" : 0,
    "tableRead" : 0,
    "blobWrite" : 1100000,
    "mqttPublish" : 0
  },
  "executionTime" : 5026.0,
  "networkUsage" : 1551115.02,
  "tuplesSentBySensors" : 4800
}