{
  "placement" : {
    "annotation" : "cloud-1-1-1-1-0-1-0-0",
    "blobWrite" : "cloud-0-1-1-1-1-1-1-0",
    "decisionTreeTrain" : "cloud-0-1-1-0-1-0-1-0",
    "mqttPublish" : "cloud-1-1",
    "multiVarLinearRegTrain" : "cloud-0-0-1-1-0-1-1-0",
    "sink" : "cloud-0-1-0-1-1-1-1-0-0",
    "source" : "cloud-1-0-0-0-1-0-1-1-1",
    "tableRead" : "cloud-1-0-0-1-0"
  },
  "appLoopLatency" : 34.520693465055636,
  "latencyPerTupleType" : {
    "multiVarLinearRegTrain_TUPLE" : 28.297809836226136,
    "sink_TUPLE" : 9.645239625172437,
    "annotation_TUPLE" : 3.547544390000095,
    "mqttPublish_TUPLE" : 6.877499845738006,
    "decisionTreeTrain_TUPLE" : 24.32744134870325,
    "tableRead_TUPLE" : 0.10850614111113051,
    "blobWrite_TUPLE" : 9.099294366038224,
    "TUPLE" : 0.09553083333334451
  },
  "tuplesProcessedPerModule" : {
    "annotation" : 4800,
    "multiVarLinearRegTrain" : 4667,
    "decisionTreeTrain" : 4662,
    "sink" : 9062,
    "source" : 4800,
    "tableRead" : 4800,
    "blobWrite" : 9315,
    "mqttPublish" : 9311
  },
  "recsInPerModule" : {
    "annotation" : 2.413595234269656,
    "multiVarLinearRegTrain" : 2.4149309945002138,
    "decisionTreeTrain" : 2.3551369460896927,
    "sink" : 4.612785818235237,
    "source" : 2.424241199878182,
    "tableRead" : 2.421181605790395,
    "blobWrite" : 4.658790755519286,
    "mqttPublish" : 4.663980105762054
  },
  "recsOutPerModule" : {
    "annotation" : 2.4088310308990453,
    "multiVarLinearRegTrain" : 2.3362632927008193,
    "decisionTreeTrain" : 2.3327483237198043,
    "sink" : 4.596333285232097,
    "source" : 2.4242386491233154,
    "tableRead" : 2.4210213240478984,
    "blobWrite" : 4.658778576156946,
    "mqttPublish" : 4.6628949811284945
  },
  "remainingDataPerDevice" : {
    "annotation" : 1886000,
    "multiVarLinearRegTrain" : 30000,
    "decisionTreeTrain" : 30000,
    "sink" : 0,
    "source" : 0,
    "tableRead" : 0,
    "blobWrite" : 20000,
    "mqttPublish" : 515000
  },
  "executionTime" : 2835.0,
  "networkUsage" : 1366390.45,
  "tuplesSentBySensors" : 4800
}