{
  "placement" : {
    "annotation" : "cloud-1-1-0-1-0-1-1",
    "blobWrite" : "cloud-1-1-0-0-0-1-1-1-0",
    "decisionTreeTrain" : "cloud-0-0-0-0-0-1",
    "mqttPublish" : "cloud-1-0-0-1-0",
    "multiVarLinearRegTrain" : "cloud-0-1-1-0-1-1-0",
    "sink" : "cloud-1-1-1-1-0-1-0-1",
    "source" : "cloud-1-0-0-0-1-1-0",
    "tableRead" : "cloud-0-0-1-1-0-0-1"
  },
  "appLoopLatency" : 50.46295735801629,
  "latencyPerTupleType" : {
    "multiVarLinearRegTrain_TUPLE" : 3.0166308263636847,
    "sink_TUPLE" : 3.859676683762004,
    "annotation_TUPLE" : 3.0159668263636856,
    "decisionTreeTrain_TUPLE" : 25.314663595910364,
    "mqttPublish_TUPLE" : 0.8078288281943722,
    "tableRead_TUPLE" : 0.3325983128283059,
    "blobWrite_TUPLE" : 16.99162930867957,
    "TUPLE" : 0.09553083333334164
  },
  "tuplesProcessedPerModule" : {
    "annotation" : 4800,
    "multiVarLinearRegTrain" : 4800,
    "decisionTreeTrain" : 4660,
    "sink" : 9208,
    "source" : 4800,
    "tableRead" : 4800,
    "blobWrite" : 9310,
    "mqttPublish" : 9208
  },
  "recsInPerModule" : {
    "annotation" : 2.407510104971204,
    "multiVarLinearRegTrain" : 2.409202065321144,
    "decisionTreeTrain" : 2.3513509838100033,
    "sink" : 4.6301992027367405,
    "source" : 2.424853536320517,
    "tableRead" : 2.4169146760513383,
    "blobWrite" : 4.6769325441030665,
    "mqttPublish" : 4.6438065978966705
  },
  "recsOutPerModule" : {
    "annotation" : 2.4030706011416867,
    "multiVarLinearRegTrain" : 2.404756325033037,
    "decisionTreeTrain" : 2.330347896472291,
    "sink" : 4.625000384628078,
    "source" : 2.424850984276904,
    "tableRead" : 2.4167238474253434,
    "blobWrite" : 4.655928379315033,
    "mqttPublish" : 4.642572508011627
  },
  "remainingDataPerDevice" : {
    "annotation" : 2009000,
    "multiVarLinearRegTrain" : 490000,
    "decisionTreeTrain" : 50000,
    "sink" : 0,
    "source" : 0,
    "tableRead" : 0,
    "blobWrite" : 510000,
    "mqttPublish" : 0
  },
  "executionTime" : 1885.0,
  "networkUsage" : 1415688.22,
  "tuplesSentBySensors" : 4800
}