{
  "placement" : {
    "annotation" : "cloud-1-0-1-0-1-0-1-1",
    "blobWrite" : "cloud-0-1-0-0-1-0-0-1-0",
    "decisionTreeTrain" : "cloud-0-0-0-0-1-0-0-1-0",
    "mqttPublish" : "cloud-0-0-0-0-0-0-0-0",
    "multiVarLinearRegTrain" : "cloud-0-0-0-1-1-0-0-1",
    "sink" : "cloud-0-0-0-0-0-0-1-1-0",
    "source" : "cloud-1-0-1-1-1-0-0",
    "tableRead" : "cloud-0-1-1-1-0-1-0-1-1"
  },
  "appLoopLatency" : 38.37553941666636,
  "latencyPerTupleType" : {
    "multiVarLinearRegTrain_TUPLE" : 11.088513938485798,
    "sink_TUPLE" : 8.120252705198546,
    "annotation_TUPLE" : 0.39346671111124354,
    "decisionTreeTrain_TUPLE" : 3.950877766365741,
    "mqttPublish_TUPLE" : 3.006093829733411,
    "tableRead_TUPLE" : 0.12261368888880618,
    "blobWrite_TUPLE" : 11.239990149196373,
    "TUPLE" : 0.09505111111110962
  },
  "tuplesProcessedPerModule" : {
    "annotation" : 4800,
    "multiVarLinearRegTrain" : 4671,
    "decisionTreeTrain" : 4654,
    "sink" : 9300,
    "source" : 4800,
    "tableRead" : 4800,
    "blobWrite" : 9321,
    "mqttPublish" : 9302
  },
  "recsInPerModule" : {
    "annotation" : 2.4059634309848876,
    "multiVarLinearRegTrain" : 2.408377817193576,
    "decisionTreeTrain" : 2.327268992344065,
    "sink" : 4.690153045115201,
    "source" : 2.4239963518854903,
    "tableRead" : 2.415688177561583,
    "blobWrite" : 4.662129320955088,
    "mqttPublish" : 4.651552387351173
  },
  "recsOutPerModule" : {
    "annotation" : 2.4057172371331568,
    "multiVarLinearRegTrain" : 2.34440754717038,
    "decisionTreeTrain" : 2.327043533942593,
    "sink" : 4.671022970395764,
    "source" : 2.423983600740948,
    "tableRead" : 2.4155286222977232,
    "blobWrite" : 4.661459001960474,
    "mqttPublish" : 4.651271339665719
  },
  "remainingDataPerDevice" : {
    "annotation" : 2993000,
    "multiVarLinearRegTrain" : 0,
    "decisionTreeTrain" : 20000,
    "sink" : 0,
    "source" : 0,
    "tableRead" : 0,
    "blobWrite" : 95000,
    "mqttPublish" : 10000
  },
  "executionTime" : 2407.0,
  "networkUsage" : 1590995.53,
  "tuplesSentBySensors" : 4800
}