{
  "placement" : {
    "annotation" : "cloud-1-1-1-0-1-1-1-1-1",
    "blobWrite" : "cloud-0-1-1-0-0-1-0-0",
    "decisionTreeTrain" : "cloud-0-0-0-1-0-0-0",
    "mqttPublish" : "cloud-1-1-1-0-1-0-0-1-0",
    "multiVarLinearRegTrain" : "cloud-0-0-1-1-0-1-1-0-1",
    "sink" : "cloud-1-0-1-0-1-0-1-1",
    "source" : "cloud-1-0-1-0-1",
    "tableRead" : "cloud-1-0-0-0-0-1-0-1"
  },
  "appLoopLatency" : 47.485010575757286,
  "latencyPerTupleType" : {
    "multiVarLinearRegTrain_TUPLE" : 9.000092143145856,
    "sink_TUPLE" : 0.9854182833353591,
    "annotation_TUPLE" : 2.8331113333333877,
    "decisionTreeTrain_TUPLE" : 2.57836354336935,
    "mqttPublish_TUPLE" : 1.8706266166686738,
    "tableRead_TUPLE" : 0.2911227849495181,
    "blobWrite_TUPLE" : 13.901121996930021,
    "TUPLE" : 0.0941900000000015
  },
  "tuplesProcessedPerModule" : {
    "annotation" : 4800,
    "multiVarLinearRegTrain" : 4678,
    "decisionTreeTrain" : 4663,
    "sink" : 9300,
    "source" : 4800,
    "tableRead" : 4800,
    "blobWrite" : 9320,
    "mqttPublish" : 9300
  },
  "recsInPerModule" : {
    "annotation" : 2.406303188462486,
    "multiVarLinearRegTrain" : 2.4061828046011517,
    "decisionTreeTrain" : 2.3316871362105567,
    "sink" : 4.653828454949616,
    "source" : 2.424731044286197,
    "tableRead" : 2.416671305703591,
    "blobWrite" : 4.661162376202276,
    "mqttPublish" : 4.678813422101799
  },
  "recsOutPerModule" : {
    "annotation" : 2.402305253340458,
    "multiVarLinearRegTrain" : 2.3452134078163653,
    "decisionTreeTrain" : 2.331597952319985,
    "sink" : 4.6515347180969915,
    "source" : 2.4247284925004116,
    "tableRead" : 2.4164805155049827,
    "blobWrite" : 4.660783593076391,
    "mqttPublish" : 4.674413803459418
  },
  "remainingDataPerDevice" : {
    "annotation" : 2808500,
    "multiVarLinearRegTrain" : 40000,
    "decisionTreeTrain" : 65000,
    "sink" : 0,
    "source" : 0,
    "tableRead" : 0,
    "blobWrite" : 100000,
    "mqttPublish" : 0
  },
  "executionTime" : 1728.0,
  "networkUsage" : 1816927.28,
  "tuplesSentBySensors" : 4800
}