{
  "placement" : {
    "annotation" : "cloud-1-0-1-0-0-0-0-1-1",
    "blobWrite" : "cloud-1-0-0-0-1-1-1-0-1",
    "decisionTreeTrain" : "cloud-1-1-1",
    "mqttPublish" : "cloud-1-0-0-1-1-1-0-0-1",
    "multiVarLinearRegTrain" : "cloud-1-0-1-1-0-1",
    "sink" : "cloud-0-0-0-0-1-1-0-0-1",
    "source" : "cloud-1-0-0-0-0-0-1",
    "tableRead" : "cloud-0-1-1-1-1-1-0-0"
  },
  "appLoopLatency" : 40.753916810605816,
  "latencyPerTupleType" : {
    "multiVarLinearRegTrain_TUPLE" : 27.423770660660647,
    "sink_TUPLE" : 4.831851684501653,
    "annotation_TUPLE" : 2.911869927777813,
    "decisionTreeTrain_TUPLE" : 2.507241803244359,
    "mqttPublish_TUPLE" : 1.4994135631311363,
    "tableRead_TUPLE" : 0.43295753000001885,
    "blobWrite_TUPLE" : 4.7541131059857396,
    "TUPLE" : 0.09581555555557103
  },
  "tuplesProcessedPerModule" : {
    "annotation" : 4800,
    "multiVarLinearRegTrain" : 4662,
    "decisionTreeTrain" : 4714,
    "sink" : 9181,
    "source" : 4800,
    "tableRead" : 4800,
    "blobWrite" : 9319,
    "mqttPublish" : 9301
  },
  "recsInPerModule" : {
    "annotation" : 2.40733088364942,
    "multiVarLinearRegTrain" : 2.4082971691646766,
    "decisionTreeTrain" : 2.3587677035645624,
    "sink" : 4.6571876782592945,
    "source" : 2.424241199878182,
    "tableRead" : 2.4163038079816292,
    "blobWrite" : 4.660902993247289,
    "mqttPublish" : 4.651209715299632
  },
  "recsOutPerModule" : {
    "annotation" : 2.4028920401624156,
    "multiVarLinearRegTrain" : 2.3416533278129386,
    "decisionTreeTrain" : 2.358317812074743,
    "sink" : 4.628938209382774,
    "source" : 2.424236098373817,
    "tableRead" : 2.4160554935021388,
    "blobWrite" : 4.660402896359602,
    "mqttPublish" : 4.650933083508044
  },
  "remainingDataPerDevice" : {
    "annotation" : 1763000,
    "multiVarLinearRegTrain" : 0,
    "decisionTreeTrain" : 280000,
    "sink" : 0,
    "source" : 0,
    "tableRead" : 0,
    "blobWrite" : 90000,
    "mqttPublish" : 5000
  },
  "executionTime" : 1596.0,
  "networkUsage" : 1422847.55,
  "tuplesSentBySensors" : 4800
}