{
  "placement" : {
    "annotation" : "cloud-0-1-0-1-0-0",
    "blobWrite" : "cloud-1-0-0-0-1-0-0-0-0",
    "decisionTreeTrain" : "cloud-1-0-1-0-1-0-1-0-1",
    "mqttPublish" : "cloud-0-1-1-0-0-0-1-1-0",
    "multiVarLinearRegTrain" : "cloud-0-0-1-1-0-0-0",
    "sink" : "cloud-1-1-0-1-1-1-0-0-0",
    "source" : "cloud-0-0-1-0-0-1-1",
    "tableRead" : "cloud-1-0-1-0-1-1-0"
  },
  "appLoopLatency" : 49.47674083333309,
  "latencyPerTupleType" : {
    "multiVarLinearRegTrain_TUPLE" : 1.7446098765418183,
    "sink_TUPLE" : 1.6090019666668476,
    "annotation_TUPLE" : 1.5834641475055253,
    "decisionTreeTrain_TUPLE" : 4.35475325918622,
    "mqttPublish_TUPLE" : 0.5762228777788266,
    "tableRead_TUPLE" : 3.4687028777777256,
    "blobWrite_TUPLE" : 1.8143197113725649,
    "TUPLE" : 0.09258611111111222
  },
  "tuplesProcessedPerModule" : {
    "annotation" : 4725,
    "multiVarLinearRegTrain" : 4725,
    "decisionTreeTrain" : 4659,
    "sink" : 9300,
    "source" : 4800,
    "tableRead" : 4800,
    "blobWrite" : 9332,
    "mqttPublish" : 9300
  },
  "recsInPerModule" : {
    "annotation" : 2.400069045986347,
    "multiVarLinearRegTrain" : 2.4001892989297002,
    "decisionTreeTrain" : 2.3388315804055755,
    "sink" : 4.677079606010053,
    "source" : 2.423262104572847,
    "tableRead" : 2.4136295083800077,
    "blobWrite" : 4.668514684291799,
    "mqttPublish" : 4.70614747394356
  },
  "recsOutPerModule" : {
    "annotation" : 2.367142484134141,
    "multiVarLinearRegTrain" : 2.367252332046865,
    "decisionTreeTrain" : 2.331191947503122,
    "sink" : 4.673172409348278,
    "source" : 2.4232557328456474,
    "tableRead" : 2.408777025447386,
    "blobWrite" : 4.6665426878043075,
    "mqttPublish" : 4.704049724485445
  },
  "remainingDataPerDevice" : {
    "annotation" : 984000,
    "multiVarLinearRegTrain" : 195000,
    "decisionTreeTrain" : 45000,
    "sink" : 0,
    "source" : 0,
    "tableRead" : 0,
    "blobWrite" : 160000,
    "mqttPublish" : 0
  },
  "executionTime" : 1428.0,
  "networkUsage" : 1706153.9,
  "tuplesSentBySensors" : 4800
}