{
  "placement" : {
    "annotation" : "cloud-1-1-1-0-1-0-1-1-0",
    "blobWrite" : "cloud-0-1-0-0-1-1-1-0-1",
    "decisionTreeTrain" : "cloud-1-0-1-0-0-0-0-1-1",
    "mqttPublish" : "cloud-1-0-1-0-1-1-0",
    "multiVarLinearRegTrain" : "cloud-0-0-1-0-0-1-1-0-1",
    "sink" : "cloud-1-1-0-0-1-0",
    "source" : "cloud-0-0-0-1-0-1-0-1",
    "tableRead" : "cloud-0-0-1-0-0-1-0"
  },
  "appLoopLatency" : 49.58349704545611,
  "latencyPerTupleType" : {
    "multiVarLinearRegTrain_TUPLE" : 2.9806726868674644,
    "sink_TUPLE" : 6.736500309418626,
    "annotation_TUPLE" : 5.536235213269736,
    "mqttPublish_TUPLE" : 4.974605788845349,
    "decisionTreeTrain_TUPLE" : 4.342340120965658,
    "tableRead_TUPLE" : 3.1048527787877926,
    "blobWrite_TUPLE" : 2.6126423708257485,
    "TUPLE" : 0.0939691919191913
  },
  "tuplesProcessedPerModule" : {
    "annotation" : 4691,
    "multiVarLinearRegTrain" : 4800,
    "decisionTreeTrain" : 4657,
    "sink" : 9300,
    "source" : 4800,
    "tableRead" : 4800,
    "blobWrite" : 9380,
    "mqttPublish" : 9313
  },
  "recsInPerModule" : {
    "annotation" : 2.3691429142913645,
    "multiVarLinearRegTrain" : 2.4085787163773635,
    "decisionTreeTrain" : 2.3292936976514693,
    "sink" : 4.659542235243023,
    "source" : 2.421917139150745,
    "tableRead" : 2.415090817005329,
    "blobWrite" : 4.696019620143527,
    "mqttPublish" : 4.657163549487192
  },
  "recsOutPerModule" : {
    "annotation" : 2.3496101671914427,
    "multiVarLinearRegTrain" : 2.402066302381072,
    "decisionTreeTrain" : 2.3289587957080684,
    "sink" : 4.650329279599613,
    "source" : 2.421914824726414,
    "tableRead" : 2.410547674032406,
    "blobWrite" : 4.6943157465651115,
    "mqttPublish" : 4.656688111502397
  },
  "remainingDataPerDevice" : {
    "annotation" : 697000,
    "multiVarLinearRegTrain" : 350000,
    "decisionTreeTrain" : 35000,
    "sink" : 0,
    "source" : 0,
    "tableRead" : 1400000,
    "blobWrite" : 335000,
    "mqttPublish" : 65000
  },
  "executionTime" : 1374.0,
  "networkUsage" : 1468449.44,
  "tuplesSentBySensors" : 4800
}