{
  "placement" : {
    "annotation" : "cloud-0-1-1-0-0-1",
    "blobWrite" : "cloud-0-0-0-1-0-1",
    "decisionTreeTrain" : "cloud-1-1-1-1-1-0-1-1-1",
    "mqttPublish" : "cloud-0-0-1-1-1-1-0-0-1",
    "multiVarLinearRegTrain" : "cloud-0-1-0-0-0-0-1-1-1",
    "sink" : "cloud-0-1-1-1-0-0-1-0-1",
    "source" : "cloud-1-1-0-1-1-0-0-0-0",
    "tableRead" : "cloud-0-1-0-1-0-0-0-0"
  },
  "appLoopLatency" : 41.37872645454539,
  "latencyPerTupleType" : {
    "multiVarLinearRegTrain_TUPLE" : 9.951439182057895,
    "sink_TUPLE" : 0.9938950283903804,
    "annotation_TUPLE" : 3.030538362087492,
    "decisionTreeTrain_TUPLE" : 2.464187277381623,
    "mqttPublish_TUPLE" : 0.8465598096090325,
    "tableRead_TUPLE" : 0.10761480555557208,
    "blobWrite_TUPLE" : 2.343059573669988,
    "TUPLE" : 0.0971672222222267
  },
  "tuplesProcessedPerModule" : {
    "annotation" : 4715,
    "multiVarLinearRegTrain" : 4678,
    "decisionTreeTrain" : 4656,
    "sink" : 9300,
    "source" : 4800,
    "tableRead" : 4800,
    "blobWrite" : 9312,
    "mqttPublish" : 9300
  },
  "recsInPerModule" : {
    "annotation" : 2.403200417496527,
    "multiVarLinearRegTrain" : 2.4027192568956517,
    "decisionTreeTrain" : 2.328114955914207,
    "sink" : 4.708515248644724,
    "source" : 2.4225283019439274,
    "tableRead" : 2.410721482296376,
    "blobWrite" : 4.659140877277921,
    "mqttPublish" : 4.723226981286034
  },
  "recsOutPerModule" : {
    "annotation" : 2.3608038972479197,
    "multiVarLinearRegTrain" : 2.342014147616834,
    "decisionTreeTrain" : 2.3280055866314067,
    "sink" : 4.706043268068724,
    "source" : 2.4225232076461563,
    "tableRead" : 2.410562582433043,
    "blobWrite" : 4.656446377426745,
    "mqttPublish" : 4.722862191420534
  },
  "remainingDataPerDevice" : {
    "annotation" : 1209500,
    "multiVarLinearRegTrain" : 50000,
    "decisionTreeTrain" : 30000,
    "sink" : 0,
    "source" : 0,
    "tableRead" : 0,
    "blobWrite" : 60000,
    "mqttPublish" : 0
  },
  "executionTime" : 1456.0,
  "networkUsage" : 1377669.515,
  "tuplesSentBySensors" : 4800
}