{
  "placement" : {
    "annotation" : "cloud-1-1-1-1-1",
    "blobWrite" : "cloud-0-1-1-0-0-1-1-1",
    "decisionTreeTrain" : "cloud-0-0-1-0-1",
    "mqttPublish" : "cloud-1-0-0",
    "multiVarLinearRegTrain" : "cloud-1-1-0-0-1-0-0-0",
    "sink" : "cloud-1-0-1-1-0-1-1-1-1",
    "source" : "cloud-0-1-0-1-1-1-0-0",
    "tableRead" : "cloud-0-1-0-1-1-0-1-0-1"
  },
  "appLoopLatency" : 32.258910901515,
  "latencyPerTupleType" : {
    "multiVarLinearRegTrain_TUPLE" : 28.788409307136156,
    "sink_TUPLE" : 5.381176237272948,
    "annotation_TUPLE" : 1.6463801855556786,
    "decisionTreeTrain_TUPLE" : 5.938469180802239,
    "mqttPublish_TUPLE" : 1.5384378470371538,
    "tableRead_TUPLE" : 0.11564942000001854,
    "blobWrite_TUPLE" : 4.018683042971444,
    "TUPLE" : 0.09213944444444643
  },
  "tuplesProcessedPerModule" : {
    "annotation" : 4800,
    "multiVarLinearRegTrain" : 4657,
    "decisionTreeTrain" : 4717,
    "sink" : 9300,
    "source" : 4800,
    "tableRead" : 4800,
    "blobWrite" : 9330,
    "mqttPublish" : 9305
  },
  "recsInPerModule" : {
    "annotation" : 2.410335522133551,
    "multiVarLinearRegTrain" : 2.408763107685807,
    "decisionTreeTrain" : 2.400810296082565,
    "sink" : 4.675822344980912,
    "source" : 2.423139773264792,
    "tableRead" : 2.418375928119559,
    "blobWrite" : 4.665876770347439,
    "mqttPublish" : 4.653283833217697
  },
  "recsOutPerModule" : {
    "annotation" : 2.4077964483106755,
    "multiVarLinearRegTrain" : 2.342436300761408,
    "decisionTreeTrain" : 2.3592974216880704,
    "sink" : 4.662036912291444,
    "source" : 2.4231372248272116,
    "tableRead" : 2.41822870815706,
    "blobWrite" : 4.66511324470513,
    "mqttPublish" : 4.653002666944862
  },
  "remainingDataPerDevice" : {
    "annotation" : 0,
    "multiVarLinearRegTrain" : 0,
    "decisionTreeTrain" : 220000,
    "sink" : 0,
    "source" : 0,
    "tableRead" : 0,
    "blobWrite" : 125000,
    "mqttPublish" : 25000
  },
  "executionTime" : 1318.0,
  "networkUsage" : 1344150.03,
  "tuplesSentBySensors" : 4800
}