{
  "placement" : {
    "annotation" : "cloud-1-1-1-0-1",
    "blobWrite" : "cloud-0-0-0-1-1-0",
    "decisionTreeTrain" : "cloud-1-0-1-0-1-0-0-1",
    "mqttPublish" : "cloud-0-0-0-1-1-1-0-0-1",
    "multiVarLinearRegTrain" : "cloud-1-0-1-1-0-0-1-0",
    "sink" : "cloud-1-1-1-1-1-0-1-1-1",
    "source" : "cloud-1-0-0-0-1",
    "tableRead" : "cloud-1-0-0-1-0-0-1"
  },
  "appLoopLatency" : 42.192438928642304,
  "latencyPerTupleType" : {
    "multiVarLinearRegTrain_TUPLE" : 6.496605376506144,
    "sink_TUPLE" : 1.2511894318256616,
    "annotation_TUPLE" : 34.023460264879986,
    "decisionTreeTrain_TUPLE" : 5.512779638260005,
    "mqttPublish_TUPLE" : 2.1823531331252717,
    "tableRead_TUPLE" : 5.189082516666706,
    "blobWrite_TUPLE" : 8.818625596856112,
    "TUPLE" : 0.09580166666667055
  },
  "tuplesProcessedPerModule" : {
    "annotation" : 4694,
    "multiVarLinearRegTrain" : 4694,
    "decisionTreeTrain" : 4694,
    "sink" : 9194,
    "source" : 4800,
    "tableRead" : 4800,
    "blobWrite" : 9238,
    "mqttPublish" : 9238
  },
  "recsInPerModule" : {
    "annotation" : 2.411008180548007,
    "multiVarLinearRegTrain" : 2.408105441503543,
    "decisionTreeTrain" : 2.3560475912756096,
    "sink" : 4.660736274263639,
    "source" : 2.425956521805053,
    "tableRead" : 2.4231346757833685,
    "blobWrite" : 4.673195977908667,
    "mqttPublish" : 4.622645834438103
  },
  "recsOutPerModule" : {
    "annotation" : 2.3639984881378555,
    "multiVarLinearRegTrain" : 2.3613427955498345,
    "decisionTreeTrain" : 2.3538803190060085,
    "sink" : 4.656983624432482,
    "source" : 2.4259514130787925,
    "tableRead" : 2.416278467431013,
    "blobWrite" : 4.627740714585609,
    "mqttPublish" : 4.622283119351036
  },
  "remainingDataPerDevice" : {
    "annotation" : 0,
    "multiVarLinearRegTrain" : 0,
    "decisionTreeTrain" : 215000,
    "sink" : 0,
    "source" : 0,
    "tableRead" : 0,
    "blobWrite" : 0,
    "mqttPublish" : 220000
  },
  "executionTime" : 1941.0,
  "networkUsage" : 1281869.56,
  "tuplesSentBySensors" : 4800
}