{
  "placement" : {
    "annotation" : "cloud-1-0-1-0-1-0-1-1-0",
    "blobWrite" : "cloud-0-1-1-1-0-1-0-0-1",
    "decisionTreeTrain" : "cloud-1-1-1-0-1-1-1",
    "mqttPublish" : "cloud-0-0-0-0-0-0-1-0",
    "multiVarLinearRegTrain" : "cloud-0-0-1-0-0-0-1",
    "sink" : "cloud-1-1-1-1-0-1-0-1-1",
    "source" : "cloud-0-1-1-1-1-0-1-1-1",
    "tableRead" : "cloud-0-0-0-0-0-0-1-0"
  },
  "appLoopLatency" : 68.01649398460594,
  "latencyPerTupleType" : {
    "multiVarLinearRegTrain_TUPLE" : 28.19292715593527,
    "sink_TUPLE" : 2.457729645330578,
    "annotation_TUPLE" : 0.2604693084912621,
    "mqttPublish_TUPLE" : 2.770154492392408,
    "decisionTreeTrain_TUPLE" : 43.475670968952706,
    "tableRead_TUPLE" : 0.24372946416029848,
    "blobWrite_TUPLE" : 27.642366014885027,
    "TUPLE" : 0.0943761111111085
  },
  "tuplesProcessedPerModule" : {
    "annotation" : 4800,
    "multiVarLinearRegTrain" : 4662,
    "decisionTreeTrain" : 4661,
    "sink" : 9047,
    "source" : 4800,
    "tableRead" : 4800,
    "blobWrite" : 9174,
    "mqttPublish" : 9174
  },
  "recsInPerModule" : {
    "annotation" : 2.407408930838835,
    "multiVarLinearRegTrain" : 2.4120061318239157,
    "decisionTreeTrain" : 2.3616162765389928,
    "sink" : 4.547138515562225,
    "source" : 2.4239963518854903,
    "tableRead" : 2.4178848362258467,
    "blobWrite" : 4.6053191718770385,
    "mqttPublish" : 4.594119410094885
  },
  "recsOutPerModule" : {
    "annotation" : 2.4072378917728834,
    "multiVarLinearRegTrain" : 2.346906992806585,
    "decisionTreeTrain" : 2.3316641701914587,
    "sink" : 4.5458628304792175,
    "source" : 2.42398997629645,
    "tableRead" : 2.417716918215174,
    "blobWrite" : 4.604726835036674,
    "mqttPublish" : 4.593845791456701
  },
  "remainingDataPerDevice" : {
    "annotation" : 1578500,
    "multiVarLinearRegTrain" : 0,
    "decisionTreeTrain" : 745000,
    "sink" : 0,
    "source" : 0,
    "tableRead" : 0,
    "blobWrite" : 0,
    "mqttPublish" : 635000
  },
  "executionTime" : 2354.0,
  "networkUsage" : 1485254.57,
  "tuplesSentBySensors" : 4800
}