{
  "placement" : {
    "annotation" : "cloud-1-1-0-1-1-0-0-1-1",
    "blobWrite" : "cloud-1-1-0-0-1-0-0",
    "decisionTreeTrain" : "cloud-0-1-0-0-0-1-0-0-0",
    "mqttPublish" : "cloud-1-0-0-0-1-0-0-1-0",
    "multiVarLinearRegTrain" : "cloud-1-1-0-0-1-0-0",
    "sink" : "cloud-0-1-0-1-1-0-0-0",
    "source" : "cloud-1-0-1-0",
    "tableRead" : "cloud-0-0-0-1-1-1-1"
  },
  "appLoopLatency" : 37.59554981481452,
  "latencyPerTupleType" : {
    "multiVarLinearRegTrain_TUPLE" : 15.378459985930595,
    "sink_TUPLE" : 1.6393011454317998,
    "annotation_TUPLE" : 16.71496576276816,
    "mqttPublish_TUPLE" : 0.8828961222681171,
    "decisionTreeTrain_TUPLE" : 6.579056799101662,
    "tableRead_TUPLE" : 0.12116136868678225,
    "blobWrite_TUPLE" : 5.5913479969682784,
    "TUPLE" : 0.09367737373737232
  },
  "tuplesProcessedPerModule" : {
    "annotation" : 4669,
    "multiVarLinearRegTrain" : 4663,
    "decisionTreeTrain" : 4669,
    "sink" : 9204,
    "source" : 4800,
    "tableRead" : 4800,
    "blobWrite" : 9313,
    "mqttPublish" : 9313
  },
  "recsInPerModule" : {
    "annotation" : 2.4086275075749697,
    "multiVarLinearRegTrain" : 2.4097158019648863,
    "decisionTreeTrain" : 2.3353147037258286,
    "sink" : 4.6517336499836945,
    "source" : 2.4258339183130753,
    "tableRead" : 2.4184956962983213,
    "blobWrite" : 4.677375137641426,
    "mqttPublish" : 4.662792368359216
  },
  "recsOutPerModule" : {
    "annotation" : 2.3443450241812864,
    "multiVarLinearRegTrain" : 2.3420697670688155,
    "decisionTreeTrain" : 2.334541117105425,
    "sink" : 4.651914872131133,
    "source" : 2.425829274485002,
    "tableRead" : 2.418335769960185,
    "blobWrite" : 4.6770767406570615,
    "mqttPublish" : 4.662534609752929
  },
  "remainingDataPerDevice" : {
    "annotation" : 0,
    "multiVarLinearRegTrain" : 0,
    "decisionTreeTrain" : 95000,
    "sink" : 0,
    "source" : 0,
    "tableRead" : 0,
    "blobWrite" : 0,
    "mqttPublish" : 60000
  },
  "executionTime" : 1609.0,
  "networkUsage" : 1493932.4,
  "tuplesSentBySensors" : 4800
}