{
  "placement" : {
    "annotation" : "cloud-1-1-1-0-1-1-0-1",
    "blobWrite" : "cloud-1-1-1-1-0-1-1",
    "decisionTreeTrain" : "cloud-1-0-1-0-1-1-1-0-0",
    "mqttPublish" : "cloud-0-1-1-1-1-1-0-1-1",
    "multiVarLinearRegTrain" : "cloud-1-1-1-0-0-0-0-0-0",
    "sink" : "cloud-1-0-0-0-0-1",
    "source" : "cloud-0-1-0-0-1-1-0-0-1",
    "tableRead" : "cloud-0-0-0-1-0-1-1"
  },
  "appLoopLatency" : 39.68110080303017,
  "latencyPerTupleType" : {
    "multiVarLinearRegTrain_TUPLE" : 7.495221556209848,
    "sink_TUPLE" : 1.3641567292731165,
    "annotation_TUPLE" : 1.2333790066668067,
    "decisionTreeTrain_TUPLE" : 32.68352728822502,
    "mqttPublish_TUPLE" : 1.3221830397302656,
    "tableRead_TUPLE" : 0.16571928181820575,
    "blobWrite_TUPLE" : 2.105999018673875,
    "TUPLE" : 0.09140999999999755
  },
  "tuplesProcessedPerModule" : {
    "annotation" : 4800,
    "multiVarLinearRegTrain" : 4694,
    "decisionTreeTrain" : 4654,
    "sink" : 9182,
    "source" : 4800,
    "tableRead" : 4800,
    "blobWrite" : 9338,
    "mqttPublish" : 9259
  },
  "recsInPerModule" : {
    "annotation" : 2.4054823798489218,
    "multiVarLinearRegTrain" : 2.405000522033414,
    "decisionTreeTrain" : 2.349733087060471,
    "sink" : 4.6186040551882295,
    "source" : 2.422283799816411,
    "tableRead" : 2.414483176124899,
    "blobWrite" : 4.669245294096908,
    "mqttPublish" : 4.634066210034907
  },
  "recsOutPerModule" : {
    "annotation" : 2.403445733970698,
    "multiVarLinearRegTrain" : 2.3528088670479623,
    "decisionTreeTrain" : 2.328906687143504,
    "sink" : 4.617579968023692,
    "source" : 2.4222812531789812,
    "tableRead" : 2.4143157302445832,
    "blobWrite" : 4.669157582901135,
    "mqttPublish" : 4.633790368123107
  },
  "remainingDataPerDevice" : {
    "annotation" : 2070500,
    "multiVarLinearRegTrain" : 35000,
    "decisionTreeTrain" : 15000,
    "sink" : 0,
    "source" : 0,
    "tableRead" : 0,
    "blobWrite" : 395000,
    "mqttPublish" : 385000
  },
  "executionTime" : 1428.0,
  "networkUsage" : 1578216.44,
  "tuplesSentBySensors" : 4800
}